ID,Aligned Position,Human Position,Human AA,Other AA,Gap,Mutation
tr|A0A6P7NA03|A0A6P7NA03_BETSP,103,1.0,M,L,False,M1L
tr|A0ACF8DDW5|A0ACF8DDW5_ARAGI,103,1.0,M,L,False,M1L
tr|A0A6P7NA03|A0A6P7NA03_BETSP,104,2.0,M,F,False,M2F
tr|A0ACF8DDW5|A0ACF8DDW5_ARAGI,104,2.0,M,L,False,M2L
tr|A0A6P7NA03|A0A6P7NA03_BETSP,105,3.0,Q,R,False,Q3R
tr|A0ACF8DDW5|A0ACF8DDW5_ARAGI,105,3.0,Q,A,False,Q3A
tr|A0AA47MXR6|A0AA47MXR6_MERPO,106,4.0,E,P,False,E4P
tr|A0A6P7NA03|A0A6P7NA03_BETSP,106,4.0,E,L,False,E4L
tr|A0ACF8DDW5|A0ACF8DDW5_ARAGI,106,4.0,E,V,False,E4V
tr|A0AA47MXR6|A0AA47MXR6_MERPO,107,5.0,S,V,False,S5V
tr|A0A6P7NA03|A0A6P7NA03_BETSP,107,5.0,S,L,False,S5L
tr|A0ACF8DDW5|A0ACF8DDW5_ARAGI,107,5.0,S,L,False,S5L
tr|A0AA47MXR6|A0AA47MXR6_MERPO,108,6.0,A,C,False,A6C
tr|A0A6P7NA03|A0A6P7NA03_BETSP,108,6.0,A,F,False,A6F
tr|A0ACF8DDW5|A0ACF8DDW5_ARAGI,108,6.0,A,C,False,A6C
tr|A0A6J2V203|A0A6J2V203_CHACN,108,6.0,A,T,False,A6T
tr|A0A8I5TXW6|A0A8I5TXW6_PONAB,108,6.0,A,V,False,A6V
sp|Q8MJ98|FOXP2_PONPY,108,6.0,A,V,False,A6V
tr|H2PN93|H2PN93_PONAB,108,6.0,A,V,False,A6V
tr|A0A8I5U3S6|A0A8I5U3S6_PONAB,108,6.0,A,V,False,A6V
tr|A0AA47MXR6|A0AA47MXR6_MERPO,109,7.0,T,I,False,T7I
tr|A0A6P7NA03|A0A6P7NA03_BETSP,109,7.0,T,Y,False,T7Y
tr|A0ACF8DDW5|A0ACF8DDW5_ARAGI,109,7.0,T,Y,False,T7Y
tr|A0A6J2V203|A0A6J2V203_CHACN,109,7.0,T,S,False,T7S
tr|A0AA47MXR6|A0AA47MXR6_MERPO,110,8.0,E,S,False,E8S
tr|A0ACF8DDW5|A0ACF8DDW5_ARAGI,110,8.0,E,F,False,E8F
tr|A0A6P7NA03|A0A6P7NA03_BETSP,113,9.0,T,D,False,T9D
tr|A0ACF8DDW5|A0ACF8DDW5_ARAGI,113,9.0,T,S,False,T9S
tr|A0AA47MXR6|A0AA47MXR6_MERPO,114,10.0,I,A,False,I10A
tr|A0A6P7NA03|A0A6P7NA03_BETSP,114,10.0,I,V,False,I10V
tr|A0ACF8DDW5|A0ACF8DDW5_ARAGI,114,10.0,I,F,False,I10F
tr|A0AA47MXR6|A0AA47MXR6_MERPO,115,11.0,S,A,False,S11A
tr|A0A6P7NA03|A0A6P7NA03_BETSP,115,11.0,S,G,False,S11G
tr|A0ACF8DDW5|A0ACF8DDW5_ARAGI,115,11.0,S,A,False,S11A
tr|A9UCL8|A9UCL8_COEFR,115,11.0,S,T,False,S11T
tr|A9UCM5|A9UCM5_HIPAR,115,11.0,S,T,False,S11T
tr|A9UCL7|A9UCL7_ASEST,115,11.0,S,T,False,S11T
tr|A9UCN1|A9UCN1_9CHIR,115,11.0,S,T,False,S11T
tr|A0AA47MXR6|A0AA47MXR6_MERPO,116,12.0,N,V,False,N12V
tr|A0A6P7NA03|A0A6P7NA03_BETSP,116,12.0,N,R,False,N12R
tr|A0ACF8DDW5|A0ACF8DDW5_ARAGI,116,12.0,N,S,False,N12S
tr|A0AB32TNW7|A0AB32TNW7_DANRE,116,12.0,N,D,False,N12D
tr|A0AB32TLD3|A0AB32TLD3_DANRE,116,12.0,N,D,False,N12D
tr|A0AA47MXR6|A0AA47MXR6_MERPO,117,13.0,S,R,False,S13R
tr|A0ACF8DDW5|A0ACF8DDW5_ARAGI,117,13.0,S,V,False,S13V
tr|A0A979FDP4|A0A979FDP4_ICTPU,117,13.0,S,L,False,S13L
tr|A0AB32TNW7|A0AB32TNW7_DANRE,117,13.0,S,A,False,S13A
tr|A0AB32TLD3|A0AB32TLD3_DANRE,117,13.0,S,A,False,S13A
tr|A0A8C2UVV4|A0A8C2UVV4_CHILA,117,13.0,S,N,False,S13N
tr|A0AA47MXR6|A0AA47MXR6_MERPO,118,14.0,S,R,False,S14R
tr|A0ACF8DDW5|A0ACF8DDW5_ARAGI,118,14.0,S,V,False,S14V
tr|A0A979FDP4|A0A979FDP4_ICTPU,118,14.0,S,L,False,S14L
tr|A0AA47MXR6|A0AA47MXR6_MERPO,119,15.0,M,V,False,M15V
tr|A0A6P7NA03|A0A6P7NA03_BETSP,119,15.0,M,V,False,M15V
tr|A0ACF8DDW5|A0ACF8DDW5_ARAGI,119,15.0,M,V,False,M15V
tr|A0A6P8GSV4|A0A6P8GSV4_CLUHA,119,15.0,M,L,False,M15L
tr|A0A979FDP4|A0A979FDP4_ICTPU,119,15.0,M,L,False,M15L
tr|A0AB32TNW7|A0AB32TNW7_DANRE,119,15.0,M,L,False,M15L
tr|A0AB32TLD3|A0AB32TLD3_DANRE,119,15.0,M,L,False,M15L
tr|A0AA47MXR6|A0AA47MXR6_MERPO,120,16.0,N,E,False,N16E
tr|A0ABM0GFX0|A0ABM0GFX0_SACKO,120,16.0,N,S,False,N16S
tr|A0A6P8VIH1|A0A6P8VIH1_GYMAC,120,16.0,N,S,False,N16S
tr|A0A2I4BXB8|A0A2I4BXB8_AUSLI,120,16.0,N,S,False,N16S
tr|A0A2I4BXC1|A0A2I4BXC1_AUSLI,120,16.0,N,S,False,N16S
tr|A0ABV0TT83|A0ABV0TT83_9TELE,120,16.0,N,S,False,N16S
tr|A0A6P7NA03|A0A6P7NA03_BETSP,120,16.0,N,Q,False,N16Q
tr|A0A9W2XZU5|A0A9W2XZU5_BETSP,120,16.0,N,S,False,N16S
tr|A0A6P7NFA4|A0A6P7NFA4_BETSP,120,16.0,N,S,False,N16S
tr|A0A9W2XZJ7|A0A9W2XZJ7_BETSP,120,16.0,N,S,False,N16S
tr|A0A6P7NA07|A0A6P7NA07_BETSP,120,16.0,N,S,False,N16S
tr|A0A6J2S884|A0A6J2S884_COTGO,120,16.0,N,S,False,N16S
tr|A0A6P7I2Q9|A0A6P7I2Q9_9TELE,120,16.0,N,S,False,N16S
tr|A0A6P7HWN0|A0A6P7HWN0_9TELE,120,16.0,N,S,False,N16S
tr|A0A9Y6LYW8|A0A9Y6LYW8_9CICH,120,16.0,N,S,False,N16S
tr|A0A9Y3R1R7|A0A9Y3R1R7_9CICH,120,16.0,N,S,False,N16S
tr|A0AC36JJL6|A0AC36JJL6_9CICH,120,16.0,N,S,False,N16S
tr|A0ACF8DDW5|A0ACF8DDW5_ARAGI,120,16.0,N,E,False,N16E
tr|A0A8U0R0X1|A0A8U0R0X1_SALNM,120,16.0,N,S,False,N16S
tr|A0A6P8GSV4|A0A6P8GSV4_CLUHA,120,16.0,N,S,False,N16S
tr|A0A979FEC0|A0A979FEC0_ICTPU,120,16.0,N,S,False,N16S
tr|A0A979FF91|A0A979FF91_ICTPU,120,16.0,N,S,False,N16S
tr|A0A979FED5|A0A979FED5_ICTPU,120,16.0,N,S,False,N16S
tr|A0A979FDQ7|A0A979FDQ7_ICTPU,120,16.0,N,S,False,N16S
tr|A0A979FDP4|A0A979FDP4_ICTPU,120,16.0,N,Q,False,N16Q
tr|A0AC58J6Q2|A0AC58J6Q2_DANRE,120,16.0,N,S,False,N16S
tr|A0AB32TNW7|A0AB32TNW7_DANRE,120,16.0,N,Y,False,N16Y
tr|A0ACM8Q842|A0ACM8Q842_DANRE,120,16.0,N,S,False,N16S
tr|A0AB32TLD3|A0AB32TLD3_DANRE,120,16.0,N,Y,False,N16Y
tr|A0AA47MXR6|A0AA47MXR6_MERPO,121,17.0,Q,E,False,Q17E
tr|A0ABM0GFX0|A0ABM0GFX0_SACKO,121,17.0,Q,D,False,Q17D
tr|A0ACF8DDW5|A0ACF8DDW5_ARAGI,121,17.0,Q,E,False,Q17E
tr|A0AB32TNW7|A0AB32TNW7_DANRE,121,17.0,Q,K,False,Q17K
tr|A0AB32TLD3|A0AB32TLD3_DANRE,121,17.0,Q,K,False,Q17K
tr|A0A6I8ND77|A0A6I8ND77_ORNAN,121,17.0,Q,H,False,Q17H
tr|A0AA47MXR6|A0AA47MXR6_MERPO,122,18.0,N,A,False,N18A
tr|A0ABM0GFX0|A0ABM0GFX0_SACKO,122,18.0,N,S,False,N18S
tr|A0ACF8DDW5|A0ACF8DDW5_ARAGI,122,18.0,N,L,False,N18L
tr|A0AB32TNW7|A0AB32TNW7_DANRE,122,18.0,N,H,False,N18H
tr|A0AB32TLD3|A0AB32TLD3_DANRE,122,18.0,N,H,False,N18H
tr|A0ABM0GFX0|A0ABM0GFX0_SACKO,123,19.0,G,T,False,G19T
tr|A0A979FDP4|A0A979FDP4_ICTPU,123,19.0,G,R,False,G19R
tr|A0AB32TNW7|A0AB32TNW7_DANRE,123,19.0,G,S,False,G19S
tr|A0AB32TLD3|A0AB32TLD3_DANRE,123,19.0,G,S,False,G19S
tr|A0AA47MXR6|A0AA47MXR6_MERPO,124,20.0,M,V,False,M20V
tr|A0ABM0GFX0|A0ABM0GFX0_SACKO,124,20.0,M,T,False,M20T
tr|A0ACF8DDW5|A0ACF8DDW5_ARAGI,124,20.0,M,F,False,M20F
tr|A0A6P8GSV4|A0A6P8GSV4_CLUHA,124,20.0,M,L,False,M20L
tr|A0A979FDP4|A0A979FDP4_ICTPU,124,20.0,M,R,False,M20R
tr|A0AB32TNW7|A0AB32TNW7_DANRE,124,20.0,M,W,False,M20W
tr|A0AB32TLD3|A0AB32TLD3_DANRE,124,20.0,M,W,False,M20W
tr|A0AA47MXR6|A0AA47MXR6_MERPO,125,21.0,S,W,False,S21W
tr|A0ABM0GFX0|A0ABM0GFX0_SACKO,125,21.0,S,A,False,S21A
tr|A0A6P7NA03|A0A6P7NA03_BETSP,125,21.0,S,K,False,S21K
tr|A0ACF8DDW5|A0ACF8DDW5_ARAGI,125,21.0,S,W,False,S21W
tr|A0A979FDP4|A0A979FDP4_ICTPU,125,21.0,S,T,False,S21T
tr|A0ABM5DIL0|A0ABM5DIL0_VICPA,125,21.0,S,V,False,S21V
tr|A0A6I8ND77|A0A6I8ND77_ORNAN,125,21.0,S,N,False,S21N
tr|A0AA47MXR6|A0AA47MXR6_MERPO,126,22.0,T,P,False,T22P
tr|A0ABM0GFX0|A0ABM0GFX0_SACKO,126,22.0,T,A,False,T22A
tr|A0A8U0R0X1|A0A8U0R0X1_SALNM,126,22.0,T,S,False,T22S
tr|A0A6J2V217|A0A6J2V217_CHACN,126,22.0,T,N,False,T22N
tr|A0A6J2V3N9|A0A6J2V3N9_CHACN,126,22.0,T,N,False,T22N
tr|A0A6P8GSV4|A0A6P8GSV4_CLUHA,126,22.0,T,N,False,T22N
tr|A0A979FDP4|A0A979FDP4_ICTPU,126,22.0,T,S,False,T22S
tr|A0AC58J6Q2|A0AC58J6Q2_DANRE,126,22.0,T,S,False,T22S
tr|A0ACM8Q842|A0ACM8Q842_DANRE,126,22.0,T,S,False,T22S
tr|A0A6J2V203|A0A6J2V203_CHACN,126,22.0,T,N,False,T22N
tr|A0A6P8SBP1|A0A6P8SBP1_GEOSA,126,22.0,T,M,False,T22M
tr|A0A6P8S5P9|A0A6P8S5P9_GEOSA,126,22.0,T,M,False,T22M
tr|A0ABM5DIL0|A0ABM5DIL0_VICPA,126,22.0,T,L,False,T22L
tr|A0A8U0R6L8|A0A8U0R6L8_MUSPF,126,22.0,T,A,False,T22A
tr|A0A8U0R7F3|A0A8U0R7F3_MUSPF,126,22.0,T,A,False,T22A
tr|A0A8C2UVV4|A0A8C2UVV4_CHILA,126,22.0,T,A,False,T22A
tr|A0A8C5F2F1|A0A8C5F2F1_9SAUR,126,22.0,T,A,False,T22A
tr|V6F812|V6F812_LATCH,126,22.0,T,A,False,T22A
tr|A0A8U0R521|A0A8U0R521_MUSPF,126,22.0,T,A,False,T22A
tr|A0A8U0R6N5|A0A8U0R6N5_MUSPF,126,22.0,T,A,False,T22A
tr|A9UCL6|A9UCL6_ARCCL,126,22.0,T,A,False,T22A
tr|K7G4L3|K7G4L3_PELSI,126,22.0,T,A,False,T22A
tr|A0A8C0GSH0|A0A8C0GSH0_CHEAB,126,22.0,T,A,False,T22A
tr|A0A8T1SIB8|A0A8T1SIB8_CHESE,126,22.0,T,A,False,T22A
tr|A9UCN6|A9UCN6_TRASC,126,22.0,T,A,False,T22A
tr|A0A8C4YPR3|A0A8C4YPR3_9SAUR,126,22.0,T,A,False,T22A
tr|A0ABM0GFX0|A0ABM0GFX0_SACKO,127,23.0,L,I,False,L23I
tr|A0ACF8DDW5|A0ACF8DDW5_ARAGI,127,23.0,L,C,False,L23C
tr|A0A979FDP4|A0A979FDP4_ICTPU,127,23.0,L,V,False,L23V
tr|A0A6P8S5P9|A0A6P8S5P9_GEOSA,127,23.0,L,P,False,L23P
tr|A0AA47MXR6|A0AA47MXR6_MERPO,128,24.0,S,V,False,S24V
tr|A0A6P7NA03|A0A6P7NA03_BETSP,128,24.0,S,E,False,S24E
tr|A0ACF8DDW5|A0ACF8DDW5_ARAGI,128,24.0,S,G,False,S24G
tr|A0A1L8GU65|A0A1L8GU65_XENLA,128,24.0,S,T,False,S24T
tr|A0A8J0UXQ2|A0A8J0UXQ2_XENLA,128,24.0,S,T,False,S24T
tr|A0A6P8SBP1|A0A6P8SBP1_GEOSA,128,24.0,S,A,False,S24A
tr|A0A6P8S5P9|A0A6P8S5P9_GEOSA,128,24.0,S,Q,False,S24Q
tr|A0A6I8ND77|A0A6I8ND77_ORNAN,128,24.0,S,N,False,S24N
tr|A0ABM1UMY6|A0ABM1UMY6_MICOH,128,24.0,S,G,False,S24G
tr|G8HZI0|G8HZI0_CHICK,128,24.0,S,G,False,S24G
tr|G8HZI1|G8HZI1_CHICK,128,24.0,S,G,False,S24G
tr|A0A8J1MTY3|A0A8J1MTY3_XENLA,128,24.0,S,T,False,S24T
tr|A0A8J1MRN8|A0A8J1MRN8_XENLA,128,24.0,S,T,False,S24T
tr|G8HZH9|G8HZH9_CHICK,128,24.0,S,G,False,S24G
tr|G8HZH8|G8HZH8_CHICK,128,24.0,S,G,False,S24G
tr|A0AA47MXR6|A0AA47MXR6_MERPO,129,25.0,S,A,False,S25A
tr|A0A6J2V203|A0A6J2V203_CHACN,129,25.0,S,N,False,S25N
tr|A0A6P8S6V4|A0A6P8S6V4_GEOSA,129,25.0,S,N,False,S25N
tr|A0A6P8SBP1|A0A6P8SBP1_GEOSA,129,25.0,S,A,False,S25A
tr|A0A6P8S5P9|A0A6P8S5P9_GEOSA,129,25.0,S,K,False,S25K
tr|A0A6P8S9S5|A0A6P8S9S5_GEOSA,129,25.0,S,N,False,S25N
tr|A0A6P8SBN6|A0A6P8SBN6_GEOSA,129,25.0,S,N,False,S25N
tr|A0A6P8S5P6|A0A6P8S5P6_GEOSA,129,25.0,S,N,False,S25N
tr|A0A6P8S6A6|A0A6P8S6A6_GEOSA,129,25.0,S,N,False,S25N
tr|A0A6P8S6A3|A0A6P8S6A3_GEOSA,129,25.0,S,N,False,S25N
tr|A0A6P8S5P3|A0A6P8S5P3_GEOSA,129,25.0,S,N,False,S25N
tr|A0ABM5DIL0|A0ABM5DIL0_VICPA,129,25.0,S,P,False,S25P
tr|A0A6P8S6V7|A0A6P8S6V7_GEOSA,129,25.0,S,N,False,S25N
tr|A0A6P8SBP4|A0A6P8SBP4_GEOSA,129,25.0,S,N,False,S25N
tr|A0A6P8S5Q2|A0A6P8S5Q2_GEOSA,129,25.0,S,N,False,S25N
tr|A0A6P8S9T0|A0A6P8S9T0_GEOSA,129,25.0,S,N,False,S25N
tr|A0AA47MXR6|A0AA47MXR6_MERPO,130,26.0,Q,C,False,Q26C
tr|A0ACF8DDW5|A0ACF8DDW5_ARAGI,130,26.0,Q,G,False,Q26G
tr|A0A8U0R0X1|A0A8U0R0X1_SALNM,130,26.0,Q,L,False,Q26L
tr|A0A6P8SBP1|A0A6P8SBP1_GEOSA,130,26.0,Q,E,False,Q26E
tr|A0A6P8S5P9|A0A6P8S5P9_GEOSA,130,26.0,Q,G,False,Q26G
tr|A0ABM5DIL0|A0ABM5DIL0_VICPA,130,26.0,Q,S,False,Q26S
tr|A0ABM0GFX0|A0ABM0GFX0_SACKO,131,27.0,L,A,False,L27A
tr|A0ACF8DDW5|A0ACF8DDW5_ARAGI,131,27.0,L,G,False,L27G
tr|A0AAX6RUX8|A0AAX6RUX8_HETGA,131,27.0,L,S,False,L27S
tr|A9UCM2|A9UCM2_CYNSP,131,27.0,L,S,False,L27S
tr|A0A8U0R0X1|A0A8U0R0X1_SALNM,131,27.0,L,C,False,L27C
tr|A0A6J2V217|A0A6J2V217_CHACN,131,27.0,L,S,False,L27S
tr|A0A6J2V3N9|A0A6J2V3N9_CHACN,131,27.0,L,S,False,L27S
tr|A0A6P8GSV4|A0A6P8GSV4_CLUHA,131,27.0,L,S,False,L27S
tr|A0A979FEC0|A0A979FEC0_ICTPU,131,27.0,L,S,False,L27S
tr|A0A979FF91|A0A979FF91_ICTPU,131,27.0,L,S,False,L27S
tr|A0A979FED5|A0A979FED5_ICTPU,131,27.0,L,S,False,L27S
tr|A0A979FDQ7|A0A979FDQ7_ICTPU,131,27.0,L,S,False,L27S
tr|A0A979FDP4|A0A979FDP4_ICTPU,131,27.0,L,E,False,L27E
tr|A0AC58J6Q2|A0AC58J6Q2_DANRE,131,27.0,L,S,False,L27S
tr|A0ACM8Q842|A0ACM8Q842_DANRE,131,27.0,L,S,False,L27S
tr|A0A6P8SBP1|A0A6P8SBP1_GEOSA,131,27.0,L,M,False,L27M
tr|A0A6P8S5P9|A0A6P8S5P9_GEOSA,131,27.0,L,S,False,L27S
tr|A0AA47MXR6|A0AA47MXR6_MERPO,132,28.0,D,T,False,D28T
tr|A0ABM0GFX0|A0ABM0GFX0_SACKO,132,28.0,D,T,False,D28T
tr|A0A6P8VIH1|A0A6P8VIH1_GYMAC,132,28.0,D,S,False,D28S
tr|A0A2I4BXB8|A0A2I4BXB8_AUSLI,132,28.0,D,S,False,D28S
tr|A0A2I4BXC1|A0A2I4BXC1_AUSLI,132,28.0,D,S,False,D28S
tr|A0ABV0TT83|A0ABV0TT83_9TELE,132,28.0,D,S,False,D28S
tr|A0A6P7NA03|A0A6P7NA03_BETSP,132,28.0,D,T,False,D28T
tr|A0A9W2XZU5|A0A9W2XZU5_BETSP,132,28.0,D,S,False,D28S
tr|A0A6P7NFA4|A0A6P7NFA4_BETSP,132,28.0,D,S,False,D28S
tr|A0A9W2XZJ7|A0A9W2XZJ7_BETSP,132,28.0,D,S,False,D28S
tr|A0A6P7NA07|A0A6P7NA07_BETSP,132,28.0,D,S,False,D28S
tr|A0A6J2S884|A0A6J2S884_COTGO,132,28.0,D,S,False,D28S
tr|A0A6P7I2Q9|A0A6P7I2Q9_9TELE,132,28.0,D,S,False,D28S
tr|A0A6P7HWN0|A0A6P7HWN0_9TELE,132,28.0,D,S,False,D28S
tr|A0A9Y6LYW8|A0A9Y6LYW8_9CICH,132,28.0,D,S,False,D28S
tr|A0A9Y3R1R7|A0A9Y3R1R7_9CICH,132,28.0,D,S,False,D28S
tr|A0AC36JJL6|A0AC36JJL6_9CICH,132,28.0,D,S,False,D28S
tr|A0ACF8DDW5|A0ACF8DDW5_ARAGI,132,28.0,D,E,False,D28E
tr|A0AAX6RUX8|A0AAX6RUX8_HETGA,132,28.0,D,S,False,D28S
tr|A9UCM2|A9UCM2_CYNSP,132,28.0,D,S,False,D28S
tr|A0A8U0R0X1|A0A8U0R0X1_SALNM,132,28.0,D,S,False,D28S
tr|A0A6J2V217|A0A6J2V217_CHACN,132,28.0,D,N,False,D28N
tr|A0A6J2V3N9|A0A6J2V3N9_CHACN,132,28.0,D,N,False,D28N
tr|A0A6P8GSV4|A0A6P8GSV4_CLUHA,132,28.0,D,N,False,D28N
tr|A0A979FEC0|A0A979FEC0_ICTPU,132,28.0,D,S,False,D28S
tr|A0A979FF91|A0A979FF91_ICTPU,132,28.0,D,S,False,D28S
tr|A0A979FED5|A0A979FED5_ICTPU,132,28.0,D,S,False,D28S
tr|A0A979FDQ7|A0A979FDQ7_ICTPU,132,28.0,D,S,False,D28S
tr|A0A979FDP4|A0A979FDP4_ICTPU,132,28.0,D,H,False,D28H
tr|A0AC58J6Q9|A0AC58J6Q9_DANRE,132,28.0,D,M,False,D28M
tr|A0AC58J6Q2|A0AC58J6Q2_DANRE,132,28.0,D,S,False,D28S
tr|A0ACM8Q842|A0ACM8Q842_DANRE,132,28.0,D,S,False,D28S
tr|A0A6P8SBP1|A0A6P8SBP1_GEOSA,132,28.0,D,E,False,D28E
tr|A0A6P8S5P9|A0A6P8S5P9_GEOSA,132,28.0,D,E,False,D28E
tr|A0ABM5DIL0|A0ABM5DIL0_VICPA,132,28.0,D,S,False,D28S
tr|A0A7E6CIM9|A0A7E6CIM9_9CHIR,132,28.0,D,E,False,D28E
tr|A0AA47MXR6|A0AA47MXR6_MERPO,133,29.0,A,C,False,A29C
tr|A0A6P8VIH1|A0A6P8VIH1_GYMAC,133,29.0,A,S,False,A29S
tr|A0A2I4BXB8|A0A2I4BXB8_AUSLI,133,29.0,A,S,False,A29S
tr|A0A2I4BXC1|A0A2I4BXC1_AUSLI,133,29.0,A,S,False,A29S
tr|A0ABV0TT83|A0ABV0TT83_9TELE,133,29.0,A,S,False,A29S
tr|A0A6P7NA03|A0A6P7NA03_BETSP,133,29.0,A,S,False,A29S
tr|A0A9W2XZU5|A0A9W2XZU5_BETSP,133,29.0,A,S,False,A29S
tr|A0A6P7NFA4|A0A6P7NFA4_BETSP,133,29.0,A,S,False,A29S
tr|A0A9W2XZJ7|A0A9W2XZJ7_BETSP,133,29.0,A,S,False,A29S
tr|A0A6P7NA07|A0A6P7NA07_BETSP,133,29.0,A,S,False,A29S
tr|A0A6J2S884|A0A6J2S884_COTGO,133,29.0,A,S,False,A29S
tr|A0A6P7I2Q9|A0A6P7I2Q9_9TELE,133,29.0,A,S,False,A29S
tr|A0A6P7HWN0|A0A6P7HWN0_9TELE,133,29.0,A,S,False,A29S
tr|A0A9Y6LYW8|A0A9Y6LYW8_9CICH,133,29.0,A,S,False,A29S
tr|A0A9Y3R1R7|A0A9Y3R1R7_9CICH,133,29.0,A,S,False,A29S
tr|A0AC36JJL6|A0AC36JJL6_9CICH,133,29.0,A,S,False,A29S
tr|A0ACF8DDW5|A0ACF8DDW5_ARAGI,133,29.0,A,F,False,A29F
tr|A0AAX6RUX8|A0AAX6RUX8_HETGA,133,29.0,A,Q,False,A29Q
tr|A9UCM2|A9UCM2_CYNSP,133,29.0,A,Q,False,A29Q
tr|A0A8U0R0X1|A0A8U0R0X1_SALNM,133,29.0,A,Q,False,A29Q
tr|A0A6J2V217|A0A6J2V217_CHACN,133,29.0,A,Q,False,A29Q
tr|A0A6J2V3N9|A0A6J2V3N9_CHACN,133,29.0,A,Q,False,A29Q
tr|A0A6P8GSV4|A0A6P8GSV4_CLUHA,133,29.0,A,Q,False,A29Q
tr|A0A979FEC0|A0A979FEC0_ICTPU,133,29.0,A,Q,False,A29Q
tr|A0A979FF91|A0A979FF91_ICTPU,133,29.0,A,Q,False,A29Q
tr|A0A979FED5|A0A979FED5_ICTPU,133,29.0,A,Q,False,A29Q
tr|A0A979FDQ7|A0A979FDQ7_ICTPU,133,29.0,A,Q,False,A29Q
tr|A0A979FDP4|A0A979FDP4_ICTPU,133,29.0,A,I,False,A29I
tr|A0AC58J6Q9|A0AC58J6Q9_DANRE,133,29.0,A,Q,False,A29Q
tr|A0AC58J6Q2|A0AC58J6Q2_DANRE,133,29.0,A,Q,False,A29Q
tr|A0ACM8Q842|A0ACM8Q842_DANRE,133,29.0,A,Q,False,A29Q
tr|A0A8C5M8V1|A0A8C5M8V1_9ANUR,133,29.0,A,S,False,A29S
tr|A0A8J0Q7P1|A0A8J0Q7P1_XENTR,133,29.0,A,P,False,A29P
tr|A0A6P8SBP1|A0A6P8SBP1_GEOSA,133,29.0,A,D,False,A29D
tr|A0A6P8S5P9|A0A6P8S5P9_GEOSA,133,29.0,A,D,False,A29D
tr|A0ABM5DIL0|A0ABM5DIL0_VICPA,133,29.0,A,S,False,A29S
tr|A0AA47MXR6|A0AA47MXR6_MERPO,140,30.0,G,R,False,G30R
tr|A0ABM0GFX0|A0ABM0GFX0_SACKO,140,30.0,G,H,False,G30H
tr|A0A6P8VIH1|A0A6P8VIH1_GYMAC,140,30.0,G,E,False,G30E
tr|A0A2I4BXB8|A0A2I4BXB8_AUSLI,140,30.0,G,E,False,G30E
tr|A0A2I4BXC1|A0A2I4BXC1_AUSLI,140,30.0,G,E,False,G30E
tr|A0ABV0TT83|A0ABV0TT83_9TELE,140,30.0,G,E,False,G30E
tr|A0A6P7NA03|A0A6P7NA03_BETSP,140,30.0,G,S,False,G30S
tr|A0A9W2XZU5|A0A9W2XZU5_BETSP,140,30.0,G,E,False,G30E
tr|A0A6P7NFA4|A0A6P7NFA4_BETSP,140,30.0,G,E,False,G30E
tr|A0A9W2XZJ7|A0A9W2XZJ7_BETSP,140,30.0,G,E,False,G30E
tr|A0A6P7NA07|A0A6P7NA07_BETSP,140,30.0,G,E,False,G30E
tr|A0A6J2S884|A0A6J2S884_COTGO,140,30.0,G,E,False,G30E
tr|A0A6P7I2Q9|A0A6P7I2Q9_9TELE,140,30.0,G,E,False,G30E
tr|A0A6P7HWN0|A0A6P7HWN0_9TELE,140,30.0,G,E,False,G30E
tr|A0A9Y6LYW8|A0A9Y6LYW8_9CICH,140,30.0,G,E,False,G30E
tr|A0A9Y3R1R7|A0A9Y3R1R7_9CICH,140,30.0,G,E,False,G30E
tr|A0AC36JJL6|A0AC36JJL6_9CICH,140,30.0,G,E,False,G30E
tr|A0ACF8DDW5|A0ACF8DDW5_ARAGI,140,30.0,G,T,False,G30T
tr|A0AAX6RUX8|A0AAX6RUX8_HETGA,140,30.0,G,D,False,G30D
tr|A9UCM2|A9UCM2_CYNSP,140,30.0,G,D,False,G30D
tr|A0A8U0R0X1|A0A8U0R0X1_SALNM,140,30.0,G,D,False,G30D
tr|A0A6J2V217|A0A6J2V217_CHACN,140,30.0,G,D,False,G30D
tr|A0A6J2V3N9|A0A6J2V3N9_CHACN,140,30.0,G,D,False,G30D
tr|A0A6P8GSV4|A0A6P8GSV4_CLUHA,140,30.0,G,D,False,G30D
tr|A0A979FEC0|A0A979FEC0_ICTPU,140,30.0,G,D,False,G30D
tr|A0A979FF91|A0A979FF91_ICTPU,140,30.0,G,D,False,G30D
tr|A0A979FED5|A0A979FED5_ICTPU,140,30.0,G,D,False,G30D
tr|A0A979FDQ7|A0A979FDQ7_ICTPU,140,30.0,G,D,False,G30D
tr|A0A979FDP4|A0A979FDP4_ICTPU,140,30.0,G,P,False,G30P
tr|A0AC58J6Q2|A0AC58J6Q2_DANRE,140,30.0,G,D,False,G30D
tr|A0ACM8Q842|A0ACM8Q842_DANRE,140,30.0,G,D,False,G30D
tr|A0A6P8SBP1|A0A6P8SBP1_GEOSA,140,30.0,G,Q,False,G30Q
tr|A0A6P8S5P9|A0A6P8S5P9_GEOSA,140,30.0,G,W,False,G30W
tr|G1KFZ6|G1KFZ6_ANOCA,140,30.0,G,S,False,G30S
tr|V6F7W6|V6F7W6_ANOCA,140,30.0,G,S,False,G30S
tr|A0AA47MXR6|A0AA47MXR6_MERPO,143,31.0,S,R,False,S31R
tr|A0ABM0GFX0|A0ABM0GFX0_SACKO,143,31.0,S,G,False,S31G
tr|A0ACF8DDW5|A0ACF8DDW5_ARAGI,143,31.0,S,D,False,S31D
tr|A0ACF8FNS1|A0ACF8FNS1_ARAGI,143,31.0,S,A,False,S31A
tr|A0A6P8GSV4|A0A6P8GSV4_CLUHA,143,31.0,S,V,False,S31V
tr|A0A979FDP4|A0A979FDP4_ICTPU,143,31.0,S,Q,False,S31Q
tr|A0AB32TNW7|A0AB32TNW7_DANRE,143,31.0,S,D,False,S31D
tr|A0AB32TQV9|A0AB32TQV9_DANRE,143,31.0,S,Q,False,S31Q
tr|A0AB32TLD3|A0AB32TLD3_DANRE,143,31.0,S,D,False,S31D
tr|A0A6P8SBP1|A0A6P8SBP1_GEOSA,143,31.0,S,T,False,S31T
tr|A0A6P8S5P9|A0A6P8S5P9_GEOSA,143,31.0,S,I,False,S31I
tr|A0ABM0GFX0|A0ABM0GFX0_SACKO,144,32.0,R,T,False,R32T
tr|A0A6P7NA03|A0A6P7NA03_BETSP,144,32.0,R,C,False,R32C
tr|A0ACF8FNS1|A0ACF8FNS1_ARAGI,144,32.0,R,A,False,R32A
tr|A0A979FDP4|A0A979FDP4_ICTPU,144,32.0,R,D,False,R32D
tr|A0AC58J6Q9|A0AC58J6Q9_DANRE,144,32.0,R,V,False,R32V
tr|A0AB32TNW7|A0AB32TNW7_DANRE,144,32.0,R,T,False,R32T
tr|A0AB32TQV9|A0AB32TQV9_DANRE,144,32.0,R,V,False,R32V
tr|A0AB32TLD3|A0AB32TLD3_DANRE,144,32.0,R,T,False,R32T
tr|A0A6P8S5P9|A0A6P8S5P9_GEOSA,144,32.0,R,L,False,R32L
tr|A0AA47MXR6|A0AA47MXR6_MERPO,145,33.0,D,S,False,D33S
tr|A0ABM0GFX0|A0ABM0GFX0_SACKO,145,33.0,D,N,False,D33N
tr|A0ACF8DDW5|A0ACF8DDW5_ARAGI,145,33.0,D,N,False,D33N
tr|A0A979FDP4|A0A979FDP4_ICTPU,145,33.0,D,L,False,D33L
tr|A0AC58J6Q9|A0AC58J6Q9_DANRE,145,33.0,D,N,False,D33N
tr|A0AB32TQV9|A0AB32TQV9_DANRE,145,33.0,D,N,False,D33N
tr|A0A6P8SBP1|A0A6P8SBP1_GEOSA,145,33.0,D,A,False,D33A
tr|A0ACF8DDW5|A0ACF8DDW5_ARAGI,146,34.0,G,K,False,G34K
tr|A0ACF8FNS1|A0ACF8FNS1_ARAGI,146,34.0,G,A,False,G34A
tr|A0AC58J6Q9|A0AC58J6Q9_DANRE,146,34.0,G,A,False,G34A
tr|A0AB32TNW7|A0AB32TNW7_DANRE,146,34.0,G,N,False,G34N
tr|A0AB32TQV9|A0AB32TQV9_DANRE,146,34.0,G,A,False,G34A
tr|A0AB32TLD3|A0AB32TLD3_DANRE,146,34.0,G,N,False,G34N
tr|A0A6P8SBP1|A0A6P8SBP1_GEOSA,146,34.0,G,V,False,G34V
tr|A0A6P8S5P9|A0A6P8S5P9_GEOSA,146,34.0,G,L,False,G34L
tr|A0ABM0GFX0|A0ABM0GFX0_SACKO,147,35.0,R,T,False,R35T
tr|A0A6P7NA03|A0A6P7NA03_BETSP,147,35.0,R,Q,False,R35Q
tr|A0ACF8DDW5|A0ACF8DDW5_ARAGI,147,35.0,R,G,False,R35G
tr|A0ACF8FNS1|A0ACF8FNS1_ARAGI,147,35.0,R,S,False,R35S
tr|A0A6J2V217|A0A6J2V217_CHACN,147,35.0,R,G,False,R35G
tr|A0A6J2V3N9|A0A6J2V3N9_CHACN,147,35.0,R,G,False,R35G
tr|A0AC58J6Q9|A0AC58J6Q9_DANRE,147,35.0,R,S,False,R35S
tr|A0AB32TQV9|A0AB32TQV9_DANRE,147,35.0,R,S,False,R35S
tr|A0A6J2V203|A0A6J2V203_CHACN,147,35.0,R,G,False,R35G
tr|A0A6P8SBP1|A0A6P8SBP1_GEOSA,147,35.0,R,K,False,R35K
tr|A0A6P8S5P9|A0A6P8S5P9_GEOSA,147,35.0,R,K,False,R35K
tr|A0ABM0GFX0|A0ABM0GFX0_SACKO,148,36.0,S,V,False,S36V
tr|A0A6P7NA03|A0A6P7NA03_BETSP,148,36.0,S,Q,False,S36Q
tr|A0ACF8DDW5|A0ACF8DDW5_ARAGI,148,36.0,S,E,False,S36E
tr|A0ACF8FNS1|A0ACF8FNS1_ARAGI,148,36.0,S,A,False,S36A
tr|A0A6P8GSV4|A0A6P8GSV4_CLUHA,148,36.0,S,P,False,S36P
tr|A0AC58J6Q9|A0AC58J6Q9_DANRE,148,36.0,S,R,False,S36R
tr|A0AB32TNW7|A0AB32TNW7_DANRE,148,36.0,S,T,False,S36T
tr|A0AB32TQV9|A0AB32TQV9_DANRE,148,36.0,S,R,False,S36R
tr|A0AB32TLD3|A0AB32TLD3_DANRE,148,36.0,S,T,False,S36T
tr|A0A6P8SBP1|A0A6P8SBP1_GEOSA,148,36.0,S,N,False,S36N
tr|A0A6P8S5P9|A0A6P8S5P9_GEOSA,148,36.0,S,N,False,S36N
tr|A0A286XZY9|A0A286XZY9_CAVPO,148,36.0,S,P,False,S36P
tr|A0A6I8ND77|A0A6I8ND77_ORNAN,148,36.0,S,P,False,S36P
tr|A0ABM1UMY6|A0ABM1UMY6_MICOH,148,36.0,S,P,False,S36P
tr|H0UV26|H0UV26_CAVPO,148,36.0,S,P,False,S36P
tr|A0A9J7J952|A0A9J7J952_CRIGR,148,36.0,S,A,False,S36A
tr|A0ABM0GFX0|A0ABM0GFX0_SACKO,149,37.0,S,A,False,S37A
tr|A0A6P7NA03|A0A6P7NA03_BETSP,149,37.0,S,Q,False,S37Q
tr|A0ACF8DDW5|A0ACF8DDW5_ARAGI,149,37.0,S,C,False,S37C
tr|A0ACF8FNS1|A0ACF8FNS1_ARAGI,149,37.0,S,V,False,S37V
tr|A0AC58J6Q9|A0AC58J6Q9_DANRE,149,37.0,S,L,False,S37L
tr|A0AB32TNW7|A0AB32TNW7_DANRE,149,37.0,S,L,False,S37L
tr|A0AB32TQV9|A0AB32TQV9_DANRE,149,37.0,S,L,False,S37L
tr|A0AB32TLD3|A0AB32TLD3_DANRE,149,37.0,S,L,False,S37L
tr|A0A6P8SBP1|A0A6P8SBP1_GEOSA,149,37.0,S,K,False,S37K
tr|A0A6P8S5P9|A0A6P8S5P9_GEOSA,149,37.0,S,K,False,S37K
tr|A0A6I8ND77|A0A6I8ND77_ORNAN,149,37.0,S,G,False,S37G
tr|A0ABM0GFX0|A0ABM0GFX0_SACKO,158,38.0,G,P,False,G38P
tr|A0A6P7NA03|A0A6P7NA03_BETSP,158,38.0,G,I,False,G38I
tr|A0ACF8DDW5|A0ACF8DDW5_ARAGI,158,38.0,G,T,False,G38T
tr|A0AAX6RUX8|A0AAX6RUX8_HETGA,158,38.0,G,T,False,G38T
tr|A9UCM2|A9UCM2_CYNSP,158,38.0,G,T,False,G38T
tr|A0A8U0R0X1|A0A8U0R0X1_SALNM,158,38.0,G,T,False,G38T
tr|A0A6J2V217|A0A6J2V217_CHACN,158,38.0,G,T,False,G38T
tr|A0A6J2V3N9|A0A6J2V3N9_CHACN,158,38.0,G,T,False,G38T
tr|A0A6P8GSV4|A0A6P8GSV4_CLUHA,158,38.0,G,T,False,G38T
tr|A0A979FEC0|A0A979FEC0_ICTPU,158,38.0,G,T,False,G38T
tr|A0A979FF91|A0A979FF91_ICTPU,158,38.0,G,T,False,G38T
tr|A0A979FED5|A0A979FED5_ICTPU,158,38.0,G,T,False,G38T
tr|A0A979FDQ7|A0A979FDQ7_ICTPU,158,38.0,G,T,False,G38T
tr|A0A979FDP4|A0A979FDP4_ICTPU,158,38.0,G,W,False,G38W
tr|A0AC58J6Q9|A0AC58J6Q9_DANRE,158,38.0,G,I,False,G38I
tr|A0AC58J6Q2|A0AC58J6Q2_DANRE,158,38.0,G,T,False,G38T
tr|A0AB32TNW7|A0AB32TNW7_DANRE,158,38.0,G,S,False,G38S
tr|A0ACM8Q842|A0ACM8Q842_DANRE,158,38.0,G,T,False,G38T
tr|A0AB32TQV9|A0AB32TQV9_DANRE,158,38.0,G,I,False,G38I
tr|A0AB32TLD3|A0AB32TLD3_DANRE,158,38.0,G,S,False,G38S
tr|A0A6J2V203|A0A6J2V203_CHACN,158,38.0,G,S,False,G38S
tr|A0A1L8GU65|A0A1L8GU65_XENLA,158,38.0,G,S,False,G38S
tr|A0A8J0UXQ2|A0A8J0UXQ2_XENLA,158,38.0,G,S,False,G38S
tr|A0A8J1MHG6|A0A8J1MHG6_XENLA,158,38.0,G,S,False,G38S
tr|A0A1L8GYY0|A0A1L8GYY0_XENLA,158,38.0,G,S,False,G38S
tr|A0A8J1MIF2|A0A8J1MIF2_XENLA,158,38.0,G,S,False,G38S
tr|A0A8J1MHG1|A0A8J1MHG1_XENLA,158,38.0,G,S,False,G38S
tr|A0A8J0Q7P1|A0A8J0Q7P1_XENTR,158,38.0,G,S,False,G38S
tr|A0A8J0SHD1|A0A8J0SHD1_XENTR,158,38.0,G,S,False,G38S
tr|A0A8J0SG76|A0A8J0SG76_XENTR,158,38.0,G,S,False,G38S
tr|F7DTZ3|F7DTZ3_XENTR,158,38.0,G,S,False,G38S
tr|A0A6I8ND77|A0A6I8ND77_ORNAN,158,38.0,G,S,False,G38S
tr|A0A8J1MTY3|A0A8J1MTY3_XENLA,158,38.0,G,S,False,G38S
tr|A0A8J1MRN8|A0A8J1MRN8_XENLA,158,38.0,G,S,False,G38S
tr|A0A6I8SNY6|A0A6I8SNY6_XENTR,158,38.0,G,S,False,G38S
tr|A0A8J0SEG3|A0A8J0SEG3_XENTR,158,38.0,G,S,False,G38S
sp|Q4VYS1|FOXP2_XENLA,158,38.0,G,S,False,G38S
tr|A0A8J1MI35|A0A8J1MI35_XENLA,158,38.0,G,S,False,G38S
tr|A0ABM0GFX0|A0ABM0GFX0_SACKO,159,39.0,D,H,False,D39H
tr|A0A6P7NA03|A0A6P7NA03_BETSP,159,39.0,D,C,False,D39C
tr|A0ACF8DDW5|A0ACF8DDW5_ARAGI,159,39.0,D,R,False,D39R
tr|A0AAX6RUX8|A0AAX6RUX8_HETGA,159,39.0,D,S,False,D39S
tr|A9UCM2|A9UCM2_CYNSP,159,39.0,D,S,False,D39S
tr|A0A8U0R0X1|A0A8U0R0X1_SALNM,159,39.0,D,S,False,D39S
tr|A0A6J2V217|A0A6J2V217_CHACN,159,39.0,D,G,False,D39G
tr|A0A6J2V3N9|A0A6J2V3N9_CHACN,159,39.0,D,G,False,D39G
tr|A0A6P8GSV4|A0A6P8GSV4_CLUHA,159,39.0,D,S,False,D39S
tr|A0A979FEC0|A0A979FEC0_ICTPU,159,39.0,D,S,False,D39S
tr|A0A979FF91|A0A979FF91_ICTPU,159,39.0,D,S,False,D39S
tr|A0A979FED5|A0A979FED5_ICTPU,159,39.0,D,S,False,D39S
tr|A0A979FDQ7|A0A979FDQ7_ICTPU,159,39.0,D,S,False,D39S
tr|A0A979FDP4|A0A979FDP4_ICTPU,159,39.0,D,Q,False,D39Q
tr|A0AC58J6Q9|A0AC58J6Q9_DANRE,159,39.0,D,S,False,D39S
tr|A0AC58J6Q2|A0AC58J6Q2_DANRE,159,39.0,D,S,False,D39S
tr|A0AB32TNW7|A0AB32TNW7_DANRE,159,39.0,D,P,False,D39P
tr|A0ACM8Q842|A0ACM8Q842_DANRE,159,39.0,D,S,False,D39S
tr|A0AB32TQV9|A0AB32TQV9_DANRE,159,39.0,D,S,False,D39S
tr|A0AB32TLD3|A0AB32TLD3_DANRE,159,39.0,D,P,False,D39P
tr|A0A6P8SBP1|A0A6P8SBP1_GEOSA,159,39.0,D,Q,False,D39Q
tr|A0A6P8S5P9|A0A6P8S5P9_GEOSA,159,39.0,D,Q,False,D39Q
tr|A0ABM0GFX0|A0ABM0GFX0_SACKO,160,40.0,T,H,False,T40H
tr|A0ACF8DDW5|A0ACF8DDW5_ARAGI,160,40.0,T,H,False,T40H
tr|A0ACF8FNS1|A0ACF8FNS1_ARAGI,160,40.0,T,S,False,T40S
tr|A0AAX6RUX8|A0AAX6RUX8_HETGA,160,40.0,T,S,False,T40S
tr|A9UCM2|A9UCM2_CYNSP,160,40.0,T,S,False,T40S
tr|A0A8U0R0X1|A0A8U0R0X1_SALNM,160,40.0,T,S,False,T40S
tr|A0A6J2V217|A0A6J2V217_CHACN,160,40.0,T,S,False,T40S
tr|A0A6J2V3N9|A0A6J2V3N9_CHACN,160,40.0,T,S,False,T40S
tr|A0A6P8GSV4|A0A6P8GSV4_CLUHA,160,40.0,T,G,False,T40G
tr|A0A979FEC0|A0A979FEC0_ICTPU,160,40.0,T,S,False,T40S
tr|A0A979FF91|A0A979FF91_ICTPU,160,40.0,T,S,False,T40S
tr|A0A979FED5|A0A979FED5_ICTPU,160,40.0,T,S,False,T40S
tr|A0A979FDQ7|A0A979FDQ7_ICTPU,160,40.0,T,S,False,T40S
tr|A0A979FDP4|A0A979FDP4_ICTPU,160,40.0,T,L,False,T40L
tr|A0AC58J6Q9|A0AC58J6Q9_DANRE,160,40.0,T,S,False,T40S
tr|A0AC58J6Q2|A0AC58J6Q2_DANRE,160,40.0,T,S,False,T40S
tr|A0AB32TNW7|A0AB32TNW7_DANRE,160,40.0,T,R,False,T40R
tr|A0ACM8Q842|A0ACM8Q842_DANRE,160,40.0,T,S,False,T40S
tr|A0AB32TQV9|A0AB32TQV9_DANRE,160,40.0,T,S,False,T40S
tr|A0AB32TLD3|A0AB32TLD3_DANRE,160,40.0,T,R,False,T40R
tr|A0A8B7A802|A0A8B7A802_ORYAF,160,40.0,T,S,False,T40S
tr|A0ABM0GFX0|A0ABM0GFX0_SACKO,161,41.0,S,E,False,S41E
tr|A0A6P7NA03|A0A6P7NA03_BETSP,161,41.0,S,C,False,S41C
tr|A0ACF8DDW5|A0ACF8DDW5_ARAGI,161,41.0,S,E,False,S41E
tr|A0ACF8FNS1|A0ACF8FNS1_ARAGI,161,41.0,S,A,False,S41A
tr|A0AAX6RUX8|A0AAX6RUX8_HETGA,161,41.0,S,E,False,S41E
tr|A9UCM2|A9UCM2_CYNSP,161,41.0,S,E,False,S41E
tr|A0A8U0R0X1|A0A8U0R0X1_SALNM,161,41.0,S,E,False,S41E
tr|A0A6J2V217|A0A6J2V217_CHACN,161,41.0,S,E,False,S41E
tr|A0A6J2V3N9|A0A6J2V3N9_CHACN,161,41.0,S,E,False,S41E
tr|A0A6P8GSV4|A0A6P8GSV4_CLUHA,161,41.0,S,D,False,S41D
tr|A0A979FEC0|A0A979FEC0_ICTPU,161,41.0,S,E,False,S41E
tr|A0A979FF91|A0A979FF91_ICTPU,161,41.0,S,E,False,S41E
tr|A0A979FED5|A0A979FED5_ICTPU,161,41.0,S,E,False,S41E
tr|A0A979FDQ7|A0A979FDQ7_ICTPU,161,41.0,S,E,False,S41E
tr|A0A979FDP4|A0A979FDP4_ICTPU,161,41.0,S,H,False,S41H
tr|A0AC58J6Q9|A0AC58J6Q9_DANRE,161,41.0,S,N,False,S41N
tr|A0AC58J6Q2|A0AC58J6Q2_DANRE,161,41.0,S,E,False,S41E
tr|A0AB32TNW7|A0AB32TNW7_DANRE,161,41.0,S,N,False,S41N
tr|A0ACM8Q842|A0ACM8Q842_DANRE,161,41.0,S,E,False,S41E
tr|A0AB32TQV9|A0AB32TQV9_DANRE,161,41.0,S,N,False,S41N
tr|A0AB32TLD3|A0AB32TLD3_DANRE,161,41.0,S,N,False,S41N
tr|A0A6J2V203|A0A6J2V203_CHACN,161,41.0,S,G,False,S41G
tr|A0A6P8SBP1|A0A6P8SBP1_GEOSA,161,41.0,S,Q,False,S41Q
tr|A0A6P8S5P9|A0A6P8S5P9_GEOSA,161,41.0,S,Q,False,S41Q
tr|A0A6P8S9T4|A0A6P8S9T4_GEOSA,161,41.0,S,M,False,S41M
tr|A9UCM8|A9UCM8_MYOPI,161,41.0,S,N,False,S41N
tr|A0A8C6XFH2|A0A8C6XFH2_NAJNA,161,41.0,S,G,False,S41G
tr|G1KFZ6|G1KFZ6_ANOCA,161,41.0,S,G,False,S41G
tr|A0A9F5IS39|A0A9F5IS39_PYTBI,161,41.0,S,G,False,S41G
tr|V6F7W6|V6F7W6_ANOCA,161,41.0,S,G,False,S41G
tr|A0A670Z5Y1|A0A670Z5Y1_PSETE,161,41.0,S,G,False,S41G
tr|A0A670Z823|A0A670Z823_PSETE,161,41.0,S,G,False,S41G
tr|A0A6J1U1T0|A0A6J1U1T0_9SAUR,161,41.0,S,G,False,S41G
tr|A0A9F2NWE2|A0A9F2NWE2_PYTBI,161,41.0,S,G,False,S41G
tr|A0A6P7NA03|A0A6P7NA03_BETSP,162,42.0,S,T,False,S42T
tr|A0ACF8DDW5|A0ACF8DDW5_ARAGI,162,42.0,S,Q,False,S42Q
tr|A0A6I9HI92|A0A6I9HI92_GEOFO,162,42.0,S,T,False,S42T
tr|A0A8C2TN39|A0A8C2TN39_COTJA,162,42.0,S,T,False,S42T
tr|A0A8C2TN55|A0A8C2TN55_COTJA,162,42.0,S,T,False,S42T
tr|A0A1V4J975|A0A1V4J975_PATFA,162,42.0,S,T,False,S42T
tr|A0A803VRI8|A0A803VRI8_FICAL,162,42.0,S,T,False,S42T
tr|A0A803VX31|A0A803VX31_FICAL,162,42.0,S,T,False,S42T
tr|A0A663N514|A0A663N514_ATHCN,162,42.0,S,T,False,S42T
tr|A0A8C3UXT3|A0A8C3UXT3_CATUS,162,42.0,S,T,False,S42T
tr|A0A8V0X8B7|A0A8V0X8B7_CHICK,162,42.0,S,T,False,S42T
tr|G1NA17|G1NA17_MELGA,162,42.0,S,T,False,S42T
tr|A0A6P8SBP1|A0A6P8SBP1_GEOSA,162,42.0,S,E,False,S42E
tr|A0A6P8S5P9|A0A6P8S5P9_GEOSA,162,42.0,S,E,False,S42E
tr|A0A803WA84|A0A803WA84_FICAL,162,42.0,S,T,False,S42T
tr|A0A803VVV3|A0A803VVV3_FICAL,162,42.0,S,T,False,S42T
tr|A0A8C3V2Y9|A0A8C3V2Y9_CATUS,162,42.0,S,T,False,S42T
tr|A0A663N1N8|A0A663N1N8_ATHCN,162,42.0,S,T,False,S42T
tr|A0A803YMJ4|A0A803YMJ4_MELGA,162,42.0,S,T,False,S42T
tr|A0A663N2Y4|A0A663N2Y4_ATHCN,162,42.0,S,T,False,S42T
tr|A0A6J2G5V7|A0A6J2G5V7_9PASS,162,42.0,S,T,False,S42T
tr|A0A803VEU5|A0A803VEU5_FICAL,162,42.0,S,T,False,S42T
tr|A0A8C6ZYM5|A0A8C6ZYM5_NOTPE,162,42.0,S,T,False,S42T
tr|A0A8C5F2F1|A0A8C5F2F1_9SAUR,162,42.0,S,T,False,S42T
tr|A0A663N1N3|A0A663N1N3_ATHCN,162,42.0,S,T,False,S42T
tr|A0A8C2TN37|A0A8C2TN37_COTJA,162,42.0,S,T,False,S42T
tr|A0A8V0X5B4|A0A8V0X5B4_CHICK,162,42.0,S,T,False,S42T
tr|A0A6J0HH27|A0A6J0HH27_9PASS,162,42.0,S,T,False,S42T
tr|A0A6J0HH90|A0A6J0HH90_9PASS,162,42.0,S,T,False,S42T
tr|G3X2N2|G3X2N2_SARHA,162,42.0,S,T,False,S42T
tr|A0A663N4T8|A0A663N4T8_ATHCN,162,42.0,S,T,False,S42T
tr|A0A663N503|A0A663N503_ATHCN,162,42.0,S,T,False,S42T
tr|A0A8C3UTJ3|A0A8C3UTJ3_CATUS,162,42.0,S,T,False,S42T
tr|A0A8C6XFH2|A0A8C6XFH2_NAJNA,162,42.0,S,T,False,S42T
tr|T1PV61|T1PV61_GEKGE,162,42.0,S,T,False,S42T
tr|A0A8V0XB05|A0A8V0XB05_CHICK,162,42.0,S,T,False,S42T
tr|H0Z4Q2|H0Z4Q2_TAEGU,162,42.0,S,T,False,S42T
tr|A0A8V0X2A9|A0A8V0X2A9_CHICK,162,42.0,S,T,False,S42T
tr|G8HZI0|G8HZI0_CHICK,162,42.0,S,T,False,S42T
tr|G8HZI1|G8HZI1_CHICK,162,42.0,S,T,False,S42T
tr|A0A803YR11|A0A803YR11_MELGA,162,42.0,S,T,False,S42T
tr|G1KFZ6|G1KFZ6_ANOCA,162,42.0,S,T,False,S42T
tr|A0A9F5IS39|A0A9F5IS39_PYTBI,162,42.0,S,T,False,S42T
tr|A0AA97JVF9|A0AA97JVF9_EUBMA,162,42.0,S,T,False,S42T
tr|T1PTW0|T1PTW0_9SAUR,162,42.0,S,T,False,S42T
tr|A0A803V983|A0A803V983_FICAL,162,42.0,S,T,False,S42T
tr|A0A218V5A9|A0A218V5A9_9PASE,162,42.0,S,T,False,S42T
tr|V6F7W6|V6F7W6_ANOCA,162,42.0,S,T,False,S42T
tr|A9UCM1|A9UCM1_9CHIR,162,42.0,S,T,False,S42T
tr|A0ABM4G1M1|A0ABM4G1M1_9AVES,162,42.0,S,T,False,S42T
tr|A0ABM5GG36|A0ABM5GG36_9SAUR,162,42.0,S,T,False,S42T
tr|A0A8C2TQ46|A0A8C2TQ46_COTJA,162,42.0,S,T,False,S42T
tr|A0A8V0XB36|A0A8V0XB36_CHICK,162,42.0,S,T,False,S42T
tr|A0A663N507|A0A663N507_ATHCN,162,42.0,S,T,False,S42T
tr|A0A663N1P3|A0A663N1P3_ATHCN,162,42.0,S,T,False,S42T
tr|A0A6J3EI75|A0A6J3EI75_AYTFU,162,42.0,S,T,False,S42T
tr|A0A803V0S5|A0A803V0S5_FICAL,162,42.0,S,T,False,S42T
tr|A0A8C3V1M9|A0A8C3V1M9_CATUS,162,42.0,S,T,False,S42T
tr|A0A8C2TQ55|A0A8C2TQ55_COTJA,162,42.0,S,T,False,S42T
tr|A0A663N4U8|A0A663N4U8_ATHCN,162,42.0,S,T,False,S42T
tr|A0A8C3UYW6|A0A8C3UYW6_CATUS,162,42.0,S,T,False,S42T
tr|A0A1V4JAD2|A0A1V4JAD2_PATFA,162,42.0,S,T,False,S42T
tr|A0A670Z5Y1|A0A670Z5Y1_PSETE,162,42.0,S,T,False,S42T
tr|A0A670Z823|A0A670Z823_PSETE,162,42.0,S,T,False,S42T
tr|A0A6J1U1T0|A0A6J1U1T0_9SAUR,162,42.0,S,T,False,S42T
tr|A0ABM1JYM0|A0ABM1JYM0_GEKJA,162,42.0,S,T,False,S42T
tr|A0A3Q0H2H6|A0A3Q0H2H6_ALLSI,162,42.0,S,T,False,S42T
tr|A0A6P5K4P6|A0A6P5K4P6_PHACI,162,42.0,S,T,False,S42T
tr|A0A9F2NWE2|A0A9F2NWE2_PYTBI,162,42.0,S,T,False,S42T
tr|K7G4L3|K7G4L3_PELSI,162,42.0,S,T,False,S42T
tr|A0A7M4ESK2|A0A7M4ESK2_CROPO,162,42.0,S,T,False,S42T
tr|A0A8C0GSH0|A0A8C0GSH0_CHEAB,162,42.0,S,T,False,S42T
tr|A0A8T1SIB8|A0A8T1SIB8_CHESE,162,42.0,S,T,False,S42T
tr|A9UCN6|A9UCN6_TRASC,162,42.0,S,T,False,S42T
tr|A0A5F8GPP1|A0A5F8GPP1_MONDO,162,42.0,S,T,False,S42T
tr|A0A8C4YPR3|A0A8C4YPR3_9SAUR,162,42.0,S,T,False,S42T
tr|A0A8V0X8C6|A0A8V0X8C6_CHICK,162,42.0,S,T,False,S42T
tr|G8HZH9|G8HZH9_CHICK,162,42.0,S,T,False,S42T
tr|Q6TKS2|Q6TKS2_TAEGU,162,42.0,S,T,False,S42T
tr|A0A8C6NFR5|A0A8C6NFR5_MELUD,162,42.0,S,T,False,S42T
tr|Q6S511|Q6S511_MELUD,162,42.0,S,T,False,S42T
tr|G8HZH8|G8HZH8_CHICK,162,42.0,S,T,False,S42T
tr|A0A8V0XB47|A0A8V0XB47_CHICK,162,42.0,S,T,False,S42T
tr|A0ABM4G1D2|A0ABM4G1D2_9AVES,162,42.0,S,T,False,S42T
tr|A0ABM0GFX0|A0ABM0GFX0_SACKO,163,43.0,E,N,False,E43N
tr|A0A6P7NA03|A0A6P7NA03_BETSP,163,43.0,E,H,False,E43H
tr|A0ACF8DDW5|A0ACF8DDW5_ARAGI,163,43.0,E,L,False,E43L
tr|A0A6P8SBP1|A0A6P8SBP1_GEOSA,163,43.0,E,I,False,E43I
tr|A0A6P8S5P9|A0A6P8S5P9_GEOSA,163,43.0,E,I,False,E43I
tr|A0A6P8S9T4|A0A6P8S9T4_GEOSA,163,43.0,E,H,False,E43H
tr|A0A8U0R6L8|A0A8U0R6L8_MUSPF,163,43.0,E,D,False,E43D
tr|A0A8U0R7F3|A0A8U0R7F3_MUSPF,163,43.0,E,D,False,E43D
tr|A0A8U0R521|A0A8U0R521_MUSPF,163,43.0,E,D,False,E43D
tr|A0A8U0R6N5|A0A8U0R6N5_MUSPF,163,43.0,E,D,False,E43D
tr|A9UCL6|A9UCL6_ARCCL,163,43.0,E,D,False,E43D
tr|A0ABM0GFX0|A0ABM0GFX0_SACKO,164,44.0,V,H,False,V44H
tr|A0A6P7NA03|A0A6P7NA03_BETSP,164,44.0,V,R,False,V44R
tr|A0ACF8DDW5|A0ACF8DDW5_ARAGI,164,44.0,V,L,False,V44L
tr|A0ACF8FNS1|A0ACF8FNS1_ARAGI,164,44.0,V,P,False,V44P
tr|A0A979FDP4|A0A979FDP4_ICTPU,164,44.0,V,I,False,V44I
tr|A0AC58J6Q9|A0AC58J6Q9_DANRE,164,44.0,V,A,False,V44A
tr|A0AB32TNW7|A0AB32TNW7_DANRE,164,44.0,V,T,False,V44T
tr|A0AB32TQV9|A0AB32TQV9_DANRE,164,44.0,V,A,False,V44A
tr|A0AB32TLD3|A0AB32TLD3_DANRE,164,44.0,V,T,False,V44T
tr|A0A6P8SBP1|A0A6P8SBP1_GEOSA,164,44.0,V,F,False,V44F
tr|A0A6P8S5P9|A0A6P8S5P9_GEOSA,164,44.0,V,F,False,V44F
tr|A0A6P8S9T4|A0A6P8S9T4_GEOSA,164,44.0,V,L,False,V44L
tr|A0A6P7NA03|A0A6P7NA03_BETSP,165,45.0,S,K,False,S45K
tr|A0ACF8FNS1|A0ACF8FNS1_ARAGI,165,45.0,S,R,False,S45R
tr|A0A979FDP4|A0A979FDP4_ICTPU,165,45.0,S,A,False,S45A
tr|A0AC58J6Q9|A0AC58J6Q9_DANRE,165,45.0,S,F,False,S45F
tr|A0AB32TNW7|A0AB32TNW7_DANRE,165,45.0,S,L,False,S45L
tr|A0AB32TQV9|A0AB32TQV9_DANRE,165,45.0,S,F,False,S45F
tr|A0AB32TLD3|A0AB32TLD3_DANRE,165,45.0,S,L,False,S45L
tr|A0A6P8SBP1|A0A6P8SBP1_GEOSA,165,45.0,S,K,False,S45K
tr|A0A6P8S5P9|A0A6P8S5P9_GEOSA,165,45.0,S,K,False,S45K
tr|A0A6P7NA03|A0A6P7NA03_BETSP,166,46.0,T,K,False,T46K
tr|A0ACF8DDW5|A0ACF8DDW5_ARAGI,166,46.0,T,S,False,T46S
tr|A0ACF8FNS1|A0ACF8FNS1_ARAGI,166,46.0,T,S,False,T46S
tr|A0A979FDP4|A0A979FDP4_ICTPU,166,46.0,T,Q,False,T46Q
tr|A0AC58J6Q2|A0AC58J6Q2_DANRE,166,46.0,T,A,False,T46A
tr|A0AB32TNW7|A0AB32TNW7_DANRE,166,46.0,T,S,False,T46S
tr|A0ACM8Q842|A0ACM8Q842_DANRE,166,46.0,T,A,False,T46A
tr|A0AB32TLD3|A0AB32TLD3_DANRE,166,46.0,T,S,False,T46S
tr|A0A6P8SBP1|A0A6P8SBP1_GEOSA,166,46.0,T,K,False,T46K
tr|A0A6P8S5P9|A0A6P8S5P9_GEOSA,166,46.0,T,K,False,T46K
tr|A0A8U0R6L8|A0A8U0R6L8_MUSPF,166,46.0,T,P,False,T46P
tr|A0A8U0R7F3|A0A8U0R7F3_MUSPF,166,46.0,T,P,False,T46P
tr|A0A8U0R521|A0A8U0R521_MUSPF,166,46.0,T,P,False,T46P
tr|A0A8U0R6N5|A0A8U0R6N5_MUSPF,166,46.0,T,P,False,T46P
tr|A9UCL6|A9UCL6_ARCCL,166,46.0,T,P,False,T46P
tr|A0A5F8GPP1|A0A5F8GPP1_MONDO,166,46.0,T,P,False,T46P
tr|A0A6P7NA03|A0A6P7NA03_BETSP,167,47.0,V,L,False,V47L
tr|A0ACF8DDW5|A0ACF8DDW5_ARAGI,167,47.0,V,F,False,V47F
tr|A0ACF8FNS1|A0ACF8FNS1_ARAGI,167,47.0,V,R,False,V47R
tr|A0A979FDP4|A0A979FDP4_ICTPU,167,47.0,V,A,False,V47A
tr|A0AC58J6Q9|A0AC58J6Q9_DANRE,167,47.0,V,F,False,V47F
tr|A0AB32TNW7|A0AB32TNW7_DANRE,167,47.0,V,I,False,V47I
tr|A0AC58J6R3|A0AC58J6R3_DANRE,167,47.0,V,M,False,V47M
tr|A0AB32TQV9|A0AB32TQV9_DANRE,167,47.0,V,F,False,V47F
tr|A0AB32TLD3|A0AB32TLD3_DANRE,167,47.0,V,I,False,V47I
tr|A0A6P8SBP1|A0A6P8SBP1_GEOSA,167,47.0,V,W,False,V47W
tr|A0A6P8S5P9|A0A6P8S5P9_GEOSA,167,47.0,V,W,False,V47W
tr|A0ABM0QMY5|A0ABM0QMY5_GALVR,167,47.0,V,A,False,V47A
tr|A9UCM8|A9UCM8_MYOPI,167,47.0,V,A,False,V47A
tr|A0A3Q0D8Q9|A0A3Q0D8Q9_MESAU,167,47.0,V,A,False,V47A
tr|A0ABM2W223|A0ABM2W223_MESAU,167,47.0,V,A,False,V47A
tr|A0A6P7NA03|A0A6P7NA03_BETSP,168,48.0,E,P,False,E48P
tr|A0ACF8DDW5|A0ACF8DDW5_ARAGI,168,48.0,E,A,False,E48A
tr|A0ACF8FNS1|A0ACF8FNS1_ARAGI,168,48.0,E,G,False,E48G
tr|A0AC58J6Q9|A0AC58J6Q9_DANRE,168,48.0,E,R,False,E48R
tr|A0AB32TNW7|A0AB32TNW7_DANRE,168,48.0,E,Q,False,E48Q
tr|A0AC58J6R3|A0AC58J6R3_DANRE,168,48.0,E,N,False,E48N
tr|A0AB32TQV9|A0AB32TQV9_DANRE,168,48.0,E,R,False,E48R
tr|A0AB32TLD3|A0AB32TLD3_DANRE,168,48.0,E,Q,False,E48Q
tr|A0A6P8SBP1|A0A6P8SBP1_GEOSA,168,48.0,E,P,False,E48P
tr|A0A6P8S5P9|A0A6P8S5P9_GEOSA,168,48.0,E,P,False,E48P
tr|A0ABM5DIL0|A0ABM5DIL0_VICPA,168,48.0,E,S,False,E48S
tr|A0A6P7NA03|A0A6P7NA03_BETSP,169,49.0,L,T,False,L49T
tr|A0ACF8DDW5|A0ACF8DDW5_ARAGI,169,49.0,L,A,False,L49A
tr|A0A979FDP4|A0A979FDP4_ICTPU,169,49.0,L,H,False,L49H
tr|A0AC58J6Q9|A0AC58J6Q9_DANRE,169,49.0,L,E,False,L49E
tr|A0AB32TNW7|A0AB32TNW7_DANRE,169,49.0,L,P,False,L49P
tr|A0AC58J6R3|A0AC58J6R3_DANRE,169,49.0,L,S,False,L49S
tr|A0AB32TQV9|A0AB32TQV9_DANRE,169,49.0,L,E,False,L49E
tr|A0AB32TLD3|A0AB32TLD3_DANRE,169,49.0,L,P,False,L49P
tr|A0ABM5DIL0|A0ABM5DIL0_VICPA,169,49.0,L,G,False,L49G
tr|A0A6P7NA03|A0A6P7NA03_BETSP,170,50.0,L,Q,False,L50Q
tr|A0ACF8DDW5|A0ACF8DDW5_ARAGI,170,50.0,L,S,False,L50S
tr|A0ACF8FNS1|A0ACF8FNS1_ARAGI,170,50.0,L,R,False,L50R
tr|A0A979FDP4|A0A979FDP4_ICTPU,170,50.0,L,S,False,L50S
tr|A0AC58J6Q9|A0AC58J6Q9_DANRE,170,50.0,L,W,False,L50W
tr|A0AB32TNW7|A0AB32TNW7_DANRE,170,50.0,L,S,False,L50S
tr|A0AC58J6R3|A0AC58J6R3_DANRE,170,50.0,L,V,False,L50V
tr|A0AB32TQV9|A0AB32TQV9_DANRE,170,50.0,L,W,False,L50W
tr|A0AB32TLD3|A0AB32TLD3_DANRE,170,50.0,L,S,False,L50S
tr|A0A6P8SBP1|A0A6P8SBP1_GEOSA,170,50.0,L,H,False,L50H
tr|A0A6P8S5P9|A0A6P8S5P9_GEOSA,170,50.0,L,H,False,L50H
tr|A0A6P8S9T4|A0A6P8S9T4_GEOSA,170,50.0,L,T,False,L50T
tr|A0ABM5DIL0|A0ABM5DIL0_VICPA,170,50.0,L,T,False,L50T
tr|A0A674IWZ5|A0A674IWZ5_9SAUR,170,50.0,L,I,False,L50I
tr|A0ABM0GFX0|A0ABM0GFX0_SACKO,171,51.0,H,D,False,H51D
tr|A0A6P7NA03|A0A6P7NA03_BETSP,171,51.0,H,T,False,H51T
tr|A0ACF8DDW5|A0ACF8DDW5_ARAGI,171,51.0,H,S,False,H51S
tr|A0A979FDP4|A0A979FDP4_ICTPU,171,51.0,H,E,False,H51E
tr|A0AC58J6Q9|A0AC58J6Q9_DANRE,171,51.0,H,D,False,H51D
tr|A0AC58J6R3|A0AC58J6R3_DANRE,171,51.0,H,V,False,H51V
tr|A0AB32TQV9|A0AB32TQV9_DANRE,171,51.0,H,D,False,H51D
tr|A0A6P8SBP1|A0A6P8SBP1_GEOSA,171,51.0,H,P,False,H51P
tr|A0A6P8S5P9|A0A6P8S5P9_GEOSA,171,51.0,H,P,False,H51P
tr|A0A6P8S9T4|A0A6P8S9T4_GEOSA,171,51.0,H,G,False,H51G
tr|A0ABM5DIL0|A0ABM5DIL0_VICPA,171,51.0,H,G,False,H51G
tr|A0A674IWZ5|A0A674IWZ5_9SAUR,171,51.0,H,I,False,H51I
tr|A0ABM0GFX0|A0ABM0GFX0_SACKO,172,52.0,L,M,False,L52M
tr|A0A6P7NA03|A0A6P7NA03_BETSP,172,52.0,L,V,False,L52V
tr|A0A979FDP4|A0A979FDP4_ICTPU,172,52.0,L,A,False,L52A
tr|A0AC58J6Q9|A0AC58J6Q9_DANRE,172,52.0,L,C,False,L52C
tr|A0AB32TNW7|A0AB32TNW7_DANRE,172,52.0,L,T,False,L52T
tr|A0AC58J6R3|A0AC58J6R3_DANRE,172,52.0,L,D,False,L52D
tr|A0AB32TQV9|A0AB32TQV9_DANRE,172,52.0,L,C,False,L52C
tr|A0AB32TLD3|A0AB32TLD3_DANRE,172,52.0,L,T,False,L52T
tr|A0A6P8SBP1|A0A6P8SBP1_GEOSA,172,52.0,L,C,False,L52C
tr|A0A6P8S5P9|A0A6P8S5P9_GEOSA,172,52.0,L,C,False,L52C
tr|A0A6P8S9T4|A0A6P8S9T4_GEOSA,172,52.0,L,K,False,L52K
tr|A0A6P8S6B0|A0A6P8S6B0_GEOSA,172,52.0,L,M,False,L52M
tr|A0A674IWZ5|A0A674IWZ5_9SAUR,172,52.0,L,N,False,L52N
tr|A0ABM0GFX0|A0ABM0GFX0_SACKO,173,53.0,Q,A,False,Q53A
tr|A0A6P7NA03|A0A6P7NA03_BETSP,173,53.0,Q,K,False,Q53K
tr|A0ACF8DDW5|A0ACF8DDW5_ARAGI,173,53.0,Q,V,False,Q53V
tr|A0A979FDP4|A0A979FDP4_ICTPU,173,53.0,Q,K,False,Q53K
tr|A0AC58J6Q9|A0AC58J6Q9_DANRE,173,53.0,Q,A,False,Q53A
tr|A0AB32TNW7|A0AB32TNW7_DANRE,173,53.0,Q,A,False,Q53A
tr|A0AC58J6R3|A0AC58J6R3_DANRE,173,53.0,Q,G,False,Q53G
tr|A0AB32TQV9|A0AB32TQV9_DANRE,173,53.0,Q,A,False,Q53A
tr|A0AB32TLD3|A0AB32TLD3_DANRE,173,53.0,Q,A,False,Q53A
tr|A0A6P8SBP1|A0A6P8SBP1_GEOSA,173,53.0,Q,M,False,Q53M
tr|A0A6P8S5P9|A0A6P8S5P9_GEOSA,173,53.0,Q,M,False,Q53M
tr|A0A6P8S5Q7|A0A6P8S5Q7_GEOSA,173,53.0,Q,M,False,Q53M
tr|A0A6P8S9T4|A0A6P8S9T4_GEOSA,173,53.0,Q,V,False,Q53V
tr|A0A6P8S6B0|A0A6P8S6B0_GEOSA,173,53.0,Q,V,False,Q53V
tr|A0ABM5DIL0|A0ABM5DIL0_VICPA,173,53.0,Q,V,False,Q53V
tr|A0A674IWZ5|A0A674IWZ5_9SAUR,173,53.0,Q,V,False,Q53V
tr|A0A6P7NA03|A0A6P7NA03_BETSP,174,54.0,Q,S,False,Q54S
tr|A0ACF8DDW5|A0ACF8DDW5_ARAGI,174,54.0,Q,S,False,Q54S
tr|A0A979FDP4|A0A979FDP4_ICTPU,174,54.0,Q,A,False,Q54A
tr|A0AC58J6Q9|A0AC58J6Q9_DANRE,174,54.0,Q,P,False,Q54P
tr|A0AB32TNW7|A0AB32TNW7_DANRE,174,54.0,Q,H,False,Q54H
tr|A0AC58J6R3|A0AC58J6R3_DANRE,174,54.0,Q,M,False,Q54M
tr|A0AB32TSB5|A0AB32TSB5_DANRE,174,54.0,Q,M,False,Q54M
tr|A0AB32TQV9|A0AB32TQV9_DANRE,174,54.0,Q,P,False,Q54P
tr|A0AB32TLD3|A0AB32TLD3_DANRE,174,54.0,Q,H,False,Q54H
tr|A0A6P8SBP1|A0A6P8SBP1_GEOSA,174,54.0,Q,W,False,Q54W
tr|A0A6P8S5P9|A0A6P8S5P9_GEOSA,174,54.0,Q,W,False,Q54W
tr|A0A6P8S5Q7|A0A6P8S5Q7_GEOSA,174,54.0,Q,W,False,Q54W
tr|A0A6P8S9T4|A0A6P8S9T4_GEOSA,174,54.0,Q,L,False,Q54L
tr|A0A6P8S6B0|A0A6P8S6B0_GEOSA,174,54.0,Q,I,False,Q54I
tr|A0ABM5DIL0|A0ABM5DIL0_VICPA,174,54.0,Q,S,False,Q54S
tr|A0A674IWZ5|A0A674IWZ5_9SAUR,174,54.0,Q,L,False,Q54L
tr|A0ABM0GFX0|A0ABM0GFX0_SACKO,177,55.0,Q,H,False,Q55H
tr|A0ACF8DDW5|A0ACF8DDW5_ARAGI,177,55.0,Q,L,False,Q55L
tr|A0A6J2V217|A0A6J2V217_CHACN,177,55.0,Q,R,False,Q55R
tr|A0A6J2V3N9|A0A6J2V3N9_CHACN,177,55.0,Q,R,False,Q55R
tr|G3RNZ0|G3RNZ0_GORGO,177,55.0,Q,I,False,Q55I
tr|G3SFK7|G3SFK7_GORGO,177,55.0,Q,I,False,Q55I
tr|A0A2Y9DWJ1|A0A2Y9DWJ1_TRIMA,177,55.0,Q,K,False,Q55K
tr|A0A9B0WKY6|A0A9B0WKY6_CHRAS,177,55.0,Q,E,False,Q55E
tr|A0A2Y9DXW8|A0A2Y9DXW8_TRIMA,177,55.0,Q,K,False,Q55K
tr|A0A8C2TQ55|A0A8C2TQ55_COTJA,177,55.0,Q,V,False,Q55V
tr|A0A663N4U8|A0A663N4U8_ATHCN,177,55.0,Q,V,False,Q55V
tr|A0A8C3UYW6|A0A8C3UYW6_CATUS,177,55.0,Q,V,False,Q55V
tr|A0A9B0WLM4|A0A9B0WLM4_CHRAS,177,55.0,Q,E,False,Q55E
tr|A0A2Y9DY69|A0A2Y9DY69_TRIMA,177,55.0,Q,K,False,Q55K
tr|A0A2Y9DWZ0|A0A2Y9DWZ0_TRIMA,177,55.0,Q,K,False,Q55K
tr|A0ABM1JYM0|A0ABM1JYM0_GEKJA,177,55.0,Q,E,False,Q55E
tr|A0A2I4BXF7|A0A2I4BXF7_AUSLI,178,56.0,Q,M,False,Q56M
tr|A0ABV1A463|A0ABV1A463_9TELE,178,56.0,Q,M,False,Q56M
tr|A0A6P7NA03|A0A6P7NA03_BETSP,178,56.0,Q,V,False,Q56V
tr|A0ACF8DDW5|A0ACF8DDW5_ARAGI,178,56.0,Q,N,False,Q56N
tr|A0ACF8FNS1|A0ACF8FNS1_ARAGI,178,56.0,Q,R,False,Q56R
tr|A0A979FDP4|A0A979FDP4_ICTPU,178,56.0,Q,V,False,Q56V
tr|A0AC58J6Q9|A0AC58J6Q9_DANRE,178,56.0,Q,K,False,Q56K
tr|A0AC58J6R3|A0AC58J6R3_DANRE,178,56.0,Q,E,False,Q56E
tr|A0AB32TSB5|A0AB32TSB5_DANRE,178,56.0,Q,E,False,Q56E
tr|A0AB32TQV9|A0AB32TQV9_DANRE,178,56.0,Q,K,False,Q56K
tr|G3RNZ0|G3RNZ0_GORGO,178,56.0,Q,K,False,Q56K
tr|G3SFK7|G3SFK7_GORGO,178,56.0,Q,K,False,Q56K
tr|A0A1S3FH60|A0A1S3FH60_DIPOR,178,56.0,Q,E,False,Q56E
tr|A0A6P8SBP1|A0A6P8SBP1_GEOSA,178,56.0,Q,M,False,Q56M
tr|A0A6P8S5P9|A0A6P8S5P9_GEOSA,178,56.0,Q,M,False,Q56M
tr|A0A6P8S5Q7|A0A6P8S5Q7_GEOSA,178,56.0,Q,M,False,Q56M
tr|A0A6P8S9T4|A0A6P8S9T4_GEOSA,178,56.0,Q,R,False,Q56R
tr|A0A6P8S6B0|A0A6P8S6B0_GEOSA,178,56.0,Q,M,False,Q56M
tr|A0ABM5DIL0|A0ABM5DIL0_VICPA,178,56.0,Q,W,False,Q56W
tr|A0A674IWZ5|A0A674IWZ5_9SAUR,178,56.0,Q,L,False,Q56L
tr|A0A1S3FFW0|A0A1S3FFW0_DIPOR,178,56.0,Q,E,False,Q56E
tr|A0A1S3FHJ1|A0A1S3FHJ1_DIPOR,178,56.0,Q,E,False,Q56E
tr|A0A6P3QUU2|A0A6P3QUU2_PTEVA,178,56.0,Q,R,False,Q56R
tr|A0A6P6IBH3|A0A6P6IBH3_PUMCO,178,56.0,Q,R,False,Q56R
tr|A0A8C2TQ55|A0A8C2TQ55_COTJA,178,56.0,Q,S,False,Q56S
tr|A0A663N4U8|A0A663N4U8_ATHCN,178,56.0,Q,S,False,Q56S
tr|A0A8C3UYW6|A0A8C3UYW6_CATUS,178,56.0,Q,S,False,Q56S
tr|A0A6P6I9Z9|A0A6P6I9Z9_PUMCO,178,56.0,Q,R,False,Q56R
tr|A0A6P3QXK5|A0A6P3QXK5_PTEVA,178,56.0,Q,R,False,Q56R
tr|A0A6P3RA83|A0A6P3RA83_PTEVA,178,56.0,Q,R,False,Q56R
tr|A0A6P6IA61|A0A6P6IA61_PUMCO,178,56.0,Q,R,False,Q56R
tr|A0A341CFX6|A0A341CFX6_NEOAA,178,56.0,Q,K,False,Q56K
tr|A0A341CG67|A0A341CG67_NEOAA,178,56.0,Q,K,False,Q56K
tr|A0A341CHW5|A0A341CHW5_NEOAA,178,56.0,Q,K,False,Q56K
tr|A0A8M1MQ99|A0A8M1MQ99_NEOSC,178,56.0,Q,K,False,Q56K
tr|A0A2U3WIG6|A0A2U3WIG6_ODORO,178,56.0,Q,E,False,Q56E
tr|A0A8M1MQ91|A0A8M1MQ91_NEOSC,178,56.0,Q,K,False,Q56K
tr|A0A2U3WID5|A0A2U3WID5_ODORO,178,56.0,Q,E,False,Q56E
tr|A0A2U3WID8|A0A2U3WID8_ODORO,178,56.0,Q,E,False,Q56E
tr|A0A8M1MS54|A0A8M1MS54_NEOSC,178,56.0,Q,K,False,Q56K
tr|A0ABM0GFX0|A0ABM0GFX0_SACKO,179,57.0,A,Q,False,A57Q
tr|A0ACF8DDW5|A0ACF8DDW5_ARAGI,179,57.0,A,T,False,A57T
tr|A0ACF8FNS1|A0ACF8FNS1_ARAGI,179,57.0,A,E,False,A57E
tr|A0A8C9AS53|A0A8C9AS53_PROSS,179,57.0,A,V,False,A57V
tr|A0A8C9AS63|A0A8C9AS63_PROSS,179,57.0,A,V,False,A57V
tr|T1PV61|T1PV61_GEKGE,179,57.0,A,V,False,A57V
tr|A0A8C2TQ55|A0A8C2TQ55_COTJA,179,57.0,A,L,False,A57L
tr|A0A663N4U8|A0A663N4U8_ATHCN,179,57.0,A,L,False,A57L
tr|A0A8C3UYW6|A0A8C3UYW6_CATUS,179,57.0,A,L,False,A57L
tr|A0ABM0GFX0|A0ABM0GFX0_SACKO,180,58.0,L,Q,False,L58Q
tr|A0ACF8DDW5|A0ACF8DDW5_ARAGI,180,58.0,L,F,False,L58F
tr|A0ACF8FNS1|A0ACF8FNS1_ARAGI,180,58.0,L,W,False,L58W
tr|A0A8C9AS53|A0A8C9AS53_PROSS,180,58.0,L,S,False,L58S
tr|A0A8C9AS63|A0A8C9AS63_PROSS,180,58.0,L,S,False,L58S
tr|A0A8C2TQ55|A0A8C2TQ55_COTJA,180,58.0,L,F,False,L58F
tr|A0A663N4U8|A0A663N4U8_ATHCN,180,58.0,L,F,False,L58F
tr|A0A8C3UYW6|A0A8C3UYW6_CATUS,180,58.0,L,F,False,L58F
tr|A0ACF8DDW5|A0ACF8DDW5_ARAGI,181,59.0,Q,R,False,Q59R
tr|A0ACF8FNS1|A0ACF8FNS1_ARAGI,181,59.0,Q,H,False,Q59H
tr|A0A8C9AS63|A0A8C9AS63_PROSS,181,59.0,Q,F,False,Q59F
tr|A0A8C2TQ55|A0A8C2TQ55_COTJA,181,59.0,Q,A,False,Q59A
tr|A0A663N4U8|A0A663N4U8_ATHCN,181,59.0,Q,C,False,Q59C
tr|A0A8C3UYW6|A0A8C3UYW6_CATUS,181,59.0,Q,C,False,Q59C
tr|A0ACF8DDW5|A0ACF8DDW5_ARAGI,182,60.0,A,P,False,A60P
tr|A0ACF8FNS1|A0ACF8FNS1_ARAGI,182,60.0,A,L,False,A60L
tr|A0A8C9AS63|A0A8C9AS63_PROSS,182,60.0,A,V,False,A60V
tr|A0A663N4U8|A0A663N4U8_ATHCN,182,60.0,A,F,False,A60F
tr|A0A8C3UYW6|A0A8C3UYW6_CATUS,182,60.0,A,F,False,A60F
tr|A0A8M1GWA4|A0A8M1GWA4_URSMA,182,60.0,A,M,False,A60M
tr|A0ABM0GFX0|A0ABM0GFX0_SACKO,183,61.0,A,M,False,A61M
tr|A0ACF8FNS1|A0ACF8FNS1_ARAGI,183,61.0,A,S,False,A61S
tr|A0A8C2TQ55|A0A8C2TQ55_COTJA,183,61.0,A,P,False,A61P
tr|A0A663N4U8|A0A663N4U8_ATHCN,183,61.0,A,L,False,A61L
tr|A0A8C3UYW6|A0A8C3UYW6_CATUS,183,61.0,A,L,False,A61L
tr|A0A8M1GWA4|A0A8M1GWA4_URSMA,183,61.0,A,N,False,A61N
tr|A0ABM0GFX0|A0ABM0GFX0_SACKO,184,62.0,R,Q,False,R62Q
tr|A0ACF8DDW5|A0ACF8DDW5_ARAGI,184,62.0,R,Q,False,R62Q
tr|A0A8C2TQ55|A0A8C2TQ55_COTJA,184,62.0,R,A,False,R62A
tr|A0A663N4U8|A0A663N4U8_ATHCN,184,62.0,R,F,False,R62F
tr|A0A8C3UYW6|A0A8C3UYW6_CATUS,184,62.0,R,F,False,R62F
tr|A0ACF8DDW5|A0ACF8DDW5_ARAGI,185,63.0,Q,R,False,Q63R
tr|A0ACF8FNS1|A0ACF8FNS1_ARAGI,185,63.0,Q,D,False,Q63D
tr|A0A8C2TQ55|A0A8C2TQ55_COTJA,185,63.0,Q,A,False,Q63A
tr|A0A663N4U8|A0A663N4U8_ATHCN,185,63.0,Q,V,False,Q63V
tr|A0A8C3UYW6|A0A8C3UYW6_CATUS,185,63.0,Q,V,False,Q63V
tr|A0A8M1GWA4|A0A8M1GWA4_URSMA,185,63.0,Q,R,False,Q63R
tr|A0ABM0GFX0|A0ABM0GFX0_SACKO,186,64.0,L,V,False,L64V
tr|A0ABQ9CS58|A0ABQ9CS58_9PASS,186,64.0,L,M,False,L64M
tr|A0A8J0Q7P1|A0A8J0Q7P1_XENTR,186,64.0,L,I,False,L64I
tr|A0A8J0SHD1|A0A8J0SHD1_XENTR,186,64.0,L,I,False,L64I
tr|A0A8J0SG76|A0A8J0SG76_XENTR,186,64.0,L,I,False,L64I
tr|F7DTZ3|F7DTZ3_XENTR,186,64.0,L,I,False,L64I
tr|T1PTS4|T1PTS4_PARLB,186,64.0,L,I,False,L64I
tr|A0A6P8S6V4|A0A6P8S6V4_GEOSA,186,64.0,L,I,False,L64I
tr|A0A6P8SBP1|A0A6P8SBP1_GEOSA,186,64.0,L,I,False,L64I
tr|A0A6P8S5P9|A0A6P8S5P9_GEOSA,186,64.0,L,I,False,L64I
tr|A0A6P8S5Q7|A0A6P8S5Q7_GEOSA,186,64.0,L,I,False,L64I
tr|A0A6P7YWZ4|A0A6P7YWZ4_9AMPH,186,64.0,L,I,False,L64I
tr|A0A6P7Z4T0|A0A6P7Z4T0_9AMPH,186,64.0,L,I,False,L64I
tr|A0A6P8S9S5|A0A6P8S9S5_GEOSA,186,64.0,L,I,False,L64I
tr|A0A6P8SBN6|A0A6P8SBN6_GEOSA,186,64.0,L,I,False,L64I
tr|A0A6P8S5P6|A0A6P8S5P6_GEOSA,186,64.0,L,I,False,L64I
tr|A0A6P8S9T4|A0A6P8S9T4_GEOSA,186,64.0,L,I,False,L64I
tr|A0A6P8S6B0|A0A6P8S6B0_GEOSA,186,64.0,L,I,False,L64I
tr|A0A6P8S6A3|A0A6P8S6A3_GEOSA,186,64.0,L,I,False,L64I
tr|A0A6P8S5P3|A0A6P8S5P3_GEOSA,186,64.0,L,I,False,L64I
tr|A0A6P7Z2S0|A0A6P7Z2S0_9AMPH,186,64.0,L,I,False,L64I
tr|A0A6P8S6V7|A0A6P8S6V7_GEOSA,186,64.0,L,I,False,L64I
tr|A0A6P8SBP4|A0A6P8SBP4_GEOSA,186,64.0,L,I,False,L64I
tr|A0A6P8S5Q2|A0A6P8S5Q2_GEOSA,186,64.0,L,I,False,L64I
tr|A0A6P8S9T0|A0A6P8S9T0_GEOSA,186,64.0,L,I,False,L64I
tr|A0A6I8SNY6|A0A6I8SNY6_XENTR,186,64.0,L,I,False,L64I
tr|A0A8J0SEG3|A0A8J0SEG3_XENTR,186,64.0,L,I,False,L64I
tr|A0A663N4U8|A0A663N4U8_ATHCN,186,64.0,L,F,False,L64F
tr|A0A8C3UYW6|A0A8C3UYW6_CATUS,186,64.0,L,F,False,L64F
tr|A0ACF8DDW5|A0ACF8DDW5_ARAGI,187,65.0,L,K,False,L65K
tr|A0ABQ9CS58|A0ABQ9CS58_9PASS,187,65.0,L,M,False,L65M
tr|A0A1L8GU65|A0A1L8GU65_XENLA,187,65.0,L,I,False,L65I
tr|A0A8J0UXQ2|A0A8J0UXQ2_XENLA,187,65.0,L,I,False,L65I
tr|A0A8J0Q7P1|A0A8J0Q7P1_XENTR,187,65.0,L,I,False,L65I
tr|A0A8J0SHD1|A0A8J0SHD1_XENTR,187,65.0,L,I,False,L65I
tr|A0A8J0SG76|A0A8J0SG76_XENTR,187,65.0,L,I,False,L65I
tr|F7DTZ3|F7DTZ3_XENTR,187,65.0,L,I,False,L65I
tr|A0A8J1MTY3|A0A8J1MTY3_XENLA,187,65.0,L,I,False,L65I
tr|A0A8J1MRN8|A0A8J1MRN8_XENLA,187,65.0,L,I,False,L65I
tr|A0A6I8SNY6|A0A6I8SNY6_XENTR,187,65.0,L,I,False,L65I
tr|A0A8J0SEG3|A0A8J0SEG3_XENTR,187,65.0,L,I,False,L65I
tr|A9UCM1|A9UCM1_9CHIR,187,65.0,L,I,False,L65I
tr|A0A8C2TQ55|A0A8C2TQ55_COTJA,187,65.0,L,A,False,L65A
tr|A0A663N4U8|A0A663N4U8_ATHCN,187,65.0,L,K,False,L65K
tr|A0A8C3UYW6|A0A8C3UYW6_CATUS,187,65.0,L,K,False,L65K
tr|A0A8M1GWA4|A0A8M1GWA4_URSMA,187,65.0,L,V,False,L65V
tr|A0ABM0GFX0|A0ABM0GFX0_SACKO,188,66.0,L,M,False,L66M
tr|A0ACF8DDW5|A0ACF8DDW5_ARAGI,188,66.0,L,R,False,L66R
tr|A0ABQ9CS58|A0ABQ9CS58_9PASS,188,66.0,L,E,False,L66E
tr|A0ABM0GFX0|A0ABM0GFX0_SACKO,189,67.0,Q,H,False,Q67H
tr|A0ACF8DDW5|A0ACF8DDW5_ARAGI,189,67.0,Q,H,False,Q67H
tr|A0A2I3H895|A0A2I3H895_NOMLE,189,67.0,Q,T,False,Q67T
tr|A0ABQ9CS58|A0ABQ9CS58_9PASS,189,67.0,Q,T,False,Q67T
tr|A0ABM0GFX0|A0ABM0GFX0_SACKO,190,68.0,Q,A,False,Q68A
tr|A0ACF8DDW5|A0ACF8DDW5_ARAGI,190,68.0,Q,V,False,Q68V
tr|A0A2I3H895|A0A2I3H895_NOMLE,190,68.0,Q,M,False,Q68M
tr|A0ABQ9CS58|A0ABQ9CS58_9PASS,190,68.0,Q,E,False,Q68E
tr|A0ABM0GFX0|A0ABM0GFX0_SACKO,191,69.0,Q,A,False,Q69A
tr|A0A6P8VIH1|A0A6P8VIH1_GYMAC,191,69.0,Q,P,False,Q69P
tr|A0A2I4BXB8|A0A2I4BXB8_AUSLI,191,69.0,Q,P,False,Q69P
tr|A0A2I4BXF7|A0A2I4BXF7_AUSLI,191,69.0,Q,P,False,Q69P
tr|A0A2I4BXC1|A0A2I4BXC1_AUSLI,191,69.0,Q,P,False,Q69P
tr|A0ABV1A463|A0ABV1A463_9TELE,191,69.0,Q,P,False,Q69P
tr|A0ABV0TT83|A0ABV0TT83_9TELE,191,69.0,Q,S,False,Q69S
tr|A0A6P7NA03|A0A6P7NA03_BETSP,191,69.0,Q,P,False,Q69P
tr|A0A9W2XZU5|A0A9W2XZU5_BETSP,191,69.0,Q,P,False,Q69P
tr|A0A6P7NFA4|A0A6P7NFA4_BETSP,191,69.0,Q,P,False,Q69P
tr|A0A9W2XZJ7|A0A9W2XZJ7_BETSP,191,69.0,Q,P,False,Q69P
tr|A0A6P7NA07|A0A6P7NA07_BETSP,191,69.0,Q,P,False,Q69P
tr|A0A6J2S884|A0A6J2S884_COTGO,191,69.0,Q,P,False,Q69P
tr|A0A6P7I2Q9|A0A6P7I2Q9_9TELE,191,69.0,Q,P,False,Q69P
tr|A0A6P7HWN0|A0A6P7HWN0_9TELE,191,69.0,Q,P,False,Q69P
tr|A0A9Y6LYW8|A0A9Y6LYW8_9CICH,191,69.0,Q,P,False,Q69P
tr|A0A9Y3R1R7|A0A9Y3R1R7_9CICH,191,69.0,Q,P,False,Q69P
tr|A0AC36JJL6|A0AC36JJL6_9CICH,191,69.0,Q,P,False,Q69P
tr|A0ACF8DDW5|A0ACF8DDW5_ARAGI,191,69.0,Q,P,False,Q69P
tr|A0A8U0R0X1|A0A8U0R0X1_SALNM,191,69.0,Q,P,False,Q69P
tr|A0A6J2V217|A0A6J2V217_CHACN,191,69.0,Q,P,False,Q69P
tr|A0A6J2V3N9|A0A6J2V3N9_CHACN,191,69.0,Q,P,False,Q69P
tr|A0A6P8GSV4|A0A6P8GSV4_CLUHA,191,69.0,Q,S,False,Q69S
tr|A0A979FEC0|A0A979FEC0_ICTPU,191,69.0,Q,P,False,Q69P
tr|A0A979FF91|A0A979FF91_ICTPU,191,69.0,Q,P,False,Q69P
tr|A0A979FED5|A0A979FED5_ICTPU,191,69.0,Q,P,False,Q69P
tr|A0A979FDQ7|A0A979FDQ7_ICTPU,191,69.0,Q,P,False,Q69P
tr|A0A979FDP4|A0A979FDP4_ICTPU,191,69.0,Q,P,False,Q69P
tr|A0AC58J6Q9|A0AC58J6Q9_DANRE,191,69.0,Q,P,False,Q69P
tr|A0AC58J6Q2|A0AC58J6Q2_DANRE,191,69.0,Q,P,False,Q69P
tr|A0AB32TNW7|A0AB32TNW7_DANRE,191,69.0,Q,P,False,Q69P
tr|A0AC58J6R3|A0AC58J6R3_DANRE,191,69.0,Q,P,False,Q69P
tr|A0ACM8Q842|A0ACM8Q842_DANRE,191,69.0,Q,P,False,Q69P
tr|A0AB32TSB5|A0AB32TSB5_DANRE,191,69.0,Q,P,False,Q69P
tr|A0AB32TQV9|A0AB32TQV9_DANRE,191,69.0,Q,P,False,Q69P
tr|A0AB32TLD3|A0AB32TLD3_DANRE,191,69.0,Q,P,False,Q69P
tr|A0A6J2V203|A0A6J2V203_CHACN,191,69.0,Q,P,False,Q69P
tr|A0A2I3H895|A0A2I3H895_NOMLE,191,69.0,Q,R,False,Q69R
tr|A0ABQ9CS58|A0ABQ9CS58_9PASS,191,69.0,Q,L,False,Q69L
tr|A0A6P8VIH1|A0A6P8VIH1_GYMAC,192,70.0,T,G,False,T70G
tr|A0A2I4BXB8|A0A2I4BXB8_AUSLI,192,70.0,T,G,False,T70G
tr|A0A2I4BXF7|A0A2I4BXF7_AUSLI,192,70.0,T,G,False,T70G
tr|A0A2I4BXC1|A0A2I4BXC1_AUSLI,192,70.0,T,G,False,T70G
tr|A0ABV1A463|A0ABV1A463_9TELE,192,70.0,T,G,False,T70G
tr|A0ABV0TT83|A0ABV0TT83_9TELE,192,70.0,T,G,False,T70G
tr|A0A6P7NA03|A0A6P7NA03_BETSP,192,70.0,T,G,False,T70G
tr|A0A9W2XZU5|A0A9W2XZU5_BETSP,192,70.0,T,G,False,T70G
tr|A0A6P7NFA4|A0A6P7NFA4_BETSP,192,70.0,T,G,False,T70G
tr|A0A9W2XZJ7|A0A9W2XZJ7_BETSP,192,70.0,T,G,False,T70G
tr|A0A6P7NA07|A0A6P7NA07_BETSP,192,70.0,T,G,False,T70G
tr|A0A6J2S884|A0A6J2S884_COTGO,192,70.0,T,G,False,T70G
tr|A0A6P7I2Q9|A0A6P7I2Q9_9TELE,192,70.0,T,G,False,T70G
tr|A0A6P7HWN0|A0A6P7HWN0_9TELE,192,70.0,T,G,False,T70G
tr|A0A9Y6LYW8|A0A9Y6LYW8_9CICH,192,70.0,T,G,False,T70G
tr|A0A9Y3R1R7|A0A9Y3R1R7_9CICH,192,70.0,T,G,False,T70G
tr|A0AC36JJL6|A0AC36JJL6_9CICH,192,70.0,T,G,False,T70G
tr|A0A8U0R0X1|A0A8U0R0X1_SALNM,192,70.0,T,G,False,T70G
tr|A0A6J2V217|A0A6J2V217_CHACN,192,70.0,T,G,False,T70G
tr|A0A6J2V3N9|A0A6J2V3N9_CHACN,192,70.0,T,G,False,T70G
tr|A0A6P8GSV4|A0A6P8GSV4_CLUHA,192,70.0,T,G,False,T70G
tr|A0A979FEC0|A0A979FEC0_ICTPU,192,70.0,T,G,False,T70G
tr|A0A979FF91|A0A979FF91_ICTPU,192,70.0,T,G,False,T70G
tr|A0A979FED5|A0A979FED5_ICTPU,192,70.0,T,G,False,T70G
tr|A0A979FDQ7|A0A979FDQ7_ICTPU,192,70.0,T,G,False,T70G
tr|A0A979FDP4|A0A979FDP4_ICTPU,192,70.0,T,G,False,T70G
tr|A0AC58J6Q9|A0AC58J6Q9_DANRE,192,70.0,T,G,False,T70G
tr|A0AC58J6Q2|A0AC58J6Q2_DANRE,192,70.0,T,G,False,T70G
tr|A0AB32TNW7|A0AB32TNW7_DANRE,192,70.0,T,G,False,T70G
tr|A0AC58J6R3|A0AC58J6R3_DANRE,192,70.0,T,G,False,T70G
tr|A0ACM8Q842|A0ACM8Q842_DANRE,192,70.0,T,G,False,T70G
tr|A0AB32TSB5|A0AB32TSB5_DANRE,192,70.0,T,G,False,T70G
tr|A0AB32TQV9|A0AB32TQV9_DANRE,192,70.0,T,G,False,T70G
tr|A0AB32TLD3|A0AB32TLD3_DANRE,192,70.0,T,G,False,T70G
tr|A0A6J2V203|A0A6J2V203_CHACN,192,70.0,T,G,False,T70G
tr|A0AAD8DBY4|A0AAD8DBY4_ACIOX,192,70.0,T,S,False,T70S
tr|A0AAD8DJ01|A0AAD8DJ01_ACIOX,192,70.0,T,S,False,T70S
tr|A0A2I3H895|A0A2I3H895_NOMLE,192,70.0,T,E,False,T70E
tr|A0ABQ9CS58|A0ABQ9CS58_9PASS,192,70.0,T,E,False,T70E
tr|T1PTS4|T1PTS4_PARLB,192,70.0,T,S,False,T70S
tr|A0A2I4BXB8|A0A2I4BXB8_AUSLI,193,71.0,S,C,False,S71C
tr|A0A2I4BXF7|A0A2I4BXF7_AUSLI,193,71.0,S,C,False,S71C
tr|A0A2I4BXC1|A0A2I4BXC1_AUSLI,193,71.0,S,C,False,S71C
tr|A0ACF8FNS1|A0ACF8FNS1_ARAGI,193,71.0,S,P,False,S71P
tr|A0A6J2V217|A0A6J2V217_CHACN,193,71.0,S,T,False,S71T
tr|A0A6J2V3N9|A0A6J2V3N9_CHACN,193,71.0,S,T,False,S71T
tr|A0A6J2V203|A0A6J2V203_CHACN,193,71.0,S,T,False,S71T
tr|A0A2I3H895|A0A2I3H895_NOMLE,193,71.0,S,E,False,S71E
tr|A0ABQ9CS58|A0ABQ9CS58_9PASS,193,71.0,S,T,False,S71T
tr|A0A6P8S6V4|A0A6P8S6V4_GEOSA,193,71.0,S,G,False,S71G
tr|A0A6P8SBP1|A0A6P8SBP1_GEOSA,193,71.0,S,G,False,S71G
tr|A0A6P8S5P9|A0A6P8S5P9_GEOSA,193,71.0,S,G,False,S71G
tr|A0A6P8S5Q7|A0A6P8S5Q7_GEOSA,193,71.0,S,G,False,S71G
tr|A0A6P7YWZ4|A0A6P7YWZ4_9AMPH,193,71.0,S,G,False,S71G
tr|A0A6P7Z4T0|A0A6P7Z4T0_9AMPH,193,71.0,S,G,False,S71G
tr|A0A6P8S9S5|A0A6P8S9S5_GEOSA,193,71.0,S,G,False,S71G
tr|A0A6P8SBN6|A0A6P8SBN6_GEOSA,193,71.0,S,G,False,S71G
tr|A0A6P8S5P6|A0A6P8S5P6_GEOSA,193,71.0,S,G,False,S71G
tr|A0A6P8S9T4|A0A6P8S9T4_GEOSA,193,71.0,S,G,False,S71G
tr|A0A6P8S6B0|A0A6P8S6B0_GEOSA,193,71.0,S,G,False,S71G
tr|A0A6P8S6A3|A0A6P8S6A3_GEOSA,193,71.0,S,G,False,S71G
tr|A0A6P8S5P3|A0A6P8S5P3_GEOSA,193,71.0,S,G,False,S71G
tr|A0AC55CZE9|A0AC55CZE9_ECHTE,193,71.0,S,G,False,S71G
tr|A0A6P7Z2S0|A0A6P7Z2S0_9AMPH,193,71.0,S,G,False,S71G
tr|A0A6P8S6V7|A0A6P8S6V7_GEOSA,193,71.0,S,G,False,S71G
tr|A0A6P8SBP4|A0A6P8SBP4_GEOSA,193,71.0,S,G,False,S71G
tr|A0A6P8S5Q2|A0A6P8S5Q2_GEOSA,193,71.0,S,G,False,S71G
tr|A0A6P8S9T0|A0A6P8S9T0_GEOSA,193,71.0,S,G,False,S71G
tr|A9UCN4|A9UCN4_TAPME,193,71.0,S,G,False,S71G
tr|A0ACF8FNS1|A0ACF8FNS1_ARAGI,194,72.0,G,S,False,G72S
tr|A0A2I3H895|A0A2I3H895_NOMLE,194,72.0,G,K,False,G72K
tr|A0ABQ9CS58|A0ABQ9CS58_9PASS,194,72.0,G,S,False,G72S
tr|A0ACF8FNS1|A0ACF8FNS1_ARAGI,195,73.0,L,T,False,L73T
tr|A0A2I3H895|A0A2I3H895_NOMLE,195,73.0,L,R,False,L73R
tr|A0A6P8S6V4|A0A6P8S6V4_GEOSA,195,73.0,L,I,False,L73I
tr|A0A6P8SBP1|A0A6P8SBP1_GEOSA,195,73.0,L,I,False,L73I
tr|A0A6P8S5P9|A0A6P8S5P9_GEOSA,195,73.0,L,I,False,L73I
tr|A0A6P8S5Q7|A0A6P8S5Q7_GEOSA,195,73.0,L,I,False,L73I
tr|A0A6P7YWZ4|A0A6P7YWZ4_9AMPH,195,73.0,L,I,False,L73I
tr|A0A6P7Z4T0|A0A6P7Z4T0_9AMPH,195,73.0,L,I,False,L73I
tr|A0A6P8S9S5|A0A6P8S9S5_GEOSA,195,73.0,L,I,False,L73I
tr|A0A6P8SBN6|A0A6P8SBN6_GEOSA,195,73.0,L,I,False,L73I
tr|A0A6P8S5P6|A0A6P8S5P6_GEOSA,195,73.0,L,I,False,L73I
tr|A0A6P8S9T4|A0A6P8S9T4_GEOSA,195,73.0,L,I,False,L73I
tr|A0A6P8S6B0|A0A6P8S6B0_GEOSA,195,73.0,L,I,False,L73I
tr|A0A6P8S6A3|A0A6P8S6A3_GEOSA,195,73.0,L,I,False,L73I
tr|A0A6P8S5P3|A0A6P8S5P3_GEOSA,195,73.0,L,I,False,L73I
tr|A0A6P7Z2S0|A0A6P7Z2S0_9AMPH,195,73.0,L,I,False,L73I
tr|A0A6P8S6V7|A0A6P8S6V7_GEOSA,195,73.0,L,I,False,L73I
tr|A0A6P8SBP4|A0A6P8SBP4_GEOSA,195,73.0,L,I,False,L73I
tr|A0A6P8S5Q2|A0A6P8S5Q2_GEOSA,195,73.0,L,I,False,L73I
tr|A0A6P8S9T0|A0A6P8S9T0_GEOSA,195,73.0,L,I,False,L73I
tr|A0ACF8FNS1|A0ACF8FNS1_ARAGI,196,74.0,K,R,False,K74R
tr|A0ABQ9CS58|A0ABQ9CS58_9PASS,196,74.0,K,H,False,K74H
tr|A0ACF8FNS1|A0ACF8FNS1_ARAGI,197,75.0,S,R,False,S75R
tr|A0A2I3H895|A0A2I3H895_NOMLE,197,75.0,S,C,False,S75C
tr|A0ABQ9CS58|A0ABQ9CS58_9PASS,197,75.0,S,C,False,S75C
tr|A0A452FUL3|A0A452FUL3_CAPHI,197,75.0,S,M,False,S75M
tr|A0A8C2TQ55|A0A8C2TQ55_COTJA,197,75.0,S,R,False,S75R
tr|A0A663N4U8|A0A663N4U8_ATHCN,197,75.0,S,Q,False,S75Q
tr|A0A8C3UYW6|A0A8C3UYW6_CATUS,197,75.0,S,Q,False,S75Q
tr|A0A9F7RNW9|A0A9F7RNW9_ICTPU,198,76.0,P,M,False,P76M
tr|A0A2I3H895|A0A2I3H895_NOMLE,198,76.0,P,V,False,P76V
tr|A0ABQ9CS58|A0ABQ9CS58_9PASS,198,76.0,P,I,False,P76I
tr|A0A452FUL3|A0A452FUL3_CAPHI,198,76.0,P,T,False,P76T
tr|A0A663N4U8|A0A663N4U8_ATHCN,198,76.0,P,I,False,P76I
tr|A0A8C3UYW6|A0A8C3UYW6_CATUS,198,76.0,P,I,False,P76I
tr|A0A8M1GWA4|A0A8M1GWA4_URSMA,198,76.0,P,V,False,P76V
tr|A0ACF8FNS1|A0ACF8FNS1_ARAGI,199,77.0,K,R,False,K77R
tr|A0A9F7RNW9|A0A9F7RNW9_ICTPU,199,77.0,K,E,False,K77E
tr|A0A2I3H895|A0A2I3H895_NOMLE,199,77.0,K,S,False,K77S
tr|A0A452FUL3|A0A452FUL3_CAPHI,199,77.0,K,R,False,K77R
tr|A0A8C2TQ55|A0A8C2TQ55_COTJA,199,77.0,K,R,False,K77R
tr|A0A8M1GWA4|A0A8M1GWA4_URSMA,199,77.0,K,T,False,K77T
tr|A0ABM0GFX0|A0ABM0GFX0_SACKO,200,78.0,S,T,False,S78T
tr|A9UCM2|A9UCM2_CYNSP,200,78.0,S,G,False,S78G
tr|A0A8U0R0X1|A0A8U0R0X1_SALNM,200,78.0,S,N,False,S78N
tr|A0A6J2V217|A0A6J2V217_CHACN,200,78.0,S,N,False,S78N
tr|A0A6J2V3N9|A0A6J2V3N9_CHACN,200,78.0,S,N,False,S78N
tr|A0A6P8GSV4|A0A6P8GSV4_CLUHA,200,78.0,S,N,False,S78N
tr|A0A979FEC0|A0A979FEC0_ICTPU,200,78.0,S,N,False,S78N
tr|A0A979FF91|A0A979FF91_ICTPU,200,78.0,S,N,False,S78N
tr|A0A979FED5|A0A979FED5_ICTPU,200,78.0,S,N,False,S78N
tr|A0A9F7RNW9|A0A9F7RNW9_ICTPU,200,78.0,S,D,False,S78D
tr|A0A979FDQ7|A0A979FDQ7_ICTPU,200,78.0,S,N,False,S78N
tr|A0A979FDP4|A0A979FDP4_ICTPU,200,78.0,S,N,False,S78N
tr|A0AC58J6Q9|A0AC58J6Q9_DANRE,200,78.0,S,N,False,S78N
tr|A0AC58J6Q2|A0AC58J6Q2_DANRE,200,78.0,S,N,False,S78N
tr|A0AB32TNW7|A0AB32TNW7_DANRE,200,78.0,S,N,False,S78N
tr|A0AC58J6R3|A0AC58J6R3_DANRE,200,78.0,S,N,False,S78N
tr|A0ACM8Q842|A0ACM8Q842_DANRE,200,78.0,S,N,False,S78N
tr|A0AB32TSB5|A0AB32TSB5_DANRE,200,78.0,S,N,False,S78N
tr|A0AB32TQV9|A0AB32TQV9_DANRE,200,78.0,S,N,False,S78N
tr|A0AB32TLD3|A0AB32TLD3_DANRE,200,78.0,S,N,False,S78N
tr|A0A6J2V203|A0A6J2V203_CHACN,200,78.0,S,N,False,S78N
tr|A0A6I9HI92|A0A6I9HI92_GEOFO,200,78.0,S,G,False,S78G
tr|A0A8C2TN39|A0A8C2TN39_COTJA,200,78.0,S,G,False,S78G
tr|A0A8C2TN55|A0A8C2TN55_COTJA,200,78.0,S,G,False,S78G
tr|A0A1V4J975|A0A1V4J975_PATFA,200,78.0,S,G,False,S78G
tr|A0A803VRI8|A0A803VRI8_FICAL,200,78.0,S,G,False,S78G
tr|A0A803VX31|A0A803VX31_FICAL,200,78.0,S,G,False,S78G
tr|A0A663N514|A0A663N514_ATHCN,200,78.0,S,G,False,S78G
tr|A0A8C3UXT3|A0A8C3UXT3_CATUS,200,78.0,S,G,False,S78G
tr|A0A2I3H895|A0A2I3H895_NOMLE,200,78.0,S,L,False,S78L
tr|A0A8J1MHG6|A0A8J1MHG6_XENLA,200,78.0,S,N,False,S78N
tr|A0A1L8GYY0|A0A1L8GYY0_XENLA,200,78.0,S,N,False,S78N
tr|A0A8J1MIF2|A0A8J1MIF2_XENLA,200,78.0,S,N,False,S78N
tr|A0A8J1MHG1|A0A8J1MHG1_XENLA,200,78.0,S,N,False,S78N
tr|T1PTS4|T1PTS4_PARLB,200,78.0,S,G,False,S78G
tr|A0A6P8S6V4|A0A6P8S6V4_GEOSA,200,78.0,S,G,False,S78G
tr|A0A6P8SBP1|A0A6P8SBP1_GEOSA,200,78.0,S,G,False,S78G
tr|A0A6P8S5P9|A0A6P8S5P9_GEOSA,200,78.0,S,G,False,S78G
tr|A0A6P8S5Q7|A0A6P8S5Q7_GEOSA,200,78.0,S,G,False,S78G
tr|A0A6P7YWZ4|A0A6P7YWZ4_9AMPH,200,78.0,S,G,False,S78G
tr|A0A6P7Z4T0|A0A6P7Z4T0_9AMPH,200,78.0,S,G,False,S78G
tr|A0A6P8S9S5|A0A6P8S9S5_GEOSA,200,78.0,S,G,False,S78G
tr|A0A6P8SBN6|A0A6P8SBN6_GEOSA,200,78.0,S,G,False,S78G
tr|A0A6P8S5P6|A0A6P8S5P6_GEOSA,200,78.0,S,G,False,S78G
tr|A0A6P8S9T4|A0A6P8S9T4_GEOSA,200,78.0,S,G,False,S78G
tr|A0A6P8S6B0|A0A6P8S6B0_GEOSA,200,78.0,S,G,False,S78G
tr|A0A6P8S6A3|A0A6P8S6A3_GEOSA,200,78.0,S,G,False,S78G
tr|A0A6P8S5P3|A0A6P8S5P3_GEOSA,200,78.0,S,G,False,S78G
tr|A0ABM3XUF2|A0ABM3XUF2_ERIEU,200,78.0,S,N,False,S78N
tr|A0ABM3XUF5|A0ABM3XUF5_ERIEU,200,78.0,S,N,False,S78N
tr|A0ABM3XUF6|A0ABM3XUF6_ERIEU,200,78.0,S,N,False,S78N
tr|A0A803WA84|A0A803WA84_FICAL,200,78.0,S,G,False,S78G
tr|A0A803VVV3|A0A803VVV3_FICAL,200,78.0,S,G,False,S78G
tr|A0A8C3V2Y9|A0A8C3V2Y9_CATUS,200,78.0,S,G,False,S78G
tr|A0A452FUL3|A0A452FUL3_CAPHI,200,78.0,S,Q,False,S78Q
tr|A0ABM3XUD6|A0ABM3XUD6_ERIEU,200,78.0,S,N,False,S78N
tr|A0ABM3XUE3|A0ABM3XUE3_ERIEU,200,78.0,S,N,False,S78N
tr|A0A6I8ND77|A0A6I8ND77_ORNAN,200,78.0,S,G,False,S78G
tr|A0A663N1N8|A0A663N1N8_ATHCN,200,78.0,S,G,False,S78G
tr|A0A803YMJ4|A0A803YMJ4_MELGA,200,78.0,S,G,False,S78G
tr|A0A663N2Y4|A0A663N2Y4_ATHCN,200,78.0,S,G,False,S78G
tr|A0A6J2G5V7|A0A6J2G5V7_9PASS,200,78.0,S,G,False,S78G
tr|A0A803VEU5|A0A803VEU5_FICAL,200,78.0,S,G,False,S78G
tr|Q6QBA5|Q6QBA5_TAEGU,200,78.0,S,G,False,S78G
tr|A0A8C6ZYM5|A0A8C6ZYM5_NOTPE,200,78.0,S,G,False,S78G
tr|A0A674IWZ5|A0A674IWZ5_9SAUR,200,78.0,S,G,False,S78G
tr|A0A8C5F2F1|A0A8C5F2F1_9SAUR,200,78.0,S,G,False,S78G
tr|A0A663N1N3|A0A663N1N3_ATHCN,200,78.0,S,G,False,S78G
tr|A0A8C2TN37|A0A8C2TN37_COTJA,200,78.0,S,G,False,S78G
tr|A0A8V0X5B4|A0A8V0X5B4_CHICK,200,78.0,S,G,False,S78G
tr|A0A6J0HH27|A0A6J0HH27_9PASS,200,78.0,S,G,False,S78G
tr|A0A674ISI7|A0A674ISI7_9SAUR,200,78.0,S,G,False,S78G
tr|A0A6J0HH90|A0A6J0HH90_9PASS,200,78.0,S,G,False,S78G
tr|G3X2N2|G3X2N2_SARHA,200,78.0,S,G,False,S78G
tr|A0A663N4T8|A0A663N4T8_ATHCN,200,78.0,S,G,False,S78G
tr|A0A663N503|A0A663N503_ATHCN,200,78.0,S,G,False,S78G
tr|A0A8C3UTJ3|A0A8C3UTJ3_CATUS,200,78.0,S,G,False,S78G
tr|A0A6P7Z2S0|A0A6P7Z2S0_9AMPH,200,78.0,S,G,False,S78G
tr|A0A6P8S6V7|A0A6P8S6V7_GEOSA,200,78.0,S,G,False,S78G
tr|A0A6P8SBP4|A0A6P8SBP4_GEOSA,200,78.0,S,G,False,S78G
tr|A0A6P8S5Q2|A0A6P8S5Q2_GEOSA,200,78.0,S,G,False,S78G
tr|A0A6P8S9T0|A0A6P8S9T0_GEOSA,200,78.0,S,G,False,S78G
tr|A0A8C6XFH2|A0A8C6XFH2_NAJNA,200,78.0,S,N,False,S78N
tr|T1PV61|T1PV61_GEKGE,200,78.0,S,N,False,S78N
tr|A0A8V0XB05|A0A8V0XB05_CHICK,200,78.0,S,G,False,S78G
tr|H0Z4Q2|H0Z4Q2_TAEGU,200,78.0,S,G,False,S78G
tr|Q6QBA4|Q6QBA4_TAEGU,200,78.0,S,G,False,S78G
tr|A0A8V0X2A9|A0A8V0X2A9_CHICK,200,78.0,S,G,False,S78G
tr|G8HZI0|G8HZI0_CHICK,200,78.0,S,G,False,S78G
tr|G8HZI1|G8HZI1_CHICK,200,78.0,S,G,False,S78G
tr|A0A803YR11|A0A803YR11_MELGA,200,78.0,S,G,False,S78G
sp|Q4VYS1|FOXP2_XENLA,200,78.0,S,N,False,S78N
tr|A0A8J1MI35|A0A8J1MI35_XENLA,200,78.0,S,N,False,S78N
tr|A0A9F5IS39|A0A9F5IS39_PYTBI,200,78.0,S,N,False,S78N
tr|V6F812|V6F812_LATCH,200,78.0,S,G,False,S78G
tr|T1PTW0|T1PTW0_9SAUR,200,78.0,S,N,False,S78N
tr|A0A803V983|A0A803V983_FICAL,200,78.0,S,G,False,S78G
tr|A0A218V5A9|A0A218V5A9_9PASE,200,78.0,S,G,False,S78G
tr|A0ABM4G1M1|A0ABM4G1M1_9AVES,200,78.0,S,G,False,S78G
tr|A0ABM5GG36|A0ABM5GG36_9SAUR,200,78.0,S,N,False,S78N
tr|A0A8C2TQ46|A0A8C2TQ46_COTJA,200,78.0,S,G,False,S78G
tr|A0A8V0XB36|A0A8V0XB36_CHICK,200,78.0,S,G,False,S78G
tr|A0A663N507|A0A663N507_ATHCN,200,78.0,S,G,False,S78G
tr|A0A663N1P3|A0A663N1P3_ATHCN,200,78.0,S,G,False,S78G
tr|A0A6J3EI75|A0A6J3EI75_AYTFU,200,78.0,S,G,False,S78G
tr|A0A803V0S5|A0A803V0S5_FICAL,200,78.0,S,G,False,S78G
tr|A0A8C3V1M9|A0A8C3V1M9_CATUS,200,78.0,S,G,False,S78G
tr|A0A8C2TQ55|A0A8C2TQ55_COTJA,200,78.0,S,L,False,S78L
tr|A0A663N4U8|A0A663N4U8_ATHCN,200,78.0,S,G,False,S78G
tr|A0A8C3UYW6|A0A8C3UYW6_CATUS,200,78.0,S,G,False,S78G
tr|A0A1V4JAD2|A0A1V4JAD2_PATFA,200,78.0,S,G,False,S78G
tr|A0A670Z5Y1|A0A670Z5Y1_PSETE,200,78.0,S,N,False,S78N
tr|A0A670Z823|A0A670Z823_PSETE,200,78.0,S,N,False,S78N
tr|A0A6J1U1T0|A0A6J1U1T0_9SAUR,200,78.0,S,N,False,S78N
tr|A0ABM1JYM0|A0ABM1JYM0_GEKJA,200,78.0,S,N,False,S78N
tr|A0A3Q0H2H6|A0A3Q0H2H6_ALLSI,200,78.0,S,G,False,S78G
tr|A0A8M1GWA4|A0A8M1GWA4_URSMA,200,78.0,S,A,False,S78A
tr|A0A1S2ZA35|A0A1S2ZA35_ERIEU,200,78.0,S,N,False,S78N
tr|A0ABM3XUG2|A0ABM3XUG2_ERIEU,200,78.0,S,N,False,S78N
tr|A0A6P5K4P6|A0A6P5K4P6_PHACI,200,78.0,S,G,False,S78G
tr|A0A9F2NWE2|A0A9F2NWE2_PYTBI,200,78.0,S,N,False,S78N
tr|K7G4L3|K7G4L3_PELSI,200,78.0,S,G,False,S78G
tr|A0A7M4ESK2|A0A7M4ESK2_CROPO,200,78.0,S,G,False,S78G
tr|A0A8C0GSH0|A0A8C0GSH0_CHEAB,200,78.0,S,G,False,S78G
tr|A0A8T1SIB8|A0A8T1SIB8_CHESE,200,78.0,S,G,False,S78G
tr|A9UCN6|A9UCN6_TRASC,200,78.0,S,G,False,S78G
tr|A0A5F8GPP1|A0A5F8GPP1_MONDO,200,78.0,S,G,False,S78G
tr|A0A8C4YPR3|A0A8C4YPR3_9SAUR,200,78.0,S,G,False,S78G
tr|A0A674IUJ3|A0A674IUJ3_9SAUR,200,78.0,S,G,False,S78G
tr|A0A8V0X8C6|A0A8V0X8C6_CHICK,200,78.0,S,G,False,S78G
tr|G8HZH9|G8HZH9_CHICK,200,78.0,S,G,False,S78G
tr|Q6TKS2|Q6TKS2_TAEGU,200,78.0,S,G,False,S78G
tr|A0A8C6NFR5|A0A8C6NFR5_MELUD,200,78.0,S,G,False,S78G
tr|Q6S511|Q6S511_MELUD,200,78.0,S,G,False,S78G
tr|G8HZH8|G8HZH8_CHICK,200,78.0,S,G,False,S78G
tr|A0A8V0XB47|A0A8V0XB47_CHICK,200,78.0,S,G,False,S78G
tr|A0ABM4G1D2|A0ABM4G1D2_9AVES,200,78.0,S,G,False,S78G
tr|A0ABM0GFX0|A0ABM0GFX0_SACKO,201,79.0,S,P,False,S79P
tr|A0A6P8VIH1|A0A6P8VIH1_GYMAC,201,79.0,S,Q,False,S79Q
tr|A0A2I4BXB8|A0A2I4BXB8_AUSLI,201,79.0,S,Q,False,S79Q
tr|A0A2I4BXF7|A0A2I4BXF7_AUSLI,201,79.0,S,Q,False,S79Q
tr|A0A2I4BXC1|A0A2I4BXC1_AUSLI,201,79.0,S,Q,False,S79Q
tr|A0ABV1A463|A0ABV1A463_9TELE,201,79.0,S,Q,False,S79Q
tr|A0ABV0TT83|A0ABV0TT83_9TELE,201,79.0,S,Q,False,S79Q
tr|A0A6P7NA03|A0A6P7NA03_BETSP,201,79.0,S,Q,False,S79Q
tr|A0A9W2XZU5|A0A9W2XZU5_BETSP,201,79.0,S,Q,False,S79Q
tr|A0A6P7NFA4|A0A6P7NFA4_BETSP,201,79.0,S,Q,False,S79Q
tr|A0A9W2XZJ7|A0A9W2XZJ7_BETSP,201,79.0,S,Q,False,S79Q
tr|A0A6P7NA07|A0A6P7NA07_BETSP,201,79.0,S,Q,False,S79Q
tr|A0A6J2S884|A0A6J2S884_COTGO,201,79.0,S,Q,False,S79Q
tr|A0A6P7I2Q9|A0A6P7I2Q9_9TELE,201,79.0,S,Q,False,S79Q
tr|A0A6P7HWN0|A0A6P7HWN0_9TELE,201,79.0,S,Q,False,S79Q
tr|A0A9Y6LYW8|A0A9Y6LYW8_9CICH,201,79.0,S,Q,False,S79Q
tr|A0A9Y3R1R7|A0A9Y3R1R7_9CICH,201,79.0,S,Q,False,S79Q
tr|A0AC36JJL6|A0AC36JJL6_9CICH,201,79.0,S,Q,False,S79Q
tr|A0ACF8FNS1|A0ACF8FNS1_ARAGI,201,79.0,S,P,False,S79P
tr|A0A8U0R0X1|A0A8U0R0X1_SALNM,201,79.0,S,N,False,S79N
tr|A0A6J2V217|A0A6J2V217_CHACN,201,79.0,S,N,False,S79N
tr|A0A6J2V3N9|A0A6J2V3N9_CHACN,201,79.0,S,N,False,S79N
tr|A0A6P8GSV4|A0A6P8GSV4_CLUHA,201,79.0,S,N,False,S79N
tr|A0A979FEC0|A0A979FEC0_ICTPU,201,79.0,S,N,False,S79N
tr|A0A979FF91|A0A979FF91_ICTPU,201,79.0,S,N,False,S79N
tr|A0A979FED5|A0A979FED5_ICTPU,201,79.0,S,N,False,S79N
tr|A0A9F7RNW9|A0A9F7RNW9_ICTPU,201,79.0,S,F,False,S79F
tr|A0A979FDQ7|A0A979FDQ7_ICTPU,201,79.0,S,N,False,S79N
tr|A0A979FDP4|A0A979FDP4_ICTPU,201,79.0,S,N,False,S79N
tr|A0AC58J6Q9|A0AC58J6Q9_DANRE,201,79.0,S,N,False,S79N
tr|A0AC58J6Q2|A0AC58J6Q2_DANRE,201,79.0,S,N,False,S79N
tr|A0AB32TNW7|A0AB32TNW7_DANRE,201,79.0,S,N,False,S79N
tr|A0AC58J6R3|A0AC58J6R3_DANRE,201,79.0,S,N,False,S79N
tr|A0ACM8Q842|A0ACM8Q842_DANRE,201,79.0,S,N,False,S79N
tr|A0AB32TSB5|A0AB32TSB5_DANRE,201,79.0,S,N,False,S79N
tr|A0AB32TQV9|A0AB32TQV9_DANRE,201,79.0,S,N,False,S79N
tr|A0AB32TLD3|A0AB32TLD3_DANRE,201,79.0,S,N,False,S79N
tr|A0A6J2V203|A0A6J2V203_CHACN,201,79.0,S,N,False,S79N
tr|A0AAD8DBY4|A0AAD8DBY4_ACIOX,201,79.0,S,N,False,S79N
tr|A0AAD8DJ01|A0AAD8DJ01_ACIOX,201,79.0,S,N,False,S79N
tr|A0A8C2TN39|A0A8C2TN39_COTJA,201,79.0,S,T,False,S79T
tr|A0A8C2TN55|A0A8C2TN55_COTJA,201,79.0,S,T,False,S79T
tr|A0A8C5M8V1|A0A8C5M8V1_9ANUR,201,79.0,S,N,False,S79N
tr|A0A2I3H895|A0A2I3H895_NOMLE,201,79.0,S,K,False,S79K
tr|A0A1L8GU65|A0A1L8GU65_XENLA,201,79.0,S,N,False,S79N
tr|A0A8J0UXQ2|A0A8J0UXQ2_XENLA,201,79.0,S,N,False,S79N
tr|A0A8J1MHG6|A0A8J1MHG6_XENLA,201,79.0,S,N,False,S79N
tr|A0A1L8GYY0|A0A1L8GYY0_XENLA,201,79.0,S,N,False,S79N
tr|A0A8J1MIF2|A0A8J1MIF2_XENLA,201,79.0,S,N,False,S79N
tr|A0A8J1MHG1|A0A8J1MHG1_XENLA,201,79.0,S,N,False,S79N
tr|A0A8J0Q7P1|A0A8J0Q7P1_XENTR,201,79.0,S,N,False,S79N
tr|A0A8J0SHD1|A0A8J0SHD1_XENTR,201,79.0,S,N,False,S79N
tr|A0A8J0SG76|A0A8J0SG76_XENTR,201,79.0,S,N,False,S79N
tr|F7DTZ3|F7DTZ3_XENTR,201,79.0,S,N,False,S79N
tr|T1PTS4|T1PTS4_PARLB,201,79.0,S,N,False,S79N
tr|A0ABM4P5F2|A0ABM4P5F2_EQUPR,201,79.0,S,G,False,S79G
tr|A0ABM4P5F1|A0ABM4P5F1_EQUPR,201,79.0,S,G,False,S79G
tr|A0ABM4P5E8|A0ABM4P5E8_EQUPR,201,79.0,S,G,False,S79G
tr|A0ABM4P5E6|A0ABM4P5E6_EQUPR,201,79.0,S,G,False,S79G
tr|A0A9L0J3G1|A0A9L0J3G1_EQUAS,201,79.0,S,G,False,S79G
tr|A0ABM4P5D8|A0ABM4P5D8_EQUPR,201,79.0,S,G,False,S79G
tr|A0ABM4P5E0|A0ABM4P5E0_EQUPR,201,79.0,S,G,False,S79G
tr|A0ABM4P5C9|A0ABM4P5C9_EQUPR,201,79.0,S,G,False,S79G
tr|A0ABM4P5D1|A0ABM4P5D1_EQUPR,201,79.0,S,G,False,S79G
tr|A0A6P6DL68|A0A6P6DL68_OCTDE,201,79.0,S,G,False,S79G
tr|A0A452FUL3|A0A452FUL3_CAPHI,201,79.0,S,A,False,S79A
tr|A0A803YMJ4|A0A803YMJ4_MELGA,201,79.0,S,T,False,S79T
tr|A0A8C2TN37|A0A8C2TN37_COTJA,201,79.0,S,T,False,S79T
tr|A0A8V0X5B4|A0A8V0X5B4_CHICK,201,79.0,S,T,False,S79T
tr|A0A8V0XB05|A0A8V0XB05_CHICK,201,79.0,S,T,False,S79T
tr|A0A8V0X2A9|A0A8V0X2A9_CHICK,201,79.0,S,T,False,S79T
tr|G8HZI0|G8HZI0_CHICK,201,79.0,S,T,False,S79T
tr|G8HZI1|G8HZI1_CHICK,201,79.0,S,T,False,S79T
tr|A0A803YR11|A0A803YR11_MELGA,201,79.0,S,T,False,S79T
tr|A0ABM4P5G3|A0ABM4P5G3_EQUPR,201,79.0,S,G,False,S79G
tr|A0ABM4P5F7|A0ABM4P5F7_EQUPR,201,79.0,S,G,False,S79G
tr|A0ABM4P5G2|A0ABM4P5G2_EQUPR,201,79.0,S,G,False,S79G
tr|A0A8J1MTY3|A0A8J1MTY3_XENLA,201,79.0,S,N,False,S79N
tr|A0A8J1MRN8|A0A8J1MRN8_XENLA,201,79.0,S,N,False,S79N
tr|A0A6I8SNY6|A0A6I8SNY6_XENTR,201,79.0,S,N,False,S79N
tr|A0A8J0SEG3|A0A8J0SEG3_XENTR,201,79.0,S,N,False,S79N
sp|Q4VYS1|FOXP2_XENLA,201,79.0,S,N,False,S79N
tr|A0A8J1MI35|A0A8J1MI35_XENLA,201,79.0,S,N,False,S79N
tr|A0A9F5IS39|A0A9F5IS39_PYTBI,201,79.0,S,T,False,S79T
tr|V6F812|V6F812_LATCH,201,79.0,S,N,False,S79N
tr|A0A8C4LJ36|A0A8C4LJ36_EQUAS,201,79.0,S,G,False,S79G
tr|A0A8C2TQ46|A0A8C2TQ46_COTJA,201,79.0,S,T,False,S79T
tr|A0A8V0XB36|A0A8V0XB36_CHICK,201,79.0,S,T,False,S79T
tr|A0A663N4U8|A0A663N4U8_ATHCN,201,79.0,S,C,False,S79C
tr|A0A8C3UYW6|A0A8C3UYW6_CATUS,201,79.0,S,C,False,S79C
tr|A0A6P3FFL7|A0A6P3FFL7_OCTDE,201,79.0,S,G,False,S79G
tr|A0A8M1GWA4|A0A8M1GWA4_URSMA,201,79.0,S,P,False,S79P
tr|A0ABM4P5G4|A0ABM4P5G4_EQUPR,201,79.0,S,G,False,S79G
tr|A9UCM3|A9UCM3_EQUAS,201,79.0,S,G,False,S79G
tr|A0ABM4P5F0|A0ABM4P5F0_EQUPR,201,79.0,S,G,False,S79G
tr|A0ABM4P5E9|A0ABM4P5E9_EQUPR,201,79.0,S,G,False,S79G
tr|A0ABM4P5E3|A0ABM4P5E3_EQUPR,201,79.0,S,G,False,S79G
tr|A0ABM4P5E4|A0ABM4P5E4_EQUPR,201,79.0,S,G,False,S79G
tr|A0A9F2NWE2|A0A9F2NWE2_PYTBI,201,79.0,S,T,False,S79T
tr|A0A8V0X8C6|A0A8V0X8C6_CHICK,201,79.0,S,T,False,S79T
tr|G8HZH9|G8HZH9_CHICK,201,79.0,S,T,False,S79T
tr|G8HZH8|G8HZH8_CHICK,201,79.0,S,T,False,S79T
tr|A0A8V0XB47|A0A8V0XB47_CHICK,201,79.0,S,T,False,S79T
tr|A0ABM0GFX0|A0ABM0GFX0_SACKO,202,80.0,D,T,False,D80T
tr|A0ACF8FNS1|A0ACF8FNS1_ARAGI,202,80.0,D,P,False,D80P
tr|A0A9F7RNW9|A0A9F7RNW9_ICTPU,202,80.0,D,T,False,D80T
tr|A0A6I9HI92|A0A6I9HI92_GEOFO,202,80.0,D,E,False,D80E
tr|A0A803VRI8|A0A803VRI8_FICAL,202,80.0,D,E,False,D80E
tr|A0A803VX31|A0A803VX31_FICAL,202,80.0,D,E,False,D80E
tr|A0A8C3UXT3|A0A8C3UXT3_CATUS,202,80.0,D,E,False,D80E
tr|A0A2I3H895|A0A2I3H895_NOMLE,202,80.0,D,N,False,D80N
tr|A0A1L8GU65|A0A1L8GU65_XENLA,202,80.0,D,E,False,D80E
tr|A0A8J0UXQ2|A0A8J0UXQ2_XENLA,202,80.0,D,E,False,D80E
tr|A0A8J1MHG6|A0A8J1MHG6_XENLA,202,80.0,D,E,False,D80E
tr|A0A1L8GYY0|A0A1L8GYY0_XENLA,202,80.0,D,E,False,D80E
tr|A0A8J1MIF2|A0A8J1MIF2_XENLA,202,80.0,D,E,False,D80E
tr|A0A8J1MHG1|A0A8J1MHG1_XENLA,202,80.0,D,E,False,D80E
tr|A0A8J0Q7P1|A0A8J0Q7P1_XENTR,202,80.0,D,E,False,D80E
tr|A0A8J0SHD1|A0A8J0SHD1_XENTR,202,80.0,D,E,False,D80E
tr|A0A8J0SG76|A0A8J0SG76_XENTR,202,80.0,D,E,False,D80E
tr|F7DTZ3|F7DTZ3_XENTR,202,80.0,D,E,False,D80E
tr|A0ABM3XUF2|A0ABM3XUF2_ERIEU,202,80.0,D,E,False,D80E
tr|A0ABM3XUF5|A0ABM3XUF5_ERIEU,202,80.0,D,E,False,D80E
tr|A0ABM3XUF6|A0ABM3XUF6_ERIEU,202,80.0,D,E,False,D80E
tr|A0AC55CZE9|A0AC55CZE9_ECHTE,202,80.0,D,E,False,D80E
tr|A0A803WA84|A0A803WA84_FICAL,202,80.0,D,E,False,D80E
tr|A0A803VVV3|A0A803VVV3_FICAL,202,80.0,D,E,False,D80E
tr|A0A8C3V2Y9|A0A8C3V2Y9_CATUS,202,80.0,D,E,False,D80E
tr|A0A8C6B0W0|A0A8C6B0W0_MONMO,202,80.0,D,E,False,D80E
tr|A0A452FUL3|A0A452FUL3_CAPHI,202,80.0,D,L,False,D80L
tr|A0ABM3XUD6|A0ABM3XUD6_ERIEU,202,80.0,D,E,False,D80E
tr|A0ABM3XUE3|A0ABM3XUE3_ERIEU,202,80.0,D,E,False,D80E
tr|D3Z142|D3Z142_MOUSE,202,80.0,D,E,False,D80E
tr|A0A6P5PP52|A0A6P5PP52_MUSCR,202,80.0,D,E,False,D80E
sp|P58463|FOXP2_MOUSE,202,80.0,D,E,False,D80E
tr|A0A6J2G5V7|A0A6J2G5V7_9PASS,202,80.0,D,E,False,D80E
tr|A0A803VEU5|A0A803VEU5_FICAL,202,80.0,D,E,False,D80E
tr|Q6QBA5|Q6QBA5_TAEGU,202,80.0,D,E,False,D80E
tr|A0A6J0HH27|A0A6J0HH27_9PASS,202,80.0,D,E,False,D80E
tr|A0A6J0HH90|A0A6J0HH90_9PASS,202,80.0,D,E,False,D80E
tr|A0A8C3UTJ3|A0A8C3UTJ3_CATUS,202,80.0,D,E,False,D80E
tr|H0Z4Q2|H0Z4Q2_TAEGU,202,80.0,D,E,False,D80E
tr|Q6QBA4|Q6QBA4_TAEGU,202,80.0,D,E,False,D80E
tr|A0A8J1MTY3|A0A8J1MTY3_XENLA,202,80.0,D,E,False,D80E
tr|A0A8J1MRN8|A0A8J1MRN8_XENLA,202,80.0,D,E,False,D80E
tr|A0A6I8SNY6|A0A6I8SNY6_XENTR,202,80.0,D,E,False,D80E
tr|A0A8J0SEG3|A0A8J0SEG3_XENTR,202,80.0,D,E,False,D80E
sp|Q4VYS1|FOXP2_XENLA,202,80.0,D,E,False,D80E
tr|A0A8J1MI35|A0A8J1MI35_XENLA,202,80.0,D,E,False,D80E
tr|A0A803V983|A0A803V983_FICAL,202,80.0,D,E,False,D80E
tr|A0A218V5A9|A0A218V5A9_9PASE,202,80.0,D,E,False,D80E
tr|A0A803V0S5|A0A803V0S5_FICAL,202,80.0,D,E,False,D80E
tr|A0A8C3V1M9|A0A8C3V1M9_CATUS,202,80.0,D,E,False,D80E
tr|A0A8M1GWA4|A0A8M1GWA4_URSMA,202,80.0,D,S,False,D80S
tr|A0A8C6B2U9|A0A8C6B2U9_MONMO,202,80.0,D,E,False,D80E
tr|A0A1S2ZA35|A0A1S2ZA35_ERIEU,202,80.0,D,E,False,D80E
tr|A0ABM3XUG2|A0ABM3XUG2_ERIEU,202,80.0,D,E,False,D80E
tr|Q6TKS2|Q6TKS2_TAEGU,202,80.0,D,E,False,D80E
tr|A0AA47MXR6|A0AA47MXR6_MERPO,204,81.0,K,S,False,K81S
tr|A0ABM0GFX0|A0ABM0GFX0_SACKO,204,81.0,K,S,False,K81S
tr|A0ACF8DDW5|A0ACF8DDW5_ARAGI,204,81.0,K,H,False,K81H
tr|A0ACF8FNS1|A0ACF8FNS1_ARAGI,204,81.0,K,S,False,K81S
tr|A0A9F7RNW9|A0A9F7RNW9_ICTPU,204,81.0,K,S,False,K81S
tr|A0A2I3H895|A0A2I3H895_NOMLE,204,81.0,K,E,False,K81E
tr|A0ABQ9CS58|A0ABQ9CS58_9PASS,204,81.0,K,T,False,K81T
tr|A0A452FUL3|A0A452FUL3_CAPHI,204,81.0,K,C,False,K81C
tr|A0A8M1GWA4|A0A8M1GWA4_URSMA,204,81.0,K,L,False,K81L
tr|A0AA47MXR6|A0AA47MXR6_MERPO,205,82.0,Q,G,False,Q82G
tr|A0ABM0GFX0|A0ABM0GFX0_SACKO,205,82.0,Q,T,False,Q82T
tr|A0ACF8DDW5|A0ACF8DDW5_ARAGI,205,82.0,Q,S,False,Q82S
tr|A0ACF8FNS1|A0ACF8FNS1_ARAGI,205,82.0,Q,G,False,Q82G
tr|A0A9F7RNW9|A0A9F7RNW9_ICTPU,205,82.0,Q,G,False,Q82G
tr|A0A2I3H895|A0A2I3H895_NOMLE,205,82.0,Q,G,False,Q82G
tr|A0ABQ9CS58|A0ABQ9CS58_9PASS,205,82.0,Q,E,False,Q82E
tr|A0A6P6DL68|A0A6P6DL68_OCTDE,205,82.0,Q,H,False,Q82H
tr|A0A452FUL3|A0A452FUL3_CAPHI,205,82.0,Q,S,False,Q82S
tr|A0A6P3FFL7|A0A6P3FFL7_OCTDE,205,82.0,Q,H,False,Q82H
tr|A0A8M1GWA4|A0A8M1GWA4_URSMA,205,82.0,Q,S,False,Q82S
tr|A0AA47MXR6|A0AA47MXR6_MERPO,206,83.0,R,A,False,R83A
tr|A0ABM0GFX0|A0ABM0GFX0_SACKO,206,83.0,R,T,False,R83T
tr|A0ACF8FNS1|A0ACF8FNS1_ARAGI,206,83.0,R,G,False,R83G
tr|A0A9F7RNW9|A0A9F7RNW9_ICTPU,206,83.0,R,M,False,R83M
tr|A0A2I3H895|A0A2I3H895_NOMLE,206,83.0,R,S,False,R83S
tr|A0ABQ9CS58|A0ABQ9CS58_9PASS,206,83.0,R,V,False,R83V
tr|A0A452FUL3|A0A452FUL3_CAPHI,206,83.0,R,F,False,R83F
tr|A0A8M1GWA4|A0A8M1GWA4_URSMA,206,83.0,R,L,False,R83L
tr|A0AA47MXR6|A0AA47MXR6_MERPO,207,84.0,P,A,False,P84A
tr|A0ACF8DDW5|A0ACF8DDW5_ARAGI,207,84.0,P,A,False,P84A
tr|A0A9F7RNW9|A0A9F7RNW9_ICTPU,207,84.0,P,S,False,P84S
tr|A0A2I3H895|A0A2I3H895_NOMLE,207,84.0,P,A,False,P84A
tr|A0ABQ9CS58|A0ABQ9CS58_9PASS,207,84.0,P,T,False,P84T
tr|A0A8J0Q7P1|A0A8J0Q7P1_XENTR,207,84.0,P,S,False,P84S
tr|A0A8J0SHD1|A0A8J0SHD1_XENTR,207,84.0,P,S,False,P84S
tr|A0A8J0SG76|A0A8J0SG76_XENTR,207,84.0,P,S,False,P84S
tr|F7DTZ3|F7DTZ3_XENTR,207,84.0,P,S,False,P84S
tr|A9UCL8|A9UCL8_COEFR,207,84.0,P,A,False,P84A
tr|A0A452FUL3|A0A452FUL3_CAPHI,207,84.0,P,T,False,P84T
tr|A0A6I8SNY6|A0A6I8SNY6_XENTR,207,84.0,P,S,False,P84S
tr|A0A8J0SEG3|A0A8J0SEG3_XENTR,207,84.0,P,S,False,P84S
tr|A0ACF8DDW5|A0ACF8DDW5_ARAGI,213,85.0,L,R,False,L85R
tr|A0ACF8FNS1|A0ACF8FNS1_ARAGI,213,85.0,L,A,False,L85A
tr|A0AAX6RUX8|A0AAX6RUX8_HETGA,213,85.0,L,P,False,L85P
tr|A9UCM2|A9UCM2_CYNSP,213,85.0,L,P,False,L85P
tr|A0A2I3H895|A0A2I3H895_NOMLE,213,85.0,L,V,False,L85V
tr|A0A663N4U8|A0A663N4U8_ATHCN,213,85.0,L,F,False,L85F
tr|A0A8C3UYW6|A0A8C3UYW6_CATUS,213,85.0,L,F,False,L85F
tr|A0A8M1GWA4|A0A8M1GWA4_URSMA,213,85.0,L,A,False,L85A
tr|A0A2I3H895|A0A2I3H895_NOMLE,214,86.0,Q,D,False,Q86D
tr|A0A452FUL3|A0A452FUL3_CAPHI,214,86.0,Q,V,False,Q86V
tr|A0AA47MXR6|A0AA47MXR6_MERPO,241,87.0,V,D,False,V87D
tr|A0ABM0GFX0|A0ABM0GFX0_SACKO,241,87.0,V,Q,False,V87Q
tr|A0A8C2TN39|A0A8C2TN39_COTJA,242,88.0,P,S,False,P88S
tr|A0A8C2TN55|A0A8C2TN55_COTJA,242,88.0,P,S,False,P88S
tr|A0A8C5M8V1|A0A8C5M8V1_9ANUR,242,88.0,P,C,False,P88C
tr|A0A663N514|A0A663N514_ATHCN,242,88.0,P,S,False,P88S
tr|A0A8C3UXT3|A0A8C3UXT3_CATUS,242,88.0,P,S,False,P88S
tr|A0A663N1N8|A0A663N1N8_ATHCN,242,88.0,P,S,False,P88S
tr|A0A674IWZ5|A0A674IWZ5_9SAUR,242,88.0,P,S,False,P88S
tr|A0A8C5F2F1|A0A8C5F2F1_9SAUR,242,88.0,P,S,False,P88S
tr|A0A663N1N3|A0A663N1N3_ATHCN,242,88.0,P,S,False,P88S
tr|A0A8C2TN37|A0A8C2TN37_COTJA,242,88.0,P,S,False,P88S
tr|A0A8V0X5B4|A0A8V0X5B4_CHICK,242,88.0,P,S,False,P88S
tr|A0A8C4LJ36|A0A8C4LJ36_EQUAS,242,88.0,P,S,False,P88S
tr|A0A8C2TQ46|A0A8C2TQ46_COTJA,242,88.0,P,S,False,P88S
tr|A0A8V0XB36|A0A8V0XB36_CHICK,242,88.0,P,S,False,P88S
tr|A0A663N1P3|A0A663N1P3_ATHCN,242,88.0,P,S,False,P88S
tr|A0A8C3V1M9|A0A8C3V1M9_CATUS,242,88.0,P,S,False,P88S
tr|A0AA47MXR6|A0AA47MXR6_MERPO,243,89.0,V,Y,False,V89Y
tr|A0ABM0GFX0|A0ABM0GFX0_SACKO,243,89.0,V,A,False,V89A
tr|A0ACF8DDW5|A0ACF8DDW5_ARAGI,243,89.0,V,A,False,V89A
tr|A0AAD8DBY4|A0AAD8DBY4_ACIOX,243,89.0,V,L,False,V89L
tr|A0A8C2TN39|A0A8C2TN39_COTJA,243,89.0,V,K,False,V89K
tr|A0A8C2TN55|A0A8C2TN55_COTJA,243,89.0,V,K,False,V89K
tr|A0A8C5M8V1|A0A8C5M8V1_9ANUR,243,89.0,V,N,False,V89N
tr|A0A663N514|A0A663N514_ATHCN,243,89.0,V,E,False,V89E
tr|A0A8C3UXT3|A0A8C3UXT3_CATUS,243,89.0,V,K,False,V89K
tr|A0A663N1N8|A0A663N1N8_ATHCN,243,89.0,V,E,False,V89E
tr|A0A674IWZ5|A0A674IWZ5_9SAUR,243,89.0,V,K,False,V89K
tr|A0A8C5F2F1|A0A8C5F2F1_9SAUR,243,89.0,V,K,False,V89K
tr|A0A663N1N3|A0A663N1N3_ATHCN,243,89.0,V,E,False,V89E
tr|A0A8C2TN37|A0A8C2TN37_COTJA,243,89.0,V,K,False,V89K
tr|A0A8V0X5B4|A0A8V0X5B4_CHICK,243,89.0,V,K,False,V89K
tr|A0A8C4LJ36|A0A8C4LJ36_EQUAS,243,89.0,V,K,False,V89K
tr|A0A8C2TQ46|A0A8C2TQ46_COTJA,243,89.0,V,K,False,V89K
tr|A0A8V0XB36|A0A8V0XB36_CHICK,243,89.0,V,K,False,V89K
tr|A0A663N1P3|A0A663N1P3_ATHCN,243,89.0,V,E,False,V89E
tr|A0A8C3V1M9|A0A8C3V1M9_CATUS,243,89.0,V,K,False,V89K
tr|A0AA47MXR6|A0AA47MXR6_MERPO,244,90.0,S,D,False,S90D
tr|A0ABM0GFX0|A0ABM0GFX0_SACKO,244,90.0,S,Q,False,S90Q
tr|A0ACF8DDW5|A0ACF8DDW5_ARAGI,244,90.0,S,A,False,S90A
tr|A0A8C2TN39|A0A8C2TN39_COTJA,244,90.0,S,G,False,S90G
tr|A0A8C2TN55|A0A8C2TN55_COTJA,244,90.0,S,G,False,S90G
tr|A0A8C5M8V1|A0A8C5M8V1_9ANUR,244,90.0,S,W,False,S90W
tr|A0A663N514|A0A663N514_ATHCN,244,90.0,S,V,False,S90V
tr|A0A663N1N8|A0A663N1N8_ATHCN,244,90.0,S,V,False,S90V
tr|A0A674IWZ5|A0A674IWZ5_9SAUR,244,90.0,S,I,False,S90I
tr|A0A8C5F2F1|A0A8C5F2F1_9SAUR,244,90.0,S,I,False,S90I
tr|A0A663N1N3|A0A663N1N3_ATHCN,244,90.0,S,V,False,S90V
tr|A0A8C2TN37|A0A8C2TN37_COTJA,244,90.0,S,G,False,S90G
tr|A0A8V0X5B4|A0A8V0X5B4_CHICK,244,90.0,S,G,False,S90G
tr|A0A8C4LJ36|A0A8C4LJ36_EQUAS,244,90.0,S,A,False,S90A
tr|A0A8C2TQ46|A0A8C2TQ46_COTJA,244,90.0,S,G,False,S90G
tr|A0A8V0XB36|A0A8V0XB36_CHICK,244,90.0,S,G,False,S90G
tr|A0A663N1P3|A0A663N1P3_ATHCN,244,90.0,S,V,False,S90V
tr|A0AA47MXR6|A0AA47MXR6_MERPO,245,91.0,V,E,False,V91E
tr|A0ABM0GFX0|A0ABM0GFX0_SACKO,245,91.0,V,Q,False,V91Q
tr|A0ACF8DDW5|A0ACF8DDW5_ARAGI,245,91.0,V,A,False,V91A
tr|A0ACF8FNS1|A0ACF8FNS1_ARAGI,245,91.0,V,A,False,V91A
tr|A0A8C2TN39|A0A8C2TN39_COTJA,245,91.0,V,S,False,V91S
tr|A0A8C2TN55|A0A8C2TN55_COTJA,245,91.0,V,S,False,V91S
tr|A0A8C5M8V1|A0A8C5M8V1_9ANUR,245,91.0,V,Y,False,V91Y
tr|A0A663N514|A0A663N514_ATHCN,245,91.0,V,S,False,V91S
tr|A0A8C3UXT3|A0A8C3UXT3_CATUS,245,91.0,V,K,False,V91K
tr|A0A1L8GU65|A0A1L8GU65_XENLA,245,91.0,V,M,False,V91M
tr|A0A8J0UR98|A0A8J0UR98_XENLA,245,91.0,V,M,False,V91M
tr|A0A8J0UXQ2|A0A8J0UXQ2_XENLA,245,91.0,V,M,False,V91M
tr|A0A8J1MHG6|A0A8J1MHG6_XENLA,245,91.0,V,M,False,V91M
tr|A0A1L8GYY0|A0A1L8GYY0_XENLA,245,91.0,V,M,False,V91M
tr|A0A8J1MIF2|A0A8J1MIF2_XENLA,245,91.0,V,M,False,V91M
tr|A0A8J1MHG1|A0A8J1MHG1_XENLA,245,91.0,V,M,False,V91M
tr|A0A8J1MHG5|A0A8J1MHG5_XENLA,245,91.0,V,M,False,V91M
tr|A0A8J0Q7P1|A0A8J0Q7P1_XENTR,245,91.0,V,M,False,V91M
tr|A0A8J0SHD1|A0A8J0SHD1_XENTR,245,91.0,V,M,False,V91M
tr|A0A8J0SG76|A0A8J0SG76_XENTR,245,91.0,V,M,False,V91M
tr|F7DTZ3|F7DTZ3_XENTR,245,91.0,V,M,False,V91M
tr|A0A8J0S8T9|A0A8J0S8T9_XENTR,245,91.0,V,M,False,V91M
tr|A0A663N1N8|A0A663N1N8_ATHCN,245,91.0,V,S,False,V91S
tr|A0A674IWZ5|A0A674IWZ5_9SAUR,245,91.0,V,C,False,V91C
tr|A0A8C5F2F1|A0A8C5F2F1_9SAUR,245,91.0,V,C,False,V91C
tr|A0A663N1N3|A0A663N1N3_ATHCN,245,91.0,V,S,False,V91S
tr|A0A8C2TN37|A0A8C2TN37_COTJA,245,91.0,V,S,False,V91S
tr|A0A8V0X5B4|A0A8V0X5B4_CHICK,245,91.0,V,S,False,V91S
tr|A0A8J1MTY3|A0A8J1MTY3_XENLA,245,91.0,V,M,False,V91M
tr|A0A8J1MRN8|A0A8J1MRN8_XENLA,245,91.0,V,M,False,V91M
tr|A0A6I8SNY6|A0A6I8SNY6_XENTR,245,91.0,V,M,False,V91M
tr|A0A8J0SEG3|A0A8J0SEG3_XENTR,245,91.0,V,M,False,V91M
sp|Q4VYS1|FOXP2_XENLA,245,91.0,V,M,False,V91M
tr|A0A8J1MI35|A0A8J1MI35_XENLA,245,91.0,V,M,False,V91M
tr|A0A8C4LJ36|A0A8C4LJ36_EQUAS,245,91.0,V,L,False,V91L
tr|A0A8C2TQ46|A0A8C2TQ46_COTJA,245,91.0,V,S,False,V91S
tr|A0A8V0XB36|A0A8V0XB36_CHICK,245,91.0,V,S,False,V91S
tr|A0A663N1P3|A0A663N1P3_ATHCN,245,91.0,V,S,False,V91S
tr|A0AA47MXR6|A0AA47MXR6_MERPO,246,92.0,A,T,False,A92T
tr|A0ABM0GFX0|A0ABM0GFX0_SACKO,246,92.0,A,T,False,A92T
tr|A0A8C2TN39|A0A8C2TN39_COTJA,246,92.0,A,L,False,A92L
tr|A0A8C2TN55|A0A8C2TN55_COTJA,246,92.0,A,L,False,A92L
tr|A0A8C5M8V1|A0A8C5M8V1_9ANUR,246,92.0,A,H,False,A92H
tr|A0A663N514|A0A663N514_ATHCN,246,92.0,A,L,False,A92L
tr|A0A8C3UXT3|A0A8C3UXT3_CATUS,246,92.0,A,W,False,A92W
tr|A0A1L8GU65|A0A1L8GU65_XENLA,246,92.0,A,T,False,A92T
tr|A0A8J0UR98|A0A8J0UR98_XENLA,246,92.0,A,T,False,A92T
tr|A0A8J0UXQ2|A0A8J0UXQ2_XENLA,246,92.0,A,T,False,A92T
tr|A0A663N1N8|A0A663N1N8_ATHCN,246,92.0,A,L,False,A92L
tr|A0A674IWZ5|A0A674IWZ5_9SAUR,246,92.0,A,L,False,A92L
tr|A0A8C5F2F1|A0A8C5F2F1_9SAUR,246,92.0,A,L,False,A92L
tr|A0A663N1N3|A0A663N1N3_ATHCN,246,92.0,A,L,False,A92L
tr|A0A8C2TN37|A0A8C2TN37_COTJA,246,92.0,A,L,False,A92L
tr|A0A8V0X5B4|A0A8V0X5B4_CHICK,246,92.0,A,L,False,A92L
tr|A0A8J1MTY3|A0A8J1MTY3_XENLA,246,92.0,A,T,False,A92T
tr|A0A8J1MRN8|A0A8J1MRN8_XENLA,246,92.0,A,T,False,A92T
tr|A0A8C4LJ36|A0A8C4LJ36_EQUAS,246,92.0,A,L,False,A92L
tr|A0A8C2TQ46|A0A8C2TQ46_COTJA,246,92.0,A,L,False,A92L
tr|A0A8V0XB36|A0A8V0XB36_CHICK,246,92.0,A,L,False,A92L
tr|A0A663N1P3|A0A663N1P3_ATHCN,246,92.0,A,L,False,A92L
tr|A0AA47MXR6|A0AA47MXR6_MERPO,247,93.0,M,L,False,M93L
tr|A0ABM0GFX0|A0ABM0GFX0_SACKO,247,93.0,M,I,False,M93I
tr|A0A8C2TN39|A0A8C2TN39_COTJA,247,93.0,M,P,False,M93P
tr|A0A8C2TN55|A0A8C2TN55_COTJA,247,93.0,M,P,False,M93P
tr|A0A8C5M8V1|A0A8C5M8V1_9ANUR,247,93.0,M,S,False,M93S
tr|A0A663N514|A0A663N514_ATHCN,247,93.0,M,L,False,M93L
tr|A0A8C3UXT3|A0A8C3UXT3_CATUS,247,93.0,M,F,False,M93F
tr|A0A663N1N8|A0A663N1N8_ATHCN,247,93.0,M,L,False,M93L
tr|A0A674IWZ5|A0A674IWZ5_9SAUR,247,93.0,M,S,False,M93S
tr|A0A8C5F2F1|A0A8C5F2F1_9SAUR,247,93.0,M,S,False,M93S
tr|A0A663N1N3|A0A663N1N3_ATHCN,247,93.0,M,L,False,M93L
tr|A0A8C2TN37|A0A8C2TN37_COTJA,247,93.0,M,P,False,M93P
tr|A0A8V0X5B4|A0A8V0X5B4_CHICK,247,93.0,M,P,False,M93P
tr|A0A8C4LJ36|A0A8C4LJ36_EQUAS,247,93.0,M,S,False,M93S
tr|A0A8C2TQ46|A0A8C2TQ46_COTJA,247,93.0,M,P,False,M93P
tr|A0A8V0XB36|A0A8V0XB36_CHICK,247,93.0,M,P,False,M93P
tr|A0A663N1P3|A0A663N1P3_ATHCN,247,93.0,M,L,False,M93L
tr|A0AA47MXR6|A0AA47MXR6_MERPO,248,94.0,M,S,False,M94S
tr|A0ABM0GFX0|A0ABM0GFX0_SACKO,248,94.0,M,I,False,M94I
tr|A0A8C2TN39|A0A8C2TN39_COTJA,248,94.0,M,L,False,M94L
tr|A0A8C2TN55|A0A8C2TN55_COTJA,248,94.0,M,L,False,M94L
tr|A0A663N514|A0A663N514_ATHCN,248,94.0,M,L,False,M94L
tr|A0A663N1N8|A0A663N1N8_ATHCN,248,94.0,M,L,False,M94L
tr|A0A674IWZ5|A0A674IWZ5_9SAUR,248,94.0,M,L,False,M94L
tr|A0A8C5F2F1|A0A8C5F2F1_9SAUR,248,94.0,M,L,False,M94L
tr|A0A663N1N3|A0A663N1N3_ATHCN,248,94.0,M,L,False,M94L
tr|A0A8C2TN37|A0A8C2TN37_COTJA,248,94.0,M,L,False,M94L
tr|A0A8V0X5B4|A0A8V0X5B4_CHICK,248,94.0,M,L,False,M94L
tr|A0A8C4LJ36|A0A8C4LJ36_EQUAS,248,94.0,M,L,False,M94L
tr|A0A8C2TQ46|A0A8C2TQ46_COTJA,248,94.0,M,L,False,M94L
tr|A0A8V0XB36|A0A8V0XB36_CHICK,248,94.0,M,L,False,M94L
tr|A0A663N1P3|A0A663N1P3_ATHCN,248,94.0,M,L,False,M94L
tr|A0AA47MXR6|A0AA47MXR6_MERPO,249,95.0,T,G,False,T95G
tr|A0ABM0GFX0|A0ABM0GFX0_SACKO,249,95.0,T,I,False,T95I
tr|A0A6P8VIH1|A0A6P8VIH1_GYMAC,249,95.0,T,S,False,T95S
tr|A0A2I4BXB8|A0A2I4BXB8_AUSLI,249,95.0,T,S,False,T95S
tr|A0A2I4BXF7|A0A2I4BXF7_AUSLI,249,95.0,T,S,False,T95S
tr|A0A2I4BXC1|A0A2I4BXC1_AUSLI,249,95.0,T,S,False,T95S
tr|A0A2I4BXC7|A0A2I4BXC7_AUSLI,249,95.0,T,S,False,T95S
tr|A0ABV1A463|A0ABV1A463_9TELE,249,95.0,T,S,False,T95S
tr|A0AAV9S7N1|A0AAV9S7N1_9TELE,249,95.0,T,S,False,T95S
tr|A0ABV0TT83|A0ABV0TT83_9TELE,249,95.0,T,S,False,T95S
tr|A0A6P7NA03|A0A6P7NA03_BETSP,249,95.0,T,S,False,T95S
tr|A0A9W2XZU5|A0A9W2XZU5_BETSP,249,95.0,T,S,False,T95S
tr|A0A6P7NFA4|A0A6P7NFA4_BETSP,249,95.0,T,S,False,T95S
tr|A0A9W2XZJ7|A0A9W2XZJ7_BETSP,249,95.0,T,S,False,T95S
tr|A0A6P7NA07|A0A6P7NA07_BETSP,249,95.0,T,S,False,T95S
tr|A0A6P7NE39|A0A6P7NE39_BETSP,249,95.0,T,S,False,T95S
tr|A0A6J2S884|A0A6J2S884_COTGO,249,95.0,T,S,False,T95S
tr|A0A6P7I2Q9|A0A6P7I2Q9_9TELE,249,95.0,T,S,False,T95S
tr|A0A6P7HH59|A0A6P7HH59_9TELE,249,95.0,T,S,False,T95S
tr|A0A6P7HWN0|A0A6P7HWN0_9TELE,249,95.0,T,S,False,T95S
tr|A0A9Y4NB67|A0A9Y4NB67_9TELE,249,95.0,T,S,False,T95S
tr|A0A9Y6LYW8|A0A9Y6LYW8_9CICH,249,95.0,T,S,False,T95S
tr|A0A9Y3R1R7|A0A9Y3R1R7_9CICH,249,95.0,T,S,False,T95S
tr|A0AC36JJL6|A0AC36JJL6_9CICH,249,95.0,T,S,False,T95S
tr|A0ACF8DDW5|A0ACF8DDW5_ARAGI,249,95.0,T,S,False,T95S
tr|A0ACF8FNS1|A0ACF8FNS1_ARAGI,249,95.0,T,S,False,T95S
tr|A0A8U0R0X1|A0A8U0R0X1_SALNM,249,95.0,T,S,False,T95S
tr|A0A6J2V3N9|A0A6J2V3N9_CHACN,249,95.0,T,S,False,T95S
tr|A0A6P8GSV4|A0A6P8GSV4_CLUHA,249,95.0,T,S,False,T95S
tr|A0A979FEC0|A0A979FEC0_ICTPU,249,95.0,T,S,False,T95S
tr|A0A979FF91|A0A979FF91_ICTPU,249,95.0,T,S,False,T95S
tr|A0A979FED5|A0A979FED5_ICTPU,249,95.0,T,S,False,T95S
tr|A0A9F7RNW9|A0A9F7RNW9_ICTPU,249,95.0,T,S,False,T95S
tr|A0A979FDQ7|A0A979FDQ7_ICTPU,249,95.0,T,S,False,T95S
tr|A0A979FDP4|A0A979FDP4_ICTPU,249,95.0,T,S,False,T95S
tr|A0A979FDQ5|A0A979FDQ5_ICTPU,249,95.0,T,S,False,T95S
tr|A0AC58J6Q9|A0AC58J6Q9_DANRE,249,95.0,T,S,False,T95S
tr|A0AC58J6Q2|A0AC58J6Q2_DANRE,249,95.0,T,S,False,T95S
tr|A0AB32TNW7|A0AB32TNW7_DANRE,249,95.0,T,S,False,T95S
tr|A0AC58J6S2|A0AC58J6S2_DANRE,249,95.0,T,S,False,T95S
tr|A0AC58J6R3|A0AC58J6R3_DANRE,249,95.0,T,S,False,T95S
tr|A0ACM8Q842|A0ACM8Q842_DANRE,249,95.0,T,S,False,T95S
tr|A0AB32TSB5|A0AB32TSB5_DANRE,249,95.0,T,S,False,T95S
tr|A0AB32TQV9|A0AB32TQV9_DANRE,249,95.0,T,S,False,T95S
tr|A0AB32TLD3|A0AB32TLD3_DANRE,249,95.0,T,S,False,T95S
tr|A0AC58J6Q5|A0AC58J6Q5_DANRE,249,95.0,T,S,False,T95S
tr|A0A6J2V203|A0A6J2V203_CHACN,249,95.0,T,S,False,T95S
tr|A0A8C2TN39|A0A8C2TN39_COTJA,249,95.0,T,G,False,T95G
tr|A0A8C2TN55|A0A8C2TN55_COTJA,249,95.0,T,G,False,T95G
tr|A0A663N514|A0A663N514_ATHCN,249,95.0,T,G,False,T95G
tr|A0A663N1N8|A0A663N1N8_ATHCN,249,95.0,T,G,False,T95G
tr|A0A674IWZ5|A0A674IWZ5_9SAUR,249,95.0,T,G,False,T95G
tr|A0A8C5F2F1|A0A8C5F2F1_9SAUR,249,95.0,T,G,False,T95G
tr|A0A663N1N3|A0A663N1N3_ATHCN,249,95.0,T,G,False,T95G
tr|A0A8C2TN37|A0A8C2TN37_COTJA,249,95.0,T,G,False,T95G
tr|A0A8V0X5B4|A0A8V0X5B4_CHICK,249,95.0,T,G,False,T95G
tr|A0A8C4LJ36|A0A8C4LJ36_EQUAS,249,95.0,T,S,False,T95S
tr|A0A8C2TQ46|A0A8C2TQ46_COTJA,249,95.0,T,G,False,T95G
tr|A0A8V0XB36|A0A8V0XB36_CHICK,249,95.0,T,G,False,T95G
tr|A0A663N1P3|A0A663N1P3_ATHCN,249,95.0,T,G,False,T95G
tr|A0AA47MXR6|A0AA47MXR6_MERPO,250,96.0,P,S,False,P96S
tr|A0AA47MXR6|A0AA47MXR6_MERPO,251,97.0,Q,T,False,Q97T
tr|A0A8C2TN39|A0A8C2TN39_COTJA,251,97.0,Q,H,False,Q97H
tr|A0A8C2TN55|A0A8C2TN55_COTJA,251,97.0,Q,H,False,Q97H
tr|A0A8C5M8V1|A0A8C5M8V1_9ANUR,251,97.0,Q,A,False,Q97A
tr|A0A663N514|A0A663N514_ATHCN,251,97.0,Q,Y,False,Q97Y
tr|A0A663N1N8|A0A663N1N8_ATHCN,251,97.0,Q,Y,False,Q97Y
tr|A0A674IWZ5|A0A674IWZ5_9SAUR,251,97.0,Q,Y,False,Q97Y
tr|A0A8C5F2F1|A0A8C5F2F1_9SAUR,251,97.0,Q,Y,False,Q97Y
tr|A0A663N1N3|A0A663N1N3_ATHCN,251,97.0,Q,Y,False,Q97Y
tr|A0A8C2TN37|A0A8C2TN37_COTJA,251,97.0,Q,H,False,Q97H
tr|A0A8V0X5B4|A0A8V0X5B4_CHICK,251,97.0,Q,H,False,Q97H
tr|A0A8C2TQ46|A0A8C2TQ46_COTJA,251,97.0,Q,H,False,Q97H
tr|A0A8V0XB36|A0A8V0XB36_CHICK,251,97.0,Q,H,False,Q97H
tr|A0A663N1P3|A0A663N1P3_ATHCN,251,97.0,Q,Y,False,Q97Y
tr|A0AA47MXR6|A0AA47MXR6_MERPO,252,98.0,V,S,False,V98S
tr|A0ABM0GFX0|A0ABM0GFX0_SACKO,252,98.0,V,Q,False,V98Q
tr|A0A8C2TN39|A0A8C2TN39_COTJA,252,98.0,V,L,False,V98L
tr|A0A8C2TN55|A0A8C2TN55_COTJA,252,98.0,V,L,False,V98L
tr|A0A8C5M8V1|A0A8C5M8V1_9ANUR,252,98.0,V,I,False,V98I
tr|A0A663N514|A0A663N514_ATHCN,252,98.0,V,S,False,V98S
tr|A0A663N1N8|A0A663N1N8_ATHCN,252,98.0,V,S,False,V98S
tr|A0A674IWZ5|A0A674IWZ5_9SAUR,252,98.0,V,S,False,V98S
tr|A0A8C5F2F1|A0A8C5F2F1_9SAUR,252,98.0,V,S,False,V98S
tr|A0A663N1N3|A0A663N1N3_ATHCN,252,98.0,V,S,False,V98S
tr|A0A8C2TN37|A0A8C2TN37_COTJA,252,98.0,V,L,False,V98L
tr|A0A8V0X5B4|A0A8V0X5B4_CHICK,252,98.0,V,L,False,V98L
tr|A0A8C2TQ46|A0A8C2TQ46_COTJA,252,98.0,V,L,False,V98L
tr|A0A8V0XB36|A0A8V0XB36_CHICK,252,98.0,V,L,False,V98L
tr|A0A663N1P3|A0A663N1P3_ATHCN,252,98.0,V,S,False,V98S
tr|A0AA47MXR6|A0AA47MXR6_MERPO,253,99.0,I,R,False,I99R
tr|A0ABM0GFX0|A0ABM0GFX0_SACKO,253,99.0,I,L,False,I99L
tr|A0A9Y6LYW8|A0A9Y6LYW8_9CICH,253,99.0,I,M,False,I99M
tr|A0A9Y3R1R7|A0A9Y3R1R7_9CICH,253,99.0,I,M,False,I99M
tr|A0AC36JJL6|A0AC36JJL6_9CICH,253,99.0,I,M,False,I99M
tr|A0A6P8GSV4|A0A6P8GSV4_CLUHA,253,99.0,I,M,False,I99M
tr|A0A8C2TN39|A0A8C2TN39_COTJA,253,99.0,I,E,False,I99E
tr|A0A8C2TN55|A0A8C2TN55_COTJA,253,99.0,I,E,False,I99E
tr|A0A663N514|A0A663N514_ATHCN,253,99.0,I,Q,False,I99Q
tr|G1SG56|G1SG56_RABIT,253,99.0,I,M,False,I99M
tr|A9UCM9|A9UCM9_RABIT,253,99.0,I,M,False,I99M
tr|A0A674IWZ5|A0A674IWZ5_9SAUR,253,99.0,I,Q,False,I99Q
tr|A0A8C5F2F1|A0A8C5F2F1_9SAUR,253,99.0,I,H,False,I99H
tr|A0A663N1N3|A0A663N1N3_ATHCN,253,99.0,I,Q,False,I99Q
tr|A0A8C2TN37|A0A8C2TN37_COTJA,253,99.0,I,E,False,I99E
tr|A0A8V0X5B4|A0A8V0X5B4_CHICK,253,99.0,I,E,False,I99E
tr|A0A8C2TQ46|A0A8C2TQ46_COTJA,253,99.0,I,E,False,I99E
tr|A0A8V0XB36|A0A8V0XB36_CHICK,253,99.0,I,E,False,I99E
tr|A0A663N1P3|A0A663N1P3_ATHCN,253,99.0,I,Q,False,I99Q
tr|A0AA47MXR6|A0AA47MXR6_MERPO,254,100.0,T,E,False,T100E
tr|A0A8C2TN39|A0A8C2TN39_COTJA,254,100.0,T,G,False,T100G
tr|A0A8C2TN55|A0A8C2TN55_COTJA,254,100.0,T,G,False,T100G
tr|A0A663N514|A0A663N514_ATHCN,254,100.0,T,G,False,T100G
tr|A0A674IWZ5|A0A674IWZ5_9SAUR,254,100.0,T,G,False,T100G
tr|A0A8C5F2F1|A0A8C5F2F1_9SAUR,254,100.0,T,R,False,T100R
tr|A0A663N1N3|A0A663N1N3_ATHCN,254,100.0,T,G,False,T100G
tr|A0A8C2TN37|A0A8C2TN37_COTJA,254,100.0,T,G,False,T100G
tr|A0A8V0X5B4|A0A8V0X5B4_CHICK,254,100.0,T,G,False,T100G
tr|A0A663N1P3|A0A663N1P3_ATHCN,254,100.0,T,G,False,T100G
tr|A0AA47MXR6|A0AA47MXR6_MERPO,255,101.0,P,R,False,P101R
tr|A0A8C2TN39|A0A8C2TN39_COTJA,255,101.0,P,R,False,P101R
tr|A0A8C2TN55|A0A8C2TN55_COTJA,255,101.0,P,R,False,P101R
tr|A0A663N514|A0A663N514_ATHCN,255,101.0,P,R,False,P101R
tr|A0A674IWZ5|A0A674IWZ5_9SAUR,255,101.0,P,S,False,P101S
tr|A0A8C5F2F1|A0A8C5F2F1_9SAUR,255,101.0,P,S,False,P101S
tr|A0A663N1N3|A0A663N1N3_ATHCN,255,101.0,P,R,False,P101R
tr|A0A8C2TN37|A0A8C2TN37_COTJA,255,101.0,P,R,False,P101R
tr|A0A8V0X5B4|A0A8V0X5B4_CHICK,255,101.0,P,R,False,P101R
tr|A0A663N1P3|A0A663N1P3_ATHCN,255,101.0,P,R,False,P101R
tr|A0AA47MXR6|A0AA47MXR6_MERPO,256,102.0,Q,F,False,Q102F
tr|A0ABM0GFX0|A0ABM0GFX0_SACKO,256,102.0,Q,L,False,Q102L
tr|A0A663N514|A0A663N514_ATHCN,256,102.0,Q,A,False,Q102A
tr|A0A674IWZ5|A0A674IWZ5_9SAUR,256,102.0,Q,A,False,Q102A
tr|A0A8C5F2F1|A0A8C5F2F1_9SAUR,256,102.0,Q,A,False,Q102A
tr|A0A663N1N3|A0A663N1N3_ATHCN,256,102.0,Q,A,False,Q102A
tr|A0A8C2TN37|A0A8C2TN37_COTJA,256,102.0,Q,V,False,Q102V
tr|A0A8V0X5B4|A0A8V0X5B4_CHICK,256,102.0,Q,V,False,Q102V
tr|A0AA47MXR6|A0AA47MXR6_MERPO,257,103.0,Q,R,False,Q103R
tr|A0A674IWZ5|A0A674IWZ5_9SAUR,257,103.0,Q,L,False,Q103L
tr|A0A8C5F2F1|A0A8C5F2F1_9SAUR,257,103.0,Q,L,False,Q103L
tr|A0A674IWZ5|A0A674IWZ5_9SAUR,258,104.0,M,C,False,M104C
tr|A0A8C5F2F1|A0A8C5F2F1_9SAUR,258,104.0,M,C,False,M104C
tr|A0AA47MXR6|A0AA47MXR6_MERPO,259,105.0,Q,A,False,Q105A
tr|A0A663N514|A0A663N514_ATHCN,259,105.0,Q,L,False,Q105L
tr|A0A663N1N3|A0A663N1N3_ATHCN,259,105.0,Q,L,False,Q105L
tr|A0A8C2TN37|A0A8C2TN37_COTJA,259,105.0,Q,L,False,Q105L
tr|A0A8V0X5B4|A0A8V0X5B4_CHICK,259,105.0,Q,L,False,Q105L
tr|A0AA47MXR6|A0AA47MXR6_MERPO,260,106.0,Q,P,False,Q106P
tr|A0A663N514|A0A663N514_ATHCN,260,106.0,Q,C,False,Q106C
tr|A0A663N1N3|A0A663N1N3_ATHCN,260,106.0,Q,C,False,Q106C
tr|A0A8C2TN37|A0A8C2TN37_COTJA,260,106.0,Q,C,False,Q106C
tr|A0A8V0X5B4|A0A8V0X5B4_CHICK,260,106.0,Q,C,False,Q106C
tr|A0AA47MXR6|A0AA47MXR6_MERPO,261,107.0,I,Q,False,I107Q
tr|A0ABM0GFX0|A0ABM0GFX0_SACKO,261,107.0,I,L,False,I107L
tr|A0ACF8DDW5|A0ACF8DDW5_ARAGI,261,107.0,I,L,False,I107L
tr|A0ACF8FNS1|A0ACF8FNS1_ARAGI,261,107.0,I,L,False,I107L
tr|A0AAD8DBY4|A0AAD8DBY4_ACIOX,261,107.0,I,L,False,I107L
tr|A0AAD8DJ01|A0AAD8DJ01_ACIOX,261,107.0,I,L,False,I107L
tr|A0A663N514|A0A663N514_ATHCN,261,107.0,I,L,False,I107L
tr|A0A663N1N3|A0A663N1N3_ATHCN,261,107.0,I,L,False,I107L
tr|A0A8C2TN37|A0A8C2TN37_COTJA,261,107.0,I,L,False,I107L
tr|A0A8V0X5B4|A0A8V0X5B4_CHICK,261,107.0,I,L,False,I107L
tr|A0AA47MXR6|A0AA47MXR6_MERPO,262,108.0,L,Q,False,L108Q
tr|A0AA47MXR6|A0AA47MXR6_MERPO,263,109.0,Q,V,False,Q109V
tr|A0A663N514|A0A663N514_ATHCN,263,109.0,Q,T,False,Q109T
tr|A0A2Y9DWJ1|A0A2Y9DWJ1_TRIMA,263,109.0,Q,L,False,Q109L
tr|A0A663N1N3|A0A663N1N3_ATHCN,263,109.0,Q,T,False,Q109T
tr|A0A8C2TN37|A0A8C2TN37_COTJA,263,109.0,Q,T,False,Q109T
tr|A0A8V0X5B4|A0A8V0X5B4_CHICK,263,109.0,Q,T,False,Q109T
tr|A0A663N514|A0A663N514_ATHCN,264,110.0,Q,R,False,Q110R
tr|A0A663N1N3|A0A663N1N3_ATHCN,264,110.0,Q,R,False,Q110R
tr|A0A8C2TN37|A0A8C2TN37_COTJA,264,110.0,Q,R,False,Q110R
tr|A0A8V0X5B4|A0A8V0X5B4_CHICK,264,110.0,Q,R,False,Q110R
tr|A0AA47MXR6|A0AA47MXR6_MERPO,265,111.0,Q,P,False,Q111P
tr|A0A663N514|A0A663N514_ATHCN,265,111.0,Q,G,False,Q111G
tr|A0A663N1N3|A0A663N1N3_ATHCN,265,111.0,Q,G,False,Q111G
tr|A0A8C2TN37|A0A8C2TN37_COTJA,265,111.0,Q,V,False,Q111V
tr|A0A8V0X5B4|A0A8V0X5B4_CHICK,265,111.0,Q,V,False,Q111V
tr|A0AA47MXR6|A0AA47MXR6_MERPO,266,112.0,V,P,False,V112P
tr|A0A2Y9DWJ1|A0A2Y9DWJ1_TRIMA,266,112.0,V,S,False,V112S
tr|A0A663N514|A0A663N514_ATHCN,267,113.0,L,F,False,L113F
tr|A0ABM0GFX0|A0ABM0GFX0_SACKO,268,114.0,S,T,False,S114T
tr|A0A663N514|A0A663N514_ATHCN,268,114.0,S,V,False,S114V
tr|T1PTW0|T1PTW0_9SAUR,268,114.0,S,T,False,S114T
tr|A0AA47MXR6|A0AA47MXR6_MERPO,269,115.0,P,A,False,P115A
tr|A0A663N514|A0A663N514_ATHCN,269,115.0,P,D,False,P115D
tr|A0AA47MXR6|A0AA47MXR6_MERPO,270,116.0,Q,S,False,Q116S
tr|A0A663N514|A0A663N514_ATHCN,270,116.0,Q,A,False,Q116A
tr|A0A663N514|A0A663N514_ATHCN,271,117.0,Q,C,False,Q117C
tr|A0A803VX31|A0A803VX31_FICAL,272,118.0,L,Q,False,L118Q
tr|A0A663N514|A0A663N514_ATHCN,272,118.0,L,A,False,L118A
tr|A0A2Y9DWJ1|A0A2Y9DWJ1_TRIMA,272,118.0,L,Q,False,L118Q
tr|A0A803VX31|A0A803VX31_FICAL,273,119.0,Q,L,False,Q119L
tr|A0A663N514|A0A663N514_ATHCN,273,119.0,Q,L,False,Q119L
tr|A0ABM0GFX0|A0ABM0GFX0_SACKO,278,120.0,A,Q,False,A120Q
tr|A0A8C2TN39|A0A8C2TN39_COTJA,278,120.0,A,C,False,A120C
tr|A0A8C2TN55|A0A8C2TN55_COTJA,278,120.0,A,C,False,A120C
tr|A0A8C5M8V1|A0A8C5M8V1_9ANUR,278,120.0,A,C,False,A120C
tr|A0A663N514|A0A663N514_ATHCN,278,120.0,A,C,False,A120C
tr|A0A8C5M8V1|A0A8C5M8V1_9ANUR,279,121.0,L,I,False,L121I
tr|A0A663N514|A0A663N514_ATHCN,279,121.0,L,T,False,L121T
tr|A0A2Y9DWJ1|A0A2Y9DWJ1_TRIMA,279,121.0,L,Q,False,L121Q
tr|A0ABM0GFX0|A0ABM0GFX0_SACKO,280,122.0,L,I,False,L122I
tr|A0A8C5M8V1|A0A8C5M8V1_9ANUR,280,122.0,L,C,False,L122C
tr|A0A663N1N3|A0A663N1N3_ATHCN,280,122.0,L,F,False,L122F
tr|A0A8C2TN37|A0A8C2TN37_COTJA,280,122.0,L,F,False,L122F
tr|A0A8V0X5B4|A0A8V0X5B4_CHICK,280,122.0,L,C,False,L122C
tr|A0A8C2TN39|A0A8C2TN39_COTJA,281,123.0,Q,T,False,Q123T
tr|A0A8C2TN55|A0A8C2TN55_COTJA,281,123.0,Q,T,False,Q123T
tr|A0A8C5M8V1|A0A8C5M8V1_9ANUR,281,123.0,Q,V,False,Q123V
tr|A0A663N514|A0A663N514_ATHCN,281,123.0,Q,T,False,Q123T
tr|A0A2Y9DWJ1|A0A2Y9DWJ1_TRIMA,281,123.0,Q,L,False,Q123L
tr|A0A663N1N3|A0A663N1N3_ATHCN,281,123.0,Q,V,False,Q123V
tr|A0A8C2TN37|A0A8C2TN37_COTJA,281,123.0,Q,K,False,Q123K
tr|A0A8V0X5B4|A0A8V0X5B4_CHICK,281,123.0,Q,V,False,Q123V
tr|A0ABM0GFX0|A0ABM0GFX0_SACKO,282,124.0,Q,T,False,Q124T
tr|A0A8C2TN39|A0A8C2TN39_COTJA,282,124.0,Q,R,False,Q124R
tr|A0A8C2TN55|A0A8C2TN55_COTJA,282,124.0,Q,R,False,Q124R
tr|A0A8C5M8V1|A0A8C5M8V1_9ANUR,282,124.0,Q,I,False,Q124I
tr|A0A663N514|A0A663N514_ATHCN,282,124.0,Q,Y,False,Q124Y
tr|A0A663N1N3|A0A663N1N3_ATHCN,282,124.0,Q,D,False,Q124D
tr|A0A8C2TN37|A0A8C2TN37_COTJA,282,124.0,Q,M,False,Q124M
tr|A0A8V0X5B4|A0A8V0X5B4_CHICK,282,124.0,Q,S,False,Q124S
tr|A0A8C2TN39|A0A8C2TN39_COTJA,283,125.0,Q,V,False,Q125V
tr|A0A8C2TN55|A0A8C2TN55_COTJA,283,125.0,Q,V,False,Q125V
tr|A0A8C5M8V1|A0A8C5M8V1_9ANUR,283,125.0,Q,L,False,Q125L
tr|A0A663N514|A0A663N514_ATHCN,283,125.0,Q,R,False,Q125R
tr|A0A663N1N3|A0A663N1N3_ATHCN,283,125.0,Q,A,False,Q125A
tr|A0A8C2TN39|A0A8C2TN39_COTJA,284,126.0,Q,V,False,Q126V
tr|A0A8C2TN55|A0A8C2TN55_COTJA,284,126.0,Q,V,False,Q126V
tr|A0A8C5M8V1|A0A8C5M8V1_9ANUR,284,126.0,Q,S,False,Q126S
tr|A0A663N514|A0A663N514_ATHCN,284,126.0,Q,R,False,Q126R
tr|A0A663N1N3|A0A663N1N3_ATHCN,284,126.0,Q,C,False,Q126C
tr|A0ABM0GFX0|A0ABM0GFX0_SACKO,285,127.0,A,Q,False,A127Q
tr|A0A8C2TN39|A0A8C2TN39_COTJA,285,127.0,A,C,False,A127C
tr|A0A8C2TN55|A0A8C2TN55_COTJA,285,127.0,A,F,False,A127F
tr|A0A8C5M8V1|A0A8C5M8V1_9ANUR,285,127.0,A,S,False,A127S
tr|A0A663N514|A0A663N514_ATHCN,285,127.0,A,L,False,A127L
tr|A0A803WA84|A0A803WA84_FICAL,285,127.0,A,S,False,A127S
tr|A0A803VVV3|A0A803VVV3_FICAL,285,127.0,A,S,False,A127S
tr|A0A8C3V2Y9|A0A8C3V2Y9_CATUS,285,127.0,A,S,False,A127S
tr|A0ABM0GFX0|A0ABM0GFX0_SACKO,286,128.0,V,A,False,V128A
tr|A0A8C2TN55|A0A8C2TN55_COTJA,286,128.0,V,K,False,V128K
tr|A0A8C5M8V1|A0A8C5M8V1_9ANUR,286,128.0,V,K,False,V128K
tr|A0A663N514|A0A663N514_ATHCN,286,128.0,V,Q,False,V128Q
tr|A0A663N1N3|A0A663N1N3_ATHCN,286,128.0,V,L,False,V128L
tr|A0A8C4LJ36|A0A8C4LJ36_EQUAS,286,128.0,V,K,False,V128K
tr|A0ABM0GFX0|A0ABM0GFX0_SACKO,287,129.0,M,L,False,M129L
tr|A0A8C5M8V1|A0A8C5M8V1_9ANUR,287,129.0,M,W,False,M129W
tr|A0A663N514|A0A663N514_ATHCN,287,129.0,M,A,False,M129A
tr|A0A2Y9DWJ1|A0A2Y9DWJ1_TRIMA,287,129.0,M,A,False,M129A
tr|A0A8C4LJ36|A0A8C4LJ36_EQUAS,287,129.0,M,W,False,M129W
tr|A0A8C2TN55|A0A8C2TN55_COTJA,288,130.0,L,V,False,L130V
tr|A0A8C5M8V1|A0A8C5M8V1_9ANUR,288,130.0,L,F,False,L130F
tr|A0A663N514|A0A663N514_ATHCN,288,130.0,L,C,False,L130C
tr|A0A8C4LJ36|A0A8C4LJ36_EQUAS,288,130.0,L,F,False,L130F
tr|A0A8C5M8V1|A0A8C5M8V1_9ANUR,289,131.0,Q,I,False,Q131I
tr|A0A663N514|A0A663N514_ATHCN,289,131.0,Q,M,False,Q131M
tr|A0A8C3UXT3|A0A8C3UXT3_CATUS,289,131.0,Q,I,False,Q131I
tr|A0A663N1N3|A0A663N1N3_ATHCN,289,131.0,Q,Y,False,Q131Y
tr|A0A8C4LJ36|A0A8C4LJ36_EQUAS,289,131.0,Q,I,False,Q131I
tr|A0A8C0U7Z2|A0A8C0U7Z2_CYACU,289,131.0,Q,L,False,Q131L
tr|A0A663N514|A0A663N514_ATHCN,290,132.0,Q,L,False,Q132L
tr|A0A2Y9DWJ1|A0A2Y9DWJ1_TRIMA,290,132.0,Q,L,False,Q132L
tr|A0A8C0U7Z2|A0A8C0U7Z2_CYACU,290,132.0,Q,K,False,Q132K
tr|A0AA47MXR6|A0AA47MXR6_MERPO,316,133.0,Q,L,False,Q133L
tr|A0ABM0GFX0|A0ABM0GFX0_SACKO,316,133.0,Q,A,False,Q133A
tr|G3SFK7|G3SFK7_GORGO,316,133.0,Q,D,False,Q133D
tr|A0A8C2TN37|A0A8C2TN37_COTJA,316,133.0,Q,S,False,Q133S
tr|A0A663N507|A0A663N507_ATHCN,316,133.0,Q,V,False,Q133V
tr|A0A663N1P3|A0A663N1P3_ATHCN,316,133.0,Q,A,False,Q133A
tr|A0A803V0S5|A0A803V0S5_FICAL,316,133.0,Q,V,False,Q133V
tr|A0A8C2TQ55|A0A8C2TQ55_COTJA,316,133.0,Q,R,False,Q133R
tr|A0A663N4U8|A0A663N4U8_ATHCN,316,133.0,Q,W,False,Q133W
tr|A0AA47MXR6|A0AA47MXR6_MERPO,317,134.0,Q,L,False,Q134L
tr|A0ABM0GFX0|A0ABM0GFX0_SACKO,317,134.0,Q,H,False,Q134H
tr|A0A6J2V203|A0A6J2V203_CHACN,317,134.0,Q,H,False,Q134H
tr|A0AAD8DBY4|A0AAD8DBY4_ACIOX,317,134.0,Q,H,False,Q134H
tr|A0AAD8DJ01|A0AAD8DJ01_ACIOX,317,134.0,Q,H,False,Q134H
tr|A0A8C2TN55|A0A8C2TN55_COTJA,317,134.0,Q,Y,False,Q134Y
tr|G3SFK7|G3SFK7_GORGO,317,134.0,Q,F,False,Q134F
tr|A0A2Y9DWJ1|A0A2Y9DWJ1_TRIMA,317,134.0,Q,V,False,Q134V
tr|A0A8C2TN37|A0A8C2TN37_COTJA,317,134.0,Q,A,False,Q134A
tr|A0A663N507|A0A663N507_ATHCN,317,134.0,Q,M,False,Q134M
tr|A0A663N1P3|A0A663N1P3_ATHCN,317,134.0,Q,L,False,Q134L
tr|A0A803V0S5|A0A803V0S5_FICAL,317,134.0,Q,M,False,Q134M
tr|A0A8C2TQ55|A0A8C2TQ55_COTJA,317,134.0,Q,E,False,Q134E
tr|A0A663N4U8|A0A663N4U8_ATHCN,317,134.0,Q,T,False,Q134T
tr|A0A8C3UYW6|A0A8C3UYW6_CATUS,317,134.0,Q,R,False,Q134R
tr|A0ABM0GFX0|A0ABM0GFX0_SACKO,318,135.0,L,Q,False,L135Q
tr|A0A8C2TN55|A0A8C2TN55_COTJA,318,135.0,L,S,False,L135S
tr|A0ABM3XUF5|A0ABM3XUF5_ERIEU,318,135.0,L,Q,False,L135Q
tr|A0ABM3XUF6|A0ABM3XUF6_ERIEU,318,135.0,L,Q,False,L135Q
tr|A0AC58LU85|A0AC58LU85_CASCN,318,135.0,L,Q,False,L135Q
tr|A0ABM4IA36|A0ABM4IA36_ODOVR,318,135.0,L,Q,False,L135Q
tr|A0A8C2TN37|A0A8C2TN37_COTJA,318,135.0,L,T,False,L135T
tr|A0A663N1P3|A0A663N1P3_ATHCN,318,135.0,L,C,False,L135C
tr|A0A803V0S5|A0A803V0S5_FICAL,318,135.0,L,C,False,L135C
tr|A0A8C2TQ55|A0A8C2TQ55_COTJA,318,135.0,L,I,False,L135I
tr|A0A663N4U8|A0A663N4U8_ATHCN,318,135.0,L,G,False,L135G
tr|A0A8C3UYW6|A0A8C3UYW6_CATUS,318,135.0,L,G,False,L135G
tr|A0A0U1RQY3|A0A0U1RQY3_HUMAN,318,135.0,L,Q,False,L135Q
tr|Q6QBA2|Q6QBA2_TAEGU,318,135.0,L,Q,False,L135Q
tr|A0A8C2TN55|A0A8C2TN55_COTJA,319,136.0,Q,A,False,Q136A
tr|G3SFK7|G3SFK7_GORGO,319,136.0,Q,D,False,Q136D
tr|A0A663N507|A0A663N507_ATHCN,319,136.0,Q,V,False,Q136V
tr|A0A663N1P3|A0A663N1P3_ATHCN,319,136.0,Q,L,False,Q136L
tr|A0A803V0S5|A0A803V0S5_FICAL,319,136.0,Q,V,False,Q136V
tr|A0A8C2TQ55|A0A8C2TQ55_COTJA,319,136.0,Q,S,False,Q136S
tr|A0A663N4U8|A0A663N4U8_ATHCN,319,136.0,Q,T,False,Q136T
tr|A0A8C3UYW6|A0A8C3UYW6_CATUS,319,136.0,Q,T,False,Q136T
tr|A0AA47MXR6|A0AA47MXR6_MERPO,320,137.0,E,Q,False,E137Q
tr|A0ABM0GFX0|A0ABM0GFX0_SACKO,320,137.0,E,K,False,E137K
tr|A0A8C2TN55|A0A8C2TN55_COTJA,320,137.0,E,T,False,E137T
tr|G3SFK7|G3SFK7_GORGO,320,137.0,E,S,False,E137S
tr|A0A2Y9DWJ1|A0A2Y9DWJ1_TRIMA,320,137.0,E,M,False,E137M
tr|A0A663N507|A0A663N507_ATHCN,320,137.0,E,T,False,E137T
tr|A0A803V0S5|A0A803V0S5_FICAL,320,137.0,E,T,False,E137T
tr|A0A8C2TQ55|A0A8C2TQ55_COTJA,320,137.0,E,W,False,E137W
tr|A0A663N4U8|A0A663N4U8_ATHCN,320,137.0,E,L,False,E137L
tr|A0A8C3UYW6|A0A8C3UYW6_CATUS,320,137.0,E,F,False,E137F
tr|Q6QBA2|Q6QBA2_TAEGU,320,137.0,E,Q,False,E137Q
tr|A0AA47MXR6|A0AA47MXR6_MERPO,321,138.0,F,L,False,F138L
tr|A0ABM0GFX0|A0ABM0GFX0_SACKO,321,138.0,F,I,False,F138I
tr|A0A8C2TN55|A0A8C2TN55_COTJA,321,138.0,F,T,False,F138T
tr|G3SFK7|G3SFK7_GORGO,321,138.0,F,G,False,F138G
tr|A0A8C2TN37|A0A8C2TN37_COTJA,321,138.0,F,T,False,F138T
tr|A0A663N507|A0A663N507_ATHCN,321,138.0,F,C,False,F138C
tr|A0A803V0S5|A0A803V0S5_FICAL,321,138.0,F,C,False,F138C
tr|A0A663N4U8|A0A663N4U8_ATHCN,321,138.0,F,P,False,F138P
tr|A0A8C3UYW6|A0A8C3UYW6_CATUS,321,138.0,F,L,False,F138L
tr|Q6QBA2|Q6QBA2_TAEGU,321,138.0,F,Q,False,F138Q
tr|A0ABM0GFX0|A0ABM0GFX0_SACKO,322,139.0,Y,Q,False,Y139Q
tr|A0A8C2TN39|A0A8C2TN39_COTJA,322,139.0,Y,S,False,Y139S
tr|A0A8C2TN55|A0A8C2TN55_COTJA,322,139.0,Y,T,False,Y139T
tr|G3SFK7|G3SFK7_GORGO,322,139.0,Y,L,False,Y139L
tr|A0A8C2TN37|A0A8C2TN37_COTJA,322,139.0,Y,T,False,Y139T
tr|A0A663N507|A0A663N507_ATHCN,322,139.0,Y,F,False,Y139F
tr|A0A803V0S5|A0A803V0S5_FICAL,322,139.0,Y,F,False,Y139F
tr|A0A663N4U8|A0A663N4U8_ATHCN,322,139.0,Y,Q,False,Y139Q
tr|A0A8C3UYW6|A0A8C3UYW6_CATUS,322,139.0,Y,E,False,Y139E
tr|Q6QBA2|Q6QBA2_TAEGU,322,139.0,Y,Q,False,Y139Q
tr|A0ABM0GFX0|A0ABM0GFX0_SACKO,323,140.0,K,H,False,K140H
tr|A0A8C2TN39|A0A8C2TN39_COTJA,323,140.0,K,L,False,K140L
tr|A0A8C2TN55|A0A8C2TN55_COTJA,323,140.0,K,R,False,K140R
tr|G3SFK7|G3SFK7_GORGO,323,140.0,K,E,False,K140E
tr|A0A2Y9DWJ1|A0A2Y9DWJ1_TRIMA,323,140.0,K,L,False,K140L
tr|A0A8C2TN37|A0A8C2TN37_COTJA,323,140.0,K,R,False,K140R
tr|A0A6J0HH27|A0A6J0HH27_9PASS,323,140.0,K,L,False,K140L
tr|A0A663N507|A0A663N507_ATHCN,323,140.0,K,G,False,K140G
tr|A0A803V0S5|A0A803V0S5_FICAL,323,140.0,K,G,False,K140G
tr|A0A8C2TQ55|A0A8C2TQ55_COTJA,323,140.0,K,I,False,K140I
tr|A0A663N4U8|A0A663N4U8_ATHCN,323,140.0,K,T,False,K140T
tr|A0A8C3UYW6|A0A8C3UYW6_CATUS,323,140.0,K,T,False,K140T
tr|A0A6J0HIE4|A0A6J0HIE4_9PASS,323,140.0,K,L,False,K140L
tr|A0ABM0GFX0|A0ABM0GFX0_SACKO,324,141.0,K,Q,False,K141Q
tr|A0A8C2TN39|A0A8C2TN39_COTJA,324,141.0,K,V,False,K141V
tr|A0A8C2TN55|A0A8C2TN55_COTJA,324,141.0,K,V,False,K141V
tr|G3SFK7|G3SFK7_GORGO,324,141.0,K,N,False,K141N
tr|A0A8C2TN37|A0A8C2TN37_COTJA,324,141.0,K,V,False,K141V
tr|A0A663N507|A0A663N507_ATHCN,324,141.0,K,P,False,K141P
tr|A0A803V0S5|A0A803V0S5_FICAL,324,141.0,K,L,False,K141L
tr|A0A8C2TQ55|A0A8C2TQ55_COTJA,324,141.0,K,S,False,K141S
tr|A0A663N4U8|A0A663N4U8_ATHCN,324,141.0,K,L,False,K141L
tr|A0A8C3UYW6|A0A8C3UYW6_CATUS,324,141.0,K,L,False,K141L
tr|A0A6J0HIE4|A0A6J0HIE4_9PASS,324,141.0,K,Q,False,K141Q
tr|A0AA47MXR6|A0AA47MXR6_MERPO,325,142.0,Q,H,False,Q142H
tr|A0ABM0GFX0|A0ABM0GFX0_SACKO,325,142.0,Q,L,False,Q142L
tr|A0A8C2TN39|A0A8C2TN39_COTJA,325,142.0,Q,L,False,Q142L
tr|A0A8C2TN55|A0A8C2TN55_COTJA,325,142.0,Q,L,False,Q142L
tr|G3SFK7|G3SFK7_GORGO,325,142.0,Q,F,False,Q142F
tr|A0A8C2TN37|A0A8C2TN37_COTJA,325,142.0,Q,L,False,Q142L
tr|A0A663N507|A0A663N507_ATHCN,325,142.0,Q,L,False,Q142L
tr|A0A663N1P3|A0A663N1P3_ATHCN,325,142.0,Q,L,False,Q142L
tr|A0A803V0S5|A0A803V0S5_FICAL,325,142.0,Q,L,False,Q142L
tr|A0A8C2TQ55|A0A8C2TQ55_COTJA,325,142.0,Q,G,False,Q142G
tr|A0A663N4U8|A0A663N4U8_ATHCN,325,142.0,Q,C,False,Q142C
tr|A0A8C3UYW6|A0A8C3UYW6_CATUS,325,142.0,Q,G,False,Q142G
tr|G3SFK7|G3SFK7_GORGO,326,143.0,Q,R,False,Q143R
tr|A0A663N507|A0A663N507_ATHCN,326,143.0,Q,A,False,Q143A
tr|A0A663N1P3|A0A663N1P3_ATHCN,326,143.0,Q,T,False,Q143T
tr|A0A803V0S5|A0A803V0S5_FICAL,326,143.0,Q,A,False,Q143A
tr|A0AA47MXR6|A0AA47MXR6_MERPO,327,144.0,E,Q,False,E144Q
tr|G3SFK7|G3SFK7_GORGO,327,144.0,E,A,False,E144A
tr|A0A663N507|A0A663N507_ATHCN,327,144.0,E,Q,False,E144Q
tr|A0A663N1P3|A0A663N1P3_ATHCN,327,144.0,E,R,False,E144R
tr|A0A803V0S5|A0A803V0S5_FICAL,327,144.0,E,Q,False,E144Q
tr|G3SFK7|G3SFK7_GORGO,328,145.0,Q,A,False,Q145A
tr|A0A8C2TQ46|A0A8C2TQ46_COTJA,328,145.0,Q,G,False,Q145G
tr|A0A8V0XB36|A0A8V0XB36_CHICK,328,145.0,Q,G,False,Q145G
tr|A0A663N507|A0A663N507_ATHCN,328,145.0,Q,G,False,Q145G
tr|A0A663N1P3|A0A663N1P3_ATHCN,328,145.0,Q,G,False,Q145G
tr|A0A803V0S5|A0A803V0S5_FICAL,328,145.0,Q,G,False,Q145G
tr|A0ABM0GFX0|A0ABM0GFX0_SACKO,329,146.0,L,M,False,L146M
tr|A0ABQ9CS58|A0ABQ9CS58_9PASS,329,146.0,L,Q,False,L146Q
tr|A0A2Y9DWJ1|A0A2Y9DWJ1_TRIMA,329,146.0,L,Q,False,L146Q
tr|A0A663N507|A0A663N507_ATHCN,329,146.0,L,I,False,L146I
tr|A0A803V0S5|A0A803V0S5_FICAL,329,146.0,L,I,False,L146I
tr|A0AA47MXR6|A0AA47MXR6_MERPO,330,147.0,H,Q,False,H147Q
tr|A0ABM0GFX0|A0ABM0GFX0_SACKO,330,147.0,H,Q,False,H147Q
tr|G3SFK7|G3SFK7_GORGO,330,147.0,H,E,False,H147E
tr|A0ABQ9CS58|A0ABQ9CS58_9PASS,330,147.0,H,E,False,H147E
tr|G3SFK7|G3SFK7_GORGO,331,148.0,L,K,False,L148K
tr|A0ABQ9CS58|A0ABQ9CS58_9PASS,331,148.0,L,Q,False,L148Q
tr|A0A663N507|A0A663N507_ATHCN,331,148.0,L,T,False,L148T
tr|A0A803V0S5|A0A803V0S5_FICAL,331,148.0,L,K,False,L148K
tr|G3SFK7|G3SFK7_GORGO,332,149.0,Q,N,False,Q149N
tr|A0ABQ9CS58|A0ABQ9CS58_9PASS,332,149.0,Q,L,False,Q149L
tr|A0A8C2TQ46|A0A8C2TQ46_COTJA,332,149.0,Q,R,False,Q149R
tr|A0A8V0XB36|A0A8V0XB36_CHICK,332,149.0,Q,R,False,Q149R
tr|A0A663N507|A0A663N507_ATHCN,332,149.0,Q,S,False,Q149S
tr|A0A803V0S5|A0A803V0S5_FICAL,332,149.0,Q,N,False,Q149N
tr|A0ABQ9CS58|A0ABQ9CS58_9PASS,333,150.0,L,H,False,L150H
tr|G1PTL9|G1PTL9_MYOLU,333,150.0,L,Q,False,L150Q
tr|A0A663N507|A0A663N507_ATHCN,333,150.0,L,V,False,L150V
tr|A0A803V0S5|A0A803V0S5_FICAL,333,150.0,L,V,False,L150V
tr|A0AA47MXR6|A0AA47MXR6_MERPO,334,151.0,L,P,False,L151P
tr|G1PTL9|G1PTL9_MYOLU,334,151.0,L,Q,False,L151Q
tr|A0A663N507|A0A663N507_ATHCN,334,151.0,L,S,False,L151S
tr|A0A803V0S5|A0A803V0S5_FICAL,334,151.0,L,S,False,L151S
tr|A0AA47MXR6|A0AA47MXR6_MERPO,335,152.0,Q,H,False,Q152H
tr|A0ABQ9CS58|A0ABQ9CS58_9PASS,336,153.0,Q,L,False,Q153L
tr|A0A663N507|A0A663N507_ATHCN,336,153.0,Q,I,False,Q153I
tr|A0A6J3EI75|A0A6J3EI75_AYTFU,336,153.0,Q,L,False,Q153L
tr|A0A803V0S5|A0A803V0S5_FICAL,336,153.0,Q,I,False,Q153I
tr|A0AA47MXR6|A0AA47MXR6_MERPO,337,154.0,Q,H,False,Q154H
tr|A0ACF8DDW5|A0ACF8DDW5_ARAGI,337,154.0,Q,T,False,Q154T
tr|A0ABQ9CS58|A0ABQ9CS58_9PASS,337,154.0,Q,L,False,Q154L
tr|A0A2Y9DWJ1|A0A2Y9DWJ1_TRIMA,337,154.0,Q,L,False,Q154L
tr|A0A663N507|A0A663N507_ATHCN,337,154.0,Q,L,False,Q154L
tr|A0A6J3EI75|A0A6J3EI75_AYTFU,337,154.0,Q,L,False,Q154L
tr|A0A803V0S5|A0A803V0S5_FICAL,337,154.0,Q,L,False,Q154L
tr|A0A6P8VIH1|A0A6P8VIH1_GYMAC,338,155.0,Q,H,False,Q155H
tr|A0A2I4BXB8|A0A2I4BXB8_AUSLI,338,155.0,Q,H,False,Q155H
tr|A0A2I4BXF7|A0A2I4BXF7_AUSLI,338,155.0,Q,H,False,Q155H
tr|A0A2I4BXC1|A0A2I4BXC1_AUSLI,338,155.0,Q,H,False,Q155H
tr|A0A2I4BXC7|A0A2I4BXC7_AUSLI,338,155.0,Q,H,False,Q155H
tr|A0ABV1A463|A0ABV1A463_9TELE,338,155.0,Q,H,False,Q155H
tr|A0AAV9S7N1|A0AAV9S7N1_9TELE,338,155.0,Q,H,False,Q155H
tr|A0ABV0TT83|A0ABV0TT83_9TELE,338,155.0,Q,H,False,Q155H
tr|A0A6P7NA03|A0A6P7NA03_BETSP,338,155.0,Q,H,False,Q155H
tr|A0A9W2XZU5|A0A9W2XZU5_BETSP,338,155.0,Q,H,False,Q155H
tr|A0A6P7NFA4|A0A6P7NFA4_BETSP,338,155.0,Q,H,False,Q155H
tr|A0A9W2XZJ7|A0A9W2XZJ7_BETSP,338,155.0,Q,H,False,Q155H
tr|A0A6P7NA07|A0A6P7NA07_BETSP,338,155.0,Q,H,False,Q155H
tr|A0A6P7NE39|A0A6P7NE39_BETSP,338,155.0,Q,H,False,Q155H
tr|A0A6J2S884|A0A6J2S884_COTGO,338,155.0,Q,H,False,Q155H
tr|A0A6P7I2Q9|A0A6P7I2Q9_9TELE,338,155.0,Q,H,False,Q155H
tr|A0A6P7HH59|A0A6P7HH59_9TELE,338,155.0,Q,H,False,Q155H
tr|A0A6P7HWN0|A0A6P7HWN0_9TELE,338,155.0,Q,H,False,Q155H
tr|A0A9Y4NB67|A0A9Y4NB67_9TELE,338,155.0,Q,H,False,Q155H
tr|A0A9Y6LYW8|A0A9Y6LYW8_9CICH,338,155.0,Q,H,False,Q155H
tr|A0A9Y3R1R7|A0A9Y3R1R7_9CICH,338,155.0,Q,H,False,Q155H
tr|A0AC36JJL6|A0AC36JJL6_9CICH,338,155.0,Q,H,False,Q155H
tr|A0ACF8DDW5|A0ACF8DDW5_ARAGI,338,155.0,Q,H,False,Q155H
tr|A0A6J2V203|A0A6J2V203_CHACN,338,155.0,Q,H,False,Q155H
tr|A0AAD8DBY4|A0AAD8DBY4_ACIOX,338,155.0,Q,H,False,Q155H
tr|A0AAD8DJ01|A0AAD8DJ01_ACIOX,338,155.0,Q,H,False,Q155H
tr|A0A1S3FFW0|A0A1S3FFW0_DIPOR,338,155.0,Q,H,False,Q155H
tr|A0A1S3FHJ1|A0A1S3FHJ1_DIPOR,338,155.0,Q,H,False,Q155H
tr|A0A9B0WKY6|A0A9B0WKY6_CHRAS,338,155.0,Q,H,False,Q155H
tr|A0A6P3QUU2|A0A6P3QUU2_PTEVA,338,155.0,Q,H,False,Q155H
tr|A0A6P3R3E3|A0A6P3R3E3_PTEVA,338,155.0,Q,H,False,Q155H
tr|A0A6P6IBH3|A0A6P6IBH3_PUMCO,338,155.0,Q,H,False,Q155H
tr|A0A2Y9DXW8|A0A2Y9DXW8_TRIMA,338,155.0,Q,H,False,Q155H
tr|A0A2Y9FYP5|A0A2Y9FYP5_TRIMA,338,155.0,Q,H,False,Q155H
tr|A0A663N507|A0A663N507_ATHCN,338,155.0,Q,W,False,Q155W
tr|A0A803V0S5|A0A803V0S5_FICAL,338,155.0,Q,W,False,Q155W
tr|A0A9B0WLM4|A0A9B0WLM4_CHRAS,338,155.0,Q,H,False,Q155H
tr|A0A6P3RA83|A0A6P3RA83_PTEVA,338,155.0,Q,H,False,Q155H
tr|A0A2Y9DWZ0|A0A2Y9DWZ0_TRIMA,338,155.0,Q,H,False,Q155H
tr|A0A6P6IA61|A0A6P6IA61_PUMCO,338,155.0,Q,H,False,Q155H
tr|A0A341CG67|A0A341CG67_NEOAA,338,155.0,Q,H,False,Q155H
tr|A0A341CHW5|A0A341CHW5_NEOAA,338,155.0,Q,H,False,Q155H
tr|A0A8M1MQ91|A0A8M1MQ91_NEOSC,338,155.0,Q,H,False,Q155H
tr|A0A2U3WID5|A0A2U3WID5_ODORO,338,155.0,Q,H,False,Q155H
tr|A0A2U3WID8|A0A2U3WID8_ODORO,338,155.0,Q,H,False,Q155H
tr|A0A8M1MS54|A0A8M1MS54_NEOSC,338,155.0,Q,H,False,Q155H
tr|A0AA47MXR6|A0AA47MXR6_MERPO,339,156.0,Q,P,False,Q156P
tr|A0A6P8VIH1|A0A6P8VIH1_GYMAC,339,156.0,Q,P,False,Q156P
tr|A0A2I4BXB8|A0A2I4BXB8_AUSLI,339,156.0,Q,P,False,Q156P
tr|A0A2I4BXF7|A0A2I4BXF7_AUSLI,339,156.0,Q,P,False,Q156P
tr|A0A2I4BXC1|A0A2I4BXC1_AUSLI,339,156.0,Q,P,False,Q156P
tr|A0A2I4BXC7|A0A2I4BXC7_AUSLI,339,156.0,Q,P,False,Q156P
tr|A0ABV1A463|A0ABV1A463_9TELE,339,156.0,Q,P,False,Q156P
tr|A0AAV9S7N1|A0AAV9S7N1_9TELE,339,156.0,Q,P,False,Q156P
tr|A0ABV0TT83|A0ABV0TT83_9TELE,339,156.0,Q,P,False,Q156P
tr|A0A6P7NA03|A0A6P7NA03_BETSP,339,156.0,Q,P,False,Q156P
tr|A0A9W2XZU5|A0A9W2XZU5_BETSP,339,156.0,Q,P,False,Q156P
tr|A0A6P7NFA4|A0A6P7NFA4_BETSP,339,156.0,Q,P,False,Q156P
tr|A0A9W2XZJ7|A0A9W2XZJ7_BETSP,339,156.0,Q,P,False,Q156P
tr|A0A6P7NA07|A0A6P7NA07_BETSP,339,156.0,Q,P,False,Q156P
tr|A0A6P7NE39|A0A6P7NE39_BETSP,339,156.0,Q,P,False,Q156P
tr|A0A6J2S884|A0A6J2S884_COTGO,339,156.0,Q,P,False,Q156P
tr|A0A6P7I2Q9|A0A6P7I2Q9_9TELE,339,156.0,Q,P,False,Q156P
tr|A0A6P7HH59|A0A6P7HH59_9TELE,339,156.0,Q,P,False,Q156P
tr|A0A6P7HWN0|A0A6P7HWN0_9TELE,339,156.0,Q,P,False,Q156P
tr|A0A9Y4NB67|A0A9Y4NB67_9TELE,339,156.0,Q,P,False,Q156P
tr|A0A9Y6LYW8|A0A9Y6LYW8_9CICH,339,156.0,Q,P,False,Q156P
tr|A0A9Y3R1R7|A0A9Y3R1R7_9CICH,339,156.0,Q,P,False,Q156P
tr|A0AC36JJL6|A0AC36JJL6_9CICH,339,156.0,Q,P,False,Q156P
tr|A0ACF8DDW5|A0ACF8DDW5_ARAGI,339,156.0,Q,P,False,Q156P
tr|A0A6J2V203|A0A6J2V203_CHACN,339,156.0,Q,P,False,Q156P
tr|A0AAD8DBY4|A0AAD8DBY4_ACIOX,339,156.0,Q,P,False,Q156P
tr|A0AAD8DJ01|A0AAD8DJ01_ACIOX,339,156.0,Q,P,False,Q156P
tr|A0A1S3FFW0|A0A1S3FFW0_DIPOR,339,156.0,Q,F,False,Q156F
tr|A0A1S3FHJ1|A0A1S3FHJ1_DIPOR,339,156.0,Q,F,False,Q156F
tr|A0A9B0WKY6|A0A9B0WKY6_CHRAS,339,156.0,Q,P,False,Q156P
tr|A0A6P3QUU2|A0A6P3QUU2_PTEVA,339,156.0,Q,P,False,Q156P
tr|A0A6P3R3E3|A0A6P3R3E3_PTEVA,339,156.0,Q,P,False,Q156P
tr|A0A6P6IBH3|A0A6P6IBH3_PUMCO,339,156.0,Q,P,False,Q156P
tr|A0A2Y9DXW8|A0A2Y9DXW8_TRIMA,339,156.0,Q,P,False,Q156P
tr|A0A2Y9FYP5|A0A2Y9FYP5_TRIMA,339,156.0,Q,P,False,Q156P
tr|A0A663N507|A0A663N507_ATHCN,339,156.0,Q,V,False,Q156V
tr|A0A663N1P3|A0A663N1P3_ATHCN,339,156.0,Q,V,False,Q156V
tr|A0A803V0S5|A0A803V0S5_FICAL,339,156.0,Q,S,False,Q156S
tr|A0AA47MXR6|A0AA47MXR6_MERPO,340,157.0,Q,N,False,Q157N
tr|A0A6P8VIH1|A0A6P8VIH1_GYMAC,340,157.0,Q,G,False,Q157G
tr|A0A2I4BXB8|A0A2I4BXB8_AUSLI,340,157.0,Q,G,False,Q157G
tr|A0A2I4BXF7|A0A2I4BXF7_AUSLI,340,157.0,Q,G,False,Q157G
tr|A0A2I4BXC1|A0A2I4BXC1_AUSLI,340,157.0,Q,G,False,Q157G
tr|A0A2I4BXC7|A0A2I4BXC7_AUSLI,340,157.0,Q,G,False,Q157G
tr|A0ABV1A463|A0ABV1A463_9TELE,340,157.0,Q,G,False,Q157G
tr|A0AAV9S7N1|A0AAV9S7N1_9TELE,340,157.0,Q,G,False,Q157G
tr|A0ABV0TT83|A0ABV0TT83_9TELE,340,157.0,Q,G,False,Q157G
tr|A0A6P7NA03|A0A6P7NA03_BETSP,340,157.0,Q,G,False,Q157G
tr|A0A9W2XZU5|A0A9W2XZU5_BETSP,340,157.0,Q,G,False,Q157G
tr|A0A6P7NFA4|A0A6P7NFA4_BETSP,340,157.0,Q,G,False,Q157G
tr|A0A9W2XZJ7|A0A9W2XZJ7_BETSP,340,157.0,Q,G,False,Q157G
tr|A0A6P7NA07|A0A6P7NA07_BETSP,340,157.0,Q,G,False,Q157G
tr|A0A6P7NE39|A0A6P7NE39_BETSP,340,157.0,Q,G,False,Q157G
tr|A0A6J2S884|A0A6J2S884_COTGO,340,157.0,Q,G,False,Q157G
tr|A0A6P7I2Q9|A0A6P7I2Q9_9TELE,340,157.0,Q,G,False,Q157G
tr|A0A6P7HH59|A0A6P7HH59_9TELE,340,157.0,Q,G,False,Q157G
tr|A0A6P7HWN0|A0A6P7HWN0_9TELE,340,157.0,Q,G,False,Q157G
tr|A0A9Y4NB67|A0A9Y4NB67_9TELE,340,157.0,Q,G,False,Q157G
tr|A0A9Y6LYW8|A0A9Y6LYW8_9CICH,340,157.0,Q,G,False,Q157G
tr|A0A9Y3R1R7|A0A9Y3R1R7_9CICH,340,157.0,Q,G,False,Q157G
tr|A0AC36JJL6|A0AC36JJL6_9CICH,340,157.0,Q,G,False,Q157G
tr|A0ACF8DDW5|A0ACF8DDW5_ARAGI,340,157.0,Q,G,False,Q157G
tr|A0A6J2V203|A0A6J2V203_CHACN,340,157.0,Q,S,False,Q157S
tr|A0AAD8DBY4|A0AAD8DBY4_ACIOX,340,157.0,Q,G,False,Q157G
tr|A0AAD8DJ01|A0AAD8DJ01_ACIOX,340,157.0,Q,G,False,Q157G
tr|A0A1S3FFW0|A0A1S3FFW0_DIPOR,340,157.0,Q,G,False,Q157G
tr|A0A1S3FHJ1|A0A1S3FHJ1_DIPOR,340,157.0,Q,G,False,Q157G
tr|A0A9B0WKY6|A0A9B0WKY6_CHRAS,340,157.0,Q,G,False,Q157G
tr|A0A6P3QUU2|A0A6P3QUU2_PTEVA,340,157.0,Q,G,False,Q157G
tr|A0A6P3R3E3|A0A6P3R3E3_PTEVA,340,157.0,Q,G,False,Q157G
tr|A0A6P6IBH3|A0A6P6IBH3_PUMCO,340,157.0,Q,G,False,Q157G
tr|A0A2Y9DXW8|A0A2Y9DXW8_TRIMA,340,157.0,Q,G,False,Q157G
tr|A0A2Y9FYP5|A0A2Y9FYP5_TRIMA,340,157.0,Q,G,False,Q157G
tr|A0A8C2TQ46|A0A8C2TQ46_COTJA,340,157.0,Q,V,False,Q157V
tr|A0A8V0XB36|A0A8V0XB36_CHICK,340,157.0,Q,V,False,Q157V
tr|A0A663N507|A0A663N507_ATHCN,340,157.0,Q,L,False,Q157L
tr|A0A663N1P3|A0A663N1P3_ATHCN,340,157.0,Q,F,False,Q157F
tr|A0A803V0S5|A0A803V0S5_FICAL,340,157.0,Q,Y,False,Q157Y
tr|A0AA47MXR6|A0AA47MXR6_MERPO,341,158.0,Q,K,False,Q158K
tr|A0A6P8VIH1|A0A6P8VIH1_GYMAC,341,158.0,Q,K,False,Q158K
tr|A0A2I4BXB8|A0A2I4BXB8_AUSLI,341,158.0,Q,K,False,Q158K
tr|A0A2I4BXF7|A0A2I4BXF7_AUSLI,341,158.0,Q,K,False,Q158K
tr|A0A2I4BXC1|A0A2I4BXC1_AUSLI,341,158.0,Q,K,False,Q158K
tr|A0A2I4BXC7|A0A2I4BXC7_AUSLI,341,158.0,Q,K,False,Q158K
tr|A0ABV1A463|A0ABV1A463_9TELE,341,158.0,Q,K,False,Q158K
tr|A0AAV9S7N1|A0AAV9S7N1_9TELE,341,158.0,Q,K,False,Q158K
tr|A0ABV0TT83|A0ABV0TT83_9TELE,341,158.0,Q,K,False,Q158K
tr|A0A6P7NA03|A0A6P7NA03_BETSP,341,158.0,Q,K,False,Q158K
tr|A0A9W2XZU5|A0A9W2XZU5_BETSP,341,158.0,Q,K,False,Q158K
tr|A0A6P7NFA4|A0A6P7NFA4_BETSP,341,158.0,Q,K,False,Q158K
tr|A0A9W2XZJ7|A0A9W2XZJ7_BETSP,341,158.0,Q,K,False,Q158K
tr|A0A6P7NA07|A0A6P7NA07_BETSP,341,158.0,Q,K,False,Q158K
tr|A0A6P7NE39|A0A6P7NE39_BETSP,341,158.0,Q,K,False,Q158K
tr|A0A6J2S884|A0A6J2S884_COTGO,341,158.0,Q,K,False,Q158K
tr|A0A6P7I2Q9|A0A6P7I2Q9_9TELE,341,158.0,Q,K,False,Q158K
tr|A0A6P7HH59|A0A6P7HH59_9TELE,341,158.0,Q,K,False,Q158K
tr|A0A6P7HWN0|A0A6P7HWN0_9TELE,341,158.0,Q,K,False,Q158K
tr|A0A9Y4NB67|A0A9Y4NB67_9TELE,341,158.0,Q,K,False,Q158K
tr|A0A9Y6LYW8|A0A9Y6LYW8_9CICH,341,158.0,Q,K,False,Q158K
tr|A0A9Y3R1R7|A0A9Y3R1R7_9CICH,341,158.0,Q,K,False,Q158K
tr|A0AC36JJL6|A0AC36JJL6_9CICH,341,158.0,Q,K,False,Q158K
tr|A0ACF8DDW5|A0ACF8DDW5_ARAGI,341,158.0,Q,K,False,Q158K
tr|A0A6J2V203|A0A6J2V203_CHACN,341,158.0,Q,K,False,Q158K
tr|A0AAD8DBY4|A0AAD8DBY4_ACIOX,341,158.0,Q,K,False,Q158K
tr|A0AAD8DJ01|A0AAD8DJ01_ACIOX,341,158.0,Q,K,False,Q158K
tr|A0A9B0WKY6|A0A9B0WKY6_CHRAS,341,158.0,Q,K,False,Q158K
tr|A0A6P3QUU2|A0A6P3QUU2_PTEVA,341,158.0,Q,K,False,Q158K
tr|A0A6P3R3E3|A0A6P3R3E3_PTEVA,341,158.0,Q,K,False,Q158K
tr|A0A6P6IBH3|A0A6P6IBH3_PUMCO,341,158.0,Q,K,False,Q158K
tr|A0A2Y9DXW8|A0A2Y9DXW8_TRIMA,341,158.0,Q,K,False,Q158K
tr|A0A2Y9FYP5|A0A2Y9FYP5_TRIMA,341,158.0,Q,K,False,Q158K
tr|A0A8C2TQ46|A0A8C2TQ46_COTJA,341,158.0,Q,L,False,Q158L
tr|A0A8V0XB36|A0A8V0XB36_CHICK,341,158.0,Q,L,False,Q158L
tr|A0A663N507|A0A663N507_ATHCN,341,158.0,Q,F,False,Q158F
tr|A0A663N1P3|A0A663N1P3_ATHCN,341,158.0,Q,V,False,Q158V
tr|A0A803V0S5|A0A803V0S5_FICAL,341,158.0,Q,F,False,Q158F
tr|A0AA47MXR6|A0AA47MXR6_MERPO,342,159.0,Q,K,False,Q159K
tr|A0A8C2TQ46|A0A8C2TQ46_COTJA,342,159.0,Q,C,False,Q159C
tr|A0A8V0XB36|A0A8V0XB36_CHICK,342,159.0,Q,C,False,Q159C
tr|A0A663N507|A0A663N507_ATHCN,342,159.0,Q,C,False,Q159C
tr|A0A663N1P3|A0A663N1P3_ATHCN,342,159.0,Q,D,False,Q159D
tr|A0A6P8VIH1|A0A6P8VIH1_GYMAC,343,160.0,Q,A,False,Q160A
tr|A0A2I4BXB8|A0A2I4BXB8_AUSLI,343,160.0,Q,A,False,Q160A
tr|A0A2I4BXF7|A0A2I4BXF7_AUSLI,343,160.0,Q,A,False,Q160A
tr|A0A2I4BXC1|A0A2I4BXC1_AUSLI,343,160.0,Q,A,False,Q160A
tr|A0A2I4BXC7|A0A2I4BXC7_AUSLI,343,160.0,Q,A,False,Q160A
tr|A0ABV1A463|A0ABV1A463_9TELE,343,160.0,Q,A,False,Q160A
tr|A0AAV9S7N1|A0AAV9S7N1_9TELE,343,160.0,Q,A,False,Q160A
tr|A0ABV0TT83|A0ABV0TT83_9TELE,343,160.0,Q,A,False,Q160A
tr|A0A6P7NA03|A0A6P7NA03_BETSP,343,160.0,Q,V,False,Q160V
tr|A0A9W2XZU5|A0A9W2XZU5_BETSP,343,160.0,Q,V,False,Q160V
tr|A0A6P7NFA4|A0A6P7NFA4_BETSP,343,160.0,Q,V,False,Q160V
tr|A0A9W2XZJ7|A0A9W2XZJ7_BETSP,343,160.0,Q,V,False,Q160V
tr|A0A6P7NA07|A0A6P7NA07_BETSP,343,160.0,Q,V,False,Q160V
tr|A0A6P7NE39|A0A6P7NE39_BETSP,343,160.0,Q,V,False,Q160V
tr|A0A6J2S884|A0A6J2S884_COTGO,343,160.0,Q,A,False,Q160A
tr|A0A6P7I2Q9|A0A6P7I2Q9_9TELE,343,160.0,Q,A,False,Q160A
tr|A0A6P7HH59|A0A6P7HH59_9TELE,343,160.0,Q,A,False,Q160A
tr|A0A6P7HWN0|A0A6P7HWN0_9TELE,343,160.0,Q,A,False,Q160A
tr|A0A9Y4NB67|A0A9Y4NB67_9TELE,343,160.0,Q,A,False,Q160A
tr|A0A9Y6LYW8|A0A9Y6LYW8_9CICH,343,160.0,Q,V,False,Q160V
tr|A0A9Y3R1R7|A0A9Y3R1R7_9CICH,343,160.0,Q,V,False,Q160V
tr|A0AC36JJL6|A0AC36JJL6_9CICH,343,160.0,Q,V,False,Q160V
tr|A0ACF8DDW5|A0ACF8DDW5_ARAGI,343,160.0,Q,V,False,Q160V
tr|A0A6P8VIH1|A0A6P8VIH1_GYMAC,344,161.0,Q,K,False,Q161K
tr|A0A2I4BXB8|A0A2I4BXB8_AUSLI,344,161.0,Q,K,False,Q161K
tr|A0A2I4BXF7|A0A2I4BXF7_AUSLI,344,161.0,Q,K,False,Q161K
tr|A0A2I4BXC1|A0A2I4BXC1_AUSLI,344,161.0,Q,K,False,Q161K
tr|A0A2I4BXC7|A0A2I4BXC7_AUSLI,344,161.0,Q,K,False,Q161K
tr|A0ABV1A463|A0ABV1A463_9TELE,344,161.0,Q,K,False,Q161K
tr|A0AAV9S7N1|A0AAV9S7N1_9TELE,344,161.0,Q,K,False,Q161K
tr|A0ABV0TT83|A0ABV0TT83_9TELE,344,161.0,Q,K,False,Q161K
tr|A0A6P7NA03|A0A6P7NA03_BETSP,344,161.0,Q,K,False,Q161K
tr|A0A9W2XZU5|A0A9W2XZU5_BETSP,344,161.0,Q,K,False,Q161K
tr|A0A6P7NFA4|A0A6P7NFA4_BETSP,344,161.0,Q,K,False,Q161K
tr|A0A9W2XZJ7|A0A9W2XZJ7_BETSP,344,161.0,Q,K,False,Q161K
tr|A0A6P7NA07|A0A6P7NA07_BETSP,344,161.0,Q,K,False,Q161K
tr|A0A6P7NE39|A0A6P7NE39_BETSP,344,161.0,Q,K,False,Q161K
tr|A0A6J2S884|A0A6J2S884_COTGO,344,161.0,Q,K,False,Q161K
tr|A0A6P7I2Q9|A0A6P7I2Q9_9TELE,344,161.0,Q,K,False,Q161K
tr|A0A6P7HH59|A0A6P7HH59_9TELE,344,161.0,Q,K,False,Q161K
tr|A0A6P7HWN0|A0A6P7HWN0_9TELE,344,161.0,Q,K,False,Q161K
tr|A0A9Y4NB67|A0A9Y4NB67_9TELE,344,161.0,Q,K,False,Q161K
tr|A0A9Y6LYW8|A0A9Y6LYW8_9CICH,344,161.0,Q,K,False,Q161K
tr|A0A9Y3R1R7|A0A9Y3R1R7_9CICH,344,161.0,Q,K,False,Q161K
tr|A0AC36JJL6|A0AC36JJL6_9CICH,344,161.0,Q,K,False,Q161K
tr|A0ACF8DDW5|A0ACF8DDW5_ARAGI,344,161.0,Q,K,False,Q161K
tr|A0A2Y9DWJ1|A0A2Y9DWJ1_TRIMA,344,161.0,Q,E,False,Q161E
tr|A0A671G4Y2|A0A671G4Y2_RHIFE,344,161.0,Q,P,False,Q161P
tr|A0A671G1Q2|A0A671G1Q2_RHIFE,344,161.0,Q,P,False,Q161P
tr|A9UCN1|A9UCN1_9CHIR,344,161.0,Q,P,False,Q161P
tr|A0A671G1R6|A0A671G1R6_RHIFE,344,161.0,Q,P,False,Q161P
tr|A9UCN0|A9UCN0_RHIFE,344,161.0,Q,P,False,Q161P
tr|A0A6P8VIH1|A0A6P8VIH1_GYMAC,345,162.0,Q,E,False,Q162E
tr|A0A2I4BXB8|A0A2I4BXB8_AUSLI,345,162.0,Q,E,False,Q162E
tr|A0A2I4BXF7|A0A2I4BXF7_AUSLI,345,162.0,Q,E,False,Q162E
tr|A0A2I4BXC1|A0A2I4BXC1_AUSLI,345,162.0,Q,E,False,Q162E
tr|A0A2I4BXC7|A0A2I4BXC7_AUSLI,345,162.0,Q,E,False,Q162E
tr|A0ABV1A463|A0ABV1A463_9TELE,345,162.0,Q,E,False,Q162E
tr|A0AAV9S7N1|A0AAV9S7N1_9TELE,345,162.0,Q,E,False,Q162E
tr|A0ABV0TT83|A0ABV0TT83_9TELE,345,162.0,Q,E,False,Q162E
tr|A0A6P7NA03|A0A6P7NA03_BETSP,345,162.0,Q,E,False,Q162E
tr|A0A9W2XZU5|A0A9W2XZU5_BETSP,345,162.0,Q,E,False,Q162E
tr|A0A6P7NFA4|A0A6P7NFA4_BETSP,345,162.0,Q,E,False,Q162E
tr|A0A9W2XZJ7|A0A9W2XZJ7_BETSP,345,162.0,Q,E,False,Q162E
tr|A0A6P7NA07|A0A6P7NA07_BETSP,345,162.0,Q,E,False,Q162E
tr|A0A6P7NE39|A0A6P7NE39_BETSP,345,162.0,Q,E,False,Q162E
tr|A0A6J2S884|A0A6J2S884_COTGO,345,162.0,Q,E,False,Q162E
tr|A0A6P7I2Q9|A0A6P7I2Q9_9TELE,345,162.0,Q,E,False,Q162E
tr|A0A6P7HH59|A0A6P7HH59_9TELE,345,162.0,Q,E,False,Q162E
tr|A0A6P7HWN0|A0A6P7HWN0_9TELE,345,162.0,Q,E,False,Q162E
tr|A0A9Y4NB67|A0A9Y4NB67_9TELE,345,162.0,Q,E,False,Q162E
tr|A0A9Y6LYW8|A0A9Y6LYW8_9CICH,345,162.0,Q,E,False,Q162E
tr|A0A9Y3R1R7|A0A9Y3R1R7_9CICH,345,162.0,Q,E,False,Q162E
tr|A0AC36JJL6|A0AC36JJL6_9CICH,345,162.0,Q,E,False,Q162E
tr|A0ACF8DDW5|A0ACF8DDW5_ARAGI,345,162.0,Q,E,False,Q162E
tr|A0A6P8VIH1|A0A6P8VIH1_GYMAC,346,163.0,Q,G,False,Q163G
tr|A0ACF8DDW5|A0ACF8DDW5_ARAGI,346,163.0,Q,V,False,Q163V
tr|A0A671G1Q2|A0A671G1Q2_RHIFE,346,163.0,Q,P,False,Q163P
tr|A9UCN1|A9UCN1_9CHIR,346,163.0,Q,P,False,Q163P
tr|A0A671G1R6|A0A671G1R6_RHIFE,346,163.0,Q,P,False,Q163P
tr|A9UCN0|A9UCN0_RHIFE,346,163.0,Q,P,False,Q163P
tr|A0A6P8VIH1|A0A6P8VIH1_GYMAC,347,164.0,Q,L,False,Q164L
tr|A0ACF8DDW5|A0ACF8DDW5_ARAGI,347,164.0,Q,P,False,Q164P
tr|G8HZI0|G8HZI0_CHICK,347,164.0,Q,R,False,Q164R
tr|G8HZI1|G8HZI1_CHICK,347,164.0,Q,R,False,Q164R
tr|G8HZH9|G8HZH9_CHICK,347,164.0,Q,R,False,Q164R
tr|G8HZH8|G8HZH8_CHICK,347,164.0,Q,R,False,Q164R
tr|A0A6P8VIH1|A0A6P8VIH1_GYMAC,348,165.0,Q,R,False,Q165R
tr|A0ACF8DDW5|A0ACF8DDW5_ARAGI,348,165.0,Q,P,False,Q165P
tr|A9UCL8|A9UCL8_COEFR,348,165.0,Q,P,False,Q165P
tr|A9UCL7|A9UCL7_ASEST,348,165.0,Q,P,False,Q165P
tr|A9UCN1|A9UCN1_9CHIR,348,165.0,Q,P,False,Q165P
tr|A0A671G1R6|A0A671G1R6_RHIFE,348,165.0,Q,P,False,Q165P
tr|A9UCN0|A9UCN0_RHIFE,348,165.0,Q,P,False,Q165P
tr|A0A6P8VIH1|A0A6P8VIH1_GYMAC,349,166.0,Q,N,False,Q166N
tr|A0ACF8DDW5|A0ACF8DDW5_ARAGI,349,166.0,Q,L,False,Q166L
tr|A0A6P8VIH1|A0A6P8VIH1_GYMAC,350,167.0,Q,C,False,Q167C
tr|A0ACF8DDW5|A0ACF8DDW5_ARAGI,350,167.0,Q,P,False,Q167P
tr|A9UCL8|A9UCL8_COEFR,350,167.0,Q,P,False,Q167P
tr|A9UCL7|A9UCL7_ASEST,350,167.0,Q,P,False,Q167P
tr|A9UCN1|A9UCN1_9CHIR,350,167.0,Q,P,False,Q167P
tr|A0A671G1R6|A0A671G1R6_RHIFE,350,167.0,Q,P,False,Q167P
tr|A9UCN0|A9UCN0_RHIFE,350,167.0,Q,P,False,Q167P
tr|A0A6P8VIH1|A0A6P8VIH1_GYMAC,351,168.0,Q,L,False,Q168L
tr|A0ACF8DDW5|A0ACF8DDW5_ARAGI,351,168.0,Q,P,False,Q168P
tr|T1PTS4|T1PTS4_PARLB,351,168.0,Q,H,False,Q168H
tr|A0A6P8VIH1|A0A6P8VIH1_GYMAC,352,169.0,Q,S,False,Q169S
tr|A0ACF8DDW5|A0ACF8DDW5_ARAGI,352,169.0,Q,S,False,Q169S
tr|A0AC58LU76|A0AC58LU76_CASCN,352,169.0,Q,P,False,Q169P
tr|A0AC58LUC1|A0AC58LUC1_CASCN,352,169.0,Q,P,False,Q169P
tr|A0AC58LU85|A0AC58LU85_CASCN,352,169.0,Q,P,False,Q169P
tr|A9UCL7|A9UCL7_ASEST,352,169.0,Q,P,False,Q169P
tr|A9UCN1|A9UCN1_9CHIR,352,169.0,Q,P,False,Q169P
tr|A0A671G1R6|A0A671G1R6_RHIFE,352,169.0,Q,P,False,Q169P
tr|A9UCN0|A9UCN0_RHIFE,352,169.0,Q,P,False,Q169P
tr|A0AC58LUB7|A0AC58LUB7_CASCN,352,169.0,Q,P,False,Q169P
tr|A0AC58LUC3|A0AC58LUC3_CASCN,352,169.0,Q,P,False,Q169P
tr|A0A6P8VIH1|A0A6P8VIH1_GYMAC,353,170.0,Q,G,False,Q170G
tr|A0ACF8DDW5|A0ACF8DDW5_ARAGI,353,170.0,Q,P,False,Q170P
tr|A0A6P8VIH1|A0A6P8VIH1_GYMAC,354,171.0,Q,P,False,Q171P
tr|A0ACF8DDW5|A0ACF8DDW5_ARAGI,354,171.0,Q,E,False,Q171E
tr|A9UCL7|A9UCL7_ASEST,354,171.0,Q,P,False,Q171P
tr|A9UCN1|A9UCN1_9CHIR,354,171.0,Q,P,False,Q171P
tr|A0A671G1R6|A0A671G1R6_RHIFE,354,171.0,Q,P,False,Q171P
tr|A9UCN0|A9UCN0_RHIFE,354,171.0,Q,P,False,Q171P
tr|A0AC58LUA0|A0AC58LUA0_CASCN,354,171.0,Q,P,False,Q171P
tr|A0A6P8VIH1|A0A6P8VIH1_GYMAC,355,172.0,Q,A,False,Q172A
tr|A0ACF8DDW5|A0ACF8DDW5_ARAGI,355,172.0,Q,D,False,Q172D
tr|A0A8B7A802|A0A8B7A802_ORYAF,355,172.0,Q,P,False,Q172P
tr|A0A6P6DL68|A0A6P6DL68_OCTDE,355,172.0,Q,P,False,Q172P
tr|A0A6P3FFL7|A0A6P3FFL7_OCTDE,355,172.0,Q,P,False,Q172P
tr|A0ACF8DDW5|A0ACF8DDW5_ARAGI,369,173.0,Q,G,False,Q173G
tr|A9UCM5|A9UCM5_HIPAR,369,173.0,Q,P,False,Q173P
tr|A0A671G4Y2|A0A671G4Y2_RHIFE,369,173.0,Q,P,False,Q173P
tr|A0ABM5DIK9|A0ABM5DIK9_VICPA,369,173.0,Q,P,False,Q173P
tr|A0A8B8TCI7|A0A8B8TCI7_CAMFR,369,173.0,Q,P,False,Q173P
tr|A0AC58QLX8|A0AC58QLX8_CAMBA,369,173.0,Q,P,False,Q173P
tr|A0AC58QLY5|A0AC58QLY5_CAMBA,369,173.0,Q,P,False,Q173P
tr|A0A8M1MY92|A0A8M1MY92_NEOSC,369,173.0,Q,P,False,Q173P
tr|A0A2Y9HU18|A0A2Y9HU18_NEOSC,369,173.0,Q,P,False,Q173P
tr|A0A2Y9HU19|A0A2Y9HU19_NEOSC,369,173.0,Q,P,False,Q173P
tr|A0A6J2BKB8|A0A6J2BKB8_ZALCA,369,173.0,Q,P,False,Q173P
tr|A0A2U3WID3|A0A2U3WID3_ODORO,369,173.0,Q,P,False,Q173P
tr|A0A3Q7QLH5|A0A3Q7QLH5_CALUR,369,173.0,Q,P,False,Q173P
tr|A0A8U0R6L8|A0A8U0R6L8_MUSPF,369,173.0,Q,P,False,Q173P
tr|A0A8U0R7F3|A0A8U0R7F3_MUSPF,369,173.0,Q,P,False,Q173P
tr|A0ACF8DDW5|A0ACF8DDW5_ARAGI,370,174.0,Q,R,False,Q174R
tr|A0ABM5DIK9|A0ABM5DIK9_VICPA,370,174.0,Q,P,False,Q174P
tr|A0A6P3FFL7|A0A6P3FFL7_OCTDE,370,174.0,Q,P,False,Q174P
tr|A0ACF8DDW5|A0ACF8DDW5_ARAGI,371,175.0,Q,G,False,Q175G
tr|A0A8B7A802|A0A8B7A802_ORYAF,371,175.0,Q,P,False,Q175P
tr|A0A6P6DL68|A0A6P6DL68_OCTDE,371,175.0,Q,P,False,Q175P
tr|A9UCM5|A9UCM5_HIPAR,371,175.0,Q,P,False,Q175P
tr|A0A671G4Y2|A0A671G4Y2_RHIFE,371,175.0,Q,P,False,Q175P
tr|A0A8M1MY92|A0A8M1MY92_NEOSC,371,175.0,Q,T,False,Q175T
tr|A0A2Y9HU18|A0A2Y9HU18_NEOSC,371,175.0,Q,T,False,Q175T
tr|A0A2Y9HU19|A0A2Y9HU19_NEOSC,371,175.0,Q,T,False,Q175T
tr|A0A6J2BKB8|A0A6J2BKB8_ZALCA,371,175.0,Q,P,False,Q175P
tr|A0A2U3WID3|A0A2U3WID3_ODORO,371,175.0,Q,P,False,Q175P
tr|A0A3Q7QLH5|A0A3Q7QLH5_CALUR,371,175.0,Q,P,False,Q175P
tr|A0ACF8DDW5|A0ACF8DDW5_ARAGI,380,176.0,Q,R,False,Q176R
tr|A9UCM5|A9UCM5_HIPAR,380,176.0,Q,P,False,Q176P
tr|G1L725|G1L725_AILME,380,176.0,Q,P,False,Q176P
tr|A0A673VSY8|A0A673VSY8_SURSU,380,176.0,Q,P,False,Q176P
tr|A0A8U0R6L8|A0A8U0R6L8_MUSPF,380,176.0,Q,P,False,Q176P
tr|A0A8U0R7F3|A0A8U0R7F3_MUSPF,380,176.0,Q,P,False,Q176P
tr|A0ABM5B1I8|A0ABM5B1I8_VULVU,380,176.0,Q,P,False,Q176P
tr|A0ABM5B1I7|A0ABM5B1I7_VULVU,380,176.0,Q,P,False,Q176P
tr|A0ABM5B1I0|A0ABM5B1I0_VULVU,380,176.0,Q,P,False,Q176P
tr|A0A3Q7TRU1|A0A3Q7TRU1_VULVU,380,176.0,Q,P,False,Q176P
tr|A0ABM5B1H0|A0ABM5B1H0_VULVU,380,176.0,Q,P,False,Q176P
tr|A0ABM5B1H1|A0ABM5B1H1_VULVU,380,176.0,Q,P,False,Q176P
tr|A0AC58LUB7|A0AC58LUB7_CASCN,380,176.0,Q,P,False,Q176P
tr|A0AC58LUC3|A0AC58LUC3_CASCN,380,176.0,Q,P,False,Q176P
tr|A0AC58LUA0|A0AC58LUA0_CASCN,380,176.0,Q,P,False,Q176P
tr|A0ACF8DDW5|A0ACF8DDW5_ARAGI,381,177.0,Q,V,False,Q177V
tr|A0A671G4Y2|A0A671G4Y2_RHIFE,381,177.0,Q,P,False,Q177P
tr|A0A673VSY8|A0A673VSY8_SURSU,381,177.0,Q,P,False,Q177P
tr|A0A8B8TCI7|A0A8B8TCI7_CAMFR,381,177.0,Q,P,False,Q177P
tr|A0AC58QLX8|A0AC58QLX8_CAMBA,381,177.0,Q,P,False,Q177P
tr|A0AC58QLY5|A0AC58QLY5_CAMBA,381,177.0,Q,P,False,Q177P
tr|A0A671G1Q2|A0A671G1Q2_RHIFE,381,177.0,Q,P,False,Q177P
tr|A0ACF8DDW5|A0ACF8DDW5_ARAGI,382,178.0,Q,A,False,Q178A
tr|A0A2Y9DWJ1|A0A2Y9DWJ1_TRIMA,382,178.0,Q,K,False,Q178K
tr|A0A6P6DL68|A0A6P6DL68_OCTDE,382,178.0,Q,P,False,Q178P
tr|A9UCM5|A9UCM5_HIPAR,382,178.0,Q,P,False,Q178P
tr|A0A671G4Y2|A0A671G4Y2_RHIFE,382,178.0,Q,P,False,Q178P
tr|A0A9W2V416|A0A9W2V416_PANPR,382,178.0,Q,P,False,Q178P
tr|A0ABM3PR67|A0ABM3PR67_ACIJB,382,178.0,Q,P,False,Q178P
tr|A0A9W2V4S3|A0A9W2V4S3_PANPR,382,178.0,Q,P,False,Q178P
tr|A0ABM3PR59|A0ABM3PR59_ACIJB,382,178.0,Q,P,False,Q178P
tr|A0ABM3PR57|A0ABM3PR57_ACIJB,382,178.0,Q,P,False,Q178P
tr|A0A9W2V4N6|A0A9W2V4N6_PANPR,382,178.0,Q,P,False,Q178P
tr|A0A9V1E3X8|A0A9V1E3X8_PANPR,382,178.0,Q,P,False,Q178P
tr|A0ABM3PR79|A0ABM3PR79_ACIJB,382,178.0,Q,P,False,Q178P
tr|A0A6P6IA58|A0A6P6IA58_PUMCO,382,178.0,Q,P,False,Q178P
tr|A0A673VSY8|A0A673VSY8_SURSU,382,178.0,Q,P,False,Q178P
tr|A0ABI7WHV4|A0ABI7WHV4_FELCA,382,178.0,Q,P,False,Q178P
tr|A0ABM5DIK9|A0ABM5DIK9_VICPA,382,178.0,Q,P,False,Q178P
tr|A0A8B8TCI7|A0A8B8TCI7_CAMFR,382,178.0,Q,X,False,Q178X
tr|A0AC58QLX8|A0AC58QLX8_CAMBA,382,178.0,Q,P,False,Q178P
tr|A0AC58QLY5|A0AC58QLY5_CAMBA,382,178.0,Q,P,False,Q178P
tr|A0A8M1MY92|A0A8M1MY92_NEOSC,382,178.0,Q,P,False,Q178P
tr|A0A2Y9HU18|A0A2Y9HU18_NEOSC,382,178.0,Q,P,False,Q178P
tr|A0A2Y9HU19|A0A2Y9HU19_NEOSC,382,178.0,Q,P,False,Q178P
tr|A0A6J2BKB8|A0A6J2BKB8_ZALCA,382,178.0,Q,P,False,Q178P
tr|A0A2U3WID3|A0A2U3WID3_ODORO,382,178.0,Q,P,False,Q178P
tr|A0A3Q7QLH5|A0A3Q7QLH5_CALUR,382,178.0,Q,P,False,Q178P
tr|A9UCL6|A9UCL6_ARCCL,382,178.0,Q,P,False,Q178P
tr|A0ACF8DDW5|A0ACF8DDW5_ARAGI,383,179.0,Q,V,False,Q179V
tr|A0A8B7A802|A0A8B7A802_ORYAF,383,179.0,Q,P,False,Q179P
tr|A0A6P6DL68|A0A6P6DL68_OCTDE,383,179.0,Q,P,False,Q179P
tr|A0A671G4Y2|A0A671G4Y2_RHIFE,383,179.0,Q,P,False,Q179P
tr|G1L725|G1L725_AILME,383,179.0,Q,P,False,Q179P
tr|A0A9W2V416|A0A9W2V416_PANPR,383,179.0,Q,P,False,Q179P
tr|A0ABM3PR67|A0ABM3PR67_ACIJB,383,179.0,Q,P,False,Q179P
tr|A0A9W2V4S3|A0A9W2V4S3_PANPR,383,179.0,Q,P,False,Q179P
tr|A0ABM3PR59|A0ABM3PR59_ACIJB,383,179.0,Q,P,False,Q179P
tr|A0ABM3PR57|A0ABM3PR57_ACIJB,383,179.0,Q,P,False,Q179P
tr|A0A9W2V4N6|A0A9W2V4N6_PANPR,383,179.0,Q,P,False,Q179P
tr|A0A9V1E3X8|A0A9V1E3X8_PANPR,383,179.0,Q,P,False,Q179P
tr|A0ABM3PR79|A0ABM3PR79_ACIJB,383,179.0,Q,P,False,Q179P
tr|A0A6P6IA58|A0A6P6IA58_PUMCO,383,179.0,Q,P,False,Q179P
tr|A0A673VSY8|A0A673VSY8_SURSU,383,179.0,Q,P,False,Q179P
tr|A0ABI7WHV4|A0ABI7WHV4_FELCA,383,179.0,Q,P,False,Q179P
tr|A0ABM5DIK9|A0ABM5DIK9_VICPA,383,179.0,Q,P,False,Q179P
tr|A0A8B8TCI7|A0A8B8TCI7_CAMFR,383,179.0,Q,P,False,Q179P
tr|A0AC58QLX8|A0AC58QLX8_CAMBA,383,179.0,Q,P,False,Q179P
tr|A0AC58QLY5|A0AC58QLY5_CAMBA,383,179.0,Q,P,False,Q179P
tr|A0A8M1MY92|A0A8M1MY92_NEOSC,383,179.0,Q,P,False,Q179P
tr|A0A2Y9HU18|A0A2Y9HU18_NEOSC,383,179.0,Q,P,False,Q179P
tr|A0A2Y9HU19|A0A2Y9HU19_NEOSC,383,179.0,Q,P,False,Q179P
tr|A0A6J2BKB8|A0A6J2BKB8_ZALCA,383,179.0,Q,P,False,Q179P
tr|A0A2U3WID3|A0A2U3WID3_ODORO,383,179.0,Q,P,False,Q179P
tr|A0A3Q7QLH5|A0A3Q7QLH5_CALUR,383,179.0,Q,P,False,Q179P
tr|A0A8U0R6L8|A0A8U0R6L8_MUSPF,383,179.0,Q,P,False,Q179P
tr|A0A8U0R7F3|A0A8U0R7F3_MUSPF,383,179.0,Q,P,False,Q179P
tr|A0ABM5B1I8|A0ABM5B1I8_VULVU,383,179.0,Q,P,False,Q179P
tr|A0ABM5B1I7|A0ABM5B1I7_VULVU,383,179.0,Q,P,False,Q179P
tr|A0ABM5B1I0|A0ABM5B1I0_VULVU,383,179.0,Q,P,False,Q179P
tr|A0A3Q7TRU1|A0A3Q7TRU1_VULVU,383,179.0,Q,P,False,Q179P
tr|A0ABM5B1H0|A0ABM5B1H0_VULVU,383,179.0,Q,P,False,Q179P
tr|A0ABM5B1H1|A0ABM5B1H1_VULVU,383,179.0,Q,P,False,Q179P
tr|A0A671G1Q2|A0A671G1Q2_RHIFE,383,179.0,Q,P,False,Q179P
tr|A0A6P3FFL7|A0A6P3FFL7_OCTDE,383,179.0,Q,P,False,Q179P
tr|A0AC58LUB7|A0AC58LUB7_CASCN,383,179.0,Q,P,False,Q179P
tr|A0AC58LUC3|A0AC58LUC3_CASCN,383,179.0,Q,P,False,Q179P
tr|A0AC58LUA0|A0AC58LUA0_CASCN,383,179.0,Q,P,False,Q179P
tr|A0ACF8DDW5|A0ACF8DDW5_ARAGI,384,180.0,Q,F,False,Q180F
tr|A0A8B7A802|A0A8B7A802_ORYAF,384,180.0,Q,P,False,Q180P
tr|A0A6P6DL68|A0A6P6DL68_OCTDE,384,180.0,Q,P,False,Q180P
tr|A9UCM5|A9UCM5_HIPAR,384,180.0,Q,P,False,Q180P
tr|A0A671G4Y2|A0A671G4Y2_RHIFE,384,180.0,Q,P,False,Q180P
tr|G1L725|G1L725_AILME,384,180.0,Q,P,False,Q180P
tr|A0A9W2V416|A0A9W2V416_PANPR,384,180.0,Q,P,False,Q180P
tr|A0ABM3PR67|A0ABM3PR67_ACIJB,384,180.0,Q,P,False,Q180P
tr|A0A9W2V4S3|A0A9W2V4S3_PANPR,384,180.0,Q,P,False,Q180P
tr|A0ABM3PR59|A0ABM3PR59_ACIJB,384,180.0,Q,P,False,Q180P
tr|A0ABM3PR57|A0ABM3PR57_ACIJB,384,180.0,Q,P,False,Q180P
tr|A0A9W2V4N6|A0A9W2V4N6_PANPR,384,180.0,Q,P,False,Q180P
tr|A0A9V1E3X8|A0A9V1E3X8_PANPR,384,180.0,Q,P,False,Q180P
tr|A0ABM3PR79|A0ABM3PR79_ACIJB,384,180.0,Q,P,False,Q180P
tr|A0A6P6IA58|A0A6P6IA58_PUMCO,384,180.0,Q,P,False,Q180P
tr|A0A673VSY8|A0A673VSY8_SURSU,384,180.0,Q,P,False,Q180P
tr|A0ABI7WHV4|A0ABI7WHV4_FELCA,384,180.0,Q,P,False,Q180P
tr|A0ABM5DIK9|A0ABM5DIK9_VICPA,384,180.0,Q,P,False,Q180P
tr|A0A8B8TCI7|A0A8B8TCI7_CAMFR,384,180.0,Q,P,False,Q180P
tr|A0AC58QLX8|A0AC58QLX8_CAMBA,384,180.0,Q,P,False,Q180P
tr|A0AC58QLY5|A0AC58QLY5_CAMBA,384,180.0,Q,P,False,Q180P
tr|A0A8M1MY92|A0A8M1MY92_NEOSC,384,180.0,Q,P,False,Q180P
tr|A0A2Y9HU18|A0A2Y9HU18_NEOSC,384,180.0,Q,P,False,Q180P
tr|A0A2Y9HU19|A0A2Y9HU19_NEOSC,384,180.0,Q,P,False,Q180P
tr|A0A6J2BKB8|A0A6J2BKB8_ZALCA,384,180.0,Q,P,False,Q180P
tr|A0A2U3WID3|A0A2U3WID3_ODORO,384,180.0,Q,P,False,Q180P
tr|A0A3Q7QLH5|A0A3Q7QLH5_CALUR,384,180.0,Q,P,False,Q180P
tr|A0A8U0R6L8|A0A8U0R6L8_MUSPF,384,180.0,Q,P,False,Q180P
tr|A0A8U0R7F3|A0A8U0R7F3_MUSPF,384,180.0,Q,P,False,Q180P
tr|A0ABM5B1I8|A0ABM5B1I8_VULVU,384,180.0,Q,P,False,Q180P
tr|A0ABM5B1I7|A0ABM5B1I7_VULVU,384,180.0,Q,P,False,Q180P
tr|A0ABM5B1I0|A0ABM5B1I0_VULVU,384,180.0,Q,P,False,Q180P
tr|A0A3Q7TRU1|A0A3Q7TRU1_VULVU,384,180.0,Q,P,False,Q180P
tr|A0ABM5B1H0|A0ABM5B1H0_VULVU,384,180.0,Q,P,False,Q180P
tr|A0ABM5B1H1|A0ABM5B1H1_VULVU,384,180.0,Q,P,False,Q180P
tr|A0ACF8DDW5|A0ACF8DDW5_ARAGI,385,181.0,Q,A,False,Q181A
tr|A0A2Y9DWJ1|A0A2Y9DWJ1_TRIMA,385,181.0,Q,E,False,Q181E
tr|A0ABM5DIL0|A0ABM5DIL0_VICPA,385,181.0,Q,P,False,Q181P
tr|A9UCL8|A9UCL8_COEFR,385,181.0,Q,P,False,Q181P
tr|A0A8B7A802|A0A8B7A802_ORYAF,385,181.0,Q,P,False,Q181P
tr|A0A6P6DL68|A0A6P6DL68_OCTDE,385,181.0,Q,P,False,Q181P
tr|G1L725|G1L725_AILME,385,181.0,Q,P,False,Q181P
tr|A0A9W2V416|A0A9W2V416_PANPR,385,181.0,Q,P,False,Q181P
tr|A0ABM3PR67|A0ABM3PR67_ACIJB,385,181.0,Q,P,False,Q181P
tr|A0A9W2V4S3|A0A9W2V4S3_PANPR,385,181.0,Q,P,False,Q181P
tr|A0ABM3PR59|A0ABM3PR59_ACIJB,385,181.0,Q,P,False,Q181P
tr|A0ABM3PR57|A0ABM3PR57_ACIJB,385,181.0,Q,P,False,Q181P
tr|A0A9W2V4N6|A0A9W2V4N6_PANPR,385,181.0,Q,P,False,Q181P
tr|A0A9V1E3X8|A0A9V1E3X8_PANPR,385,181.0,Q,P,False,Q181P
tr|A0ABM3PR79|A0ABM3PR79_ACIJB,385,181.0,Q,P,False,Q181P
tr|A0A6P6IA58|A0A6P6IA58_PUMCO,385,181.0,Q,P,False,Q181P
tr|A0A673VSY8|A0A673VSY8_SURSU,385,181.0,Q,P,False,Q181P
tr|A0ABI7WHV4|A0ABI7WHV4_FELCA,385,181.0,Q,P,False,Q181P
tr|A0ABM5DIK9|A0ABM5DIK9_VICPA,385,181.0,Q,P,False,Q181P
tr|A0A8B8TCI7|A0A8B8TCI7_CAMFR,385,181.0,Q,P,False,Q181P
tr|A0AC58QLX8|A0AC58QLX8_CAMBA,385,181.0,Q,P,False,Q181P
tr|A0AC58QLY5|A0AC58QLY5_CAMBA,385,181.0,Q,P,False,Q181P
tr|A0A8M1MY92|A0A8M1MY92_NEOSC,385,181.0,Q,P,False,Q181P
tr|A0A2Y9HU18|A0A2Y9HU18_NEOSC,385,181.0,Q,P,False,Q181P
tr|A0A2Y9HU19|A0A2Y9HU19_NEOSC,385,181.0,Q,P,False,Q181P
tr|A0A6J2BKB8|A0A6J2BKB8_ZALCA,385,181.0,Q,P,False,Q181P
tr|A0A2U3WID3|A0A2U3WID3_ODORO,385,181.0,Q,P,False,Q181P
tr|A0A3Q7QLH5|A0A3Q7QLH5_CALUR,385,181.0,Q,P,False,Q181P
tr|A0A8U0R6L8|A0A8U0R6L8_MUSPF,385,181.0,Q,P,False,Q181P
tr|A0A8U0R7F3|A0A8U0R7F3_MUSPF,385,181.0,Q,P,False,Q181P
tr|A0ABM5B1I8|A0ABM5B1I8_VULVU,385,181.0,Q,P,False,Q181P
tr|A0ABM5B1I7|A0ABM5B1I7_VULVU,385,181.0,Q,P,False,Q181P
tr|A0ABM5B1I0|A0ABM5B1I0_VULVU,385,181.0,Q,P,False,Q181P
tr|A0A3Q7TRU1|A0A3Q7TRU1_VULVU,385,181.0,Q,P,False,Q181P
tr|A0ABM5B1H0|A0ABM5B1H0_VULVU,385,181.0,Q,P,False,Q181P
tr|A0ABM5B1H1|A0ABM5B1H1_VULVU,385,181.0,Q,P,False,Q181P
tr|A0A7F8QFI6|A0A7F8QFI6_LEPWE,385,181.0,Q,P,False,Q181P
tr|A0AC58QLY3|A0AC58QLY3_CAMBA,385,181.0,Q,P,False,Q181P
tr|A0A2Y9HYX1|A0A2Y9HYX1_NEOSC,385,181.0,Q,P,False,Q181P
tr|A0A8M1MS50|A0A8M1MS50_NEOSC,385,181.0,Q,P,False,Q181P
tr|A0A671G1Q2|A0A671G1Q2_RHIFE,385,181.0,Q,P,False,Q181P
tr|A0AC58QLY9|A0AC58QLY9_CAMBA,385,181.0,Q,P,False,Q181P
tr|A0ABM5DIK7|A0ABM5DIK7_VICPA,385,181.0,Q,P,False,Q181P
tr|A0ABM5DIK8|A0ABM5DIK8_VICPA,385,181.0,Q,P,False,Q181P
tr|A0AC58QLX6|A0AC58QLX6_CAMBA,385,181.0,Q,P,False,Q181P
tr|A0A2U3WIE1|A0A2U3WIE1_ODORO,385,181.0,Q,P,False,Q181P
tr|A0A8U0UL47|A0A8U0UL47_MUSPF,385,181.0,Q,P,False,Q181P
tr|A0A2U3XEH3|A0A2U3XEH3_LEPWE,385,181.0,Q,P,False,Q181P
tr|A0A2Y9HTI5|A0A2Y9HTI5_NEOSC,385,181.0,Q,P,False,Q181P
tr|A0A8M1MQ86|A0A8M1MQ86_NEOSC,385,181.0,Q,P,False,Q181P
tr|A0A8M1MQ95|A0A8M1MQ95_NEOSC,385,181.0,Q,P,False,Q181P
tr|A0A8M1MTH9|A0A8M1MTH9_NEOSC,385,181.0,Q,P,False,Q181P
tr|A0A8M1MY93|A0A8M1MY93_NEOSC,385,181.0,Q,P,False,Q181P
tr|A0A9W3FUS5|A0A9W3FUS5_CAMBA,385,181.0,Q,P,False,Q181P
tr|A0A2U3WID9|A0A2U3WID9_ODORO,385,181.0,Q,P,False,Q181P
tr|A0A2U3WIG2|A0A2U3WIG2_ODORO,385,181.0,Q,P,False,Q181P
tr|A0A8U0R521|A0A8U0R521_MUSPF,385,181.0,Q,P,False,Q181P
tr|A0A8U0R6N5|A0A8U0R6N5_MUSPF,385,181.0,Q,P,False,Q181P
tr|A9UCL6|A9UCL6_ARCCL,385,181.0,Q,P,False,Q181P
tr|A0ACF8DDW5|A0ACF8DDW5_ARAGI,386,182.0,Q,A,False,Q182A
tr|A0ABM5DIL0|A0ABM5DIL0_VICPA,386,182.0,Q,P,False,Q182P
tr|A0A8B7A802|A0A8B7A802_ORYAF,386,182.0,Q,P,False,Q182P
tr|A0A6P6DL68|A0A6P6DL68_OCTDE,386,182.0,Q,P,False,Q182P
tr|A9UCM5|A9UCM5_HIPAR,386,182.0,Q,P,False,Q182P
tr|A0A671G4Y2|A0A671G4Y2_RHIFE,386,182.0,Q,P,False,Q182P
tr|G1L725|G1L725_AILME,386,182.0,Q,P,False,Q182P
tr|A0A9W2V416|A0A9W2V416_PANPR,386,182.0,Q,P,False,Q182P
tr|A0ABM3PR67|A0ABM3PR67_ACIJB,386,182.0,Q,P,False,Q182P
tr|A0A9W2V4S3|A0A9W2V4S3_PANPR,386,182.0,Q,P,False,Q182P
tr|A0ABM3PR59|A0ABM3PR59_ACIJB,386,182.0,Q,P,False,Q182P
tr|A0ABM3PR57|A0ABM3PR57_ACIJB,386,182.0,Q,P,False,Q182P
tr|A0A9W2V4N6|A0A9W2V4N6_PANPR,386,182.0,Q,P,False,Q182P
tr|A0A9V1E3X8|A0A9V1E3X8_PANPR,386,182.0,Q,P,False,Q182P
tr|A0ABM3PR79|A0ABM3PR79_ACIJB,386,182.0,Q,P,False,Q182P
tr|A0A6P6IA58|A0A6P6IA58_PUMCO,386,182.0,Q,P,False,Q182P
tr|A0A673VSY8|A0A673VSY8_SURSU,386,182.0,Q,P,False,Q182P
tr|A0ABI7WHV4|A0ABI7WHV4_FELCA,386,182.0,Q,P,False,Q182P
tr|A0ABM5DIK9|A0ABM5DIK9_VICPA,386,182.0,Q,P,False,Q182P
tr|A0A8B8TCI7|A0A8B8TCI7_CAMFR,386,182.0,Q,P,False,Q182P
tr|A0AC58QLX8|A0AC58QLX8_CAMBA,386,182.0,Q,P,False,Q182P
tr|A0AC58QLY5|A0AC58QLY5_CAMBA,386,182.0,Q,P,False,Q182P
tr|A0A8M1MY92|A0A8M1MY92_NEOSC,386,182.0,Q,P,False,Q182P
tr|A0A2Y9HU18|A0A2Y9HU18_NEOSC,386,182.0,Q,P,False,Q182P
tr|A0A2Y9HU19|A0A2Y9HU19_NEOSC,386,182.0,Q,P,False,Q182P
tr|A0A6J2BKB8|A0A6J2BKB8_ZALCA,386,182.0,Q,P,False,Q182P
tr|A0A2U3WID3|A0A2U3WID3_ODORO,386,182.0,Q,P,False,Q182P
tr|A0A3Q7QLH5|A0A3Q7QLH5_CALUR,386,182.0,Q,P,False,Q182P
tr|A0A8U0R6L8|A0A8U0R6L8_MUSPF,386,182.0,Q,P,False,Q182P
tr|A0A8U0R7F3|A0A8U0R7F3_MUSPF,386,182.0,Q,P,False,Q182P
tr|A0ABM5B1I8|A0ABM5B1I8_VULVU,386,182.0,Q,P,False,Q182P
tr|A0ABM5B1I7|A0ABM5B1I7_VULVU,386,182.0,Q,P,False,Q182P
tr|A0ABM5B1I0|A0ABM5B1I0_VULVU,386,182.0,Q,P,False,Q182P
tr|A0A3Q7TRU1|A0A3Q7TRU1_VULVU,386,182.0,Q,P,False,Q182P
tr|A0ABM5B1H0|A0ABM5B1H0_VULVU,386,182.0,Q,P,False,Q182P
tr|A0ABM5B1H1|A0ABM5B1H1_VULVU,386,182.0,Q,P,False,Q182P
tr|A0ABM5DIK7|A0ABM5DIK7_VICPA,386,182.0,Q,P,False,Q182P
tr|A0ABM5DIK8|A0ABM5DIK8_VICPA,386,182.0,Q,P,False,Q182P
tr|A0ACF8DDW5|A0ACF8DDW5_ARAGI,387,183.0,Q,A,False,Q183A
tr|A0A2Y9DWJ1|A0A2Y9DWJ1_TRIMA,387,183.0,Q,L,False,Q183L
tr|A9UCL8|A9UCL8_COEFR,387,183.0,Q,P,False,Q183P
tr|A0A8B7A802|A0A8B7A802_ORYAF,387,183.0,Q,P,False,Q183P
tr|A0A6P6DL68|A0A6P6DL68_OCTDE,387,183.0,Q,P,False,Q183P
tr|G1L725|G1L725_AILME,387,183.0,Q,P,False,Q183P
tr|A0A9W2V416|A0A9W2V416_PANPR,387,183.0,Q,P,False,Q183P
tr|A0ABM3PR67|A0ABM3PR67_ACIJB,387,183.0,Q,P,False,Q183P
tr|A0A9W2V4S3|A0A9W2V4S3_PANPR,387,183.0,Q,P,False,Q183P
tr|A0ABM3PR59|A0ABM3PR59_ACIJB,387,183.0,Q,P,False,Q183P
tr|A0ABM3PR57|A0ABM3PR57_ACIJB,387,183.0,Q,P,False,Q183P
tr|A0A9W2V4N6|A0A9W2V4N6_PANPR,387,183.0,Q,P,False,Q183P
tr|A0A9V1E3X8|A0A9V1E3X8_PANPR,387,183.0,Q,P,False,Q183P
tr|A0ABM3PR79|A0ABM3PR79_ACIJB,387,183.0,Q,P,False,Q183P
tr|A0A6P6IA58|A0A6P6IA58_PUMCO,387,183.0,Q,P,False,Q183P
tr|A0A673VSY8|A0A673VSY8_SURSU,387,183.0,Q,P,False,Q183P
tr|A0ABI7WHV4|A0ABI7WHV4_FELCA,387,183.0,Q,P,False,Q183P
tr|A0ABM5DIK9|A0ABM5DIK9_VICPA,387,183.0,Q,P,False,Q183P
tr|A0A8B8TCI7|A0A8B8TCI7_CAMFR,387,183.0,Q,P,False,Q183P
tr|A0AC58QLX8|A0AC58QLX8_CAMBA,387,183.0,Q,P,False,Q183P
tr|A0AC58QLY5|A0AC58QLY5_CAMBA,387,183.0,Q,P,False,Q183P
tr|A0A8M1MY92|A0A8M1MY92_NEOSC,387,183.0,Q,P,False,Q183P
tr|A0A2Y9HU18|A0A2Y9HU18_NEOSC,387,183.0,Q,P,False,Q183P
tr|A0A2Y9HU19|A0A2Y9HU19_NEOSC,387,183.0,Q,P,False,Q183P
tr|A0A6J2BKB8|A0A6J2BKB8_ZALCA,387,183.0,Q,P,False,Q183P
tr|A0A2U3WID3|A0A2U3WID3_ODORO,387,183.0,Q,P,False,Q183P
tr|A0A3Q7QLH5|A0A3Q7QLH5_CALUR,387,183.0,Q,P,False,Q183P
tr|A0A8U0R6L8|A0A8U0R6L8_MUSPF,387,183.0,Q,P,False,Q183P
tr|A0A8U0R7F3|A0A8U0R7F3_MUSPF,387,183.0,Q,P,False,Q183P
tr|A0ABM5B1I8|A0ABM5B1I8_VULVU,387,183.0,Q,P,False,Q183P
tr|A0ABM5B1I7|A0ABM5B1I7_VULVU,387,183.0,Q,P,False,Q183P
tr|A0ABM5B1I0|A0ABM5B1I0_VULVU,387,183.0,Q,P,False,Q183P
tr|A0A3Q7TRU1|A0A3Q7TRU1_VULVU,387,183.0,Q,P,False,Q183P
tr|A0ABM5B1H0|A0ABM5B1H0_VULVU,387,183.0,Q,P,False,Q183P
tr|A0ABM5B1H1|A0ABM5B1H1_VULVU,387,183.0,Q,P,False,Q183P
tr|A0A7F8QFI6|A0A7F8QFI6_LEPWE,387,183.0,Q,P,False,Q183P
tr|A0A2Y9HYX1|A0A2Y9HYX1_NEOSC,387,183.0,Q,T,False,Q183T
tr|A0A8M1MS50|A0A8M1MS50_NEOSC,387,183.0,Q,T,False,Q183T
tr|A0A671G1Q2|A0A671G1Q2_RHIFE,387,183.0,Q,P,False,Q183P
tr|A0A6P3FFL7|A0A6P3FFL7_OCTDE,387,183.0,Q,P,False,Q183P
tr|A0A2U3WIE1|A0A2U3WIE1_ODORO,387,183.0,Q,P,False,Q183P
tr|A0A2U3XEH3|A0A2U3XEH3_LEPWE,387,183.0,Q,P,False,Q183P
tr|A0A2Y9HTI5|A0A2Y9HTI5_NEOSC,387,183.0,Q,T,False,Q183T
tr|A0A8M1MQ86|A0A8M1MQ86_NEOSC,387,183.0,Q,T,False,Q183T
tr|A0A8M1MQ95|A0A8M1MQ95_NEOSC,387,183.0,Q,T,False,Q183T
tr|A0A8M1MTH9|A0A8M1MTH9_NEOSC,387,183.0,Q,T,False,Q183T
tr|A0A8M1MY93|A0A8M1MY93_NEOSC,387,183.0,Q,T,False,Q183T
tr|A0A2U3WID9|A0A2U3WID9_ODORO,387,183.0,Q,P,False,Q183P
tr|A0A2U3WIG2|A0A2U3WIG2_ODORO,387,183.0,Q,P,False,Q183P
tr|A0ACF8DDW5|A0ACF8DDW5_ARAGI,388,184.0,Q,C,False,Q184C
tr|A0A2Y9DWJ1|A0A2Y9DWJ1_TRIMA,388,184.0,Q,H,False,Q184H
tr|A0AC58LU76|A0AC58LU76_CASCN,388,184.0,Q,P,False,Q184P
tr|A0AC58LUC1|A0AC58LUC1_CASCN,388,184.0,Q,P,False,Q184P
tr|A0AC58LU85|A0AC58LU85_CASCN,388,184.0,Q,P,False,Q184P
tr|A0A7N5KPZ8|A0A7N5KPZ8_AILME,388,184.0,Q,P,False,Q184P
tr|A0A673VFZ0|A0A673VFZ0_SURSU,388,184.0,Q,P,False,Q184P
tr|A0A673VR77|A0A673VR77_SURSU,388,184.0,Q,P,False,Q184P
tr|G1L722|G1L722_AILME,388,184.0,Q,P,False,Q184P
tr|A0ABM5B1K2|A0ABM5B1K2_VULVU,388,184.0,Q,P,False,Q184P
tr|A0ABM5B1L8|A0ABM5B1L8_VULVU,388,184.0,Q,P,False,Q184P
tr|A0ABM5B1L5|A0ABM5B1L5_VULVU,388,184.0,Q,P,False,Q184P
tr|A0AC58LUB7|A0AC58LUB7_CASCN,388,184.0,Q,P,False,Q184P
tr|A0AC58LUC3|A0AC58LUC3_CASCN,388,184.0,Q,P,False,Q184P
tr|A0A8M1GWA4|A0A8M1GWA4_URSMA,388,184.0,Q,P,False,Q184P
tr|A0ABM5B1M3|A0ABM5B1M3_VULVU,388,184.0,Q,P,False,Q184P
tr|A0ABM5B1N0|A0ABM5B1N0_VULVU,388,184.0,Q,P,False,Q184P
tr|A0ABM5B1L9|A0ABM5B1L9_VULVU,388,184.0,Q,P,False,Q184P
tr|A0ABM5B1L6|A0ABM5B1L6_VULVU,388,184.0,Q,P,False,Q184P
tr|A0A8U0UL47|A0A8U0UL47_MUSPF,388,184.0,Q,P,False,Q184P
tr|A0ABM5B1L7|A0ABM5B1L7_VULVU,388,184.0,Q,P,False,Q184P
tr|A0AC58LUA0|A0AC58LUA0_CASCN,388,184.0,Q,P,False,Q184P
tr|A0A8U0R521|A0A8U0R521_MUSPF,388,184.0,Q,P,False,Q184P
tr|A0A8U0R6N5|A0A8U0R6N5_MUSPF,388,184.0,Q,P,False,Q184P
tr|A9UCL6|A9UCL6_ARCCL,388,184.0,Q,P,False,Q184P
tr|A0ABM5B1L2|A0ABM5B1L2_VULVU,388,184.0,Q,P,False,Q184P
tr|A0ABM5B1L4|A0ABM5B1L4_VULVU,388,184.0,Q,P,False,Q184P
tr|A0A8I3RUG8|A0A8I3RUG8_CANLF,388,184.0,Q,P,False,Q184P
tr|A0ABM5B1J8|A0ABM5B1J8_VULVU,388,184.0,Q,P,False,Q184P
tr|A0ABM5B1I9|A0ABM5B1I9_VULVU,388,184.0,Q,P,False,Q184P
tr|A0ABM5B1I1|A0ABM5B1I1_VULVU,388,184.0,Q,P,False,Q184P
tr|A0ABM5B1J0|A0ABM5B1J0_VULVU,388,184.0,Q,P,False,Q184P
tr|A0A6P8VIH1|A0A6P8VIH1_GYMAC,389,185.0,Q,N,False,Q185N
tr|A0ACF8DDW5|A0ACF8DDW5_ARAGI,389,185.0,Q,F,False,Q185F
tr|A0ACF8FNS1|A0ACF8FNS1_ARAGI,389,185.0,Q,H,False,Q185H
tr|A0AAX6RUX8|A0AAX6RUX8_HETGA,389,185.0,Q,H,False,Q185H
tr|A9UCM2|A9UCM2_CYNSP,389,185.0,Q,H,False,Q185H
tr|A0A8U0R0X1|A0A8U0R0X1_SALNM,389,185.0,Q,H,False,Q185H
tr|A0A6J2V3N9|A0A6J2V3N9_CHACN,389,185.0,Q,H,False,Q185H
tr|A0A6P8GSV4|A0A6P8GSV4_CLUHA,389,185.0,Q,H,False,Q185H
tr|A0A979FEC0|A0A979FEC0_ICTPU,389,185.0,Q,H,False,Q185H
tr|A0A979FF91|A0A979FF91_ICTPU,389,185.0,Q,H,False,Q185H
tr|A0A979FED5|A0A979FED5_ICTPU,389,185.0,Q,H,False,Q185H
tr|A0A9F7RNW9|A0A9F7RNW9_ICTPU,389,185.0,Q,H,False,Q185H
tr|A0A979FDQ7|A0A979FDQ7_ICTPU,389,185.0,Q,H,False,Q185H
tr|A0A979FDP4|A0A979FDP4_ICTPU,389,185.0,Q,H,False,Q185H
tr|A0A979FDQ5|A0A979FDQ5_ICTPU,389,185.0,Q,H,False,Q185H
tr|A0AC58J6Q9|A0AC58J6Q9_DANRE,389,185.0,Q,H,False,Q185H
tr|A0AC58J6Q2|A0AC58J6Q2_DANRE,389,185.0,Q,H,False,Q185H
tr|A0AB32TNW7|A0AB32TNW7_DANRE,389,185.0,Q,H,False,Q185H
tr|A0AC58J6S2|A0AC58J6S2_DANRE,389,185.0,Q,H,False,Q185H
tr|A0AC58J6R3|A0AC58J6R3_DANRE,389,185.0,Q,H,False,Q185H
tr|A0ACM8Q842|A0ACM8Q842_DANRE,389,185.0,Q,H,False,Q185H
tr|A0AB32TSB5|A0AB32TSB5_DANRE,389,185.0,Q,H,False,Q185H
tr|A0AB32TQV9|A0AB32TQV9_DANRE,389,185.0,Q,H,False,Q185H
tr|A0AB32TLD3|A0AB32TLD3_DANRE,389,185.0,Q,H,False,Q185H
tr|A0AC58J6Q5|A0AC58J6Q5_DANRE,389,185.0,Q,H,False,Q185H
tr|A0A8V0X8B7|A0A8V0X8B7_CHICK,389,185.0,Q,H,False,Q185H
tr|G1NA17|G1NA17_MELGA,389,185.0,Q,H,False,Q185H
tr|A0A2Y9DWJ1|A0A2Y9DWJ1_TRIMA,389,185.0,Q,L,False,Q185L
tr|A0A8I3WU72|A0A8I3WU72_CALJA,389,185.0,Q,H,False,Q185H
tr|A0A994J6W1|A0A994J6W1_HUMAN,389,185.0,Q,H,False,Q185H
tr|A9UCL8|A9UCL8_COEFR,389,185.0,Q,P,False,Q185P
tr|A0A8B7A802|A0A8B7A802_ORYAF,389,185.0,Q,P,False,Q185P
tr|A0AC58QLY3|A0AC58QLY3_CAMBA,389,185.0,Q,P,False,Q185P
tr|A9UCN5|A9UCN5_TYLPA,389,185.0,Q,P,False,Q185P
tr|A0A673VFZ0|A0A673VFZ0_SURSU,389,185.0,Q,P,False,Q185P
tr|A0A671G1Q2|A0A671G1Q2_RHIFE,389,185.0,Q,P,False,Q185P
tr|A0A673VR77|A0A673VR77_SURSU,389,185.0,Q,P,False,Q185P
tr|A9UCL7|A9UCL7_ASEST,389,185.0,Q,P,False,Q185P
tr|A9UCN1|A9UCN1_9CHIR,389,185.0,Q,P,False,Q185P
tr|A0A671G1R6|A0A671G1R6_RHIFE,389,185.0,Q,P,False,Q185P
tr|A9UCN0|A9UCN0_RHIFE,389,185.0,Q,P,False,Q185P
tr|A0AC58QLY9|A0AC58QLY9_CAMBA,389,185.0,Q,P,False,Q185P
tr|A0AC58QLX6|A0AC58QLX6_CAMBA,389,185.0,Q,P,False,Q185P
tr|A0A9W3FUS5|A0A9W3FUS5_CAMBA,389,185.0,Q,P,False,Q185P
tr|A0A6P8VIH1|A0A6P8VIH1_GYMAC,390,186.0,Q,N,False,Q186N
tr|A0ACF8DDW5|A0ACF8DDW5_ARAGI,390,186.0,Q,P,False,Q186P
tr|A0ACF8FNS1|A0ACF8FNS1_ARAGI,390,186.0,Q,P,False,Q186P
tr|A0AAX6RUX8|A0AAX6RUX8_HETGA,390,186.0,Q,P,False,Q186P
tr|A9UCM2|A9UCM2_CYNSP,390,186.0,Q,P,False,Q186P
tr|A0A8U0R0X1|A0A8U0R0X1_SALNM,390,186.0,Q,P,False,Q186P
tr|A0A6J2V3N9|A0A6J2V3N9_CHACN,390,186.0,Q,P,False,Q186P
tr|A0A6P8GSV4|A0A6P8GSV4_CLUHA,390,186.0,Q,P,False,Q186P
tr|A0A979FEC0|A0A979FEC0_ICTPU,390,186.0,Q,P,False,Q186P
tr|A0A979FF91|A0A979FF91_ICTPU,390,186.0,Q,P,False,Q186P
tr|A0A979FED5|A0A979FED5_ICTPU,390,186.0,Q,P,False,Q186P
tr|A0A9F7RNW9|A0A9F7RNW9_ICTPU,390,186.0,Q,P,False,Q186P
tr|A0A979FDQ7|A0A979FDQ7_ICTPU,390,186.0,Q,P,False,Q186P
tr|A0A979FDP4|A0A979FDP4_ICTPU,390,186.0,Q,P,False,Q186P
tr|A0A979FDQ5|A0A979FDQ5_ICTPU,390,186.0,Q,P,False,Q186P
tr|A0AC58J6Q9|A0AC58J6Q9_DANRE,390,186.0,Q,P,False,Q186P
tr|A0AC58J6Q2|A0AC58J6Q2_DANRE,390,186.0,Q,P,False,Q186P
tr|A0AB32TNW7|A0AB32TNW7_DANRE,390,186.0,Q,P,False,Q186P
tr|A0AC58J6S2|A0AC58J6S2_DANRE,390,186.0,Q,P,False,Q186P
tr|A0AC58J6R3|A0AC58J6R3_DANRE,390,186.0,Q,P,False,Q186P
tr|A0ACM8Q842|A0ACM8Q842_DANRE,390,186.0,Q,P,False,Q186P
tr|A0AB32TSB5|A0AB32TSB5_DANRE,390,186.0,Q,P,False,Q186P
tr|A0AB32TQV9|A0AB32TQV9_DANRE,390,186.0,Q,P,False,Q186P
tr|A0AB32TLD3|A0AB32TLD3_DANRE,390,186.0,Q,P,False,Q186P
tr|A0AC58J6Q5|A0AC58J6Q5_DANRE,390,186.0,Q,P,False,Q186P
tr|A0A8V0X8B7|A0A8V0X8B7_CHICK,390,186.0,Q,P,False,Q186P
tr|G1NA17|G1NA17_MELGA,390,186.0,Q,P,False,Q186P
tr|A0A8I3WU72|A0A8I3WU72_CALJA,390,186.0,Q,P,False,Q186P
tr|A0A994J6W1|A0A994J6W1_HUMAN,390,186.0,Q,P,False,Q186P
tr|A0ABM5DIL0|A0ABM5DIL0_VICPA,390,186.0,Q,P,False,Q186P
tr|A9UCL8|A9UCL8_COEFR,390,186.0,Q,P,False,Q186P
tr|A0A8B7A802|A0A8B7A802_ORYAF,390,186.0,Q,P,False,Q186P
tr|A0A1S3FGE5|A0A1S3FGE5_DIPOR,390,186.0,Q,P,False,Q186P
tr|A0A7F8QFI6|A0A7F8QFI6_LEPWE,390,186.0,Q,P,False,Q186P
tr|A0AC58QLY3|A0AC58QLY3_CAMBA,390,186.0,Q,P,False,Q186P
tr|A9UCN5|A9UCN5_TYLPA,390,186.0,Q,P,False,Q186P
tr|A0A2Y9HYX1|A0A2Y9HYX1_NEOSC,390,186.0,Q,P,False,Q186P
tr|A0A8M1MS50|A0A8M1MS50_NEOSC,390,186.0,Q,P,False,Q186P
tr|A0A673VFZ0|A0A673VFZ0_SURSU,390,186.0,Q,P,False,Q186P
tr|A0ABI7WG31|A0ABI7WG31_FELCA,390,186.0,Q,P,False,Q186P
tr|A0A671G1Q2|A0A671G1Q2_RHIFE,390,186.0,Q,P,False,Q186P
tr|A0A6P6I9Z6|A0A6P6I9Z6_PUMCO,390,186.0,Q,P,False,Q186P
tr|A0A673VR77|A0A673VR77_SURSU,390,186.0,Q,P,False,Q186P
tr|A0ABI7WG59|A0ABI7WG59_FELCA,390,186.0,Q,P,False,Q186P
tr|A9UCL7|A9UCL7_ASEST,390,186.0,Q,P,False,Q186P
tr|A9UCN1|A9UCN1_9CHIR,390,186.0,Q,P,False,Q186P
tr|A0A671G1R6|A0A671G1R6_RHIFE,390,186.0,Q,P,False,Q186P
tr|A9UCN0|A9UCN0_RHIFE,390,186.0,Q,P,False,Q186P
tr|A0A1S3FHI6|A0A1S3FHI6_DIPOR,390,186.0,Q,P,False,Q186P
tr|A0A1S3FGE9|A0A1S3FGE9_DIPOR,390,186.0,Q,P,False,Q186P
tr|A0A1S3FH55|A0A1S3FH55_DIPOR,390,186.0,Q,P,False,Q186P
tr|A0A1S3FFJ5|A0A1S3FFJ5_DIPOR,390,186.0,Q,P,False,Q186P
tr|A0A1S3FFK0|A0A1S3FFK0_DIPOR,390,186.0,Q,P,False,Q186P
tr|A0A6P3FFL7|A0A6P3FFL7_OCTDE,390,186.0,Q,P,False,Q186P
tr|A0ABM3PR68|A0ABM3PR68_ACIJB,390,186.0,Q,P,False,Q186P
tr|A0ABM3PR69|A0ABM3PR69_ACIJB,390,186.0,Q,P,False,Q186P
tr|A0A9W2V4P6|A0A9W2V4P6_PANPR,390,186.0,Q,P,False,Q186P
tr|A0AC58QLY9|A0AC58QLY9_CAMBA,390,186.0,Q,P,False,Q186P
tr|A0ABM5DIK7|A0ABM5DIK7_VICPA,390,186.0,Q,P,False,Q186P
tr|A0ABM5DIK8|A0ABM5DIK8_VICPA,390,186.0,Q,P,False,Q186P
tr|A0AC58QLX6|A0AC58QLX6_CAMBA,390,186.0,Q,P,False,Q186P
tr|A0A2U3WIE1|A0A2U3WIE1_ODORO,390,186.0,Q,P,False,Q186P
tr|A0ABI7WHC7|A0ABI7WHC7_FELCA,390,186.0,Q,P,False,Q186P
tr|A0A9W2V474|A0A9W2V474_PANPR,390,186.0,Q,P,False,Q186P
tr|A0A6P6IDD8|A0A6P6IDD8_PUMCO,390,186.0,Q,P,False,Q186P
tr|A0A6P6IA24|A0A6P6IA24_PUMCO,390,186.0,Q,P,False,Q186P
tr|A0A9W2V434|A0A9W2V434_PANPR,390,186.0,Q,P,False,Q186P
tr|A0A2U3XEH3|A0A2U3XEH3_LEPWE,390,186.0,Q,P,False,Q186P
tr|A0A2Y9HTI5|A0A2Y9HTI5_NEOSC,390,186.0,Q,P,False,Q186P
tr|A0A8M1MQ86|A0A8M1MQ86_NEOSC,390,186.0,Q,P,False,Q186P
tr|A0A8M1MQ95|A0A8M1MQ95_NEOSC,390,186.0,Q,P,False,Q186P
tr|A0A8M1MTH9|A0A8M1MTH9_NEOSC,390,186.0,Q,P,False,Q186P
tr|A0A8M1MY93|A0A8M1MY93_NEOSC,390,186.0,Q,P,False,Q186P
tr|A0A9W3FUS5|A0A9W3FUS5_CAMBA,390,186.0,Q,P,False,Q186P
tr|A0A2U3WID9|A0A2U3WID9_ODORO,390,186.0,Q,P,False,Q186P
tr|A0A2U3WIG2|A0A2U3WIG2_ODORO,390,186.0,Q,P,False,Q186P
tr|A0A6P8VIH1|A0A6P8VIH1_GYMAC,391,187.0,Q,S,False,Q187S
tr|A0ACF8DDW5|A0ACF8DDW5_ARAGI,391,187.0,Q,P,False,Q187P
tr|A0ACF8FNS1|A0ACF8FNS1_ARAGI,391,187.0,Q,G,False,Q187G
tr|A0AAX6RUX8|A0AAX6RUX8_HETGA,391,187.0,Q,G,False,Q187G
tr|A9UCM2|A9UCM2_CYNSP,391,187.0,Q,G,False,Q187G
tr|A0A8U0R0X1|A0A8U0R0X1_SALNM,391,187.0,Q,G,False,Q187G
tr|A0A6J2V3N9|A0A6J2V3N9_CHACN,391,187.0,Q,S,False,Q187S
tr|A0A6P8GSV4|A0A6P8GSV4_CLUHA,391,187.0,Q,G,False,Q187G
tr|A0A979FEC0|A0A979FEC0_ICTPU,391,187.0,Q,S,False,Q187S
tr|A0A979FF91|A0A979FF91_ICTPU,391,187.0,Q,S,False,Q187S
tr|A0A979FED5|A0A979FED5_ICTPU,391,187.0,Q,S,False,Q187S
tr|A0A9F7RNW9|A0A9F7RNW9_ICTPU,391,187.0,Q,S,False,Q187S
tr|A0A979FDQ7|A0A979FDQ7_ICTPU,391,187.0,Q,S,False,Q187S
tr|A0A979FDP4|A0A979FDP4_ICTPU,391,187.0,Q,S,False,Q187S
tr|A0A979FDQ5|A0A979FDQ5_ICTPU,391,187.0,Q,S,False,Q187S
tr|A0AC58J6Q9|A0AC58J6Q9_DANRE,391,187.0,Q,G,False,Q187G
tr|A0AC58J6Q2|A0AC58J6Q2_DANRE,391,187.0,Q,G,False,Q187G
tr|A0AB32TNW7|A0AB32TNW7_DANRE,391,187.0,Q,G,False,Q187G
tr|A0AC58J6S2|A0AC58J6S2_DANRE,391,187.0,Q,G,False,Q187G
tr|A0AC58J6R3|A0AC58J6R3_DANRE,391,187.0,Q,G,False,Q187G
tr|A0ACM8Q842|A0ACM8Q842_DANRE,391,187.0,Q,G,False,Q187G
tr|A0AB32TSB5|A0AB32TSB5_DANRE,391,187.0,Q,G,False,Q187G
tr|A0AB32TQV9|A0AB32TQV9_DANRE,391,187.0,Q,G,False,Q187G
tr|A0AB32TLD3|A0AB32TLD3_DANRE,391,187.0,Q,G,False,Q187G
tr|A0AC58J6Q5|A0AC58J6Q5_DANRE,391,187.0,Q,G,False,Q187G
tr|A0A8V0X8B7|A0A8V0X8B7_CHICK,391,187.0,Q,G,False,Q187G
tr|G1NA17|G1NA17_MELGA,391,187.0,Q,G,False,Q187G
tr|A0A2Y9DWJ1|A0A2Y9DWJ1_TRIMA,391,187.0,Q,L,False,Q187L
tr|A0A8I3WU72|A0A8I3WU72_CALJA,391,187.0,Q,G,False,Q187G
tr|A0A994J6W1|A0A994J6W1_HUMAN,391,187.0,Q,G,False,Q187G
tr|A0ABM5DIL0|A0ABM5DIL0_VICPA,391,187.0,Q,P,False,Q187P
tr|A0AC58LU76|A0AC58LU76_CASCN,391,187.0,Q,P,False,Q187P
tr|A0AC58LUC1|A0AC58LUC1_CASCN,391,187.0,Q,P,False,Q187P
tr|A0AC58LU85|A0AC58LU85_CASCN,391,187.0,Q,P,False,Q187P
tr|A0A1S3FGE5|A0A1S3FGE5_DIPOR,391,187.0,Q,P,False,Q187P
tr|A0A7F8QFI6|A0A7F8QFI6_LEPWE,391,187.0,Q,P,False,Q187P
tr|A0AC58QLY3|A0AC58QLY3_CAMBA,391,187.0,Q,P,False,Q187P
tr|A9UCN5|A9UCN5_TYLPA,391,187.0,Q,P,False,Q187P
tr|A0A2Y9HYX1|A0A2Y9HYX1_NEOSC,391,187.0,Q,P,False,Q187P
tr|A0A8M1MS50|A0A8M1MS50_NEOSC,391,187.0,Q,P,False,Q187P
tr|A0A7N5KPZ8|A0A7N5KPZ8_AILME,391,187.0,Q,P,False,Q187P
tr|A0A673VFZ0|A0A673VFZ0_SURSU,391,187.0,Q,P,False,Q187P
tr|A0ABI7WG31|A0ABI7WG31_FELCA,391,187.0,Q,P,False,Q187P
tr|A0A671G1Q2|A0A671G1Q2_RHIFE,391,187.0,Q,P,False,Q187P
tr|A0A6P6I9Z6|A0A6P6I9Z6_PUMCO,391,187.0,Q,P,False,Q187P
tr|A0A673VR77|A0A673VR77_SURSU,391,187.0,Q,P,False,Q187P
tr|A0ABI7WG59|A0ABI7WG59_FELCA,391,187.0,Q,P,False,Q187P
tr|G1L722|G1L722_AILME,391,187.0,Q,P,False,Q187P
tr|A0ABM5B1K2|A0ABM5B1K2_VULVU,391,187.0,Q,P,False,Q187P
tr|A0ABM5B1L8|A0ABM5B1L8_VULVU,391,187.0,Q,P,False,Q187P
tr|A0ABM5B1L5|A0ABM5B1L5_VULVU,391,187.0,Q,P,False,Q187P
tr|A9UCN1|A9UCN1_9CHIR,391,187.0,Q,P,False,Q187P
tr|A0A671G1R6|A0A671G1R6_RHIFE,391,187.0,Q,P,False,Q187P
tr|A9UCN0|A9UCN0_RHIFE,391,187.0,Q,P,False,Q187P
tr|A0A1S3FHI6|A0A1S3FHI6_DIPOR,391,187.0,Q,P,False,Q187P
tr|A0A1S3FGE9|A0A1S3FGE9_DIPOR,391,187.0,Q,P,False,Q187P
tr|A0A1S3FH55|A0A1S3FH55_DIPOR,391,187.0,Q,P,False,Q187P
tr|A0A1S3FFJ5|A0A1S3FFJ5_DIPOR,391,187.0,Q,P,False,Q187P
tr|A0A1S3FFK0|A0A1S3FFK0_DIPOR,391,187.0,Q,P,False,Q187P
tr|A0A6P3FFL7|A0A6P3FFL7_OCTDE,391,187.0,Q,P,False,Q187P
tr|A0AC58LUB7|A0AC58LUB7_CASCN,391,187.0,Q,P,False,Q187P
tr|A0AC58LUC3|A0AC58LUC3_CASCN,391,187.0,Q,P,False,Q187P
tr|A0A8M1GWA4|A0A8M1GWA4_URSMA,391,187.0,Q,P,False,Q187P
tr|A0ABM3PR68|A0ABM3PR68_ACIJB,391,187.0,Q,P,False,Q187P
tr|A0ABM3PR69|A0ABM3PR69_ACIJB,391,187.0,Q,P,False,Q187P
tr|A0A9W2V4P6|A0A9W2V4P6_PANPR,391,187.0,Q,P,False,Q187P
tr|A0AC58QLY9|A0AC58QLY9_CAMBA,391,187.0,Q,P,False,Q187P
tr|A0ABM5DIK7|A0ABM5DIK7_VICPA,391,187.0,Q,P,False,Q187P
tr|A0ABM5DIK8|A0ABM5DIK8_VICPA,391,187.0,Q,P,False,Q187P
tr|A0AC58QLX6|A0AC58QLX6_CAMBA,391,187.0,Q,P,False,Q187P
tr|A0A2U3WIE1|A0A2U3WIE1_ODORO,391,187.0,Q,P,False,Q187P
tr|A0ABM5B1M3|A0ABM5B1M3_VULVU,391,187.0,Q,P,False,Q187P
tr|A0ABM5B1N0|A0ABM5B1N0_VULVU,391,187.0,Q,P,False,Q187P
tr|A0ABM5B1L9|A0ABM5B1L9_VULVU,391,187.0,Q,P,False,Q187P
tr|A0ABM5B1L6|A0ABM5B1L6_VULVU,391,187.0,Q,P,False,Q187P
tr|A0A8U0UL47|A0A8U0UL47_MUSPF,391,187.0,Q,P,False,Q187P
tr|A0ABM5B1L7|A0ABM5B1L7_VULVU,391,187.0,Q,P,False,Q187P
tr|A0ABI7WHC7|A0ABI7WHC7_FELCA,391,187.0,Q,P,False,Q187P
tr|A0A9W2V474|A0A9W2V474_PANPR,391,187.0,Q,P,False,Q187P
tr|A0A6P6IDD8|A0A6P6IDD8_PUMCO,391,187.0,Q,P,False,Q187P
tr|A0A6P6IA24|A0A6P6IA24_PUMCO,391,187.0,Q,P,False,Q187P
tr|A0A9W2V434|A0A9W2V434_PANPR,391,187.0,Q,P,False,Q187P
tr|A0A2U3XEH3|A0A2U3XEH3_LEPWE,391,187.0,Q,P,False,Q187P
tr|A0A2Y9HTI5|A0A2Y9HTI5_NEOSC,391,187.0,Q,P,False,Q187P
tr|A0A8M1MQ86|A0A8M1MQ86_NEOSC,391,187.0,Q,P,False,Q187P
tr|A0A8M1MQ95|A0A8M1MQ95_NEOSC,391,187.0,Q,P,False,Q187P
tr|A0A8M1MTH9|A0A8M1MTH9_NEOSC,391,187.0,Q,P,False,Q187P
tr|A0A8M1MY93|A0A8M1MY93_NEOSC,391,187.0,Q,P,False,Q187P
tr|A0A9W3FUS5|A0A9W3FUS5_CAMBA,391,187.0,Q,P,False,Q187P
tr|A0A2U3WID9|A0A2U3WID9_ODORO,391,187.0,Q,P,False,Q187P
tr|A0A2U3WIG2|A0A2U3WIG2_ODORO,391,187.0,Q,P,False,Q187P
tr|A0AC58LUA0|A0AC58LUA0_CASCN,391,187.0,Q,P,False,Q187P
tr|A0A8U0R521|A0A8U0R521_MUSPF,391,187.0,Q,P,False,Q187P
tr|A0A8U0R6N5|A0A8U0R6N5_MUSPF,391,187.0,Q,P,False,Q187P
tr|A9UCL6|A9UCL6_ARCCL,391,187.0,Q,P,False,Q187P
tr|A0ABM5B1L2|A0ABM5B1L2_VULVU,391,187.0,Q,P,False,Q187P
tr|A0ABM5B1L4|A0ABM5B1L4_VULVU,391,187.0,Q,P,False,Q187P
tr|A0A8I3RUG8|A0A8I3RUG8_CANLF,391,187.0,Q,P,False,Q187P
tr|A0ABM5B1J8|A0ABM5B1J8_VULVU,391,187.0,Q,P,False,Q187P
tr|A0ABM5B1I9|A0ABM5B1I9_VULVU,391,187.0,Q,P,False,Q187P
tr|A0ABM5B1I1|A0ABM5B1I1_VULVU,391,187.0,Q,P,False,Q187P
tr|A0ABM5B1J0|A0ABM5B1J0_VULVU,391,187.0,Q,P,False,Q187P
tr|A0A6P8VIH1|A0A6P8VIH1_GYMAC,392,188.0,Q,V,False,Q188V
tr|A0ACF8DDW5|A0ACF8DDW5_ARAGI,392,188.0,Q,R,False,Q188R
tr|A0ACF8FNS1|A0ACF8FNS1_ARAGI,392,188.0,Q,K,False,Q188K
tr|A0AAX6RUX8|A0AAX6RUX8_HETGA,392,188.0,Q,K,False,Q188K
tr|A9UCM2|A9UCM2_CYNSP,392,188.0,Q,K,False,Q188K
tr|A0A8U0R0X1|A0A8U0R0X1_SALNM,392,188.0,Q,K,False,Q188K
tr|A0A6J2V3N9|A0A6J2V3N9_CHACN,392,188.0,Q,K,False,Q188K
tr|A0A6P8GSV4|A0A6P8GSV4_CLUHA,392,188.0,Q,K,False,Q188K
tr|A0A979FEC0|A0A979FEC0_ICTPU,392,188.0,Q,K,False,Q188K
tr|A0A979FF91|A0A979FF91_ICTPU,392,188.0,Q,K,False,Q188K
tr|A0A979FED5|A0A979FED5_ICTPU,392,188.0,Q,K,False,Q188K
tr|A0A9F7RNW9|A0A9F7RNW9_ICTPU,392,188.0,Q,K,False,Q188K
tr|A0A979FDQ7|A0A979FDQ7_ICTPU,392,188.0,Q,K,False,Q188K
tr|A0A979FDP4|A0A979FDP4_ICTPU,392,188.0,Q,K,False,Q188K
tr|A0A979FDQ5|A0A979FDQ5_ICTPU,392,188.0,Q,K,False,Q188K
tr|A0AC58J6Q9|A0AC58J6Q9_DANRE,392,188.0,Q,K,False,Q188K
tr|A0AC58J6Q2|A0AC58J6Q2_DANRE,392,188.0,Q,K,False,Q188K
tr|A0AB32TNW7|A0AB32TNW7_DANRE,392,188.0,Q,K,False,Q188K
tr|A0AC58J6S2|A0AC58J6S2_DANRE,392,188.0,Q,K,False,Q188K
tr|A0AC58J6R3|A0AC58J6R3_DANRE,392,188.0,Q,K,False,Q188K
tr|A0ACM8Q842|A0ACM8Q842_DANRE,392,188.0,Q,K,False,Q188K
tr|A0AB32TSB5|A0AB32TSB5_DANRE,392,188.0,Q,K,False,Q188K
tr|A0AB32TQV9|A0AB32TQV9_DANRE,392,188.0,Q,K,False,Q188K
tr|A0AB32TLD3|A0AB32TLD3_DANRE,392,188.0,Q,K,False,Q188K
tr|A0AC58J6Q5|A0AC58J6Q5_DANRE,392,188.0,Q,K,False,Q188K
tr|A0A8C5M8V1|A0A8C5M8V1_9ANUR,392,188.0,Q,A,False,Q188A
tr|A0A8V0X8B7|A0A8V0X8B7_CHICK,392,188.0,Q,K,False,Q188K
tr|G1NA17|G1NA17_MELGA,392,188.0,Q,K,False,Q188K
tr|A0A2Y9DWJ1|A0A2Y9DWJ1_TRIMA,392,188.0,Q,L,False,Q188L
tr|A0A8I3WU72|A0A8I3WU72_CALJA,392,188.0,Q,K,False,Q188K
tr|A0A994J6W1|A0A994J6W1_HUMAN,392,188.0,Q,K,False,Q188K
tr|A0ABM5DIL0|A0ABM5DIL0_VICPA,392,188.0,Q,P,False,Q188P
tr|A9UCL8|A9UCL8_COEFR,392,188.0,Q,P,False,Q188P
tr|A0A8B7A802|A0A8B7A802_ORYAF,392,188.0,Q,H,False,Q188H
tr|A0A1S3FGE5|A0A1S3FGE5_DIPOR,392,188.0,Q,P,False,Q188P
tr|A0ABM3TVV6|A0ABM3TVV6_BALAC,392,188.0,Q,P,False,Q188P
tr|A0A8B8YAI8|A0A8B8YAI8_BALMU,392,188.0,Q,P,False,Q188P
tr|A0ABM3TVW3|A0ABM3TVW3_BALAC,392,188.0,Q,P,False,Q188P
tr|A0A452FUL3|A0A452FUL3_CAPHI,392,188.0,Q,P,False,Q188P
tr|F1N4J3|F1N4J3_BOVIN,392,188.0,Q,P,False,Q188P
tr|A0A6P3GCY9|A0A6P3GCY9_BISBB,392,188.0,Q,P,False,Q188P
tr|A0A8B9WDS0|A0A8B9WDS0_BOSGR,392,188.0,Q,P,False,Q188P
tr|A0ABM4S7Z7|A0ABM4S7Z7_BOSIN,392,188.0,Q,P,False,Q188P
tr|A0A7F8QFI6|A0A7F8QFI6_LEPWE,392,188.0,Q,P,False,Q188P
tr|A0AC58QLY3|A0AC58QLY3_CAMBA,392,188.0,Q,P,False,Q188P
tr|A9UCN5|A9UCN5_TYLPA,392,188.0,Q,P,False,Q188P
tr|A0A2Y9HYX1|A0A2Y9HYX1_NEOSC,392,188.0,Q,P,False,Q188P
tr|A0A8M1MS50|A0A8M1MS50_NEOSC,392,188.0,Q,P,False,Q188P
tr|A0A7N5KPZ8|A0A7N5KPZ8_AILME,392,188.0,Q,P,False,Q188P
tr|A0A673VFZ0|A0A673VFZ0_SURSU,392,188.0,Q,P,False,Q188P
tr|A0ABI7WG31|A0ABI7WG31_FELCA,392,188.0,Q,P,False,Q188P
tr|A0A671G1Q2|A0A671G1Q2_RHIFE,392,188.0,Q,P,False,Q188P
tr|A0A6P6I9Z6|A0A6P6I9Z6_PUMCO,392,188.0,Q,P,False,Q188P
tr|A0A673VR77|A0A673VR77_SURSU,392,188.0,Q,P,False,Q188P
tr|A0ABI7WG59|A0ABI7WG59_FELCA,392,188.0,Q,P,False,Q188P
tr|G1L722|G1L722_AILME,392,188.0,Q,P,False,Q188P
tr|A0ABM5B1K2|A0ABM5B1K2_VULVU,392,188.0,Q,P,False,Q188P
tr|A0ABM5B1L8|A0ABM5B1L8_VULVU,392,188.0,Q,P,False,Q188P
tr|A0ABM5B1L5|A0ABM5B1L5_VULVU,392,188.0,Q,P,False,Q188P
tr|A9UCL7|A9UCL7_ASEST,392,188.0,Q,P,False,Q188P
tr|A9UCN1|A9UCN1_9CHIR,392,188.0,Q,P,False,Q188P
tr|A0A671G1R6|A0A671G1R6_RHIFE,392,188.0,Q,P,False,Q188P
tr|A9UCN0|A9UCN0_RHIFE,392,188.0,Q,P,False,Q188P
tr|A0A1S3FHI6|A0A1S3FHI6_DIPOR,392,188.0,Q,P,False,Q188P
tr|A0A1S3FGE9|A0A1S3FGE9_DIPOR,392,188.0,Q,P,False,Q188P
tr|A0A1S3FH55|A0A1S3FH55_DIPOR,392,188.0,Q,P,False,Q188P
tr|A0A1S3FFJ5|A0A1S3FFJ5_DIPOR,392,188.0,Q,P,False,Q188P
tr|A0A1S3FFK0|A0A1S3FFK0_DIPOR,392,188.0,Q,P,False,Q188P
tr|A0A6P3FFL7|A0A6P3FFL7_OCTDE,392,188.0,Q,P,False,Q188P
tr|A0ABM3TW40|A0ABM3TW40_BALAC,392,188.0,Q,P,False,Q188P
tr|A0ABM4S800|A0ABM4S800_BOSIN,392,188.0,Q,P,False,Q188P
tr|A0A8M1GWA4|A0A8M1GWA4_URSMA,392,188.0,Q,P,False,Q188P
tr|A0ABM3PR68|A0ABM3PR68_ACIJB,392,188.0,Q,P,False,Q188P
tr|A0ABM3PR69|A0ABM3PR69_ACIJB,392,188.0,Q,P,False,Q188P
tr|A0A9W2V4P6|A0A9W2V4P6_PANPR,392,188.0,Q,P,False,Q188P
tr|A0AC58QLY9|A0AC58QLY9_CAMBA,392,188.0,Q,P,False,Q188P
tr|A0ABM5DIK7|A0ABM5DIK7_VICPA,392,188.0,Q,P,False,Q188P
tr|A0ABM5DIK8|A0ABM5DIK8_VICPA,392,188.0,Q,P,False,Q188P
tr|A0AC58QLX6|A0AC58QLX6_CAMBA,392,188.0,Q,P,False,Q188P
tr|A0A2U3WIE1|A0A2U3WIE1_ODORO,392,188.0,Q,P,False,Q188P
tr|A0ABM5B1M3|A0ABM5B1M3_VULVU,392,188.0,Q,P,False,Q188P
tr|A0ABM5B1N0|A0ABM5B1N0_VULVU,392,188.0,Q,P,False,Q188P
tr|A0ABM5B1L9|A0ABM5B1L9_VULVU,392,188.0,Q,P,False,Q188P
tr|A0ABM5B1L6|A0ABM5B1L6_VULVU,392,188.0,Q,P,False,Q188P
tr|A0A8U0UL47|A0A8U0UL47_MUSPF,392,188.0,Q,P,False,Q188P
tr|A0ABM5B1L7|A0ABM5B1L7_VULVU,392,188.0,Q,P,False,Q188P
tr|A0ABI7WHC7|A0ABI7WHC7_FELCA,392,188.0,Q,P,False,Q188P
tr|A0A9W2V474|A0A9W2V474_PANPR,392,188.0,Q,P,False,Q188P
tr|A0A6P6IDD8|A0A6P6IDD8_PUMCO,392,188.0,Q,P,False,Q188P
tr|A0A6P6IA24|A0A6P6IA24_PUMCO,392,188.0,Q,P,False,Q188P
tr|A0A9W2V434|A0A9W2V434_PANPR,392,188.0,Q,P,False,Q188P
tr|A0A2U3XEH3|A0A2U3XEH3_LEPWE,392,188.0,Q,P,False,Q188P
tr|A0A2Y9HTI5|A0A2Y9HTI5_NEOSC,392,188.0,Q,P,False,Q188P
tr|A0A8M1MQ86|A0A8M1MQ86_NEOSC,392,188.0,Q,P,False,Q188P
tr|A0A8M1MQ95|A0A8M1MQ95_NEOSC,392,188.0,Q,P,False,Q188P
tr|A0A8M1MTH9|A0A8M1MTH9_NEOSC,392,188.0,Q,P,False,Q188P
tr|A0A8M1MY93|A0A8M1MY93_NEOSC,392,188.0,Q,P,False,Q188P
tr|A0A9W3FUS5|A0A9W3FUS5_CAMBA,392,188.0,Q,P,False,Q188P
tr|A0A2U3WID9|A0A2U3WID9_ODORO,392,188.0,Q,P,False,Q188P
tr|A0A2U3WIG2|A0A2U3WIG2_ODORO,392,188.0,Q,P,False,Q188P
tr|A0A8U0R521|A0A8U0R521_MUSPF,392,188.0,Q,P,False,Q188P
tr|A0A8U0R6N5|A0A8U0R6N5_MUSPF,392,188.0,Q,P,False,Q188P
tr|A9UCL6|A9UCL6_ARCCL,392,188.0,Q,P,False,Q188P
tr|A0ABM5B1L2|A0ABM5B1L2_VULVU,392,188.0,Q,P,False,Q188P
tr|A0ABM5B1L4|A0ABM5B1L4_VULVU,392,188.0,Q,P,False,Q188P
tr|A0A8I3RUG8|A0A8I3RUG8_CANLF,392,188.0,Q,P,False,Q188P
tr|A0ABM5B1J8|A0ABM5B1J8_VULVU,392,188.0,Q,P,False,Q188P
tr|A0ABM5B1I9|A0ABM5B1I9_VULVU,392,188.0,Q,P,False,Q188P
tr|A0ABM5B1I1|A0ABM5B1I1_VULVU,392,188.0,Q,P,False,Q188P
tr|A0ABM5B1J0|A0ABM5B1J0_VULVU,392,188.0,Q,P,False,Q188P
tr|A0ABM3TVW1|A0ABM3TVW1_BALAC,392,188.0,Q,P,False,Q188P
tr|A0ABM3TVX2|A0ABM3TVX2_BALAC,392,188.0,Q,P,False,Q188P
tr|A0A8B9W6Z7|A0A8B9W6Z7_BOSGR,392,188.0,Q,P,False,Q188P
tr|A0ABM4S7Z1|A0ABM4S7Z1_BOSIN,392,188.0,Q,P,False,Q188P
tr|A0AAA9RWR3|A0AAA9RWR3_BOVIN,392,188.0,Q,P,False,Q188P
tr|A0A6P8VIH1|A0A6P8VIH1_GYMAC,393,189.0,Q,R,False,Q189R
tr|A0ACF8DDW5|A0ACF8DDW5_ARAGI,393,189.0,Q,R,False,Q189R
tr|A0A8C5M8V1|A0A8C5M8V1_9ANUR,393,189.0,Q,P,False,Q189P
tr|A0A1L8GU65|A0A1L8GU65_XENLA,393,189.0,Q,P,False,Q189P
tr|A0A8J0UR98|A0A8J0UR98_XENLA,393,189.0,Q,P,False,Q189P
tr|A0A8J0UXQ2|A0A8J0UXQ2_XENLA,393,189.0,Q,P,False,Q189P
tr|A0A8J1MHG6|A0A8J1MHG6_XENLA,393,189.0,Q,P,False,Q189P
tr|A0A1L8GYY0|A0A1L8GYY0_XENLA,393,189.0,Q,P,False,Q189P
tr|A0A8J1MIF2|A0A8J1MIF2_XENLA,393,189.0,Q,P,False,Q189P
tr|A0A8J1MHG1|A0A8J1MHG1_XENLA,393,189.0,Q,P,False,Q189P
tr|A0A8J1MHG5|A0A8J1MHG5_XENLA,393,189.0,Q,P,False,Q189P
tr|A0A8J0Q7P1|A0A8J0Q7P1_XENTR,393,189.0,Q,P,False,Q189P
tr|A0A8J0SHD1|A0A8J0SHD1_XENTR,393,189.0,Q,P,False,Q189P
tr|A0A8J0SG76|A0A8J0SG76_XENTR,393,189.0,Q,P,False,Q189P
tr|F7DTZ3|F7DTZ3_XENTR,393,189.0,Q,P,False,Q189P
tr|A0A8J0S8T9|A0A8J0S8T9_XENTR,393,189.0,Q,P,False,Q189P
tr|A0ABM5DIL0|A0ABM5DIL0_VICPA,393,189.0,Q,P,False,Q189P
tr|A0A1S3FGE5|A0A1S3FGE5_DIPOR,393,189.0,Q,P,False,Q189P
tr|A0ABM3TVV6|A0ABM3TVV6_BALAC,393,189.0,Q,P,False,Q189P
tr|A0A8B8YAI8|A0A8B8YAI8_BALMU,393,189.0,Q,P,False,Q189P
tr|A0ABM3TVW3|A0ABM3TVW3_BALAC,393,189.0,Q,P,False,Q189P
tr|A0A7F8QFI6|A0A7F8QFI6_LEPWE,393,189.0,Q,P,False,Q189P
tr|A0AC58QLY3|A0AC58QLY3_CAMBA,393,189.0,Q,P,False,Q189P
tr|A9UCN5|A9UCN5_TYLPA,393,189.0,Q,P,False,Q189P
tr|A0A2Y9HYX1|A0A2Y9HYX1_NEOSC,393,189.0,Q,P,False,Q189P
tr|A0A8M1MS50|A0A8M1MS50_NEOSC,393,189.0,Q,P,False,Q189P
tr|A0A7N5KPZ8|A0A7N5KPZ8_AILME,393,189.0,Q,P,False,Q189P
tr|A0A673VFZ0|A0A673VFZ0_SURSU,393,189.0,Q,P,False,Q189P
tr|A0ABI7WG31|A0ABI7WG31_FELCA,393,189.0,Q,P,False,Q189P
tr|A0A6P6I9Z6|A0A6P6I9Z6_PUMCO,393,189.0,Q,P,False,Q189P
tr|A0A673VR77|A0A673VR77_SURSU,393,189.0,Q,P,False,Q189P
tr|A0ABI7WG59|A0ABI7WG59_FELCA,393,189.0,Q,P,False,Q189P
tr|G1L722|G1L722_AILME,393,189.0,Q,P,False,Q189P
tr|A0ABM5B1K2|A0ABM5B1K2_VULVU,393,189.0,Q,P,False,Q189P
tr|A0ABM5B1L8|A0ABM5B1L8_VULVU,393,189.0,Q,P,False,Q189P
tr|A0ABM5B1L5|A0ABM5B1L5_VULVU,393,189.0,Q,P,False,Q189P
tr|A0A8J1MTY3|A0A8J1MTY3_XENLA,393,189.0,Q,P,False,Q189P
tr|A0A8J1MRN8|A0A8J1MRN8_XENLA,393,189.0,Q,P,False,Q189P
tr|A0A6I8SNY6|A0A6I8SNY6_XENTR,393,189.0,Q,P,False,Q189P
tr|A0A8J0SEG3|A0A8J0SEG3_XENTR,393,189.0,Q,P,False,Q189P
sp|Q4VYS1|FOXP2_XENLA,393,189.0,Q,P,False,Q189P
tr|A0A8J1MI35|A0A8J1MI35_XENLA,393,189.0,Q,P,False,Q189P
tr|A9UCN1|A9UCN1_9CHIR,393,189.0,Q,P,False,Q189P
tr|A0A1S3FHI6|A0A1S3FHI6_DIPOR,393,189.0,Q,P,False,Q189P
tr|A0A1S3FGE9|A0A1S3FGE9_DIPOR,393,189.0,Q,P,False,Q189P
tr|A0A1S3FH55|A0A1S3FH55_DIPOR,393,189.0,Q,P,False,Q189P
tr|A0A1S3FFJ5|A0A1S3FFJ5_DIPOR,393,189.0,Q,P,False,Q189P
tr|A0A1S3FFK0|A0A1S3FFK0_DIPOR,393,189.0,Q,P,False,Q189P
tr|A0A6P3FFL7|A0A6P3FFL7_OCTDE,393,189.0,Q,P,False,Q189P
tr|A0ABM3TW40|A0ABM3TW40_BALAC,393,189.0,Q,P,False,Q189P
tr|A0A8M1GWA4|A0A8M1GWA4_URSMA,393,189.0,Q,P,False,Q189P
tr|A0ABM3PR68|A0ABM3PR68_ACIJB,393,189.0,Q,P,False,Q189P
tr|A0ABM3PR69|A0ABM3PR69_ACIJB,393,189.0,Q,P,False,Q189P
tr|A0A9W2V4P6|A0A9W2V4P6_PANPR,393,189.0,Q,P,False,Q189P
tr|A0AC58QLY9|A0AC58QLY9_CAMBA,393,189.0,Q,P,False,Q189P
tr|A0ABM5DIK7|A0ABM5DIK7_VICPA,393,189.0,Q,P,False,Q189P
tr|A0ABM5DIK8|A0ABM5DIK8_VICPA,393,189.0,Q,P,False,Q189P
tr|A0AC58QLX6|A0AC58QLX6_CAMBA,393,189.0,Q,P,False,Q189P
tr|A0A2U3WIE1|A0A2U3WIE1_ODORO,393,189.0,Q,P,False,Q189P
tr|A0ABM5B1M3|A0ABM5B1M3_VULVU,393,189.0,Q,P,False,Q189P
tr|A0ABM5B1N0|A0ABM5B1N0_VULVU,393,189.0,Q,P,False,Q189P
tr|A0ABM5B1L9|A0ABM5B1L9_VULVU,393,189.0,Q,P,False,Q189P
tr|A0ABM5B1L6|A0ABM5B1L6_VULVU,393,189.0,Q,P,False,Q189P
tr|A0A8U0UL47|A0A8U0UL47_MUSPF,393,189.0,Q,P,False,Q189P
tr|A0ABM5B1L7|A0ABM5B1L7_VULVU,393,189.0,Q,P,False,Q189P
tr|A0ABI7WHC7|A0ABI7WHC7_FELCA,393,189.0,Q,P,False,Q189P
tr|A0A9W2V474|A0A9W2V474_PANPR,393,189.0,Q,P,False,Q189P
tr|A0A6P6IDD8|A0A6P6IDD8_PUMCO,393,189.0,Q,P,False,Q189P
tr|A0A6P6IA24|A0A6P6IA24_PUMCO,393,189.0,Q,P,False,Q189P
tr|A0A9W2V434|A0A9W2V434_PANPR,393,189.0,Q,P,False,Q189P
tr|A0A2U3XEH3|A0A2U3XEH3_LEPWE,393,189.0,Q,P,False,Q189P
tr|A0A2Y9HTI5|A0A2Y9HTI5_NEOSC,393,189.0,Q,P,False,Q189P
tr|A0A8M1MQ86|A0A8M1MQ86_NEOSC,393,189.0,Q,P,False,Q189P
tr|A0A8M1MQ95|A0A8M1MQ95_NEOSC,393,189.0,Q,P,False,Q189P
tr|A0A8M1MTH9|A0A8M1MTH9_NEOSC,393,189.0,Q,P,False,Q189P
tr|A0A8M1MY93|A0A8M1MY93_NEOSC,393,189.0,Q,P,False,Q189P
tr|A0A9W3FUS5|A0A9W3FUS5_CAMBA,393,189.0,Q,P,False,Q189P
tr|A0A2U3WID9|A0A2U3WID9_ODORO,393,189.0,Q,P,False,Q189P
tr|A0A2U3WIG2|A0A2U3WIG2_ODORO,393,189.0,Q,P,False,Q189P
tr|A0A8U0R521|A0A8U0R521_MUSPF,393,189.0,Q,P,False,Q189P
tr|A0A8U0R6N5|A0A8U0R6N5_MUSPF,393,189.0,Q,P,False,Q189P
tr|A9UCL6|A9UCL6_ARCCL,393,189.0,Q,P,False,Q189P
tr|A0ABM5B1L2|A0ABM5B1L2_VULVU,393,189.0,Q,P,False,Q189P
tr|A0ABM5B1L4|A0ABM5B1L4_VULVU,393,189.0,Q,P,False,Q189P
tr|A0A8I3RUG8|A0A8I3RUG8_CANLF,393,189.0,Q,P,False,Q189P
tr|A0ABM5B1J8|A0ABM5B1J8_VULVU,393,189.0,Q,P,False,Q189P
tr|A0ABM5B1I9|A0ABM5B1I9_VULVU,393,189.0,Q,P,False,Q189P
tr|A0ABM5B1I1|A0ABM5B1I1_VULVU,393,189.0,Q,P,False,Q189P
tr|A0ABM5B1J0|A0ABM5B1J0_VULVU,393,189.0,Q,P,False,Q189P
tr|A0ABM3TVW1|A0ABM3TVW1_BALAC,393,189.0,Q,P,False,Q189P
tr|A0ABM3TVX2|A0ABM3TVX2_BALAC,393,189.0,Q,P,False,Q189P
tr|A0A8V0X8B7|A0A8V0X8B7_CHICK,394,190.0,Q,A,False,Q190A
tr|G1NA17|G1NA17_MELGA,394,190.0,Q,A,False,Q190A
tr|A0A8I3WU72|A0A8I3WU72_CALJA,394,190.0,Q,A,False,Q190A
tr|A0A994J6W1|A0A994J6W1_HUMAN,394,190.0,Q,A,False,Q190A
tr|A0ABM5DIL0|A0ABM5DIL0_VICPA,394,190.0,Q,P,False,Q190P
tr|A9UCL8|A9UCL8_COEFR,394,190.0,Q,P,False,Q190P
tr|A0A1S3FGE5|A0A1S3FGE5_DIPOR,394,190.0,Q,P,False,Q190P
tr|A0ABM3TVV6|A0ABM3TVV6_BALAC,394,190.0,Q,P,False,Q190P
tr|A0A8B8YAI8|A0A8B8YAI8_BALMU,394,190.0,Q,P,False,Q190P
tr|A0ABM3TVW3|A0ABM3TVW3_BALAC,394,190.0,Q,P,False,Q190P
tr|A0A7F8QFI6|A0A7F8QFI6_LEPWE,394,190.0,Q,P,False,Q190P
tr|A0AC58QLY3|A0AC58QLY3_CAMBA,394,190.0,Q,P,False,Q190P
tr|A9UCN5|A9UCN5_TYLPA,394,190.0,Q,P,False,Q190P
tr|A0A2Y9HYX1|A0A2Y9HYX1_NEOSC,394,190.0,Q,P,False,Q190P
tr|A0A8M1MS50|A0A8M1MS50_NEOSC,394,190.0,Q,P,False,Q190P
tr|A0A7N5KPZ8|A0A7N5KPZ8_AILME,394,190.0,Q,P,False,Q190P
tr|A0A673VFZ0|A0A673VFZ0_SURSU,394,190.0,Q,P,False,Q190P
tr|A0ABI7WG31|A0ABI7WG31_FELCA,394,190.0,Q,P,False,Q190P
tr|A0A671G1Q2|A0A671G1Q2_RHIFE,394,190.0,Q,P,False,Q190P
tr|A0A6P6I9Z6|A0A6P6I9Z6_PUMCO,394,190.0,Q,P,False,Q190P
tr|A0A673VR77|A0A673VR77_SURSU,394,190.0,Q,P,False,Q190P
tr|A0ABI7WG59|A0ABI7WG59_FELCA,394,190.0,Q,P,False,Q190P
tr|G1L722|G1L722_AILME,394,190.0,Q,P,False,Q190P
tr|A0ABM5B1K2|A0ABM5B1K2_VULVU,394,190.0,Q,P,False,Q190P
tr|A0ABM5B1L8|A0ABM5B1L8_VULVU,394,190.0,Q,P,False,Q190P
tr|A0ABM5B1L5|A0ABM5B1L5_VULVU,394,190.0,Q,P,False,Q190P
tr|A9UCL7|A9UCL7_ASEST,394,190.0,Q,P,False,Q190P
tr|A9UCN1|A9UCN1_9CHIR,394,190.0,Q,P,False,Q190P
tr|A0A671G1R6|A0A671G1R6_RHIFE,394,190.0,Q,P,False,Q190P
tr|A9UCN0|A9UCN0_RHIFE,394,190.0,Q,P,False,Q190P
tr|A0A1S3FHI6|A0A1S3FHI6_DIPOR,394,190.0,Q,P,False,Q190P
tr|A0A1S3FGE9|A0A1S3FGE9_DIPOR,394,190.0,Q,P,False,Q190P
tr|A0A1S3FH55|A0A1S3FH55_DIPOR,394,190.0,Q,P,False,Q190P
tr|A0A1S3FFJ5|A0A1S3FFJ5_DIPOR,394,190.0,Q,P,False,Q190P
tr|A0A1S3FFK0|A0A1S3FFK0_DIPOR,394,190.0,Q,P,False,Q190P
tr|A0A6P3FFL7|A0A6P3FFL7_OCTDE,394,190.0,Q,P,False,Q190P
tr|A0ABM3TW40|A0ABM3TW40_BALAC,394,190.0,Q,P,False,Q190P
tr|A0A8M1GWA4|A0A8M1GWA4_URSMA,394,190.0,Q,P,False,Q190P
tr|A0ABM3PR68|A0ABM3PR68_ACIJB,394,190.0,Q,P,False,Q190P
tr|A0ABM3PR69|A0ABM3PR69_ACIJB,394,190.0,Q,P,False,Q190P
tr|A0A9W2V4P6|A0A9W2V4P6_PANPR,394,190.0,Q,P,False,Q190P
tr|A0AC58QLY9|A0AC58QLY9_CAMBA,394,190.0,Q,P,False,Q190P
tr|A0ABM5DIK7|A0ABM5DIK7_VICPA,394,190.0,Q,P,False,Q190P
tr|A0ABM5DIK8|A0ABM5DIK8_VICPA,394,190.0,Q,P,False,Q190P
tr|A0AC58QLX6|A0AC58QLX6_CAMBA,394,190.0,Q,P,False,Q190P
tr|A0A2U3WIE1|A0A2U3WIE1_ODORO,394,190.0,Q,P,False,Q190P
tr|A0ABM5B1M3|A0ABM5B1M3_VULVU,394,190.0,Q,P,False,Q190P
tr|A0ABM5B1N0|A0ABM5B1N0_VULVU,394,190.0,Q,P,False,Q190P
tr|A0ABM5B1L9|A0ABM5B1L9_VULVU,394,190.0,Q,P,False,Q190P
tr|A0ABM5B1L6|A0ABM5B1L6_VULVU,394,190.0,Q,P,False,Q190P
tr|A0A8U0UL47|A0A8U0UL47_MUSPF,394,190.0,Q,P,False,Q190P
tr|A0ABM5B1L7|A0ABM5B1L7_VULVU,394,190.0,Q,P,False,Q190P
tr|A0ABI7WHC7|A0ABI7WHC7_FELCA,394,190.0,Q,P,False,Q190P
tr|A0A9W2V474|A0A9W2V474_PANPR,394,190.0,Q,P,False,Q190P
tr|A0A6P6IDD8|A0A6P6IDD8_PUMCO,394,190.0,Q,P,False,Q190P
tr|A0A6P6IA24|A0A6P6IA24_PUMCO,394,190.0,Q,P,False,Q190P
tr|A0A9W2V434|A0A9W2V434_PANPR,394,190.0,Q,P,False,Q190P
tr|A0A2U3XEH3|A0A2U3XEH3_LEPWE,394,190.0,Q,P,False,Q190P
tr|A0A2Y9HTI5|A0A2Y9HTI5_NEOSC,394,190.0,Q,P,False,Q190P
tr|A0A8M1MQ86|A0A8M1MQ86_NEOSC,394,190.0,Q,P,False,Q190P
tr|A0A8M1MQ95|A0A8M1MQ95_NEOSC,394,190.0,Q,P,False,Q190P
tr|A0A8M1MTH9|A0A8M1MTH9_NEOSC,394,190.0,Q,P,False,Q190P
tr|A0A8M1MY93|A0A8M1MY93_NEOSC,394,190.0,Q,P,False,Q190P
tr|A0A9W3FUS5|A0A9W3FUS5_CAMBA,394,190.0,Q,P,False,Q190P
tr|A0A2U3WID9|A0A2U3WID9_ODORO,394,190.0,Q,P,False,Q190P
tr|A0A2U3WIG2|A0A2U3WIG2_ODORO,394,190.0,Q,P,False,Q190P
tr|A0A8U0R521|A0A8U0R521_MUSPF,394,190.0,Q,P,False,Q190P
tr|A0A8U0R6N5|A0A8U0R6N5_MUSPF,394,190.0,Q,P,False,Q190P
tr|A9UCL6|A9UCL6_ARCCL,394,190.0,Q,P,False,Q190P
tr|A0ABM5B1L2|A0ABM5B1L2_VULVU,394,190.0,Q,P,False,Q190P
tr|A0ABM5B1L4|A0ABM5B1L4_VULVU,394,190.0,Q,P,False,Q190P
tr|A0A8I3RUG8|A0A8I3RUG8_CANLF,394,190.0,Q,P,False,Q190P
tr|A0ABM5B1J8|A0ABM5B1J8_VULVU,394,190.0,Q,P,False,Q190P
tr|A0ABM5B1I9|A0ABM5B1I9_VULVU,394,190.0,Q,P,False,Q190P
tr|A0ABM5B1I1|A0ABM5B1I1_VULVU,394,190.0,Q,P,False,Q190P
tr|A0ABM5B1J0|A0ABM5B1J0_VULVU,394,190.0,Q,P,False,Q190P
tr|A0ABM3TVW1|A0ABM3TVW1_BALAC,394,190.0,Q,P,False,Q190P
tr|A0ABM3TVX2|A0ABM3TVX2_BALAC,394,190.0,Q,P,False,Q190P
tr|A0A8C5M8V1|A0A8C5M8V1_9ANUR,395,191.0,Q,S,False,Q191S
tr|A0A8V0X8B7|A0A8V0X8B7_CHICK,395,191.0,Q,K,False,Q191K
tr|G1NA17|G1NA17_MELGA,395,191.0,Q,K,False,Q191K
tr|A0A8I3WU72|A0A8I3WU72_CALJA,395,191.0,Q,K,False,Q191K
tr|A0A994J6W1|A0A994J6W1_HUMAN,395,191.0,Q,K,False,Q191K
tr|A0A1L8GU65|A0A1L8GU65_XENLA,395,191.0,Q,P,False,Q191P
tr|A0A8J0UR98|A0A8J0UR98_XENLA,395,191.0,Q,P,False,Q191P
tr|A0A8J0UXQ2|A0A8J0UXQ2_XENLA,395,191.0,Q,P,False,Q191P
tr|A0A8J1MHG6|A0A8J1MHG6_XENLA,395,191.0,Q,P,False,Q191P
tr|A0A1L8GYY0|A0A1L8GYY0_XENLA,395,191.0,Q,P,False,Q191P
tr|A0A8J1MIF2|A0A8J1MIF2_XENLA,395,191.0,Q,P,False,Q191P
tr|A0A8J1MHG1|A0A8J1MHG1_XENLA,395,191.0,Q,P,False,Q191P
tr|A0A8J1MHG5|A0A8J1MHG5_XENLA,395,191.0,Q,P,False,Q191P
tr|A0A8J0Q7P1|A0A8J0Q7P1_XENTR,395,191.0,Q,P,False,Q191P
tr|A0A8J0SHD1|A0A8J0SHD1_XENTR,395,191.0,Q,P,False,Q191P
tr|A0A8J0SG76|A0A8J0SG76_XENTR,395,191.0,Q,P,False,Q191P
tr|F7DTZ3|F7DTZ3_XENTR,395,191.0,Q,P,False,Q191P
tr|A0A8J0S8T9|A0A8J0S8T9_XENTR,395,191.0,Q,P,False,Q191P
tr|A0ABM5DIL0|A0ABM5DIL0_VICPA,395,191.0,Q,P,False,Q191P
tr|A9UCN2|A9UCN2_ROULE,395,191.0,Q,P,False,Q191P
tr|A0AC58LU76|A0AC58LU76_CASCN,395,191.0,Q,P,False,Q191P
tr|A0AC58LUC1|A0AC58LUC1_CASCN,395,191.0,Q,P,False,Q191P
tr|A0AC58LU85|A0AC58LU85_CASCN,395,191.0,Q,P,False,Q191P
tr|A0ABM4IA36|A0ABM4IA36_ODOVR,395,191.0,Q,P,False,Q191P
tr|A0A1S3FGE5|A0A1S3FGE5_DIPOR,395,191.0,Q,P,False,Q191P
tr|A0A7F8QFI6|A0A7F8QFI6_LEPWE,395,191.0,Q,P,False,Q191P
tr|A0AC58QLY3|A0AC58QLY3_CAMBA,395,191.0,Q,P,False,Q191P
tr|A9UCN5|A9UCN5_TYLPA,395,191.0,Q,P,False,Q191P
tr|A0A2Y9HYX1|A0A2Y9HYX1_NEOSC,395,191.0,Q,P,False,Q191P
tr|A0A8M1MS50|A0A8M1MS50_NEOSC,395,191.0,Q,P,False,Q191P
tr|A0A7N5KPZ8|A0A7N5KPZ8_AILME,395,191.0,Q,P,False,Q191P
tr|A0A673VFZ0|A0A673VFZ0_SURSU,395,191.0,Q,P,False,Q191P
tr|A0ABI7WG31|A0ABI7WG31_FELCA,395,191.0,Q,P,False,Q191P
tr|A0A6P6I9Z6|A0A6P6I9Z6_PUMCO,395,191.0,Q,P,False,Q191P
tr|A0A673VR77|A0A673VR77_SURSU,395,191.0,Q,P,False,Q191P
tr|A0ABI7WG59|A0ABI7WG59_FELCA,395,191.0,Q,P,False,Q191P
tr|G1L722|G1L722_AILME,395,191.0,Q,P,False,Q191P
tr|A0ABM5B1K2|A0ABM5B1K2_VULVU,395,191.0,Q,P,False,Q191P
tr|A0ABM5B1L8|A0ABM5B1L8_VULVU,395,191.0,Q,P,False,Q191P
tr|A0ABM5B1L5|A0ABM5B1L5_VULVU,395,191.0,Q,P,False,Q191P
tr|A0A8J1MTY3|A0A8J1MTY3_XENLA,395,191.0,Q,P,False,Q191P
tr|A0A8J1MRN8|A0A8J1MRN8_XENLA,395,191.0,Q,P,False,Q191P
tr|A0A6I8SNY6|A0A6I8SNY6_XENTR,395,191.0,Q,P,False,Q191P
tr|A0A8J0SEG3|A0A8J0SEG3_XENTR,395,191.0,Q,P,False,Q191P
sp|Q4VYS1|FOXP2_XENLA,395,191.0,Q,P,False,Q191P
tr|A0A8J1MI35|A0A8J1MI35_XENLA,395,191.0,Q,P,False,Q191P
tr|A9UCN1|A9UCN1_9CHIR,395,191.0,Q,P,False,Q191P
tr|A0A1S3FHI6|A0A1S3FHI6_DIPOR,395,191.0,Q,P,False,Q191P
tr|A0A1S3FGE9|A0A1S3FGE9_DIPOR,395,191.0,Q,P,False,Q191P
tr|A0A1S3FH55|A0A1S3FH55_DIPOR,395,191.0,Q,P,False,Q191P
tr|A0A1S3FFJ5|A0A1S3FFJ5_DIPOR,395,191.0,Q,P,False,Q191P
tr|A0A1S3FFK0|A0A1S3FFK0_DIPOR,395,191.0,Q,P,False,Q191P
tr|A0A6J1U1T0|A0A6J1U1T0_9SAUR,395,191.0,Q,H,False,Q191H
tr|A0A6P3FFL7|A0A6P3FFL7_OCTDE,395,191.0,Q,P,False,Q191P
tr|A0AC58LUB7|A0AC58LUB7_CASCN,395,191.0,Q,P,False,Q191P
tr|A0AC58LUC3|A0AC58LUC3_CASCN,395,191.0,Q,P,False,Q191P
tr|A0A8M1GWA4|A0A8M1GWA4_URSMA,395,191.0,Q,P,False,Q191P
tr|A0ABM3PR68|A0ABM3PR68_ACIJB,395,191.0,Q,P,False,Q191P
tr|A0ABM3PR69|A0ABM3PR69_ACIJB,395,191.0,Q,P,False,Q191P
tr|A0A9W2V4P6|A0A9W2V4P6_PANPR,395,191.0,Q,P,False,Q191P
tr|A0AC58QLY9|A0AC58QLY9_CAMBA,395,191.0,Q,P,False,Q191P
tr|A0ABM5DIK7|A0ABM5DIK7_VICPA,395,191.0,Q,P,False,Q191P
tr|A0ABM5DIK8|A0ABM5DIK8_VICPA,395,191.0,Q,P,False,Q191P
tr|A0AC58QLX6|A0AC58QLX6_CAMBA,395,191.0,Q,P,False,Q191P
tr|A0A2U3WIE1|A0A2U3WIE1_ODORO,395,191.0,Q,P,False,Q191P
tr|A0ABM5B1M3|A0ABM5B1M3_VULVU,395,191.0,Q,P,False,Q191P
tr|A0ABM5B1N0|A0ABM5B1N0_VULVU,395,191.0,Q,P,False,Q191P
tr|A0ABM5B1L9|A0ABM5B1L9_VULVU,395,191.0,Q,P,False,Q191P
tr|A0ABM5B1L6|A0ABM5B1L6_VULVU,395,191.0,Q,P,False,Q191P
tr|A0A8U0UL47|A0A8U0UL47_MUSPF,395,191.0,Q,P,False,Q191P
tr|A0ABM5B1L7|A0ABM5B1L7_VULVU,395,191.0,Q,P,False,Q191P
tr|A0ABI7WHC7|A0ABI7WHC7_FELCA,395,191.0,Q,P,False,Q191P
tr|A0A9W2V474|A0A9W2V474_PANPR,395,191.0,Q,P,False,Q191P
tr|A0A6P6IDD8|A0A6P6IDD8_PUMCO,395,191.0,Q,P,False,Q191P
tr|A0A6P6IA24|A0A6P6IA24_PUMCO,395,191.0,Q,P,False,Q191P
tr|A0A9W2V434|A0A9W2V434_PANPR,395,191.0,Q,P,False,Q191P
tr|A0A2U3XEH3|A0A2U3XEH3_LEPWE,395,191.0,Q,P,False,Q191P
tr|A0A2Y9HTI5|A0A2Y9HTI5_NEOSC,395,191.0,Q,P,False,Q191P
tr|A0A8M1MQ86|A0A8M1MQ86_NEOSC,395,191.0,Q,P,False,Q191P
tr|A0A8M1MQ95|A0A8M1MQ95_NEOSC,395,191.0,Q,P,False,Q191P
tr|A0A8M1MTH9|A0A8M1MTH9_NEOSC,395,191.0,Q,P,False,Q191P
tr|A0A8M1MY93|A0A8M1MY93_NEOSC,395,191.0,Q,P,False,Q191P
tr|A0A9W3FUS5|A0A9W3FUS5_CAMBA,395,191.0,Q,P,False,Q191P
tr|A0A2U3WID9|A0A2U3WID9_ODORO,395,191.0,Q,P,False,Q191P
tr|A0A2U3WIG2|A0A2U3WIG2_ODORO,395,191.0,Q,P,False,Q191P
tr|A0AC58LUA0|A0AC58LUA0_CASCN,395,191.0,Q,P,False,Q191P
tr|A0A8U0R521|A0A8U0R521_MUSPF,395,191.0,Q,P,False,Q191P
tr|A0A8U0R6N5|A0A8U0R6N5_MUSPF,395,191.0,Q,P,False,Q191P
tr|A9UCL6|A9UCL6_ARCCL,395,191.0,Q,S,False,Q191S
tr|A0ABM5B1L2|A0ABM5B1L2_VULVU,395,191.0,Q,P,False,Q191P
tr|A0ABM5B1L4|A0ABM5B1L4_VULVU,395,191.0,Q,P,False,Q191P
tr|A0A8I3RUG8|A0A8I3RUG8_CANLF,395,191.0,Q,P,False,Q191P
tr|A0ABM5B1J8|A0ABM5B1J8_VULVU,395,191.0,Q,P,False,Q191P
tr|A0ABM5B1I9|A0ABM5B1I9_VULVU,395,191.0,Q,P,False,Q191P
tr|A0ABM5B1I1|A0ABM5B1I1_VULVU,395,191.0,Q,P,False,Q191P
tr|A0ABM5B1J0|A0ABM5B1J0_VULVU,395,191.0,Q,P,False,Q191P
tr|A0A2Y9G2K3|A0A2Y9G2K3_TRIMA,396,192.0,H,Q,False,H192Q
tr|A0A8I3WU72|A0A8I3WU72_CALJA,396,192.0,H,E,False,H192E
tr|A0A994J6W1|A0A994J6W1_HUMAN,396,192.0,H,E,False,H192E
tr|A0A2Y9DXW3|A0A2Y9DXW3_TRIMA,396,192.0,H,Q,False,H192Q
tr|A0A8I3WU72|A0A8I3WU72_CALJA,397,193.0,P,Q,False,P193Q
tr|A0A994J6W1|A0A994J6W1_HUMAN,397,193.0,P,Q,False,P193Q
tr|H3AY31|H3AY31_LATCH,397,193.0,P,Q,False,P193Q
tr|A0A8M1MY92|A0A8M1MY92_NEOSC,397,193.0,P,V,False,P193V
tr|A0A2Y9HU18|A0A2Y9HU18_NEOSC,397,193.0,P,V,False,P193V
tr|A0A2Y9HU19|A0A2Y9HU19_NEOSC,397,193.0,P,V,False,P193V
tr|A0A6J2BKB8|A0A6J2BKB8_ZALCA,397,193.0,P,A,False,P193A
tr|A0A2U3WID3|A0A2U3WID3_ODORO,397,193.0,P,A,False,P193A
tr|A0A3Q7QLH5|A0A3Q7QLH5_CALUR,397,193.0,P,A,False,P193A
tr|A0A8C2UVV4|A0A8C2UVV4_CHILA,397,193.0,P,A,False,P193A
tr|A0A7F8QFI6|A0A7F8QFI6_LEPWE,397,193.0,P,A,False,P193A
tr|A0A2Y9HYX1|A0A2Y9HYX1_NEOSC,397,193.0,P,V,False,P193V
tr|A0A8M1MS50|A0A8M1MS50_NEOSC,397,193.0,P,V,False,P193V
tr|A0A8M1MQ91|A0A8M1MQ91_NEOSC,397,193.0,P,V,False,P193V
tr|A0A2U3WID5|A0A2U3WID5_ODORO,397,193.0,P,A,False,P193A
tr|A0A2U3WID8|A0A2U3WID8_ODORO,397,193.0,P,A,False,P193A
tr|A0A8M1MS54|A0A8M1MS54_NEOSC,397,193.0,P,V,False,P193V
tr|A0A2U3WIE1|A0A2U3WIE1_ODORO,397,193.0,P,A,False,P193A
tr|A0A2U3XEH3|A0A2U3XEH3_LEPWE,397,193.0,P,A,False,P193A
tr|A0A2Y9HTI5|A0A2Y9HTI5_NEOSC,397,193.0,P,V,False,P193V
tr|A0A8M1MQ86|A0A8M1MQ86_NEOSC,397,193.0,P,V,False,P193V
tr|A0A8M1MQ95|A0A8M1MQ95_NEOSC,397,193.0,P,V,False,P193V
tr|A0A8M1MTH9|A0A8M1MTH9_NEOSC,397,193.0,P,V,False,P193V
tr|A0A8M1MY93|A0A8M1MY93_NEOSC,397,193.0,P,V,False,P193V
tr|A0A2U3WID9|A0A2U3WID9_ODORO,397,193.0,P,A,False,P193A
tr|A0A2U3WIG2|A0A2U3WIG2_ODORO,397,193.0,P,A,False,P193A
tr|A0A8I3WU72|A0A8I3WU72_CALJA,398,194.0,G,Q,False,G194Q
tr|A0A994J6W1|A0A994J6W1_HUMAN,398,194.0,G,Q,False,G194Q
tr|A0A6P3QVV3|A0A6P3QVV3_PTEVA,398,194.0,G,Q,False,G194Q
tr|A0A8I3WU72|A0A8I3WU72_CALJA,399,195.0,K,Q,False,K195Q
tr|A0A994J6W1|A0A994J6W1_HUMAN,399,195.0,K,Q,False,K195Q
tr|A0A6P3QVV3|A0A6P3QVV3_PTEVA,399,195.0,K,Q,False,K195Q
tr|A0A6P8VIH1|A0A6P8VIH1_GYMAC,401,197.0,A,Q,False,A197Q
tr|A0ACF8DDW5|A0ACF8DDW5_ARAGI,401,197.0,A,S,False,A197S
tr|A0A6P8GSV4|A0A6P8GSV4_CLUHA,401,197.0,A,S,False,A197S
tr|A0AAD8DBY4|A0AAD8DBY4_ACIOX,401,197.0,A,V,False,A197V
tr|A0AAD8DJ01|A0AAD8DJ01_ACIOX,401,197.0,A,V,False,A197V
tr|A0A2Y9DWT2|A0A2Y9DWT2_TRIMA,401,197.0,A,Q,False,A197Q
tr|A0A2Y9G2K3|A0A2Y9G2K3_TRIMA,401,197.0,A,Q,False,A197Q
tr|A0A8V0X8B7|A0A8V0X8B7_CHICK,401,197.0,A,E,False,A197E
tr|G1NA17|G1NA17_MELGA,401,197.0,A,E,False,A197E
tr|A0A994J6W1|A0A994J6W1_HUMAN,401,197.0,A,Q,False,A197Q
tr|A0A6P8S6V4|A0A6P8S6V4_GEOSA,401,197.0,A,M,False,A197M
tr|A0A6P8SBP1|A0A6P8SBP1_GEOSA,401,197.0,A,M,False,A197M
tr|A0A6P8S5P9|A0A6P8S5P9_GEOSA,401,197.0,A,M,False,A197M
tr|A0A6P8S5Q7|A0A6P8S5Q7_GEOSA,401,197.0,A,M,False,A197M
tr|A0A6P7YWZ4|A0A6P7YWZ4_9AMPH,401,197.0,A,M,False,A197M
tr|A0A6P7Z4T0|A0A6P7Z4T0_9AMPH,401,197.0,A,M,False,A197M
tr|A0A6P8S9S5|A0A6P8S9S5_GEOSA,401,197.0,A,M,False,A197M
tr|A0A6P8SBN6|A0A6P8SBN6_GEOSA,401,197.0,A,M,False,A197M
tr|A0A6P8S5P6|A0A6P8S5P6_GEOSA,401,197.0,A,M,False,A197M
tr|A0A6P8S9T4|A0A6P8S9T4_GEOSA,401,197.0,A,M,False,A197M
tr|A0A6P8S6B0|A0A6P8S6B0_GEOSA,401,197.0,A,M,False,A197M
tr|A0A6P8S6A6|A0A6P8S6A6_GEOSA,401,197.0,A,M,False,A197M
tr|A0A6P8S6A3|A0A6P8S6A3_GEOSA,401,197.0,A,M,False,A197M
tr|A0A6P8S5P3|A0A6P8S5P3_GEOSA,401,197.0,A,M,False,A197M
tr|A0A6P8S9T8|A0A6P8S9T8_GEOSA,401,197.0,A,M,False,A197M
tr|H3AY31|H3AY31_LATCH,401,197.0,A,V,False,A197V
tr|G1PTL9|G1PTL9_MYOLU,401,197.0,A,V,False,A197V
tr|A0A8C9AS53|A0A8C9AS53_PROSS,401,197.0,A,V,False,A197V
tr|A0A9B0TDN8|A0A9B0TDN8_CHRAS,401,197.0,A,V,False,A197V
tr|A0A8C9DT13|A0A8C9DT13_PROSS,401,197.0,A,V,False,A197V
tr|A0A8C5VJS7|A0A8C5VJS7_MICMU,401,197.0,A,V,False,A197V
tr|A0A8C9HND8|A0A8C9HND8_9PRIM,401,197.0,A,V,False,A197V
tr|A9UCM8|A9UCM8_MYOPI,401,197.0,A,V,False,A197V
tr|A0A6P3QVV3|A0A6P3QVV3_PTEVA,401,197.0,A,Q,False,A197Q
tr|A0A9B0T8U2|A0A9B0T8U2_CHRAS,401,197.0,A,V,False,A197V
tr|A0A9B0WIY9|A0A9B0WIY9_CHRAS,401,197.0,A,V,False,A197V
tr|A0A9B0WLM6|A0A9B0WLM6_CHRAS,401,197.0,A,V,False,A197V
tr|A0A8C5XHV4|A0A8C5XHV4_MICMU,401,197.0,A,V,False,A197V
tr|A0A8C9HI14|A0A8C9HI14_9PRIM,401,197.0,A,V,False,A197V
tr|A9UCN5|A9UCN5_TYLPA,401,197.0,A,V,False,A197V
tr|A0A6P7Z2S0|A0A6P7Z2S0_9AMPH,401,197.0,A,M,False,A197M
tr|A0A6P8S6V7|A0A6P8S6V7_GEOSA,401,197.0,A,M,False,A197M
tr|A0A6P8SBP4|A0A6P8SBP4_GEOSA,401,197.0,A,M,False,A197M
tr|A0A6P8S5Q2|A0A6P8S5Q2_GEOSA,401,197.0,A,M,False,A197M
tr|A0A6P8S9T0|A0A6P8S9T0_GEOSA,401,197.0,A,M,False,A197M
tr|A0A8C6XFH2|A0A8C6XFH2_NAJNA,401,197.0,A,G,False,A197G
tr|A0A8C9AS63|A0A8C9AS63_PROSS,401,197.0,A,V,False,A197V
tr|T1PV61|T1PV61_GEKGE,401,197.0,A,V,False,A197V
tr|A0A9B0TEV2|A0A9B0TEV2_CHRAS,401,197.0,A,V,False,A197V
tr|A0A8C5XBN6|A0A8C5XBN6_MICMU,401,197.0,A,V,False,A197V
tr|A0A8C9AMI0|A0A8C9AMI0_PROSS,401,197.0,A,V,False,A197V
tr|A0A8C9HU88|A0A8C9HU88_9PRIM,401,197.0,A,V,False,A197V
tr|A0AA97JVF9|A0AA97JVF9_EUBMA,401,197.0,A,V,False,A197V
tr|A0A9B0WLM4|A0A9B0WLM4_CHRAS,401,197.0,A,V,False,A197V
tr|A0A9B0T7F5|A0A9B0T7F5_CHRAS,401,197.0,A,V,False,A197V
tr|A0A9B0TBD9|A0A9B0TBD9_CHRAS,401,197.0,A,V,False,A197V
tr|A0A6P8VIH1|A0A6P8VIH1_GYMAC,402,198.0,K,R,False,K198R
tr|A0ACF8DDW5|A0ACF8DDW5_ARAGI,402,198.0,K,R,False,K198R
tr|A0A2Y9DWT2|A0A2Y9DWT2_TRIMA,402,198.0,K,Q,False,K198Q
tr|A0A2Y9G2K3|A0A2Y9G2K3_TRIMA,402,198.0,K,Q,False,K198Q
tr|A0A2Y9DXW3|A0A2Y9DXW3_TRIMA,402,198.0,K,Q,False,K198Q
tr|A0A6P3QVV3|A0A6P3QVV3_PTEVA,402,198.0,K,Q,False,K198Q
tr|A0ABM0GFX0|A0ABM0GFX0_SACKO,403,199.0,E,V,False,E199V
tr|A0A6P8VIH1|A0A6P8VIH1_GYMAC,403,199.0,E,G,False,E199G
tr|A0ACF8DDW5|A0ACF8DDW5_ARAGI,403,199.0,E,G,False,E199G
tr|A0A6I9HI92|A0A6I9HI92_GEOFO,403,199.0,E,X,False,E199X
tr|A0A2Y9DWT2|A0A2Y9DWT2_TRIMA,403,199.0,E,Q,False,E199Q
tr|A0A2Y9G2K3|A0A2Y9G2K3_TRIMA,403,199.0,E,Q,False,E199Q
tr|A0A2Y9DXW3|A0A2Y9DXW3_TRIMA,403,199.0,E,Q,False,E199Q
tr|A0A6P3QVV3|A0A6P3QVV3_PTEVA,403,199.0,E,Q,False,E199Q
tr|A0A8C2TQ46|A0A8C2TQ46_COTJA,403,199.0,E,L,False,E199L
tr|A0A8V0XB36|A0A8V0XB36_CHICK,403,199.0,E,L,False,E199L
tr|A0A663N507|A0A663N507_ATHCN,403,199.0,E,H,False,E199H
tr|A0A663N1P3|A0A663N1P3_ATHCN,403,199.0,E,A,False,E199A
tr|A0A6J3EI75|A0A6J3EI75_AYTFU,403,199.0,E,Q,False,E199Q
tr|A0A803V0S5|A0A803V0S5_FICAL,403,199.0,E,Q,False,E199Q
tr|A0A8C3V1M9|A0A8C3V1M9_CATUS,403,199.0,E,Q,False,E199Q
tr|A0ABM0GFX0|A0ABM0GFX0_SACKO,404,200.0,Q,V,False,Q200V
tr|A0A6P8VIH1|A0A6P8VIH1_GYMAC,404,200.0,Q,E,False,Q200E
tr|A0ACF8DDW5|A0ACF8DDW5_ARAGI,404,200.0,Q,R,False,Q200R
tr|A0A8C2TN39|A0A8C2TN39_COTJA,404,200.0,Q,V,False,Q200V
tr|A0A8C2TN55|A0A8C2TN55_COTJA,404,200.0,Q,V,False,Q200V
tr|A0A8C5M8V1|A0A8C5M8V1_9ANUR,404,200.0,Q,V,False,Q200V
tr|A0A1V4J975|A0A1V4J975_PATFA,404,200.0,Q,R,False,Q200R
tr|A0A803VRI8|A0A803VRI8_FICAL,404,200.0,Q,V,False,Q200V
tr|A0A803VX31|A0A803VX31_FICAL,404,200.0,Q,V,False,Q200V
tr|A0A663N514|A0A663N514_ATHCN,404,200.0,Q,V,False,Q200V
tr|A0A8C3UXT3|A0A8C3UXT3_CATUS,404,200.0,Q,V,False,Q200V
tr|H3AY31|H3AY31_LATCH,404,200.0,Q,V,False,Q200V
tr|A0A6I9YYB6|A0A6I9YYB6_9SAUR,404,200.0,Q,K,False,Q200K
tr|A0A9F5IXC2|A0A9F5IXC2_PYTBI,404,200.0,Q,K,False,Q200K
tr|G1PTL9|G1PTL9_MYOLU,404,200.0,Q,F,False,Q200F
tr|A0A2Y9P5C2|A0A2Y9P5C2_DELLE,404,200.0,Q,V,False,Q200V
tr|G1L725|G1L725_AILME,404,200.0,Q,H,False,Q200H
tr|A0A6P6IA58|A0A6P6IA58_PUMCO,404,200.0,Q,R,False,Q200R
tr|A0A673VSY8|A0A673VSY8_SURSU,404,200.0,Q,H,False,Q200H
tr|A0ABI7WHV4|A0ABI7WHV4_FELCA,404,200.0,Q,H,False,Q200H
tr|A0A8M1MY92|A0A8M1MY92_NEOSC,404,200.0,Q,L,False,Q200L
tr|A0A803WA84|A0A803WA84_FICAL,404,200.0,Q,S,False,Q200S
tr|A0A803VVV3|A0A803VVV3_FICAL,404,200.0,Q,V,False,Q200V
tr|A0A8C3V2Y9|A0A8C3V2Y9_CATUS,404,200.0,Q,V,False,Q200V
tr|A0A8C9AS53|A0A8C9AS53_PROSS,404,200.0,Q,V,False,Q200V
tr|A0A341CHV5|A0A341CHV5_NEOAA,404,200.0,Q,V,False,Q200V
tr|F1N4J3|F1N4J3_BOVIN,404,200.0,Q,V,False,Q200V
tr|A0A6P3GCY9|A0A6P3GCY9_BISBB,404,200.0,Q,V,False,Q200V
tr|A0A9B0T8U2|A0A9B0T8U2_CHRAS,404,200.0,Q,V,False,Q200V
tr|A0A9B0WIY9|A0A9B0WIY9_CHRAS,404,200.0,Q,V,False,Q200V
tr|A0A8C6ZYM5|A0A8C6ZYM5_NOTPE,404,200.0,Q,V,False,Q200V
tr|A0A2Y9HYX1|A0A2Y9HYX1_NEOSC,404,200.0,Q,V,False,Q200V
tr|A0A8M1MS50|A0A8M1MS50_NEOSC,404,200.0,Q,V,False,Q200V
tr|A0A663N4T8|A0A663N4T8_ATHCN,404,200.0,Q,L,False,Q200L
tr|A0A663N503|A0A663N503_ATHCN,404,200.0,Q,S,False,Q200S
tr|A0A8C9AS63|A0A8C9AS63_PROSS,404,200.0,Q,V,False,Q200V
tr|A0A6P6I9Z6|A0A6P6I9Z6_PUMCO,404,200.0,Q,R,False,Q200R
tr|A0A673VR77|A0A673VR77_SURSU,404,200.0,Q,H,False,Q200H
tr|A0ABI7WG59|A0ABI7WG59_FELCA,404,200.0,Q,H,False,Q200H
tr|G1L722|G1L722_AILME,404,200.0,Q,H,False,Q200H
tr|A0A9F5IS39|A0A9F5IS39_PYTBI,404,200.0,Q,K,False,Q200K
tr|A0A341CFW9|A0A341CFW9_NEOAA,404,200.0,Q,V,False,Q200V
tr|A0A663N507|A0A663N507_ATHCN,404,200.0,Q,I,False,Q200I
tr|A0A8C0U7Z2|A0A8C0U7Z2_CYACU,404,200.0,Q,V,False,Q200V
tr|A0A8M1GWA4|A0A8M1GWA4_URSMA,404,200.0,Q,V,False,Q200V
tr|A0A6P6IDD8|A0A6P6IDD8_PUMCO,404,200.0,Q,V,False,Q200V
tr|A0A6P6IA24|A0A6P6IA24_PUMCO,404,200.0,Q,R,False,Q200R
tr|A0A8M1MQ86|A0A8M1MQ86_NEOSC,404,200.0,Q,V,False,Q200V
tr|A0A8M1MQ95|A0A8M1MQ95_NEOSC,404,200.0,Q,V,False,Q200V
tr|A0A2U3WIG2|A0A2U3WIG2_ODORO,404,200.0,Q,R,False,Q200R
tr|A0ABM0GFX0|A0ABM0GFX0_SACKO,405,201.0,Q,V,False,Q201V
tr|A0ACF8DDW5|A0ACF8DDW5_ARAGI,405,201.0,Q,A,False,Q201A
tr|A0A8C2TN39|A0A8C2TN39_COTJA,405,201.0,Q,G,False,Q201G
tr|A0A8C2TN55|A0A8C2TN55_COTJA,405,201.0,Q,G,False,Q201G
tr|A0A8C5M8V1|A0A8C5M8V1_9ANUR,405,201.0,Q,C,False,Q201C
tr|A0A803VRI8|A0A803VRI8_FICAL,405,201.0,Q,G,False,Q201G
tr|A0A803VX31|A0A803VX31_FICAL,405,201.0,Q,G,False,Q201G
tr|A0A663N514|A0A663N514_ATHCN,405,201.0,Q,G,False,Q201G
tr|A0A8C3UXT3|A0A8C3UXT3_CATUS,405,201.0,Q,G,False,Q201G
tr|H3AY31|H3AY31_LATCH,405,201.0,Q,S,False,Q201S
tr|A0A6I9YYB6|A0A6I9YYB6_9SAUR,405,201.0,Q,S,False,Q201S
tr|A0A9F5IXC2|A0A9F5IXC2_PYTBI,405,201.0,Q,S,False,Q201S
tr|G1PTL9|G1PTL9_MYOLU,405,201.0,Q,D,False,Q201D
tr|A0A2Y9P5C2|A0A2Y9P5C2_DELLE,405,201.0,Q,G,False,Q201G
tr|A0A6P6IA58|A0A6P6IA58_PUMCO,405,201.0,Q,C,False,Q201C
tr|A0A8M1MY92|A0A8M1MY92_NEOSC,405,201.0,Q,F,False,Q201F
tr|A0A803VVV3|A0A803VVV3_FICAL,405,201.0,Q,G,False,Q201G
tr|A0A8C3V2Y9|A0A8C3V2Y9_CATUS,405,201.0,Q,G,False,Q201G
tr|A0A8C9AS53|A0A8C9AS53_PROSS,405,201.0,Q,G,False,Q201G
tr|A0A341CHV5|A0A341CHV5_NEOAA,405,201.0,Q,G,False,Q201G
tr|F1N4J3|F1N4J3_BOVIN,405,201.0,Q,G,False,Q201G
tr|A0A6P3GCY9|A0A6P3GCY9_BISBB,405,201.0,Q,G,False,Q201G
tr|A0A9B0T8U2|A0A9B0T8U2_CHRAS,405,201.0,Q,G,False,Q201G
tr|A0A9B0WIY9|A0A9B0WIY9_CHRAS,405,201.0,Q,G,False,Q201G
tr|A0A663N2Y4|A0A663N2Y4_ATHCN,405,201.0,Q,S,False,Q201S
tr|A0A8C6ZYM5|A0A8C6ZYM5_NOTPE,405,201.0,Q,G,False,Q201G
tr|A0A2Y9HYX1|A0A2Y9HYX1_NEOSC,405,201.0,Q,G,False,Q201G
tr|A0A8M1MS50|A0A8M1MS50_NEOSC,405,201.0,Q,G,False,Q201G
tr|A0A7N5KPZ8|A0A7N5KPZ8_AILME,405,201.0,Q,H,False,Q201H
tr|A0A673VFZ0|A0A673VFZ0_SURSU,405,201.0,Q,H,False,Q201H
tr|A0ABI7WG31|A0ABI7WG31_FELCA,405,201.0,Q,H,False,Q201H
tr|A0A663N503|A0A663N503_ATHCN,405,201.0,Q,L,False,Q201L
tr|A0A9F5IS39|A0A9F5IS39_PYTBI,405,201.0,Q,S,False,Q201S
tr|A0A341CFW9|A0A341CFW9_NEOAA,405,201.0,Q,G,False,Q201G
tr|A0A663N507|A0A663N507_ATHCN,405,201.0,Q,L,False,Q201L
tr|A0A6P6IDD8|A0A6P6IDD8_PUMCO,405,201.0,Q,G,False,Q201G
tr|A0A6P6IA24|A0A6P6IA24_PUMCO,405,201.0,Q,C,False,Q201C
tr|A0A8M1MQ86|A0A8M1MQ86_NEOSC,405,201.0,Q,G,False,Q201G
tr|A0A8M1MQ95|A0A8M1MQ95_NEOSC,405,201.0,Q,G,False,Q201G
tr|A0ABM0GFX0|A0ABM0GFX0_SACKO,406,202.0,Q,A,False,Q202A
tr|A0A6P8VIH1|A0A6P8VIH1_GYMAC,406,202.0,Q,R,False,Q202R
tr|A0ACF8DDW5|A0ACF8DDW5_ARAGI,406,202.0,Q,R,False,Q202R
tr|A0A8C2TN39|A0A8C2TN39_COTJA,406,202.0,Q,A,False,Q202A
tr|A0A8C2TN55|A0A8C2TN55_COTJA,406,202.0,Q,A,False,Q202A
tr|A0A8C5M8V1|A0A8C5M8V1_9ANUR,406,202.0,Q,T,False,Q202T
tr|A0A1V4J975|A0A1V4J975_PATFA,406,202.0,Q,G,False,Q202G
tr|A0A803VRI8|A0A803VRI8_FICAL,406,202.0,Q,T,False,Q202T
tr|A0A803VX31|A0A803VX31_FICAL,406,202.0,Q,T,False,Q202T
tr|A0A663N514|A0A663N514_ATHCN,406,202.0,Q,A,False,Q202A
tr|A0A8C3UXT3|A0A8C3UXT3_CATUS,406,202.0,Q,A,False,Q202A
tr|H3AY31|H3AY31_LATCH,406,202.0,Q,L,False,Q202L
tr|A0A6I9YYB6|A0A6I9YYB6_9SAUR,406,202.0,Q,P,False,Q202P
tr|A0A9F5IXC2|A0A9F5IXC2_PYTBI,406,202.0,Q,P,False,Q202P
tr|G1PTL9|G1PTL9_MYOLU,406,202.0,Q,F,False,Q202F
tr|A0A2Y9P5C2|A0A2Y9P5C2_DELLE,406,202.0,Q,S,False,Q202S
tr|A0A8M1MY92|A0A8M1MY92_NEOSC,406,202.0,Q,A,False,Q202A
tr|A0A803VVV3|A0A803VVV3_FICAL,406,202.0,Q,T,False,Q202T
tr|A0A8C3V2Y9|A0A8C3V2Y9_CATUS,406,202.0,Q,A,False,Q202A
tr|A0A8C9AS53|A0A8C9AS53_PROSS,406,202.0,Q,S,False,Q202S
tr|A0A341CHV5|A0A341CHV5_NEOAA,406,202.0,Q,S,False,Q202S
tr|F1N4J3|F1N4J3_BOVIN,406,202.0,Q,S,False,Q202S
tr|A0A6P3GCY9|A0A6P3GCY9_BISBB,406,202.0,Q,S,False,Q202S
tr|A0A9B0T8U2|A0A9B0T8U2_CHRAS,406,202.0,Q,S,False,Q202S
tr|A0A2Y9HYX1|A0A2Y9HYX1_NEOSC,406,202.0,Q,V,False,Q202V
tr|A0A8M1MS50|A0A8M1MS50_NEOSC,406,202.0,Q,V,False,Q202V
tr|A0A9F5IS39|A0A9F5IS39_PYTBI,406,202.0,Q,P,False,Q202P
tr|A0A341CFW9|A0A341CFW9_NEOAA,406,202.0,Q,S,False,Q202S
tr|A0A663N507|A0A663N507_ATHCN,406,202.0,Q,S,False,Q202S
tr|A0ABM0GFX0|A0ABM0GFX0_SACKO,407,203.0,Q,S,False,Q203S
tr|A0A6P8VIH1|A0A6P8VIH1_GYMAC,407,203.0,Q,E,False,Q203E
tr|A0ACF8DDW5|A0ACF8DDW5_ARAGI,407,203.0,Q,G,False,Q203G
tr|A0A8C2TN39|A0A8C2TN39_COTJA,407,203.0,Q,K,False,Q203K
tr|A0A8C2TN55|A0A8C2TN55_COTJA,407,203.0,Q,K,False,Q203K
tr|A0A8C5M8V1|A0A8C5M8V1_9ANUR,407,203.0,Q,P,False,Q203P
tr|A0A1V4J975|A0A1V4J975_PATFA,407,203.0,Q,L,False,Q203L
tr|A0A803VRI8|A0A803VRI8_FICAL,407,203.0,Q,K,False,Q203K
tr|A0A803VX31|A0A803VX31_FICAL,407,203.0,Q,K,False,Q203K
tr|A0A663N514|A0A663N514_ATHCN,407,203.0,Q,K,False,Q203K
tr|A0A8C3UXT3|A0A8C3UXT3_CATUS,407,203.0,Q,T,False,Q203T
tr|H3AY31|H3AY31_LATCH,407,203.0,Q,G,False,Q203G
tr|A0A6I9YYB6|A0A6I9YYB6_9SAUR,407,203.0,Q,P,False,Q203P
tr|A0A9F5IXC2|A0A9F5IXC2_PYTBI,407,203.0,Q,P,False,Q203P
tr|G1PTL9|G1PTL9_MYOLU,407,203.0,Q,L,False,Q203L
tr|A0A2Y9P5C2|A0A2Y9P5C2_DELLE,407,203.0,Q,G,False,Q203G
tr|A0A803VVV3|A0A803VVV3_FICAL,407,203.0,Q,K,False,Q203K
tr|A0A8C3V2Y9|A0A8C3V2Y9_CATUS,407,203.0,Q,T,False,Q203T
tr|A0A341CHV5|A0A341CHV5_NEOAA,407,203.0,Q,G,False,Q203G
tr|F1N4J3|F1N4J3_BOVIN,407,203.0,Q,G,False,Q203G
tr|A0A6P3GCY9|A0A6P3GCY9_BISBB,407,203.0,Q,S,False,Q203S
tr|A0A9B0WIY9|A0A9B0WIY9_CHRAS,407,203.0,Q,R,False,Q203R
tr|A0A2Y9HYX1|A0A2Y9HYX1_NEOSC,407,203.0,Q,R,False,Q203R
tr|A0A8M1MS50|A0A8M1MS50_NEOSC,407,203.0,Q,R,False,Q203R
tr|A0A9F5IS39|A0A9F5IS39_PYTBI,407,203.0,Q,P,False,Q203P
tr|A0A341CFW9|A0A341CFW9_NEOAA,407,203.0,Q,G,False,Q203G
tr|A0A663N507|A0A663N507_ATHCN,407,203.0,Q,L,False,Q203L
tr|A0A6P8VIH1|A0A6P8VIH1_GYMAC,451,204.0,Q,H,False,Q204H
tr|A0A6I9HI92|A0A6I9HI92_GEOFO,451,204.0,Q,T,False,Q204T
tr|A0ABQ9CS58|A0ABQ9CS58_9PASS,451,204.0,Q,E,False,Q204E
tr|A0A1L8GU65|A0A1L8GU65_XENLA,451,204.0,Q,E,False,Q204E
tr|A0A8J0UR98|A0A8J0UR98_XENLA,451,204.0,Q,E,False,Q204E
tr|A0A8J0UXQ2|A0A8J0UXQ2_XENLA,451,204.0,Q,E,False,Q204E
tr|A0A8J1MHG6|A0A8J1MHG6_XENLA,451,204.0,Q,E,False,Q204E
tr|A0A1L8GYY0|A0A1L8GYY0_XENLA,451,204.0,Q,E,False,Q204E
tr|A0A8J1MIF2|A0A8J1MIF2_XENLA,451,204.0,Q,E,False,Q204E
tr|A0A8J1MHG1|A0A8J1MHG1_XENLA,451,204.0,Q,E,False,Q204E
tr|A0A8J1MHG5|A0A8J1MHG5_XENLA,451,204.0,Q,E,False,Q204E
tr|A0A8J0Q7P1|A0A8J0Q7P1_XENTR,451,204.0,Q,E,False,Q204E
tr|A0A8J0SHD1|A0A8J0SHD1_XENTR,451,204.0,Q,E,False,Q204E
tr|A0A8J0SG76|A0A8J0SG76_XENTR,451,204.0,Q,E,False,Q204E
tr|F7DTZ3|F7DTZ3_XENTR,451,204.0,Q,E,False,Q204E
tr|A0A8J0S8T9|A0A8J0S8T9_XENTR,451,204.0,Q,E,False,Q204E
tr|T1PTS4|T1PTS4_PARLB,451,204.0,Q,E,False,Q204E
tr|A0A6P8S6V4|A0A6P8S6V4_GEOSA,451,204.0,Q,E,False,Q204E
tr|A0A6P8SBP1|A0A6P8SBP1_GEOSA,451,204.0,Q,E,False,Q204E
tr|A0A6P8S5P9|A0A6P8S5P9_GEOSA,451,204.0,Q,E,False,Q204E
tr|A0A6P8S5Q7|A0A6P8S5Q7_GEOSA,451,204.0,Q,E,False,Q204E
tr|A0A6P7YWZ4|A0A6P7YWZ4_9AMPH,451,204.0,Q,E,False,Q204E
tr|A0A6P7Z4T0|A0A6P7Z4T0_9AMPH,451,204.0,Q,E,False,Q204E
tr|A0A6P8S9S5|A0A6P8S9S5_GEOSA,451,204.0,Q,E,False,Q204E
tr|A0A6P8SBN6|A0A6P8SBN6_GEOSA,451,204.0,Q,E,False,Q204E
tr|A0A6P8S5P6|A0A6P8S5P6_GEOSA,451,204.0,Q,E,False,Q204E
tr|A0A6P8S9T4|A0A6P8S9T4_GEOSA,451,204.0,Q,E,False,Q204E
tr|A0A6P8S6B0|A0A6P8S6B0_GEOSA,451,204.0,Q,E,False,Q204E
tr|A0A6P8S6A6|A0A6P8S6A6_GEOSA,451,204.0,Q,E,False,Q204E
tr|A0A6P8S6A3|A0A6P8S6A3_GEOSA,451,204.0,Q,E,False,Q204E
tr|A0A6P8S5P3|A0A6P8S5P3_GEOSA,451,204.0,Q,E,False,Q204E
tr|A0A6P8S9T8|A0A6P8S9T8_GEOSA,451,204.0,Q,E,False,Q204E
tr|H3AY31|H3AY31_LATCH,451,204.0,Q,S,False,Q204S
tr|A0A2Y9DWY6|A0A2Y9DWY6_TRIMA,451,204.0,Q,A,False,Q204A
tr|A0A2Y9DXW3|A0A2Y9DXW3_TRIMA,451,204.0,Q,A,False,Q204A
tr|A0A8M1MY92|A0A8M1MY92_NEOSC,451,204.0,Q,H,False,Q204H
tr|A0A341CHV5|A0A341CHV5_NEOAA,451,204.0,Q,E,False,Q204E
tr|F1N4J3|F1N4J3_BOVIN,451,204.0,Q,E,False,Q204E
tr|A0A6P3GCY9|A0A6P3GCY9_BISBB,451,204.0,Q,E,False,Q204E
tr|A0A341CFW9|A0A341CFW9_NEOAA,451,204.0,Q,G,False,Q204G
tr|A0A8C2TQ46|A0A8C2TQ46_COTJA,451,204.0,Q,S,False,Q204S
tr|A0A8V0XB36|A0A8V0XB36_CHICK,451,204.0,Q,S,False,Q204S
tr|A0A663N507|A0A663N507_ATHCN,451,204.0,Q,I,False,Q204I
tr|A0A8C2TQ55|A0A8C2TQ55_COTJA,451,204.0,Q,L,False,Q204L
tr|A0A2Y9G2K3|A0A2Y9G2K3_TRIMA,454,205.0,Q,E,False,Q205E
tr|A0A2Y9DWJ1|A0A2Y9DWJ1_TRIMA,454,205.0,Q,K,False,Q205K
tr|A0A674IWZ5|A0A674IWZ5_9SAUR,454,205.0,Q,K,False,Q205K
tr|A0A8C5F2F1|A0A8C5F2F1_9SAUR,454,205.0,Q,K,False,Q205K
tr|A0A8J1MTY3|A0A8J1MTY3_XENLA,454,205.0,Q,K,False,Q205K
tr|A0A8J1MRN8|A0A8J1MRN8_XENLA,454,205.0,Q,K,False,Q205K
tr|A0A6I8SNY6|A0A6I8SNY6_XENTR,454,205.0,Q,K,False,Q205K
tr|A0A8J0SEG3|A0A8J0SEG3_XENTR,454,205.0,Q,K,False,Q205K
sp|Q4VYS1|FOXP2_XENLA,454,205.0,Q,K,False,Q205K
tr|A0A8J1MI35|A0A8J1MI35_XENLA,454,205.0,Q,K,False,Q205K
tr|A0A9B0WKY6|A0A9B0WKY6_CHRAS,454,205.0,Q,K,False,Q205K
tr|A0A6P3QUU2|A0A6P3QUU2_PTEVA,454,205.0,Q,K,False,Q205K
tr|A0A6P3R3E3|A0A6P3R3E3_PTEVA,454,205.0,Q,K,False,Q205K
tr|A0A6P6IBH3|A0A6P6IBH3_PUMCO,454,205.0,Q,K,False,Q205K
tr|A0A2Y9DXW8|A0A2Y9DXW8_TRIMA,454,205.0,Q,K,False,Q205K
tr|A0A2Y9FYP5|A0A2Y9FYP5_TRIMA,454,205.0,Q,K,False,Q205K
tr|A0ABM4G1M1|A0ABM4G1M1_9AVES,454,205.0,Q,E,False,Q205E
tr|A0A8C2TQ55|A0A8C2TQ55_COTJA,454,205.0,Q,S,False,Q205S
tr|A0A979FEC0|A0A979FEC0_ICTPU,455,206.0,Q,H,False,Q206H
tr|A0A979FF91|A0A979FF91_ICTPU,455,206.0,Q,H,False,Q206H
tr|A0A979FED5|A0A979FED5_ICTPU,455,206.0,Q,H,False,Q206H
tr|A0A9F7RNW9|A0A9F7RNW9_ICTPU,455,206.0,Q,H,False,Q206H
tr|A0A979FDQ7|A0A979FDQ7_ICTPU,455,206.0,Q,H,False,Q206H
tr|A0A979FDP4|A0A979FDP4_ICTPU,455,206.0,Q,H,False,Q206H
tr|A0A979FDQ5|A0A979FDQ5_ICTPU,455,206.0,Q,H,False,Q206H
tr|A0A2Y9DWJ1|A0A2Y9DWJ1_TRIMA,455,206.0,Q,E,False,Q206E
tr|A0A674IWZ5|A0A674IWZ5_9SAUR,455,206.0,Q,E,False,Q206E
tr|A0A8C5F2F1|A0A8C5F2F1_9SAUR,455,206.0,Q,E,False,Q206E
tr|A0A8J1MTY3|A0A8J1MTY3_XENLA,455,206.0,Q,E,False,Q206E
tr|A0A8J1MRN8|A0A8J1MRN8_XENLA,455,206.0,Q,E,False,Q206E
tr|A0A6I8SNY6|A0A6I8SNY6_XENTR,455,206.0,Q,E,False,Q206E
tr|A0A8J0SEG3|A0A8J0SEG3_XENTR,455,206.0,Q,E,False,Q206E
sp|Q4VYS1|FOXP2_XENLA,455,206.0,Q,E,False,Q206E
tr|A0A8J1MI35|A0A8J1MI35_XENLA,455,206.0,Q,E,False,Q206E
tr|A0A9B0WKY6|A0A9B0WKY6_CHRAS,455,206.0,Q,E,False,Q206E
tr|A0A6P3QUU2|A0A6P3QUU2_PTEVA,455,206.0,Q,E,False,Q206E
tr|A0A6P3R3E3|A0A6P3R3E3_PTEVA,455,206.0,Q,E,False,Q206E
tr|A0A6P6IBH3|A0A6P6IBH3_PUMCO,455,206.0,Q,E,False,Q206E
tr|A0A2Y9DXW8|A0A2Y9DXW8_TRIMA,455,206.0,Q,E,False,Q206E
tr|A0A2Y9FYP5|A0A2Y9FYP5_TRIMA,455,206.0,Q,E,False,Q206E
tr|A0A6J3EI75|A0A6J3EI75_AYTFU,455,206.0,Q,P,False,Q206P
tr|A0A9B0WLM4|A0A9B0WLM4_CHRAS,455,206.0,Q,E,False,Q206E
tr|A0A6P3RA83|A0A6P3RA83_PTEVA,455,206.0,Q,E,False,Q206E
tr|A0A2Y9DWZ0|A0A2Y9DWZ0_TRIMA,455,206.0,Q,E,False,Q206E
tr|A0A6P6IA61|A0A6P6IA61_PUMCO,455,206.0,Q,E,False,Q206E
tr|A0A341CG67|A0A341CG67_NEOAA,455,206.0,Q,E,False,Q206E
tr|A0A341CHW5|A0A341CHW5_NEOAA,455,206.0,Q,E,False,Q206E
tr|A0A8M1MQ91|A0A8M1MQ91_NEOSC,455,206.0,Q,E,False,Q206E
tr|A0A2U3WID5|A0A2U3WID5_ODORO,455,206.0,Q,E,False,Q206E
tr|A0A2U3WID8|A0A2U3WID8_ODORO,455,206.0,Q,E,False,Q206E
tr|A0A8M1MS54|A0A8M1MS54_NEOSC,455,206.0,Q,E,False,Q206E
tr|A0AA47MXR6|A0AA47MXR6_MERPO,461,212.0,A,V,False,A212V
tr|A0AA47MXR6|A0AA47MXR6_MERPO,462,213.0,Q,K,False,Q213K
tr|A0A6I9HI92|A0A6I9HI92_GEOFO,462,213.0,Q,P,False,Q213P
tr|A0AA47MXR6|A0AA47MXR6_MERPO,463,214.0,Q,E,False,Q214E
tr|A0ABM0GFX0|A0ABM0GFX0_SACKO,463,214.0,Q,S,False,Q214S
tr|A0ABM0GFX0|A0ABM0GFX0_SACKO,464,215.0,L,I,False,L215I
tr|A0AA47MXR6|A0AA47MXR6_MERPO,465,216.0,V,M,False,V216M
tr|A0ABM0GFX0|A0ABM0GFX0_SACKO,465,216.0,V,A,False,V216A
tr|A0ABM0GFX0|A0ABM0GFX0_SACKO,466,217.0,F,L,False,F217L
tr|A0ABM0GFX0|A0ABM0GFX0_SACKO,468,219.0,Q,H,False,Q219H
tr|A0A6I9HI92|A0A6I9HI92_GEOFO,469,220.0,Q,X,False,Q220X
tr|A0ABM0GFX0|A0ABM0GFX0_SACKO,470,221.0,L,I,False,L221I
tr|A0A6J2V217|A0A6J2V217_CHACN,470,221.0,L,I,False,L221I
tr|A0A6J2V3N9|A0A6J2V3N9_CHACN,470,221.0,L,I,False,L221I
tr|A0A6J2V203|A0A6J2V203_CHACN,470,221.0,L,I,False,L221I
tr|A0A6I9HI92|A0A6I9HI92_GEOFO,470,221.0,L,X,False,L221X
tr|A0ABM0GFX0|A0ABM0GFX0_SACKO,471,222.0,L,M,False,L222M
tr|A0A6I9HI92|A0A6I9HI92_GEOFO,471,222.0,L,X,False,L222X
tr|A0A1S3FH60|A0A1S3FH60_DIPOR,471,222.0,L,I,False,L222I
tr|A0A1S3FGE5|A0A1S3FGE5_DIPOR,471,222.0,L,I,False,L222I
tr|A0A1S3FFW0|A0A1S3FFW0_DIPOR,471,222.0,L,I,False,L222I
tr|A0A1S3FHJ1|A0A1S3FHJ1_DIPOR,471,222.0,L,I,False,L222I
tr|A0A1S3FHI6|A0A1S3FHI6_DIPOR,471,222.0,L,I,False,L222I
tr|A0A1S3FGE9|A0A1S3FGE9_DIPOR,471,222.0,L,I,False,L222I
tr|A0A1S3FH55|A0A1S3FH55_DIPOR,471,222.0,L,I,False,L222I
tr|A0A1S3FFJ5|A0A1S3FFJ5_DIPOR,471,222.0,L,I,False,L222I
tr|A0A1S3FFK0|A0A1S3FFK0_DIPOR,471,222.0,L,I,False,L222I
tr|A0ABM1JYM0|A0ABM1JYM0_GEKJA,471,222.0,L,Q,False,L222Q
tr|A0AA47MXR6|A0AA47MXR6_MERPO,472,223.0,Q,R,False,Q223R
tr|B7ZLK5|B7ZLK5_HUMAN,472,223.0,Q,H,False,Q223H
tr|A0AA47MXR6|A0AA47MXR6_MERPO,473,224.0,M,L,False,M224L
tr|A0ACF8DDW5|A0ACF8DDW5_ARAGI,473,224.0,M,V,False,M224V
tr|A0ABM1JYM0|A0ABM1JYM0_GEKJA,473,224.0,M,Q,False,M224Q
tr|A0A8C2UVV4|A0A8C2UVV4_CHILA,476,227.0,L,K,False,L227K
tr|A0A9B0TDN8|A0A9B0TDN8_CHRAS,476,227.0,L,I,False,L227I
tr|A0A9B0T8U2|A0A9B0T8U2_CHRAS,476,227.0,L,I,False,L227I
tr|A0A9B0WIY9|A0A9B0WIY9_CHRAS,476,227.0,L,I,False,L227I
tr|A0A9B0WLM6|A0A9B0WLM6_CHRAS,476,227.0,L,I,False,L227I
tr|A0A9B0TEV2|A0A9B0TEV2_CHRAS,476,227.0,L,I,False,L227I
tr|A0A9B0WKY6|A0A9B0WKY6_CHRAS,476,227.0,L,I,False,L227I
tr|A0A9B0WLM4|A0A9B0WLM4_CHRAS,476,227.0,L,I,False,L227I
tr|A0ABM1JYM0|A0ABM1JYM0_GEKJA,476,227.0,L,Q,False,L227Q
tr|A0A9B0T7F5|A0A9B0T7F5_CHRAS,476,227.0,L,I,False,L227I
tr|A0A9B0TBD9|A0A9B0TBD9_CHRAS,476,227.0,L,I,False,L227I
tr|A0A8C2UVV4|A0A8C2UVV4_CHILA,477,228.0,Q,E,False,Q228E
tr|A0A6I9HI92|A0A6I9HI92_GEOFO,487,229.0,Q,X,False,Q229X
tr|A0A6I9HI92|A0A6I9HI92_GEOFO,488,230.0,Q,X,False,Q230X
tr|A0ABM0GFX0|A0ABM0GFX0_SACKO,489,231.0,Q,R,False,Q231R
tr|A0A6I9HI92|A0A6I9HI92_GEOFO,489,231.0,Q,X,False,Q231X
tr|I6UC04|I6UC04_EOSFB,489,231.0,Q,H,False,Q231H
tr|A0AA47MXR6|A0AA47MXR6_MERPO,490,232.0,H,Q,False,H232Q
tr|A0A6I9HI92|A0A6I9HI92_GEOFO,490,232.0,H,X,False,H232X
tr|A0ABM0GFX0|A0ABM0GFX0_SACKO,491,233.0,L,M,False,L233M
tr|A0ABM1JYM0|A0ABM1JYM0_GEKJA,491,233.0,L,P,False,L233P
tr|A0AA47MXR6|A0AA47MXR6_MERPO,492,234.0,L,V,False,L234V
tr|A0A8C2TN39|A0A8C2TN39_COTJA,492,234.0,L,M,False,L234M
tr|A0A1V4J975|A0A1V4J975_PATFA,492,234.0,L,S,False,L234S
tr|A0A803VRI8|A0A803VRI8_FICAL,492,234.0,L,M,False,L234M
tr|A0ABM1JYM0|A0ABM1JYM0_GEKJA,492,234.0,L,G,False,L234G
tr|A0AA47MXR6|A0AA47MXR6_MERPO,493,235.0,S,G,False,S235G
tr|A0ABM0GFX0|A0ABM0GFX0_SACKO,493,235.0,S,L,False,S235L
tr|A0A6P8VIH1|A0A6P8VIH1_GYMAC,493,235.0,S,N,False,S235N
tr|A0A2I4BXB8|A0A2I4BXB8_AUSLI,493,235.0,S,N,False,S235N
tr|A0A2I4BXF7|A0A2I4BXF7_AUSLI,493,235.0,S,N,False,S235N
tr|A0A2I4BXC1|A0A2I4BXC1_AUSLI,493,235.0,S,N,False,S235N
tr|A0A2I4BXC7|A0A2I4BXC7_AUSLI,493,235.0,S,N,False,S235N
tr|A0ABV1A463|A0ABV1A463_9TELE,493,235.0,S,N,False,S235N
tr|A0AAV9S7N1|A0AAV9S7N1_9TELE,493,235.0,S,N,False,S235N
tr|A0ABV0TT83|A0ABV0TT83_9TELE,493,235.0,S,N,False,S235N
tr|A0A6P7NA03|A0A6P7NA03_BETSP,493,235.0,S,N,False,S235N
tr|A0A9W2XZU5|A0A9W2XZU5_BETSP,493,235.0,S,N,False,S235N
tr|A0A6P7NFA4|A0A6P7NFA4_BETSP,493,235.0,S,N,False,S235N
tr|A0A9W2XZJ7|A0A9W2XZJ7_BETSP,493,235.0,S,N,False,S235N
tr|A0A6P7NA07|A0A6P7NA07_BETSP,493,235.0,S,N,False,S235N
tr|A0A6P7NE39|A0A6P7NE39_BETSP,493,235.0,S,N,False,S235N
tr|A0A6J2S884|A0A6J2S884_COTGO,493,235.0,S,N,False,S235N
tr|A0A6P7I2Q9|A0A6P7I2Q9_9TELE,493,235.0,S,N,False,S235N
tr|A0A6P7HH59|A0A6P7HH59_9TELE,493,235.0,S,N,False,S235N
tr|A0A6P7HWN0|A0A6P7HWN0_9TELE,493,235.0,S,N,False,S235N
tr|A0A9Y4NB67|A0A9Y4NB67_9TELE,493,235.0,S,N,False,S235N
tr|A0A9Y6LYW8|A0A9Y6LYW8_9CICH,493,235.0,S,N,False,S235N
tr|A0A9Y3R1R7|A0A9Y3R1R7_9CICH,493,235.0,S,N,False,S235N
tr|A0AC36JJL6|A0AC36JJL6_9CICH,493,235.0,S,N,False,S235N
tr|A0A8U0R0X1|A0A8U0R0X1_SALNM,493,235.0,S,N,False,S235N
tr|A0A6J2V217|A0A6J2V217_CHACN,493,235.0,S,N,False,S235N
tr|A0A6J2V3N9|A0A6J2V3N9_CHACN,493,235.0,S,N,False,S235N
tr|A0A6P8GSV4|A0A6P8GSV4_CLUHA,493,235.0,S,N,False,S235N
tr|A0AC58J6Q9|A0AC58J6Q9_DANRE,493,235.0,S,N,False,S235N
tr|A0AC58J6Q2|A0AC58J6Q2_DANRE,493,235.0,S,N,False,S235N
tr|A0AB32TNW7|A0AB32TNW7_DANRE,493,235.0,S,N,False,S235N
tr|A0AC58J6S2|A0AC58J6S2_DANRE,493,235.0,S,N,False,S235N
tr|A0AC58J6R3|A0AC58J6R3_DANRE,493,235.0,S,N,False,S235N
tr|A0ACM8Q842|A0ACM8Q842_DANRE,493,235.0,S,N,False,S235N
tr|A0AB32TSB5|A0AB32TSB5_DANRE,493,235.0,S,N,False,S235N
tr|A0AB32TQV9|A0AB32TQV9_DANRE,493,235.0,S,N,False,S235N
tr|A0AB32TLD3|A0AB32TLD3_DANRE,493,235.0,S,N,False,S235N
tr|A0AC58J6Q5|A0AC58J6Q5_DANRE,493,235.0,S,N,False,S235N
tr|A0A6J2V203|A0A6J2V203_CHACN,493,235.0,S,N,False,S235N
tr|A0A6I9HI92|A0A6I9HI92_GEOFO,493,235.0,S,T,False,S235T
tr|A0AAD8DBY4|A0AAD8DBY4_ACIOX,493,235.0,S,N,False,S235N
tr|A0AAD8DJ01|A0AAD8DJ01_ACIOX,493,235.0,S,N,False,S235N
tr|A0A1V4J975|A0A1V4J975_PATFA,493,235.0,S,A,False,S235A
tr|A0A803VRI8|A0A803VRI8_FICAL,493,235.0,S,H,False,S235H
tr|A0ABQ9CS58|A0ABQ9CS58_9PASS,493,235.0,S,N,False,S235N
tr|A0A8V0X8B7|A0A8V0X8B7_CHICK,493,235.0,S,N,False,S235N
tr|G1NA17|G1NA17_MELGA,493,235.0,S,N,False,S235N
tr|A0A1L8GU65|A0A1L8GU65_XENLA,493,235.0,S,N,False,S235N
tr|A0A8J0UR98|A0A8J0UR98_XENLA,493,235.0,S,N,False,S235N
tr|A0A8J0UXQ2|A0A8J0UXQ2_XENLA,493,235.0,S,N,False,S235N
tr|A0A8J1MHG6|A0A8J1MHG6_XENLA,493,235.0,S,N,False,S235N
tr|A0A1L8GYY0|A0A1L8GYY0_XENLA,493,235.0,S,N,False,S235N
tr|A0A8J1MIF2|A0A8J1MIF2_XENLA,493,235.0,S,N,False,S235N
tr|A0A8J1MHG1|A0A8J1MHG1_XENLA,493,235.0,S,N,False,S235N
tr|A0A8J1MHG5|A0A8J1MHG5_XENLA,493,235.0,S,N,False,S235N
tr|A0A8J0Q7P1|A0A8J0Q7P1_XENTR,493,235.0,S,N,False,S235N
tr|A0A8J0SHD1|A0A8J0SHD1_XENTR,493,235.0,S,N,False,S235N
tr|A0A8J0SG76|A0A8J0SG76_XENTR,493,235.0,S,N,False,S235N
tr|F7DTZ3|F7DTZ3_XENTR,493,235.0,S,N,False,S235N
tr|A0A8J0S8T9|A0A8J0S8T9_XENTR,493,235.0,S,N,False,S235N
tr|T1PTS4|T1PTS4_PARLB,493,235.0,S,N,False,S235N
tr|A0A6P8S6V4|A0A6P8S6V4_GEOSA,493,235.0,S,N,False,S235N
tr|A0A6P8SBP1|A0A6P8SBP1_GEOSA,493,235.0,S,N,False,S235N
tr|A0A6P8S5P9|A0A6P8S5P9_GEOSA,493,235.0,S,N,False,S235N
tr|A0A6P8S5Q7|A0A6P8S5Q7_GEOSA,493,235.0,S,N,False,S235N
tr|A0A6P7YWZ4|A0A6P7YWZ4_9AMPH,493,235.0,S,N,False,S235N
tr|A0A6P7Z4T0|A0A6P7Z4T0_9AMPH,493,235.0,S,N,False,S235N
tr|A0A6P8S9S5|A0A6P8S9S5_GEOSA,493,235.0,S,N,False,S235N
tr|A0A6P8SBN6|A0A6P8SBN6_GEOSA,493,235.0,S,N,False,S235N
tr|A0A6P8S5P6|A0A6P8S5P6_GEOSA,493,235.0,S,N,False,S235N
tr|A0A6P8S9T4|A0A6P8S9T4_GEOSA,493,235.0,S,N,False,S235N
tr|A0A6P8S6B0|A0A6P8S6B0_GEOSA,493,235.0,S,N,False,S235N
tr|A0A6P8S6A6|A0A6P8S6A6_GEOSA,493,235.0,S,N,False,S235N
tr|A0A6P8S6A3|A0A6P8S6A3_GEOSA,493,235.0,S,N,False,S235N
tr|A0A6P8S5P3|A0A6P8S5P3_GEOSA,493,235.0,S,N,False,S235N
tr|A0A6P8S9T8|A0A6P8S9T8_GEOSA,493,235.0,S,N,False,S235N
tr|H3AY31|H3AY31_LATCH,493,235.0,S,N,False,S235N
tr|A0A6I9YYB6|A0A6I9YYB6_9SAUR,493,235.0,S,N,False,S235N
tr|A0A9F5IXC2|A0A9F5IXC2_PYTBI,493,235.0,S,N,False,S235N
tr|A0A6P6DL68|A0A6P6DL68_OCTDE,493,235.0,S,N,False,S235N
tr|A0A803WA84|A0A803WA84_FICAL,493,235.0,S,N,False,S235N
tr|A0A803VVV3|A0A803VVV3_FICAL,493,235.0,S,N,False,S235N
tr|A0A8C3V2Y9|A0A8C3V2Y9_CATUS,493,235.0,S,N,False,S235N
tr|A0A8C2UVV4|A0A8C2UVV4_CHILA,493,235.0,S,N,False,S235N
tr|A0A6I8ND77|A0A6I8ND77_ORNAN,493,235.0,S,N,False,S235N
tr|I6UC04|I6UC04_EOSFB,493,235.0,S,I,False,S235I
tr|A0A663N1N8|A0A663N1N8_ATHCN,493,235.0,S,N,False,S235N
tr|A0A803YMJ4|A0A803YMJ4_MELGA,493,235.0,S,N,False,S235N
tr|A0A663N2Y4|A0A663N2Y4_ATHCN,493,235.0,S,N,False,S235N
tr|A0A6J2G5V7|A0A6J2G5V7_9PASS,493,235.0,S,N,False,S235N
tr|A0A803VEU5|A0A803VEU5_FICAL,493,235.0,S,N,False,S235N
tr|Q6QBA5|Q6QBA5_TAEGU,493,235.0,S,N,False,S235N
tr|A0A8C6ZYM5|A0A8C6ZYM5_NOTPE,493,235.0,S,N,False,S235N
tr|A0A674IWZ5|A0A674IWZ5_9SAUR,493,235.0,S,N,False,S235N
tr|A0A8C5F2F1|A0A8C5F2F1_9SAUR,493,235.0,S,N,False,S235N
tr|A0A663N1N3|A0A663N1N3_ATHCN,493,235.0,S,N,False,S235N
tr|A0A8C2TN37|A0A8C2TN37_COTJA,493,235.0,S,N,False,S235N
tr|A0A8V0X5B4|A0A8V0X5B4_CHICK,493,235.0,S,N,False,S235N
tr|A0A6J0HH27|A0A6J0HH27_9PASS,493,235.0,S,N,False,S235N
tr|A0A674ISI7|A0A674ISI7_9SAUR,493,235.0,S,N,False,S235N
tr|A0A6J0HH90|A0A6J0HH90_9PASS,493,235.0,S,N,False,S235N
tr|G3X2N2|G3X2N2_SARHA,493,235.0,S,N,False,S235N
tr|A0A663N4T8|A0A663N4T8_ATHCN,493,235.0,S,N,False,S235N
tr|A0A663N503|A0A663N503_ATHCN,493,235.0,S,N,False,S235N
tr|A0A8C3UTJ3|A0A8C3UTJ3_CATUS,493,235.0,S,N,False,S235N
tr|A0A6P7Z2S0|A0A6P7Z2S0_9AMPH,493,235.0,S,N,False,S235N
tr|A0A6P8S6V7|A0A6P8S6V7_GEOSA,493,235.0,S,N,False,S235N
tr|A0A6P8SBP4|A0A6P8SBP4_GEOSA,493,235.0,S,N,False,S235N
tr|A0A6P8S5Q2|A0A6P8S5Q2_GEOSA,493,235.0,S,N,False,S235N
tr|A0A6P8S9T0|A0A6P8S9T0_GEOSA,493,235.0,S,N,False,S235N
tr|A0A8C6XFH2|A0A8C6XFH2_NAJNA,493,235.0,S,N,False,S235N
tr|T1PV61|T1PV61_GEKGE,493,235.0,S,N,False,S235N
tr|A0A8V0XB05|A0A8V0XB05_CHICK,493,235.0,S,N,False,S235N
tr|H0Z4Q2|H0Z4Q2_TAEGU,493,235.0,S,N,False,S235N
tr|Q6QBA4|Q6QBA4_TAEGU,493,235.0,S,N,False,S235N
tr|A0A8V0X2A9|A0A8V0X2A9_CHICK,493,235.0,S,N,False,S235N
tr|G8HZI0|G8HZI0_CHICK,493,235.0,S,N,False,S235N
tr|G8HZI1|G8HZI1_CHICK,493,235.0,S,N,False,S235N
tr|A0A803YR11|A0A803YR11_MELGA,493,235.0,S,N,False,S235N
tr|G1KFZ6|G1KFZ6_ANOCA,493,235.0,S,N,False,S235N
tr|A0A8J1MTY3|A0A8J1MTY3_XENLA,493,235.0,S,N,False,S235N
tr|A0A8J1MRN8|A0A8J1MRN8_XENLA,493,235.0,S,N,False,S235N
tr|A0A6I8SNY6|A0A6I8SNY6_XENTR,493,235.0,S,N,False,S235N
tr|A0A8J0SEG3|A0A8J0SEG3_XENTR,493,235.0,S,N,False,S235N
sp|Q4VYS1|FOXP2_XENLA,493,235.0,S,N,False,S235N
tr|A0A8J1MI35|A0A8J1MI35_XENLA,493,235.0,S,N,False,S235N
tr|A0A9F5IS39|A0A9F5IS39_PYTBI,493,235.0,S,N,False,S235N
tr|A0AA97JVF9|A0AA97JVF9_EUBMA,493,235.0,S,N,False,S235N
tr|V6F812|V6F812_LATCH,493,235.0,S,N,False,S235N
tr|T1PTW0|T1PTW0_9SAUR,493,235.0,S,N,False,S235N
tr|A0A803V983|A0A803V983_FICAL,493,235.0,S,N,False,S235N
tr|A0A218V5A9|A0A218V5A9_9PASE,493,235.0,S,N,False,S235N
tr|V6F7W6|V6F7W6_ANOCA,493,235.0,S,N,False,S235N
tr|A0ABM4G1M1|A0ABM4G1M1_9AVES,493,235.0,S,N,False,S235N
tr|A0ABM5GG36|A0ABM5GG36_9SAUR,493,235.0,S,N,False,S235N
tr|A0A8C2TQ46|A0A8C2TQ46_COTJA,493,235.0,S,N,False,S235N
tr|A0A8V0XB36|A0A8V0XB36_CHICK,493,235.0,S,N,False,S235N
tr|A0A663N507|A0A663N507_ATHCN,493,235.0,S,N,False,S235N
tr|A0A663N1P3|A0A663N1P3_ATHCN,493,235.0,S,N,False,S235N
tr|A0A6J3EI75|A0A6J3EI75_AYTFU,493,235.0,S,N,False,S235N
tr|A0A803V0S5|A0A803V0S5_FICAL,493,235.0,S,N,False,S235N
tr|A0A8C3V1M9|A0A8C3V1M9_CATUS,493,235.0,S,N,False,S235N
tr|A0A8C2TQ55|A0A8C2TQ55_COTJA,493,235.0,S,N,False,S235N
tr|A0A663N4U8|A0A663N4U8_ATHCN,493,235.0,S,N,False,S235N
tr|A0A8C3UYW6|A0A8C3UYW6_CATUS,493,235.0,S,N,False,S235N
tr|A0A670Z5Y1|A0A670Z5Y1_PSETE,493,235.0,S,N,False,S235N
tr|A0A670Z823|A0A670Z823_PSETE,493,235.0,S,N,False,S235N
tr|A0A6J1U1T0|A0A6J1U1T0_9SAUR,493,235.0,S,N,False,S235N
tr|A0A6P3FFL7|A0A6P3FFL7_OCTDE,493,235.0,S,N,False,S235N
tr|A0A6I9YXB8|A0A6I9YXB8_9SAUR,493,235.0,S,N,False,S235N
tr|A0A8C0U7Z2|A0A8C0U7Z2_CYACU,493,235.0,S,N,False,S235N
tr|A0A6J0HIE4|A0A6J0HIE4_9PASS,493,235.0,S,N,False,S235N
tr|A0A5F8H207|A0A5F8H207_MONDO,493,235.0,S,N,False,S235N
tr|Q6QBA2|Q6QBA2_TAEGU,493,235.0,S,N,False,S235N
tr|A0ABM1JYM0|A0ABM1JYM0_GEKJA,493,235.0,S,K,False,S235K
tr|A0A3Q0H2H6|A0A3Q0H2H6_ALLSI,493,235.0,S,N,False,S235N
tr|A0A6P5K4P6|A0A6P5K4P6_PHACI,493,235.0,S,N,False,S235N
tr|A0A9F2NWE2|A0A9F2NWE2_PYTBI,493,235.0,S,N,False,S235N
tr|K7G4L3|K7G4L3_PELSI,493,235.0,S,N,False,S235N
tr|A0A7M4ESK2|A0A7M4ESK2_CROPO,493,235.0,S,N,False,S235N
tr|A0A8C0GSH0|A0A8C0GSH0_CHEAB,493,235.0,S,N,False,S235N
tr|A0A8T1SIB8|A0A8T1SIB8_CHESE,493,235.0,S,N,False,S235N
tr|A9UCN6|A9UCN6_TRASC,493,235.0,S,N,False,S235N
tr|A0A5F8GPP1|A0A5F8GPP1_MONDO,493,235.0,S,N,False,S235N
tr|A0A8C4YPR3|A0A8C4YPR3_9SAUR,493,235.0,S,N,False,S235N
tr|A0A674IUJ3|A0A674IUJ3_9SAUR,493,235.0,S,N,False,S235N
tr|A0A8V0X8C6|A0A8V0X8C6_CHICK,493,235.0,S,N,False,S235N
tr|G8HZH9|G8HZH9_CHICK,493,235.0,S,N,False,S235N
tr|Q6TKS2|Q6TKS2_TAEGU,493,235.0,S,N,False,S235N
tr|A0A8C6NFR5|A0A8C6NFR5_MELUD,493,235.0,S,N,False,S235N
tr|Q6S511|Q6S511_MELUD,493,235.0,S,N,False,S235N
tr|G8HZH8|G8HZH8_CHICK,493,235.0,S,N,False,S235N
tr|A0A8V0XB47|A0A8V0XB47_CHICK,493,235.0,S,N,False,S235N
tr|A0ABM4G1D2|A0ABM4G1D2_9AVES,493,235.0,S,N,False,S235N
tr|A0ABM0GFX0|A0ABM0GFX0_SACKO,494,236.0,L,Q,False,L236Q
tr|A0A6P8VIH1|A0A6P8VIH1_GYMAC,494,236.0,L,M,False,L236M
tr|A0A2I4BXB8|A0A2I4BXB8_AUSLI,494,236.0,L,M,False,L236M
tr|A0A2I4BXF7|A0A2I4BXF7_AUSLI,494,236.0,L,M,False,L236M
tr|A0A2I4BXC1|A0A2I4BXC1_AUSLI,494,236.0,L,M,False,L236M
tr|A0A2I4BXC7|A0A2I4BXC7_AUSLI,494,236.0,L,M,False,L236M
tr|A0ABV1A463|A0ABV1A463_9TELE,494,236.0,L,M,False,L236M
tr|A0AAV9S7N1|A0AAV9S7N1_9TELE,494,236.0,L,M,False,L236M
tr|A0ABV0TT83|A0ABV0TT83_9TELE,494,236.0,L,M,False,L236M
tr|A0A6P7NA03|A0A6P7NA03_BETSP,494,236.0,L,M,False,L236M
tr|A0A9W2XZU5|A0A9W2XZU5_BETSP,494,236.0,L,M,False,L236M
tr|A0A6P7NFA4|A0A6P7NFA4_BETSP,494,236.0,L,M,False,L236M
tr|A0A9W2XZJ7|A0A9W2XZJ7_BETSP,494,236.0,L,M,False,L236M
tr|A0A6P7NA07|A0A6P7NA07_BETSP,494,236.0,L,M,False,L236M
tr|A0A6P7NE39|A0A6P7NE39_BETSP,494,236.0,L,M,False,L236M
tr|A0A6J2S884|A0A6J2S884_COTGO,494,236.0,L,M,False,L236M
tr|A0A6P7I2Q9|A0A6P7I2Q9_9TELE,494,236.0,L,M,False,L236M
tr|A0A6P7HH59|A0A6P7HH59_9TELE,494,236.0,L,M,False,L236M
tr|A0A6P7HWN0|A0A6P7HWN0_9TELE,494,236.0,L,M,False,L236M
tr|A0A9Y4NB67|A0A9Y4NB67_9TELE,494,236.0,L,M,False,L236M
tr|A0A9Y6LYW8|A0A9Y6LYW8_9CICH,494,236.0,L,M,False,L236M
tr|A0A9Y3R1R7|A0A9Y3R1R7_9CICH,494,236.0,L,M,False,L236M
tr|A0AC36JJL6|A0AC36JJL6_9CICH,494,236.0,L,M,False,L236M
tr|A0A8U0R0X1|A0A8U0R0X1_SALNM,494,236.0,L,M,False,L236M
tr|A0A6J2V217|A0A6J2V217_CHACN,494,236.0,L,M,False,L236M
tr|A0A6J2V3N9|A0A6J2V3N9_CHACN,494,236.0,L,M,False,L236M
tr|A0A6P8GSV4|A0A6P8GSV4_CLUHA,494,236.0,L,M,False,L236M
tr|A0A979FEC0|A0A979FEC0_ICTPU,494,236.0,L,M,False,L236M
tr|A0A979FF91|A0A979FF91_ICTPU,494,236.0,L,M,False,L236M
tr|A0A979FED5|A0A979FED5_ICTPU,494,236.0,L,M,False,L236M
tr|A0A9F7RNW9|A0A9F7RNW9_ICTPU,494,236.0,L,M,False,L236M
tr|A0A979FDQ7|A0A979FDQ7_ICTPU,494,236.0,L,M,False,L236M
tr|A0A979FDP4|A0A979FDP4_ICTPU,494,236.0,L,M,False,L236M
tr|A0A979FDQ5|A0A979FDQ5_ICTPU,494,236.0,L,M,False,L236M
tr|A0AC58J6Q9|A0AC58J6Q9_DANRE,494,236.0,L,M,False,L236M
tr|A0AC58J6Q2|A0AC58J6Q2_DANRE,494,236.0,L,M,False,L236M
tr|A0AB32TNW7|A0AB32TNW7_DANRE,494,236.0,L,M,False,L236M
tr|A0AC58J6S2|A0AC58J6S2_DANRE,494,236.0,L,M,False,L236M
tr|A0AC58J6R3|A0AC58J6R3_DANRE,494,236.0,L,M,False,L236M
tr|A0ACM8Q842|A0ACM8Q842_DANRE,494,236.0,L,M,False,L236M
tr|A0AB32TSB5|A0AB32TSB5_DANRE,494,236.0,L,M,False,L236M
tr|A0AB32TQV9|A0AB32TQV9_DANRE,494,236.0,L,M,False,L236M
tr|A0AB32TLD3|A0AB32TLD3_DANRE,494,236.0,L,M,False,L236M
tr|A0AC58J6Q5|A0AC58J6Q5_DANRE,494,236.0,L,M,False,L236M
tr|A0A6J2V203|A0A6J2V203_CHACN,494,236.0,L,M,False,L236M
tr|A0ABM1JYM0|A0ABM1JYM0_GEKJA,494,236.0,L,Q,False,L236Q
tr|A0A1V4J975|A0A1V4J975_PATFA,495,237.0,Q,P,False,Q237P
tr|A0A803VRI8|A0A803VRI8_FICAL,495,237.0,Q,S,False,Q237S
tr|A0ABM1JYM0|A0ABM1JYM0_GEKJA,495,237.0,Q,V,False,Q237V
tr|A0ABM0GFX0|A0ABM0GFX0_SACKO,496,238.0,R,G,False,R238G
tr|A0A803VRI8|A0A803VRI8_FICAL,496,238.0,R,K,False,R238K
tr|A0A8I6AF22|A0A8I6AF22_RAT,496,238.0,R,C,False,R238C
tr|A0ABM1JYM0|A0ABM1JYM0_GEKJA,496,238.0,R,K,False,R238K
sp|P0CF24|FOXP2_RAT,496,238.0,R,C,False,R238C
tr|A0AA47MXR6|A0AA47MXR6_MERPO,497,239.0,Q,P,False,Q239P
tr|A0A8C2TN39|A0A8C2TN39_COTJA,497,239.0,Q,K,False,Q239K
tr|A0A803VRI8|A0A803VRI8_FICAL,497,239.0,Q,I,False,Q239I
tr|A0ABM1JYM0|A0ABM1JYM0_GEKJA,497,239.0,Q,E,False,Q239E
tr|A0AA47MXR6|A0AA47MXR6_MERPO,498,240.0,G,A,False,G240A
tr|A0A8C2TN39|A0A8C2TN39_COTJA,498,240.0,G,L,False,G240L
tr|A0A803VRI8|A0A803VRI8_FICAL,498,240.0,G,C,False,G240C
tr|A0ABM0GFX0|A0ABM0GFX0_SACKO,499,241.0,L,F,False,L241F
tr|A0A803VRI8|A0A803VRI8_FICAL,499,241.0,L,S,False,L241S
tr|A0AA47MXR6|A0AA47MXR6_MERPO,500,242.0,I,P,False,I242P
tr|A0ABM0GFX0|A0ABM0GFX0_SACKO,500,242.0,I,A,False,I242A
tr|A0A6P8VIH1|A0A6P8VIH1_GYMAC,500,242.0,I,L,False,I242L
tr|A0A2I4BXB8|A0A2I4BXB8_AUSLI,500,242.0,I,L,False,I242L
tr|A0A2I4BXF7|A0A2I4BXF7_AUSLI,500,242.0,I,L,False,I242L
tr|A0A2I4BXC1|A0A2I4BXC1_AUSLI,500,242.0,I,L,False,I242L
tr|A0A2I4BXC7|A0A2I4BXC7_AUSLI,500,242.0,I,L,False,I242L
tr|A0ABV1A463|A0ABV1A463_9TELE,500,242.0,I,L,False,I242L
tr|A0AAV9S7N1|A0AAV9S7N1_9TELE,500,242.0,I,L,False,I242L
tr|A0ABV0TT83|A0ABV0TT83_9TELE,500,242.0,I,L,False,I242L
tr|A0A6P7NA03|A0A6P7NA03_BETSP,500,242.0,I,L,False,I242L
tr|A0A9W2XZU5|A0A9W2XZU5_BETSP,500,242.0,I,L,False,I242L
tr|A0A6P7NFA4|A0A6P7NFA4_BETSP,500,242.0,I,L,False,I242L
tr|A0A9W2XZJ7|A0A9W2XZJ7_BETSP,500,242.0,I,L,False,I242L
tr|A0A6P7NA07|A0A6P7NA07_BETSP,500,242.0,I,L,False,I242L
tr|A0A6P7NE39|A0A6P7NE39_BETSP,500,242.0,I,L,False,I242L
tr|A0A6J2S884|A0A6J2S884_COTGO,500,242.0,I,L,False,I242L
tr|A0A6P7I2Q9|A0A6P7I2Q9_9TELE,500,242.0,I,L,False,I242L
tr|A0A6P7HH59|A0A6P7HH59_9TELE,500,242.0,I,L,False,I242L
tr|A0A6P7HWN0|A0A6P7HWN0_9TELE,500,242.0,I,L,False,I242L
tr|A0A9Y4NB67|A0A9Y4NB67_9TELE,500,242.0,I,L,False,I242L
tr|A0A9Y6LYW8|A0A9Y6LYW8_9CICH,500,242.0,I,L,False,I242L
tr|A0A9Y3R1R7|A0A9Y3R1R7_9CICH,500,242.0,I,L,False,I242L
tr|A0AC36JJL6|A0AC36JJL6_9CICH,500,242.0,I,L,False,I242L
tr|A0ACF8DDW5|A0ACF8DDW5_ARAGI,500,242.0,I,L,False,I242L
tr|A0ACF8FNS1|A0ACF8FNS1_ARAGI,500,242.0,I,L,False,I242L
tr|A0A8U0R0X1|A0A8U0R0X1_SALNM,500,242.0,I,L,False,I242L
tr|A0A6J2V217|A0A6J2V217_CHACN,500,242.0,I,L,False,I242L
tr|A0A6J2V3N9|A0A6J2V3N9_CHACN,500,242.0,I,L,False,I242L
tr|A0A6P8GSV4|A0A6P8GSV4_CLUHA,500,242.0,I,L,False,I242L
tr|A0A979FEC0|A0A979FEC0_ICTPU,500,242.0,I,L,False,I242L
tr|A0A979FF91|A0A979FF91_ICTPU,500,242.0,I,L,False,I242L
tr|A0A979FED5|A0A979FED5_ICTPU,500,242.0,I,L,False,I242L
tr|A0A9F7RNW9|A0A9F7RNW9_ICTPU,500,242.0,I,L,False,I242L
tr|A0A979FDQ7|A0A979FDQ7_ICTPU,500,242.0,I,L,False,I242L
tr|A0A979FDP4|A0A979FDP4_ICTPU,500,242.0,I,L,False,I242L
tr|A0A979FDQ5|A0A979FDQ5_ICTPU,500,242.0,I,L,False,I242L
tr|A0AC58J6Q9|A0AC58J6Q9_DANRE,500,242.0,I,L,False,I242L
tr|A0AC58J6Q2|A0AC58J6Q2_DANRE,500,242.0,I,L,False,I242L
tr|A0AB32TNW7|A0AB32TNW7_DANRE,500,242.0,I,L,False,I242L
tr|A0AC58J6S2|A0AC58J6S2_DANRE,500,242.0,I,L,False,I242L
tr|A0AC58J6R3|A0AC58J6R3_DANRE,500,242.0,I,L,False,I242L
tr|A0ACM8Q842|A0ACM8Q842_DANRE,500,242.0,I,L,False,I242L
tr|A0AB32TSB5|A0AB32TSB5_DANRE,500,242.0,I,L,False,I242L
tr|A0AB32TQV9|A0AB32TQV9_DANRE,500,242.0,I,L,False,I242L
tr|A0AB32TLD3|A0AB32TLD3_DANRE,500,242.0,I,L,False,I242L
tr|A0AC58J6Q5|A0AC58J6Q5_DANRE,500,242.0,I,L,False,I242L
tr|A0A6J2V203|A0A6J2V203_CHACN,500,242.0,I,L,False,I242L
tr|A0A8C2TN39|A0A8C2TN39_COTJA,500,242.0,I,F,False,I242F
tr|A0A803VRI8|A0A803VRI8_FICAL,500,242.0,I,Y,False,I242Y
tr|A0ABM0GFX0|A0ABM0GFX0_SACKO,501,243.0,S,I,False,S243I
tr|A0A9Y6LYW8|A0A9Y6LYW8_9CICH,501,243.0,S,T,False,S243T
tr|A0A9Y3R1R7|A0A9Y3R1R7_9CICH,501,243.0,S,T,False,S243T
tr|A0AC36JJL6|A0AC36JJL6_9CICH,501,243.0,S,T,False,S243T
tr|A0A6P8GSV4|A0A6P8GSV4_CLUHA,501,243.0,S,T,False,S243T
tr|A0A8C2TN39|A0A8C2TN39_COTJA,501,243.0,S,C,False,S243C
tr|A0A803VRI8|A0A803VRI8_FICAL,501,243.0,S,I,False,S243I
tr|A0ABM0GFX0|A0ABM0GFX0_SACKO,502,244.0,I,Q,False,I244Q
tr|A0A6P8VIH1|A0A6P8VIH1_GYMAC,502,244.0,I,L,False,I244L
tr|A0A2I4BXB8|A0A2I4BXB8_AUSLI,502,244.0,I,L,False,I244L
tr|A0A2I4BXF7|A0A2I4BXF7_AUSLI,502,244.0,I,L,False,I244L
tr|A0A2I4BXC1|A0A2I4BXC1_AUSLI,502,244.0,I,L,False,I244L
tr|A0A2I4BXC7|A0A2I4BXC7_AUSLI,502,244.0,I,L,False,I244L
tr|A0ABV1A463|A0ABV1A463_9TELE,502,244.0,I,L,False,I244L
tr|A0AAV9S7N1|A0AAV9S7N1_9TELE,502,244.0,I,L,False,I244L
tr|A0ABV0TT83|A0ABV0TT83_9TELE,502,244.0,I,L,False,I244L
tr|A0A6P7NA03|A0A6P7NA03_BETSP,502,244.0,I,L,False,I244L
tr|A0A9W2XZU5|A0A9W2XZU5_BETSP,502,244.0,I,L,False,I244L
tr|A0A6P7NFA4|A0A6P7NFA4_BETSP,502,244.0,I,L,False,I244L
tr|A0A9W2XZJ7|A0A9W2XZJ7_BETSP,502,244.0,I,L,False,I244L
tr|A0A6P7NA07|A0A6P7NA07_BETSP,502,244.0,I,L,False,I244L
tr|A0A6P7NE39|A0A6P7NE39_BETSP,502,244.0,I,L,False,I244L
tr|A0A6J2S884|A0A6J2S884_COTGO,502,244.0,I,L,False,I244L
tr|A0A6P7I2Q9|A0A6P7I2Q9_9TELE,502,244.0,I,L,False,I244L
tr|A0A6P7HH59|A0A6P7HH59_9TELE,502,244.0,I,L,False,I244L
tr|A0A6P7HWN0|A0A6P7HWN0_9TELE,502,244.0,I,L,False,I244L
tr|A0A9Y4NB67|A0A9Y4NB67_9TELE,502,244.0,I,L,False,I244L
tr|A0A9Y6LYW8|A0A9Y6LYW8_9CICH,502,244.0,I,L,False,I244L
tr|A0A9Y3R1R7|A0A9Y3R1R7_9CICH,502,244.0,I,L,False,I244L
tr|A0AC36JJL6|A0AC36JJL6_9CICH,502,244.0,I,L,False,I244L
tr|A0ACF8DDW5|A0ACF8DDW5_ARAGI,502,244.0,I,L,False,I244L
tr|A0ACF8FNS1|A0ACF8FNS1_ARAGI,502,244.0,I,L,False,I244L
tr|A0A8U0R0X1|A0A8U0R0X1_SALNM,502,244.0,I,L,False,I244L
tr|A0A6J2V217|A0A6J2V217_CHACN,502,244.0,I,L,False,I244L
tr|A0A6J2V3N9|A0A6J2V3N9_CHACN,502,244.0,I,L,False,I244L
tr|A0A6P8GSV4|A0A6P8GSV4_CLUHA,502,244.0,I,L,False,I244L
tr|A0A979FEC0|A0A979FEC0_ICTPU,502,244.0,I,L,False,I244L
tr|A0A979FF91|A0A979FF91_ICTPU,502,244.0,I,L,False,I244L
tr|A0A979FED5|A0A979FED5_ICTPU,502,244.0,I,L,False,I244L
tr|A0A9F7RNW9|A0A9F7RNW9_ICTPU,502,244.0,I,L,False,I244L
tr|A0A979FDQ7|A0A979FDQ7_ICTPU,502,244.0,I,L,False,I244L
tr|A0A979FDP4|A0A979FDP4_ICTPU,502,244.0,I,L,False,I244L
tr|A0A979FDQ5|A0A979FDQ5_ICTPU,502,244.0,I,L,False,I244L
tr|A0AC58J6Q9|A0AC58J6Q9_DANRE,502,244.0,I,M,False,I244M
tr|A0AC58J6Q2|A0AC58J6Q2_DANRE,502,244.0,I,M,False,I244M
tr|A0AB32TNW7|A0AB32TNW7_DANRE,502,244.0,I,M,False,I244M
tr|A0AC58J6S2|A0AC58J6S2_DANRE,502,244.0,I,M,False,I244M
tr|A0AC58J6R3|A0AC58J6R3_DANRE,502,244.0,I,M,False,I244M
tr|A0ACM8Q842|A0ACM8Q842_DANRE,502,244.0,I,M,False,I244M
tr|A0AB32TSB5|A0AB32TSB5_DANRE,502,244.0,I,M,False,I244M
tr|A0AB32TQV9|A0AB32TQV9_DANRE,502,244.0,I,M,False,I244M
tr|A0AB32TLD3|A0AB32TLD3_DANRE,502,244.0,I,M,False,I244M
tr|A0AC58J6Q5|A0AC58J6Q5_DANRE,502,244.0,I,M,False,I244M
tr|A0A6J2V203|A0A6J2V203_CHACN,502,244.0,I,L,False,I244L
tr|A0AAD8DBY4|A0AAD8DBY4_ACIOX,502,244.0,I,M,False,I244M
tr|A0AAD8DJ01|A0AAD8DJ01_ACIOX,502,244.0,I,M,False,I244M
tr|A0A8C2TN39|A0A8C2TN39_COTJA,502,244.0,I,C,False,I244C
tr|A0A803VRI8|A0A803VRI8_FICAL,502,244.0,I,F,False,I244F
tr|A0A6I8ND77|A0A6I8ND77_ORNAN,502,244.0,I,L,False,I244L
tr|A0A8C2TN39|A0A8C2TN39_COTJA,503,245.0,P,I,False,P245I
tr|A0A8C2TN55|A0A8C2TN55_COTJA,503,245.0,P,F,False,P245F
tr|A0A803VRI8|A0A803VRI8_FICAL,503,245.0,P,T,False,P245T
tr|A0A803VX31|A0A803VX31_FICAL,503,245.0,P,H,False,P245H
tr|A0A663N514|A0A663N514_ATHCN,503,245.0,P,Y,False,P245Y
tr|A0A8C3UXT3|A0A8C3UXT3_CATUS,503,245.0,P,H,False,P245H
tr|A0ACF8DDW5|A0ACF8DDW5_ARAGI,507,246.0,P,Q,False,P246Q
tr|A0A8C2TN39|A0A8C2TN39_COTJA,507,246.0,P,S,False,P246S
tr|A0A8C2TN55|A0A8C2TN55_COTJA,507,246.0,P,L,False,P246L
tr|A0A803VRI8|A0A803VRI8_FICAL,507,246.0,P,G,False,P246G
tr|A0A803VX31|A0A803VX31_FICAL,507,246.0,P,Y,False,P246Y
tr|A0A663N514|A0A663N514_ATHCN,507,246.0,P,Y,False,P246Y
tr|A0A8C3UXT3|A0A8C3UXT3_CATUS,507,246.0,P,Y,False,P246Y
tr|T1PTS4|T1PTS4_PARLB,507,246.0,P,S,False,P246S
tr|A0A6I8ND77|A0A6I8ND77_ORNAN,507,246.0,P,S,False,P246S
tr|A0ACF8DDW5|A0ACF8DDW5_ARAGI,508,247.0,G,P,False,G247P
tr|A0A1L8GU65|A0A1L8GU65_XENLA,508,247.0,G,S,False,G247S
tr|A0A8J0UR98|A0A8J0UR98_XENLA,508,247.0,G,S,False,G247S
tr|A0A8J0UXQ2|A0A8J0UXQ2_XENLA,508,247.0,G,S,False,G247S
tr|A0A8J1MHG6|A0A8J1MHG6_XENLA,508,247.0,G,S,False,G247S
tr|A0A1L8GYY0|A0A1L8GYY0_XENLA,508,247.0,G,S,False,G247S
tr|A0A8J1MIF2|A0A8J1MIF2_XENLA,508,247.0,G,S,False,G247S
tr|A0A8J1MHG1|A0A8J1MHG1_XENLA,508,247.0,G,S,False,G247S
tr|A0A8J1MHG5|A0A8J1MHG5_XENLA,508,247.0,G,S,False,G247S
tr|A0A8J0Q7P1|A0A8J0Q7P1_XENTR,508,247.0,G,S,False,G247S
tr|A0A8J0SHD1|A0A8J0SHD1_XENTR,508,247.0,G,S,False,G247S
tr|A0A8J0SG76|A0A8J0SG76_XENTR,508,247.0,G,S,False,G247S
tr|F7DTZ3|F7DTZ3_XENTR,508,247.0,G,S,False,G247S
tr|A0A8J0S8T9|A0A8J0S8T9_XENTR,508,247.0,G,S,False,G247S
tr|T1PTS4|T1PTS4_PARLB,508,247.0,G,S,False,G247S
tr|A0A8J1MTY3|A0A8J1MTY3_XENLA,508,247.0,G,S,False,G247S
tr|A0A8J1MRN8|A0A8J1MRN8_XENLA,508,247.0,G,S,False,G247S
tr|A0A6I8SNY6|A0A6I8SNY6_XENTR,508,247.0,G,S,False,G247S
tr|A0A8J0SEG3|A0A8J0SEG3_XENTR,508,247.0,G,S,False,G247S
sp|Q4VYS1|FOXP2_XENLA,508,247.0,G,S,False,G247S
tr|A0A8J1MI35|A0A8J1MI35_XENLA,508,247.0,G,S,False,G247S
tr|A0ACF8DDW5|A0ACF8DDW5_ARAGI,509,248.0,Q,L,False,Q248L
tr|A0A6J2V217|A0A6J2V217_CHACN,510,249.0,A,P,False,A249P
tr|A0A6J2V3N9|A0A6J2V3N9_CHACN,510,249.0,A,P,False,A249P
tr|A0A979FEC0|A0A979FEC0_ICTPU,510,249.0,A,S,False,A249S
tr|A0A979FF91|A0A979FF91_ICTPU,510,249.0,A,S,False,A249S
tr|A0A979FED5|A0A979FED5_ICTPU,510,249.0,A,S,False,A249S
tr|A0A9F7RNW9|A0A9F7RNW9_ICTPU,510,249.0,A,S,False,A249S
tr|A0A979FDQ7|A0A979FDQ7_ICTPU,510,249.0,A,S,False,A249S
tr|A0A979FDP4|A0A979FDP4_ICTPU,510,249.0,A,S,False,A249S
tr|A0A979FDQ5|A0A979FDQ5_ICTPU,510,249.0,A,S,False,A249S
tr|A0AC58J6Q9|A0AC58J6Q9_DANRE,510,249.0,A,P,False,A249P
tr|A0AC58J6Q2|A0AC58J6Q2_DANRE,510,249.0,A,P,False,A249P
tr|A0AB32TNW7|A0AB32TNW7_DANRE,510,249.0,A,P,False,A249P
tr|A0AC58J6S2|A0AC58J6S2_DANRE,510,249.0,A,P,False,A249P
tr|A0AC58J6R3|A0AC58J6R3_DANRE,510,249.0,A,P,False,A249P
tr|A0ACM8Q842|A0ACM8Q842_DANRE,510,249.0,A,P,False,A249P
tr|A0AB32TSB5|A0AB32TSB5_DANRE,510,249.0,A,P,False,A249P
tr|A0AB32TQV9|A0AB32TQV9_DANRE,510,249.0,A,P,False,A249P
tr|A0AB32TLD3|A0AB32TLD3_DANRE,510,249.0,A,P,False,A249P
tr|A0AC58J6Q5|A0AC58J6Q5_DANRE,510,249.0,A,P,False,A249P
tr|A0A6J2V203|A0A6J2V203_CHACN,510,249.0,A,P,False,A249P
tr|A0A6I9HI92|A0A6I9HI92_GEOFO,510,249.0,A,S,False,A249S
tr|A0AAD8DBY4|A0AAD8DBY4_ACIOX,510,249.0,A,S,False,A249S
tr|A0AAD8DJ01|A0AAD8DJ01_ACIOX,510,249.0,A,S,False,A249S
tr|A0ABQ9CS58|A0ABQ9CS58_9PASS,510,249.0,A,S,False,A249S
tr|A0A8V0X8B7|A0A8V0X8B7_CHICK,510,249.0,A,S,False,A249S
tr|G1NA17|G1NA17_MELGA,510,249.0,A,S,False,A249S
tr|A0A1L8GU65|A0A1L8GU65_XENLA,510,249.0,A,S,False,A249S
tr|A0A8J0UR98|A0A8J0UR98_XENLA,510,249.0,A,S,False,A249S
tr|A0A8J0UXQ2|A0A8J0UXQ2_XENLA,510,249.0,A,S,False,A249S
tr|A0A8J1MHG6|A0A8J1MHG6_XENLA,510,249.0,A,S,False,A249S
tr|A0A1L8GYY0|A0A1L8GYY0_XENLA,510,249.0,A,S,False,A249S
tr|A0A8J1MIF2|A0A8J1MIF2_XENLA,510,249.0,A,S,False,A249S
tr|A0A8J1MHG1|A0A8J1MHG1_XENLA,510,249.0,A,S,False,A249S
tr|A0A8J1MHG5|A0A8J1MHG5_XENLA,510,249.0,A,S,False,A249S
tr|A0A8J0Q7P1|A0A8J0Q7P1_XENTR,510,249.0,A,S,False,A249S
tr|A0A8J0SHD1|A0A8J0SHD1_XENTR,510,249.0,A,S,False,A249S
tr|A0A8J0SG76|A0A8J0SG76_XENTR,510,249.0,A,S,False,A249S
tr|F7DTZ3|F7DTZ3_XENTR,510,249.0,A,S,False,A249S
tr|A0A8J0S8T9|A0A8J0S8T9_XENTR,510,249.0,A,S,False,A249S
tr|T1PTS4|T1PTS4_PARLB,510,249.0,A,S,False,A249S
tr|A0A6P8S6V4|A0A6P8S6V4_GEOSA,510,249.0,A,S,False,A249S
tr|A0A6P8SBP1|A0A6P8SBP1_GEOSA,510,249.0,A,S,False,A249S
tr|A0A6P8S5P9|A0A6P8S5P9_GEOSA,510,249.0,A,S,False,A249S
tr|A0A6P8S5Q7|A0A6P8S5Q7_GEOSA,510,249.0,A,S,False,A249S
tr|A0A6P7YWZ4|A0A6P7YWZ4_9AMPH,510,249.0,A,S,False,A249S
tr|A0A6P7Z4T0|A0A6P7Z4T0_9AMPH,510,249.0,A,S,False,A249S
tr|A0A6P8S9S5|A0A6P8S9S5_GEOSA,510,249.0,A,S,False,A249S
tr|A0A6P8SBN6|A0A6P8SBN6_GEOSA,510,249.0,A,S,False,A249S
tr|A0A6P8S5P6|A0A6P8S5P6_GEOSA,510,249.0,A,S,False,A249S
tr|A0A6P8S9T4|A0A6P8S9T4_GEOSA,510,249.0,A,S,False,A249S
tr|A0A6P8S6B0|A0A6P8S6B0_GEOSA,510,249.0,A,S,False,A249S
tr|A0A6P8S6A6|A0A6P8S6A6_GEOSA,510,249.0,A,S,False,A249S
tr|A0A6P8S6A3|A0A6P8S6A3_GEOSA,510,249.0,A,S,False,A249S
tr|A0A6P8S5P3|A0A6P8S5P3_GEOSA,510,249.0,A,S,False,A249S
tr|A0A6P8S9T8|A0A6P8S9T8_GEOSA,510,249.0,A,S,False,A249S
tr|H3AY31|H3AY31_LATCH,510,249.0,A,S,False,A249S
tr|A0A6I9YYB6|A0A6I9YYB6_9SAUR,510,249.0,A,P,False,A249P
tr|A0A9F5IXC2|A0A9F5IXC2_PYTBI,510,249.0,A,P,False,A249P
tr|A0A6P6DL68|A0A6P6DL68_OCTDE,510,249.0,A,P,False,A249P
tr|A0A803WA84|A0A803WA84_FICAL,510,249.0,A,S,False,A249S
tr|A0A803VVV3|A0A803VVV3_FICAL,510,249.0,A,S,False,A249S
tr|A0A8C3V2Y9|A0A8C3V2Y9_CATUS,510,249.0,A,S,False,A249S
tr|A0A8C2UVV4|A0A8C2UVV4_CHILA,510,249.0,A,P,False,A249P
tr|A0A286XZY9|A0A286XZY9_CAVPO,510,249.0,A,P,False,A249P
tr|H0UV26|H0UV26_CAVPO,510,249.0,A,P,False,A249P
tr|A0A663N1N8|A0A663N1N8_ATHCN,510,249.0,A,S,False,A249S
tr|A0A803YMJ4|A0A803YMJ4_MELGA,510,249.0,A,S,False,A249S
tr|A0A663N2Y4|A0A663N2Y4_ATHCN,510,249.0,A,S,False,A249S
tr|A0A6J2G5V7|A0A6J2G5V7_9PASS,510,249.0,A,S,False,A249S
tr|A0A803VEU5|A0A803VEU5_FICAL,510,249.0,A,S,False,A249S
tr|Q6QBA5|Q6QBA5_TAEGU,510,249.0,A,S,False,A249S
tr|A0A8C6ZYM5|A0A8C6ZYM5_NOTPE,510,249.0,A,S,False,A249S
tr|A0A674IWZ5|A0A674IWZ5_9SAUR,510,249.0,A,S,False,A249S
tr|A0A8C5F2F1|A0A8C5F2F1_9SAUR,510,249.0,A,S,False,A249S
tr|A0A663N1N3|A0A663N1N3_ATHCN,510,249.0,A,S,False,A249S
tr|A0A8C2TN37|A0A8C2TN37_COTJA,510,249.0,A,S,False,A249S
tr|A0A8V0X5B4|A0A8V0X5B4_CHICK,510,249.0,A,S,False,A249S
tr|A0A6J0HH27|A0A6J0HH27_9PASS,510,249.0,A,S,False,A249S
tr|A0A674ISI7|A0A674ISI7_9SAUR,510,249.0,A,S,False,A249S
tr|A0A6J0HH90|A0A6J0HH90_9PASS,510,249.0,A,S,False,A249S
tr|G3X2N2|G3X2N2_SARHA,510,249.0,A,S,False,A249S
tr|A0A663N4T8|A0A663N4T8_ATHCN,510,249.0,A,S,False,A249S
tr|A0A663N503|A0A663N503_ATHCN,510,249.0,A,S,False,A249S
tr|A0A8C3UTJ3|A0A8C3UTJ3_CATUS,510,249.0,A,S,False,A249S
tr|A0A6P7Z2S0|A0A6P7Z2S0_9AMPH,510,249.0,A,S,False,A249S
tr|A0A6P8S6V7|A0A6P8S6V7_GEOSA,510,249.0,A,S,False,A249S
tr|A0A6P8SBP4|A0A6P8SBP4_GEOSA,510,249.0,A,S,False,A249S
tr|A0A6P8S5Q2|A0A6P8S5Q2_GEOSA,510,249.0,A,S,False,A249S
tr|A0A6P8S9T0|A0A6P8S9T0_GEOSA,510,249.0,A,S,False,A249S
tr|A0A8C6XFH2|A0A8C6XFH2_NAJNA,510,249.0,A,P,False,A249P
tr|T1PV61|T1PV61_GEKGE,510,249.0,A,S,False,A249S
tr|A0A8V0XB05|A0A8V0XB05_CHICK,510,249.0,A,S,False,A249S
tr|H0Z4Q2|H0Z4Q2_TAEGU,510,249.0,A,S,False,A249S
tr|Q6QBA4|Q6QBA4_TAEGU,510,249.0,A,S,False,A249S
tr|A0A8V0X2A9|A0A8V0X2A9_CHICK,510,249.0,A,S,False,A249S
tr|G8HZI0|G8HZI0_CHICK,510,249.0,A,S,False,A249S
tr|G8HZI1|G8HZI1_CHICK,510,249.0,A,S,False,A249S
tr|A0A803YR11|A0A803YR11_MELGA,510,249.0,A,S,False,A249S
tr|G1KFZ6|G1KFZ6_ANOCA,510,249.0,A,S,False,A249S
tr|A0A8J1MTY3|A0A8J1MTY3_XENLA,510,249.0,A,S,False,A249S
tr|A0A8J1MRN8|A0A8J1MRN8_XENLA,510,249.0,A,S,False,A249S
tr|A0A6I8SNY6|A0A6I8SNY6_XENTR,510,249.0,A,S,False,A249S
tr|A0A8J0SEG3|A0A8J0SEG3_XENTR,510,249.0,A,S,False,A249S
sp|Q4VYS1|FOXP2_XENLA,510,249.0,A,S,False,A249S
tr|A0A8J1MI35|A0A8J1MI35_XENLA,510,249.0,A,S,False,A249S
tr|A0A9F5IS39|A0A9F5IS39_PYTBI,510,249.0,A,P,False,A249P
tr|A0AA97JVF9|A0AA97JVF9_EUBMA,510,249.0,A,S,False,A249S
tr|V6F812|V6F812_LATCH,510,249.0,A,S,False,A249S
tr|T1PTW0|T1PTW0_9SAUR,510,249.0,A,S,False,A249S
tr|A0A803V983|A0A803V983_FICAL,510,249.0,A,S,False,A249S
tr|A0A218V5A9|A0A218V5A9_9PASE,510,249.0,A,S,False,A249S
tr|V6F7W6|V6F7W6_ANOCA,510,249.0,A,S,False,A249S
tr|A0ABM4G1M1|A0ABM4G1M1_9AVES,510,249.0,A,S,False,A249S
tr|A0A8C2TQ46|A0A8C2TQ46_COTJA,510,249.0,A,S,False,A249S
tr|A0A8V0XB36|A0A8V0XB36_CHICK,510,249.0,A,S,False,A249S
tr|A0A663N507|A0A663N507_ATHCN,510,249.0,A,S,False,A249S
tr|A0A663N1P3|A0A663N1P3_ATHCN,510,249.0,A,S,False,A249S
tr|A0A6J3EI75|A0A6J3EI75_AYTFU,510,249.0,A,S,False,A249S
tr|A0A803V0S5|A0A803V0S5_FICAL,510,249.0,A,S,False,A249S
tr|A0A8C3V1M9|A0A8C3V1M9_CATUS,510,249.0,A,S,False,A249S
tr|A0A8C2TQ55|A0A8C2TQ55_COTJA,510,249.0,A,S,False,A249S
tr|A0A663N4U8|A0A663N4U8_ATHCN,510,249.0,A,S,False,A249S
tr|A0A8C3UYW6|A0A8C3UYW6_CATUS,510,249.0,A,S,False,A249S
tr|A0A1V4JAD2|A0A1V4JAD2_PATFA,510,249.0,A,S,False,A249S
tr|A0A670Z5Y1|A0A670Z5Y1_PSETE,510,249.0,A,P,False,A249P
tr|A0A670Z823|A0A670Z823_PSETE,510,249.0,A,P,False,A249P
tr|A0A6J1U1T0|A0A6J1U1T0_9SAUR,510,249.0,A,P,False,A249P
tr|A0A6P3FFL7|A0A6P3FFL7_OCTDE,510,249.0,A,P,False,A249P
tr|A0A6I9YXB8|A0A6I9YXB8_9SAUR,510,249.0,A,P,False,A249P
tr|A0A8C0U7Z2|A0A8C0U7Z2_CYACU,510,249.0,A,S,False,A249S
tr|A0A6J0HIE4|A0A6J0HIE4_9PASS,510,249.0,A,S,False,A249S
tr|A0A5F8H207|A0A5F8H207_MONDO,510,249.0,A,S,False,A249S
tr|Q6QBA2|Q6QBA2_TAEGU,510,249.0,A,S,False,A249S
tr|A0ABM1JYM0|A0ABM1JYM0_GEKJA,510,249.0,A,S,False,A249S
tr|A0A3Q0H2H6|A0A3Q0H2H6_ALLSI,510,249.0,A,S,False,A249S
tr|A0A6P5K4P6|A0A6P5K4P6_PHACI,510,249.0,A,S,False,A249S
tr|A0A9F2NWE2|A0A9F2NWE2_PYTBI,510,249.0,A,P,False,A249P
tr|K7G4L3|K7G4L3_PELSI,510,249.0,A,S,False,A249S
tr|A0A7M4ESK2|A0A7M4ESK2_CROPO,510,249.0,A,S,False,A249S
tr|A0A8C0GSH0|A0A8C0GSH0_CHEAB,510,249.0,A,S,False,A249S
tr|A0A8T1SIB8|A0A8T1SIB8_CHESE,510,249.0,A,S,False,A249S
tr|A9UCN6|A9UCN6_TRASC,510,249.0,A,S,False,A249S
tr|A0A5F8GPP1|A0A5F8GPP1_MONDO,510,249.0,A,S,False,A249S
tr|A0A8C4YPR3|A0A8C4YPR3_9SAUR,510,249.0,A,S,False,A249S
tr|A0A674IUJ3|A0A674IUJ3_9SAUR,510,249.0,A,S,False,A249S
tr|A0A8V0X8C6|A0A8V0X8C6_CHICK,510,249.0,A,S,False,A249S
tr|G8HZH9|G8HZH9_CHICK,510,249.0,A,S,False,A249S
tr|Q6TKS2|Q6TKS2_TAEGU,510,249.0,A,S,False,A249S
tr|A0A8C6NFR5|A0A8C6NFR5_MELUD,510,249.0,A,S,False,A249S
tr|Q6S511|Q6S511_MELUD,510,249.0,A,S,False,A249S
tr|G8HZH8|G8HZH8_CHICK,510,249.0,A,S,False,A249S
tr|A0A8V0XB47|A0A8V0XB47_CHICK,510,249.0,A,S,False,A249S
tr|A0ABM4G1D2|A0ABM4G1D2_9AVES,510,249.0,A,S,False,A249S
tr|A9UCM2|A9UCM2_CYNSP,511,250.0,A,G,False,A250G
tr|A0AC58J6Q9|A0AC58J6Q9_DANRE,511,250.0,A,T,False,A250T
tr|A0AC58J6Q2|A0AC58J6Q2_DANRE,511,250.0,A,T,False,A250T
tr|A0AB32TNW7|A0AB32TNW7_DANRE,511,250.0,A,T,False,A250T
tr|A0AC58J6S2|A0AC58J6S2_DANRE,511,250.0,A,T,False,A250T
tr|A0AC58J6R3|A0AC58J6R3_DANRE,511,250.0,A,T,False,A250T
tr|A0ACM8Q842|A0ACM8Q842_DANRE,511,250.0,A,T,False,A250T
tr|A0AB32TSB5|A0AB32TSB5_DANRE,511,250.0,A,T,False,A250T
tr|A0AB32TQV9|A0AB32TQV9_DANRE,511,250.0,A,T,False,A250T
tr|A0AB32TLD3|A0AB32TLD3_DANRE,511,250.0,A,T,False,A250T
tr|A0AC58J6Q5|A0AC58J6Q5_DANRE,511,250.0,A,T,False,A250T
tr|T1PTS4|T1PTS4_PARLB,511,250.0,A,S,False,A250S
tr|A0ABM3XUF2|A0ABM3XUF2_ERIEU,511,250.0,A,T,False,A250T
tr|A0ABM3XUF5|A0ABM3XUF5_ERIEU,511,250.0,A,T,False,A250T
tr|A0ABM3XUF6|A0ABM3XUF6_ERIEU,511,250.0,A,T,False,A250T
tr|A0AC58LU76|A0AC58LU76_CASCN,511,250.0,A,T,False,A250T
tr|A0AC58LUC1|A0AC58LUC1_CASCN,511,250.0,A,T,False,A250T
tr|A0AC58LU85|A0AC58LU85_CASCN,511,250.0,A,T,False,A250T
tr|A0ABM3XUD6|A0ABM3XUD6_ERIEU,511,250.0,A,T,False,A250T
tr|A0ABM3XUE3|A0ABM3XUE3_ERIEU,511,250.0,A,T,False,A250T
tr|A0A8C6XFH2|A0A8C6XFH2_NAJNA,511,250.0,A,T,False,A250T
tr|T1PV61|T1PV61_GEKGE,511,250.0,A,P,False,A250P
tr|T1PTW0|T1PTW0_9SAUR,511,250.0,A,P,False,A250P
tr|A0ABM5GG36|A0ABM5GG36_9SAUR,511,250.0,A,S,False,A250S
tr|A0A670Z5Y1|A0A670Z5Y1_PSETE,511,250.0,A,T,False,A250T
tr|A0A670Z823|A0A670Z823_PSETE,511,250.0,A,T,False,A250T
tr|A0A6J1U1T0|A0A6J1U1T0_9SAUR,511,250.0,A,T,False,A250T
tr|A0AC58LUB7|A0AC58LUB7_CASCN,511,250.0,A,T,False,A250T
tr|A0AC58LUC3|A0AC58LUC3_CASCN,511,250.0,A,T,False,A250T
tr|A0ABM3XUF3|A0ABM3XUF3_ERIEU,511,250.0,A,T,False,A250T
tr|A0AC58LUA0|A0AC58LUA0_CASCN,511,250.0,A,T,False,A250T
tr|A0A1S2ZA35|A0A1S2ZA35_ERIEU,511,250.0,A,T,False,A250T
tr|A0ABM3XUG2|A0ABM3XUG2_ERIEU,511,250.0,A,T,False,A250T
tr|A0A6J2V217|A0A6J2V217_CHACN,512,251.0,L,I,False,L251I
tr|A0A6J2V3N9|A0A6J2V3N9_CHACN,512,251.0,L,I,False,L251I
tr|A0A6J2V203|A0A6J2V203_CHACN,512,251.0,L,I,False,L251I
tr|A0A6P8VIH1|A0A6P8VIH1_GYMAC,514,253.0,V,G,False,V253G
tr|A0A2I4BXB8|A0A2I4BXB8_AUSLI,514,253.0,V,G,False,V253G
tr|A0A2I4BXF7|A0A2I4BXF7_AUSLI,514,253.0,V,G,False,V253G
tr|A0A2I4BXC1|A0A2I4BXC1_AUSLI,514,253.0,V,G,False,V253G
tr|A0A2I4BXC7|A0A2I4BXC7_AUSLI,514,253.0,V,G,False,V253G
tr|A0ABV1A463|A0ABV1A463_9TELE,514,253.0,V,G,False,V253G
tr|A0AAV9S7N1|A0AAV9S7N1_9TELE,514,253.0,V,G,False,V253G
tr|A0ABV0TT83|A0ABV0TT83_9TELE,514,253.0,V,G,False,V253G
tr|A0A6P7NA03|A0A6P7NA03_BETSP,514,253.0,V,G,False,V253G
tr|A0A9W2XZU5|A0A9W2XZU5_BETSP,514,253.0,V,G,False,V253G
tr|A0A6P7NFA4|A0A6P7NFA4_BETSP,514,253.0,V,G,False,V253G
tr|A0A9W2XZJ7|A0A9W2XZJ7_BETSP,514,253.0,V,G,False,V253G
tr|A0A6P7NA07|A0A6P7NA07_BETSP,514,253.0,V,G,False,V253G
tr|A0A6P7NE39|A0A6P7NE39_BETSP,514,253.0,V,G,False,V253G
tr|A0A6J2S884|A0A6J2S884_COTGO,514,253.0,V,G,False,V253G
tr|A0A6P7I2Q9|A0A6P7I2Q9_9TELE,514,253.0,V,G,False,V253G
tr|A0A6P7HH59|A0A6P7HH59_9TELE,514,253.0,V,G,False,V253G
tr|A0A6P7HWN0|A0A6P7HWN0_9TELE,514,253.0,V,G,False,V253G
tr|A0A9Y4NB67|A0A9Y4NB67_9TELE,514,253.0,V,G,False,V253G
tr|A0A9Y6LYW8|A0A9Y6LYW8_9CICH,514,253.0,V,G,False,V253G
tr|A0A9Y3R1R7|A0A9Y3R1R7_9CICH,514,253.0,V,G,False,V253G
tr|A0AC36JJL6|A0AC36JJL6_9CICH,514,253.0,V,G,False,V253G
tr|A0ACF8FNS1|A0ACF8FNS1_ARAGI,514,253.0,V,S,False,V253S
tr|A0A8U0R0X1|A0A8U0R0X1_SALNM,514,253.0,V,G,False,V253G
tr|A0A6J2V217|A0A6J2V217_CHACN,514,253.0,V,G,False,V253G
tr|A0A6J2V3N9|A0A6J2V3N9_CHACN,514,253.0,V,G,False,V253G
tr|A0A6P8GSV4|A0A6P8GSV4_CLUHA,514,253.0,V,G,False,V253G
tr|A0A979FEC0|A0A979FEC0_ICTPU,514,253.0,V,A,False,V253A
tr|A0A979FF91|A0A979FF91_ICTPU,514,253.0,V,A,False,V253A
tr|A0A979FED5|A0A979FED5_ICTPU,514,253.0,V,A,False,V253A
tr|A0A9F7RNW9|A0A9F7RNW9_ICTPU,514,253.0,V,A,False,V253A
tr|A0A979FDQ7|A0A979FDQ7_ICTPU,514,253.0,V,A,False,V253A
tr|A0A979FDP4|A0A979FDP4_ICTPU,514,253.0,V,A,False,V253A
tr|A0A979FDQ5|A0A979FDQ5_ICTPU,514,253.0,V,A,False,V253A
tr|A0AC58J6Q9|A0AC58J6Q9_DANRE,514,253.0,V,G,False,V253G
tr|A0AC58J6Q2|A0AC58J6Q2_DANRE,514,253.0,V,G,False,V253G
tr|A0AB32TNW7|A0AB32TNW7_DANRE,514,253.0,V,G,False,V253G
tr|A0AC58J6S2|A0AC58J6S2_DANRE,514,253.0,V,G,False,V253G
tr|A0AC58J6R3|A0AC58J6R3_DANRE,514,253.0,V,G,False,V253G
tr|A0ACM8Q842|A0ACM8Q842_DANRE,514,253.0,V,G,False,V253G
tr|A0AB32TSB5|A0AB32TSB5_DANRE,514,253.0,V,G,False,V253G
tr|A0AB32TQV9|A0AB32TQV9_DANRE,514,253.0,V,G,False,V253G
tr|A0AB32TLD3|A0AB32TLD3_DANRE,514,253.0,V,G,False,V253G
tr|A0AC58J6Q5|A0AC58J6Q5_DANRE,514,253.0,V,G,False,V253G
tr|A0A6J2V203|A0A6J2V203_CHACN,514,253.0,V,G,False,V253G
tr|A0A8C2TN39|A0A8C2TN39_COTJA,514,253.0,V,G,False,V253G
tr|A0A8C2TN55|A0A8C2TN55_COTJA,514,253.0,V,G,False,V253G
tr|A0A803VRI8|A0A803VRI8_FICAL,514,253.0,V,G,False,V253G
tr|A0A803VX31|A0A803VX31_FICAL,514,253.0,V,G,False,V253G
tr|A0A663N514|A0A663N514_ATHCN,514,253.0,V,G,False,V253G
tr|A0A8C3UXT3|A0A8C3UXT3_CATUS,514,253.0,V,G,False,V253G
tr|A0A8C2TN39|A0A8C2TN39_COTJA,515,254.0,Q,A,False,Q254A
tr|A0A8C2TN55|A0A8C2TN55_COTJA,515,254.0,Q,A,False,Q254A
tr|A0A8C5M8V1|A0A8C5M8V1_9ANUR,515,254.0,Q,H,False,Q254H
tr|A0A1V4J975|A0A1V4J975_PATFA,515,254.0,Q,V,False,Q254V
tr|A0A803VRI8|A0A803VRI8_FICAL,515,254.0,Q,A,False,Q254A
tr|A0A803VX31|A0A803VX31_FICAL,515,254.0,Q,A,False,Q254A
tr|A0A663N514|A0A663N514_ATHCN,515,254.0,Q,A,False,Q254A
tr|A0A8C3UXT3|A0A8C3UXT3_CATUS,515,254.0,Q,A,False,Q254A
tr|A0ABM0GFX0|A0ABM0GFX0_SACKO,516,255.0,S,H,False,S255H
tr|A0A6P8VIH1|A0A6P8VIH1_GYMAC,516,255.0,S,T,False,S255T
tr|A0A2I4BXB8|A0A2I4BXB8_AUSLI,516,255.0,S,T,False,S255T
tr|A0A2I4BXF7|A0A2I4BXF7_AUSLI,516,255.0,S,T,False,S255T
tr|A0A2I4BXC1|A0A2I4BXC1_AUSLI,516,255.0,S,T,False,S255T
tr|A0A2I4BXC7|A0A2I4BXC7_AUSLI,516,255.0,S,T,False,S255T
tr|A0ABV1A463|A0ABV1A463_9TELE,516,255.0,S,T,False,S255T
tr|A0AAV9S7N1|A0AAV9S7N1_9TELE,516,255.0,S,T,False,S255T
tr|A0ABV0TT83|A0ABV0TT83_9TELE,516,255.0,S,T,False,S255T
tr|A0A6P7NA03|A0A6P7NA03_BETSP,516,255.0,S,T,False,S255T
tr|A0A9W2XZU5|A0A9W2XZU5_BETSP,516,255.0,S,T,False,S255T
tr|A0A6P7NFA4|A0A6P7NFA4_BETSP,516,255.0,S,T,False,S255T
tr|A0A9W2XZJ7|A0A9W2XZJ7_BETSP,516,255.0,S,T,False,S255T
tr|A0A6P7NA07|A0A6P7NA07_BETSP,516,255.0,S,T,False,S255T
tr|A0A6P7NE39|A0A6P7NE39_BETSP,516,255.0,S,T,False,S255T
tr|A0A6J2S884|A0A6J2S884_COTGO,516,255.0,S,T,False,S255T
tr|A0A6P7I2Q9|A0A6P7I2Q9_9TELE,516,255.0,S,T,False,S255T
tr|A0A6P7HH59|A0A6P7HH59_9TELE,516,255.0,S,T,False,S255T
tr|A0A6P7HWN0|A0A6P7HWN0_9TELE,516,255.0,S,T,False,S255T
tr|A0A9Y4NB67|A0A9Y4NB67_9TELE,516,255.0,S,T,False,S255T
tr|A0A9Y6LYW8|A0A9Y6LYW8_9CICH,516,255.0,S,T,False,S255T
tr|A0A9Y3R1R7|A0A9Y3R1R7_9CICH,516,255.0,S,T,False,S255T
tr|A0AC36JJL6|A0AC36JJL6_9CICH,516,255.0,S,T,False,S255T
tr|A0ACF8FNS1|A0ACF8FNS1_ARAGI,516,255.0,S,P,False,S255P
tr|A0A8U0R0X1|A0A8U0R0X1_SALNM,516,255.0,S,T,False,S255T
tr|A0A6J2V217|A0A6J2V217_CHACN,516,255.0,S,T,False,S255T
tr|A0A6J2V3N9|A0A6J2V3N9_CHACN,516,255.0,S,T,False,S255T
tr|A0A6P8GSV4|A0A6P8GSV4_CLUHA,516,255.0,S,T,False,S255T
tr|A0A979FEC0|A0A979FEC0_ICTPU,516,255.0,S,T,False,S255T
tr|A0A979FF91|A0A979FF91_ICTPU,516,255.0,S,T,False,S255T
tr|A0A979FED5|A0A979FED5_ICTPU,516,255.0,S,T,False,S255T
tr|A0A9F7RNW9|A0A9F7RNW9_ICTPU,516,255.0,S,T,False,S255T
tr|A0A979FDQ7|A0A979FDQ7_ICTPU,516,255.0,S,T,False,S255T
tr|A0A979FDP4|A0A979FDP4_ICTPU,516,255.0,S,T,False,S255T
tr|A0A979FDQ5|A0A979FDQ5_ICTPU,516,255.0,S,T,False,S255T
tr|A0AC58J6Q9|A0AC58J6Q9_DANRE,516,255.0,S,T,False,S255T
tr|A0AC58J6Q2|A0AC58J6Q2_DANRE,516,255.0,S,T,False,S255T
tr|A0AB32TNW7|A0AB32TNW7_DANRE,516,255.0,S,T,False,S255T
tr|A0AC58J6S2|A0AC58J6S2_DANRE,516,255.0,S,T,False,S255T
tr|A0AC58J6R3|A0AC58J6R3_DANRE,516,255.0,S,T,False,S255T
tr|A0ACM8Q842|A0ACM8Q842_DANRE,516,255.0,S,T,False,S255T
tr|A0AB32TSB5|A0AB32TSB5_DANRE,516,255.0,S,T,False,S255T
tr|A0AB32TQV9|A0AB32TQV9_DANRE,516,255.0,S,T,False,S255T
tr|A0AB32TLD3|A0AB32TLD3_DANRE,516,255.0,S,T,False,S255T
tr|A0AC58J6Q5|A0AC58J6Q5_DANRE,516,255.0,S,T,False,S255T
tr|A0A6J2V203|A0A6J2V203_CHACN,516,255.0,S,T,False,S255T
tr|A0A8C2TN39|A0A8C2TN39_COTJA,516,255.0,S,L,False,S255L
tr|A0A8C2TN55|A0A8C2TN55_COTJA,516,255.0,S,L,False,S255L
tr|A0A8C5M8V1|A0A8C5M8V1_9ANUR,516,255.0,S,L,False,S255L
tr|A0A1V4J975|A0A1V4J975_PATFA,516,255.0,S,Q,False,S255Q
tr|A0A803VRI8|A0A803VRI8_FICAL,516,255.0,S,L,False,S255L
tr|A0A803VX31|A0A803VX31_FICAL,516,255.0,S,L,False,S255L
tr|A0A663N514|A0A663N514_ATHCN,516,255.0,S,L,False,S255L
tr|A0A8C3UXT3|A0A8C3UXT3_CATUS,516,255.0,S,L,False,S255L
tr|T1PTS4|T1PTS4_PARLB,516,255.0,S,P,False,S255P
tr|A0A8U0R0X1|A0A8U0R0X1_SALNM,517,256.0,L,M,False,L256M
tr|A0A8C2TN39|A0A8C2TN39_COTJA,517,256.0,L,F,False,L256F
tr|A0A8C2TN55|A0A8C2TN55_COTJA,517,256.0,L,F,False,L256F
tr|A0A1V4J975|A0A1V4J975_PATFA,517,256.0,L,S,False,L256S
tr|A0A803VRI8|A0A803VRI8_FICAL,517,256.0,L,F,False,L256F
tr|A0A803VX31|A0A803VX31_FICAL,517,256.0,L,F,False,L256F
tr|A0A663N514|A0A663N514_ATHCN,517,256.0,L,F,False,L256F
tr|A0A8C3UXT3|A0A8C3UXT3_CATUS,517,256.0,L,F,False,L256F
tr|A9UCM5|A9UCM5_HIPAR,517,256.0,L,M,False,L256M
tr|A0A8C2TN39|A0A8C2TN39_COTJA,518,257.0,P,H,False,P257H
tr|A0A8C2TN55|A0A8C2TN55_COTJA,518,257.0,P,H,False,P257H
tr|A0A8C5M8V1|A0A8C5M8V1_9ANUR,518,257.0,P,R,False,P257R
tr|A0A1V4J975|A0A1V4J975_PATFA,518,257.0,P,L,False,P257L
tr|A0A803VRI8|A0A803VRI8_FICAL,518,257.0,P,H,False,P257H
tr|A0A803VX31|A0A803VX31_FICAL,518,257.0,P,H,False,P257H
tr|A0A663N514|A0A663N514_ATHCN,518,257.0,P,H,False,P257H
tr|A0A8C3UXT3|A0A8C3UXT3_CATUS,518,257.0,P,H,False,P257H
tr|A0AA97JVF9|A0AA97JVF9_EUBMA,518,257.0,P,S,False,P257S
tr|T1PTW0|T1PTW0_9SAUR,518,257.0,P,S,False,P257S
tr|A0ABM5GG36|A0ABM5GG36_9SAUR,518,257.0,P,S,False,P257S
tr|A0A2I4BXB8|A0A2I4BXB8_AUSLI,519,258.0,Q,P,False,Q258P
tr|A0A2I4BXF7|A0A2I4BXF7_AUSLI,519,258.0,Q,P,False,Q258P
tr|A0A2I4BXC1|A0A2I4BXC1_AUSLI,519,258.0,Q,P,False,Q258P
tr|A0A2I4BXC7|A0A2I4BXC7_AUSLI,519,258.0,Q,P,False,Q258P
tr|A0ABV1A463|A0ABV1A463_9TELE,519,258.0,Q,P,False,Q258P
tr|A0AAV9S7N1|A0AAV9S7N1_9TELE,519,258.0,Q,P,False,Q258P
tr|A0ABV0TT83|A0ABV0TT83_9TELE,519,258.0,Q,P,False,Q258P
tr|A0A6P7NA03|A0A6P7NA03_BETSP,519,258.0,Q,P,False,Q258P
tr|A0A9W2XZU5|A0A9W2XZU5_BETSP,519,258.0,Q,P,False,Q258P
tr|A0A6P7NFA4|A0A6P7NFA4_BETSP,519,258.0,Q,P,False,Q258P
tr|A0A9W2XZJ7|A0A9W2XZJ7_BETSP,519,258.0,Q,P,False,Q258P
tr|A0A6P7NA07|A0A6P7NA07_BETSP,519,258.0,Q,P,False,Q258P
tr|A0A6P7NE39|A0A6P7NE39_BETSP,519,258.0,Q,P,False,Q258P
tr|A0A6P7I2Q9|A0A6P7I2Q9_9TELE,519,258.0,Q,P,False,Q258P
tr|A0A6P7HH59|A0A6P7HH59_9TELE,519,258.0,Q,P,False,Q258P
tr|A0A6P7HWN0|A0A6P7HWN0_9TELE,519,258.0,Q,P,False,Q258P
tr|A0A9Y4NB67|A0A9Y4NB67_9TELE,519,258.0,Q,P,False,Q258P
tr|A0A9Y6LYW8|A0A9Y6LYW8_9CICH,519,258.0,Q,P,False,Q258P
tr|A0A9Y3R1R7|A0A9Y3R1R7_9CICH,519,258.0,Q,P,False,Q258P
tr|A0AC36JJL6|A0AC36JJL6_9CICH,519,258.0,Q,P,False,Q258P
tr|A0ACF8DDW5|A0ACF8DDW5_ARAGI,519,258.0,Q,S,False,Q258S
tr|A0ACF8FNS1|A0ACF8FNS1_ARAGI,519,258.0,Q,P,False,Q258P
tr|A0A8U0R0X1|A0A8U0R0X1_SALNM,519,258.0,Q,P,False,Q258P
tr|A0A6J2V217|A0A6J2V217_CHACN,519,258.0,Q,P,False,Q258P
tr|A0A6J2V3N9|A0A6J2V3N9_CHACN,519,258.0,Q,P,False,Q258P
tr|A0A6P8GSV4|A0A6P8GSV4_CLUHA,519,258.0,Q,P,False,Q258P
tr|A0A979FEC0|A0A979FEC0_ICTPU,519,258.0,Q,P,False,Q258P
tr|A0A979FF91|A0A979FF91_ICTPU,519,258.0,Q,P,False,Q258P
tr|A0A979FED5|A0A979FED5_ICTPU,519,258.0,Q,P,False,Q258P
tr|A0A9F7RNW9|A0A9F7RNW9_ICTPU,519,258.0,Q,P,False,Q258P
tr|A0A979FDQ7|A0A979FDQ7_ICTPU,519,258.0,Q,P,False,Q258P
tr|A0A979FDP4|A0A979FDP4_ICTPU,519,258.0,Q,P,False,Q258P
tr|A0A979FDQ5|A0A979FDQ5_ICTPU,519,258.0,Q,P,False,Q258P
tr|A0AC58J6Q9|A0AC58J6Q9_DANRE,519,258.0,Q,P,False,Q258P
tr|A0AC58J6Q2|A0AC58J6Q2_DANRE,519,258.0,Q,P,False,Q258P
tr|A0AB32TNW7|A0AB32TNW7_DANRE,519,258.0,Q,P,False,Q258P
tr|A0AC58J6S2|A0AC58J6S2_DANRE,519,258.0,Q,P,False,Q258P
tr|A0AC58J6R3|A0AC58J6R3_DANRE,519,258.0,Q,P,False,Q258P
tr|A0ACM8Q842|A0ACM8Q842_DANRE,519,258.0,Q,P,False,Q258P
tr|A0AB32TSB5|A0AB32TSB5_DANRE,519,258.0,Q,P,False,Q258P
tr|A0AB32TQV9|A0AB32TQV9_DANRE,519,258.0,Q,P,False,Q258P
tr|A0AB32TLD3|A0AB32TLD3_DANRE,519,258.0,Q,P,False,Q258P
tr|A0AC58J6Q5|A0AC58J6Q5_DANRE,519,258.0,Q,P,False,Q258P
tr|A0A6J2V203|A0A6J2V203_CHACN,519,258.0,Q,P,False,Q258P
tr|A0A8C2TN39|A0A8C2TN39_COTJA,519,258.0,Q,F,False,Q258F
tr|A0A8C2TN55|A0A8C2TN55_COTJA,519,258.0,Q,F,False,Q258F
tr|A0A8C5M8V1|A0A8C5M8V1_9ANUR,519,258.0,Q,F,False,Q258F
tr|A0A1V4J975|A0A1V4J975_PATFA,519,258.0,Q,P,False,Q258P
tr|A0A803VRI8|A0A803VRI8_FICAL,519,258.0,Q,F,False,Q258F
tr|A0A803VX31|A0A803VX31_FICAL,519,258.0,Q,F,False,Q258F
tr|A0A663N514|A0A663N514_ATHCN,519,258.0,Q,F,False,Q258F
tr|A0A8C3UXT3|A0A8C3UXT3_CATUS,519,258.0,Q,F,False,Q258F
tr|A0ABM0GFX0|A0ABM0GFX0_SACKO,520,259.0,A,P,False,A259P
tr|A0A6P8VIH1|A0A6P8VIH1_GYMAC,520,259.0,A,S,False,A259S
tr|A0A2I4BXB8|A0A2I4BXB8_AUSLI,520,259.0,A,P,False,A259P
tr|A0A2I4BXF7|A0A2I4BXF7_AUSLI,520,259.0,A,P,False,A259P
tr|A0A2I4BXC1|A0A2I4BXC1_AUSLI,520,259.0,A,P,False,A259P
tr|A0A2I4BXC7|A0A2I4BXC7_AUSLI,520,259.0,A,P,False,A259P
tr|A0ABV1A463|A0ABV1A463_9TELE,520,259.0,A,P,False,A259P
tr|A0AAV9S7N1|A0AAV9S7N1_9TELE,520,259.0,A,P,False,A259P
tr|A0ABV0TT83|A0ABV0TT83_9TELE,520,259.0,A,Q,False,A259Q
tr|A0A6P7NA03|A0A6P7NA03_BETSP,520,259.0,A,Q,False,A259Q
tr|A0A9W2XZU5|A0A9W2XZU5_BETSP,520,259.0,A,Q,False,A259Q
tr|A0A6P7NFA4|A0A6P7NFA4_BETSP,520,259.0,A,Q,False,A259Q
tr|A0A9W2XZJ7|A0A9W2XZJ7_BETSP,520,259.0,A,Q,False,A259Q
tr|A0A6P7NA07|A0A6P7NA07_BETSP,520,259.0,A,Q,False,A259Q
tr|A0A6P7NE39|A0A6P7NE39_BETSP,520,259.0,A,Q,False,A259Q
tr|A0A6J2S884|A0A6J2S884_COTGO,520,259.0,A,Q,False,A259Q
tr|A0A6P7I2Q9|A0A6P7I2Q9_9TELE,520,259.0,A,Q,False,A259Q
tr|A0A6P7HH59|A0A6P7HH59_9TELE,520,259.0,A,Q,False,A259Q
tr|A0A6P7HWN0|A0A6P7HWN0_9TELE,520,259.0,A,Q,False,A259Q
tr|A0A9Y4NB67|A0A9Y4NB67_9TELE,520,259.0,A,Q,False,A259Q
tr|A0A9Y6LYW8|A0A9Y6LYW8_9CICH,520,259.0,A,P,False,A259P
tr|A0A9Y3R1R7|A0A9Y3R1R7_9CICH,520,259.0,A,P,False,A259P
tr|A0AC36JJL6|A0AC36JJL6_9CICH,520,259.0,A,P,False,A259P
tr|A0ACF8DDW5|A0ACF8DDW5_ARAGI,520,259.0,A,Q,False,A259Q
tr|A0AAX6RUX8|A0AAX6RUX8_HETGA,520,259.0,A,Q,False,A259Q
tr|A9UCM2|A9UCM2_CYNSP,520,259.0,A,Q,False,A259Q
tr|A0A6P8GSV4|A0A6P8GSV4_CLUHA,520,259.0,A,Q,False,A259Q
tr|A0A8C2TN39|A0A8C2TN39_COTJA,520,259.0,A,I,False,A259I
tr|A0A8C2TN55|A0A8C2TN55_COTJA,520,259.0,A,I,False,A259I
tr|A0A1V4J975|A0A1V4J975_PATFA,520,259.0,A,Q,False,A259Q
tr|A0A803VRI8|A0A803VRI8_FICAL,520,259.0,A,I,False,A259I
tr|A0A803VX31|A0A803VX31_FICAL,520,259.0,A,I,False,A259I
tr|A0A663N514|A0A663N514_ATHCN,520,259.0,A,I,False,A259I
tr|A0A8C3UXT3|A0A8C3UXT3_CATUS,520,259.0,A,I,False,A259I
tr|G3RNZ0|G3RNZ0_GORGO,520,259.0,A,G,False,A259G
tr|G3SFK7|G3SFK7_GORGO,520,259.0,A,G,False,A259G
tr|A0A2Y9DWJ1|A0A2Y9DWJ1_TRIMA,520,259.0,A,G,False,A259G
tr|A0A1S3FFW0|A0A1S3FFW0_DIPOR,520,259.0,A,G,False,A259G
tr|A0A1S3FHJ1|A0A1S3FHJ1_DIPOR,520,259.0,A,G,False,A259G
tr|A0A9B0WKY6|A0A9B0WKY6_CHRAS,520,259.0,A,G,False,A259G
tr|A0A6P3QUU2|A0A6P3QUU2_PTEVA,520,259.0,A,G,False,A259G
tr|A0A6P3R3E3|A0A6P3R3E3_PTEVA,520,259.0,A,G,False,A259G
tr|A0A6P6IBH3|A0A6P6IBH3_PUMCO,520,259.0,A,G,False,A259G
tr|A0A2Y9DXW8|A0A2Y9DXW8_TRIMA,520,259.0,A,G,False,A259G
tr|A0A2Y9FYP5|A0A2Y9FYP5_TRIMA,520,259.0,A,G,False,A259G
tr|A0A9B0WLM4|A0A9B0WLM4_CHRAS,520,259.0,A,G,False,A259G
tr|A0A6P6I9Z9|A0A6P6I9Z9_PUMCO,520,259.0,A,G,False,A259G
tr|A0A6P3QXK5|A0A6P3QXK5_PTEVA,520,259.0,A,G,False,A259G
tr|A0A2Y9DY69|A0A2Y9DY69_TRIMA,520,259.0,A,G,False,A259G
tr|A0A6P3RA83|A0A6P3RA83_PTEVA,520,259.0,A,G,False,A259G
tr|A0A2Y9DWZ0|A0A2Y9DWZ0_TRIMA,520,259.0,A,G,False,A259G
tr|A0A6P6IA61|A0A6P6IA61_PUMCO,520,259.0,A,G,False,A259G
tr|A0ABM0GFX0|A0ABM0GFX0_SACKO,521,260.0,G,Q,False,G260Q
tr|A0A6P8VIH1|A0A6P8VIH1_GYMAC,521,260.0,G,A,False,G260A
tr|A0A6P7NA03|A0A6P7NA03_BETSP,521,260.0,G,A,False,G260A
tr|A0A9W2XZU5|A0A9W2XZU5_BETSP,521,260.0,G,A,False,G260A
tr|A0A6P7NFA4|A0A6P7NFA4_BETSP,521,260.0,G,A,False,G260A
tr|A0A9W2XZJ7|A0A9W2XZJ7_BETSP,521,260.0,G,A,False,G260A
tr|A0A6P7NA07|A0A6P7NA07_BETSP,521,260.0,G,A,False,G260A
tr|A0A6P7NE39|A0A6P7NE39_BETSP,521,260.0,G,A,False,G260A
tr|A0A6J2S884|A0A6J2S884_COTGO,521,260.0,G,S,False,G260S
tr|A0A6P7I2Q9|A0A6P7I2Q9_9TELE,521,260.0,G,A,False,G260A
tr|A0A6P7HH59|A0A6P7HH59_9TELE,521,260.0,G,A,False,G260A
tr|A0A6P7HWN0|A0A6P7HWN0_9TELE,521,260.0,G,A,False,G260A
tr|A0A9Y4NB67|A0A9Y4NB67_9TELE,521,260.0,G,A,False,G260A
tr|A0A9Y6LYW8|A0A9Y6LYW8_9CICH,521,260.0,G,A,False,G260A
tr|A0A9Y3R1R7|A0A9Y3R1R7_9CICH,521,260.0,G,A,False,G260A
tr|A0AC36JJL6|A0AC36JJL6_9CICH,521,260.0,G,A,False,G260A
tr|A0ACF8DDW5|A0ACF8DDW5_ARAGI,521,260.0,G,A,False,G260A
tr|A0ACF8FNS1|A0ACF8FNS1_ARAGI,521,260.0,G,A,False,G260A
tr|A0AAX6RUX8|A0AAX6RUX8_HETGA,521,260.0,G,A,False,G260A
tr|A9UCM2|A9UCM2_CYNSP,521,260.0,G,A,False,G260A
tr|A0A8U0R0X1|A0A8U0R0X1_SALNM,521,260.0,G,A,False,G260A
tr|A0A6J2V217|A0A6J2V217_CHACN,521,260.0,G,A,False,G260A
tr|A0A6J2V3N9|A0A6J2V3N9_CHACN,521,260.0,G,A,False,G260A
tr|A0A6P8GSV4|A0A6P8GSV4_CLUHA,521,260.0,G,A,False,G260A
tr|A0A979FEC0|A0A979FEC0_ICTPU,521,260.0,G,A,False,G260A
tr|A0A979FF91|A0A979FF91_ICTPU,521,260.0,G,A,False,G260A
tr|A0A979FED5|A0A979FED5_ICTPU,521,260.0,G,A,False,G260A
tr|A0A9F7RNW9|A0A9F7RNW9_ICTPU,521,260.0,G,A,False,G260A
tr|A0A979FDQ7|A0A979FDQ7_ICTPU,521,260.0,G,A,False,G260A
tr|A0A979FDP4|A0A979FDP4_ICTPU,521,260.0,G,A,False,G260A
tr|A0A979FDQ5|A0A979FDQ5_ICTPU,521,260.0,G,A,False,G260A
tr|A0AC58J6Q9|A0AC58J6Q9_DANRE,521,260.0,G,A,False,G260A
tr|A0AC58J6Q2|A0AC58J6Q2_DANRE,521,260.0,G,A,False,G260A
tr|A0AB32TNW7|A0AB32TNW7_DANRE,521,260.0,G,A,False,G260A
tr|A0AC58J6S2|A0AC58J6S2_DANRE,521,260.0,G,A,False,G260A
tr|A0AC58J6R3|A0AC58J6R3_DANRE,521,260.0,G,A,False,G260A
tr|A0ACM8Q842|A0ACM8Q842_DANRE,521,260.0,G,A,False,G260A
tr|A0AB32TSB5|A0AB32TSB5_DANRE,521,260.0,G,A,False,G260A
tr|A0AB32TQV9|A0AB32TQV9_DANRE,521,260.0,G,A,False,G260A
tr|A0AB32TLD3|A0AB32TLD3_DANRE,521,260.0,G,A,False,G260A
tr|A0AC58J6Q5|A0AC58J6Q5_DANRE,521,260.0,G,A,False,G260A
tr|A0A8C2TN39|A0A8C2TN39_COTJA,521,260.0,G,A,False,G260A
tr|A0A8C2TN55|A0A8C2TN55_COTJA,521,260.0,G,A,False,G260A
tr|A0A8C5M8V1|A0A8C5M8V1_9ANUR,521,260.0,G,A,False,G260A
tr|A0A1V4J975|A0A1V4J975_PATFA,521,260.0,G,A,False,G260A
tr|A0A803VRI8|A0A803VRI8_FICAL,521,260.0,G,A,False,G260A
tr|A0A803VX31|A0A803VX31_FICAL,521,260.0,G,A,False,G260A
tr|A0A663N514|A0A663N514_ATHCN,521,260.0,G,A,False,G260A
tr|A0A8C3UXT3|A0A8C3UXT3_CATUS,521,260.0,G,A,False,G260A
tr|G3RNZ0|G3RNZ0_GORGO,521,260.0,G,T,False,G260T
tr|G3SFK7|G3SFK7_GORGO,521,260.0,G,T,False,G260T
tr|A0A2Y9DWJ1|A0A2Y9DWJ1_TRIMA,521,260.0,G,T,False,G260T
tr|A0A9B0WKY6|A0A9B0WKY6_CHRAS,521,260.0,G,T,False,G260T
tr|A0A6P3QUU2|A0A6P3QUU2_PTEVA,521,260.0,G,I,False,G260I
tr|A0A6P3R3E3|A0A6P3R3E3_PTEVA,521,260.0,G,I,False,G260I
tr|A0A6P6IBH3|A0A6P6IBH3_PUMCO,521,260.0,G,T,False,G260T
tr|A0A2Y9DXW8|A0A2Y9DXW8_TRIMA,521,260.0,G,T,False,G260T
tr|A0A2Y9FYP5|A0A2Y9FYP5_TRIMA,521,260.0,G,T,False,G260T
tr|A0A9B0WLM4|A0A9B0WLM4_CHRAS,521,260.0,G,T,False,G260T
tr|A0A6P6I9Z9|A0A6P6I9Z9_PUMCO,521,260.0,G,T,False,G260T
tr|A0A6P3QXK5|A0A6P3QXK5_PTEVA,521,260.0,G,I,False,G260I
tr|A0A2Y9DY69|A0A2Y9DY69_TRIMA,521,260.0,G,T,False,G260T
tr|A0A6P3RA83|A0A6P3RA83_PTEVA,521,260.0,G,I,False,G260I
tr|A0A2Y9DWZ0|A0A2Y9DWZ0_TRIMA,521,260.0,G,T,False,G260T
tr|A0A6P6IA61|A0A6P6IA61_PUMCO,521,260.0,G,T,False,G260T
tr|A0AA47MXR6|A0AA47MXR6_MERPO,523,261.0,L,A,False,L261A
tr|A0ABM0GFX0|A0ABM0GFX0_SACKO,523,261.0,L,M,False,L261M
tr|G3RNZ0|G3RNZ0_GORGO,523,261.0,L,K,False,L261K
tr|G3SFK7|G3SFK7_GORGO,523,261.0,L,K,False,L261K
tr|A0A2Y9DWJ1|A0A2Y9DWJ1_TRIMA,523,261.0,L,K,False,L261K
tr|A0A1S3FH60|A0A1S3FH60_DIPOR,523,261.0,L,K,False,L261K
tr|A0A1S3FFW0|A0A1S3FFW0_DIPOR,523,261.0,L,K,False,L261K
tr|A0A1S3FHJ1|A0A1S3FHJ1_DIPOR,523,261.0,L,K,False,L261K
tr|A0A9B0WKY6|A0A9B0WKY6_CHRAS,523,261.0,L,K,False,L261K
tr|A0A6P3QUU2|A0A6P3QUU2_PTEVA,523,261.0,L,K,False,L261K
tr|A0A6P3R3E3|A0A6P3R3E3_PTEVA,523,261.0,L,K,False,L261K
tr|A0A6P6IBH3|A0A6P6IBH3_PUMCO,523,261.0,L,K,False,L261K
tr|A0A2Y9DXW8|A0A2Y9DXW8_TRIMA,523,261.0,L,K,False,L261K
tr|A0A2Y9FYP5|A0A2Y9FYP5_TRIMA,523,261.0,L,K,False,L261K
tr|A0A9B0WLM4|A0A9B0WLM4_CHRAS,523,261.0,L,K,False,L261K
tr|A0A6P6I9Z9|A0A6P6I9Z9_PUMCO,523,261.0,L,K,False,L261K
tr|A0A6P3QXK5|A0A6P3QXK5_PTEVA,523,261.0,L,K,False,L261K
tr|A0A2Y9DY69|A0A2Y9DY69_TRIMA,523,261.0,L,K,False,L261K
tr|A0A6P3RA83|A0A6P3RA83_PTEVA,523,261.0,L,K,False,L261K
tr|A0A2Y9DWZ0|A0A2Y9DWZ0_TRIMA,523,261.0,L,K,False,L261K
tr|A0A6P6IA61|A0A6P6IA61_PUMCO,523,261.0,L,K,False,L261K
tr|A0AA47MXR6|A0AA47MXR6_MERPO,524,262.0,S,A,False,S262A
tr|A0ABM0GFX0|A0ABM0GFX0_SACKO,524,262.0,S,T,False,S262T
tr|A0ACF8DDW5|A0ACF8DDW5_ARAGI,524,262.0,S,N,False,S262N
tr|G3RNZ0|G3RNZ0_GORGO,524,262.0,S,M,False,S262M
tr|G3SFK7|G3SFK7_GORGO,524,262.0,S,M,False,S262M
tr|A0A2Y9DWJ1|A0A2Y9DWJ1_TRIMA,524,262.0,S,I,False,S262I
tr|A0A1S3FH60|A0A1S3FH60_DIPOR,524,262.0,S,Y,False,S262Y
tr|A0A1S3FFW0|A0A1S3FFW0_DIPOR,524,262.0,S,Y,False,S262Y
tr|A0A1S3FHJ1|A0A1S3FHJ1_DIPOR,524,262.0,S,Y,False,S262Y
tr|A0A9B0WKY6|A0A9B0WKY6_CHRAS,524,262.0,S,I,False,S262I
tr|A0A6P3QUU2|A0A6P3QUU2_PTEVA,524,262.0,S,I,False,S262I
tr|A0A6P3R3E3|A0A6P3R3E3_PTEVA,524,262.0,S,I,False,S262I
tr|A0A6P6IBH3|A0A6P6IBH3_PUMCO,524,262.0,S,V,False,S262V
tr|A0A2Y9DXW8|A0A2Y9DXW8_TRIMA,524,262.0,S,I,False,S262I
tr|A0A2Y9FYP5|A0A2Y9FYP5_TRIMA,524,262.0,S,I,False,S262I
tr|A0A9B0WLM4|A0A9B0WLM4_CHRAS,524,262.0,S,I,False,S262I
tr|A0A6P6I9Z9|A0A6P6I9Z9_PUMCO,524,262.0,S,V,False,S262V
tr|A0A6P3QXK5|A0A6P3QXK5_PTEVA,524,262.0,S,I,False,S262I
tr|A0A2Y9DY69|A0A2Y9DY69_TRIMA,524,262.0,S,I,False,S262I
tr|A0A6P3RA83|A0A6P3RA83_PTEVA,524,262.0,S,I,False,S262I
tr|A0A2Y9DWZ0|A0A2Y9DWZ0_TRIMA,524,262.0,S,I,False,S262I
tr|A0A6P6IA61|A0A6P6IA61_PUMCO,524,262.0,S,V,False,S262V
tr|A0AA47MXR6|A0AA47MXR6_MERPO,525,263.0,P,S,False,P263S
tr|A0ABM0GFX0|A0ABM0GFX0_SACKO,525,263.0,P,Q,False,P263Q
tr|A0AAD8DBY4|A0AAD8DBY4_ACIOX,525,263.0,P,H,False,P263H
tr|G3RNZ0|G3RNZ0_GORGO,525,263.0,P,L,False,P263L
tr|G3SFK7|G3SFK7_GORGO,525,263.0,P,L,False,P263L
tr|A0AA47MXR6|A0AA47MXR6_MERPO,526,264.0,A,P,False,A264P
tr|A0ACF8DDW5|A0ACF8DDW5_ARAGI,526,264.0,A,V,False,A264V
tr|A0ACF8FNS1|A0ACF8FNS1_ARAGI,526,264.0,A,G,False,A264G
tr|G3RNZ0|G3RNZ0_GORGO,526,264.0,A,C,False,A264C
tr|G3SFK7|G3SFK7_GORGO,526,264.0,A,C,False,A264C
tr|G3RNZ0|G3RNZ0_GORGO,527,265.0,E,T,False,E265T
tr|G3SFK7|G3SFK7_GORGO,527,265.0,E,T,False,E265T
tr|T1PV61|T1PV61_GEKGE,527,265.0,E,D,False,E265D
tr|A0ABM1JYM0|A0ABM1JYM0_GEKJA,527,265.0,E,D,False,E265D
tr|A0A6P8VIH1|A0A6P8VIH1_GYMAC,528,266.0,I,L,False,I266L
tr|A0A2I4BXB8|A0A2I4BXB8_AUSLI,528,266.0,I,L,False,I266L
tr|A0A2I4BXF7|A0A2I4BXF7_AUSLI,528,266.0,I,L,False,I266L
tr|A0A2I4BXC1|A0A2I4BXC1_AUSLI,528,266.0,I,L,False,I266L
tr|A0A2I4BXC7|A0A2I4BXC7_AUSLI,528,266.0,I,L,False,I266L
tr|A0ABV1A463|A0ABV1A463_9TELE,528,266.0,I,L,False,I266L
tr|A0AAV9S7N1|A0AAV9S7N1_9TELE,528,266.0,I,L,False,I266L
tr|A0ABV0TT83|A0ABV0TT83_9TELE,528,266.0,I,L,False,I266L
tr|A0A6P7NA03|A0A6P7NA03_BETSP,528,266.0,I,L,False,I266L
tr|A0A9W2XZU5|A0A9W2XZU5_BETSP,528,266.0,I,L,False,I266L
tr|A0A6P7NFA4|A0A6P7NFA4_BETSP,528,266.0,I,L,False,I266L
tr|A0A9W2XZJ7|A0A9W2XZJ7_BETSP,528,266.0,I,L,False,I266L
tr|A0A6P7NA07|A0A6P7NA07_BETSP,528,266.0,I,L,False,I266L
tr|A0A6P7NE39|A0A6P7NE39_BETSP,528,266.0,I,L,False,I266L
tr|A0A6J2S884|A0A6J2S884_COTGO,528,266.0,I,L,False,I266L
tr|A0A6P7I2Q9|A0A6P7I2Q9_9TELE,528,266.0,I,L,False,I266L
tr|A0A6P7HH59|A0A6P7HH59_9TELE,528,266.0,I,L,False,I266L
tr|A0A6P7HWN0|A0A6P7HWN0_9TELE,528,266.0,I,L,False,I266L
tr|A0A9Y4NB67|A0A9Y4NB67_9TELE,528,266.0,I,L,False,I266L
tr|A0A9Y6LYW8|A0A9Y6LYW8_9CICH,528,266.0,I,L,False,I266L
tr|A0A9Y3R1R7|A0A9Y3R1R7_9CICH,528,266.0,I,L,False,I266L
tr|A0AC36JJL6|A0AC36JJL6_9CICH,528,266.0,I,L,False,I266L
tr|A0ACF8DDW5|A0ACF8DDW5_ARAGI,528,266.0,I,L,False,I266L
tr|A0ACF8FNS1|A0ACF8FNS1_ARAGI,528,266.0,I,L,False,I266L
tr|A0A8U0R0X1|A0A8U0R0X1_SALNM,528,266.0,I,L,False,I266L
tr|A0A6J2V217|A0A6J2V217_CHACN,528,266.0,I,L,False,I266L
tr|A0A6J2V3N9|A0A6J2V3N9_CHACN,528,266.0,I,L,False,I266L
tr|A0A6P8GSV4|A0A6P8GSV4_CLUHA,528,266.0,I,L,False,I266L
tr|A0A979FEC0|A0A979FEC0_ICTPU,528,266.0,I,L,False,I266L
tr|A0A979FF91|A0A979FF91_ICTPU,528,266.0,I,L,False,I266L
tr|A0A979FED5|A0A979FED5_ICTPU,528,266.0,I,L,False,I266L
tr|A0A9F7RNW9|A0A9F7RNW9_ICTPU,528,266.0,I,L,False,I266L
tr|A0A979FDQ7|A0A979FDQ7_ICTPU,528,266.0,I,L,False,I266L
tr|A0A979FDP4|A0A979FDP4_ICTPU,528,266.0,I,L,False,I266L
tr|A0A979FDQ5|A0A979FDQ5_ICTPU,528,266.0,I,L,False,I266L
tr|A0AC58J6Q9|A0AC58J6Q9_DANRE,528,266.0,I,L,False,I266L
tr|A0AC58J6Q2|A0AC58J6Q2_DANRE,528,266.0,I,L,False,I266L
tr|A0AB32TNW7|A0AB32TNW7_DANRE,528,266.0,I,L,False,I266L
tr|A0AC58J6S2|A0AC58J6S2_DANRE,528,266.0,I,L,False,I266L
tr|A0AC58J6R3|A0AC58J6R3_DANRE,528,266.0,I,L,False,I266L
tr|A0ACM8Q842|A0ACM8Q842_DANRE,528,266.0,I,L,False,I266L
tr|A0AB32TSB5|A0AB32TSB5_DANRE,528,266.0,I,L,False,I266L
tr|A0AB32TQV9|A0AB32TQV9_DANRE,528,266.0,I,L,False,I266L
tr|A0AB32TLD3|A0AB32TLD3_DANRE,528,266.0,I,L,False,I266L
tr|A0AC58J6Q5|A0AC58J6Q5_DANRE,528,266.0,I,L,False,I266L
tr|A0A6J2V203|A0A6J2V203_CHACN,528,266.0,I,L,False,I266L
tr|A9UCL8|A9UCL8_COEFR,528,266.0,I,L,False,I266L
tr|A0AA47MXR6|A0AA47MXR6_MERPO,529,267.0,Q,H,False,Q267H
tr|G3RNZ0|G3RNZ0_GORGO,530,268.0,Q,L,False,Q268L
tr|G3SFK7|G3SFK7_GORGO,530,268.0,Q,L,False,Q268L
tr|A0AA47MXR6|A0AA47MXR6_MERPO,531,269.0,L,I,False,L269I
tr|G3RNZ0|G3RNZ0_GORGO,531,269.0,L,H,False,L269H
tr|G3SFK7|G3SFK7_GORGO,531,269.0,L,H,False,L269H
tr|G3RNZ0|G3RNZ0_GORGO,532,270.0,W,F,False,W270F
tr|G3SFK7|G3SFK7_GORGO,532,270.0,W,F,False,W270F
tr|A0ACF8DDW5|A0ACF8DDW5_ARAGI,533,271.0,K,N,False,K271N
tr|A0A6P8VIH1|A0A6P8VIH1_GYMAC,534,272.0,E,D,False,E272D
tr|A0A2I4BXB8|A0A2I4BXB8_AUSLI,534,272.0,E,D,False,E272D
tr|A0A2I4BXF7|A0A2I4BXF7_AUSLI,534,272.0,E,D,False,E272D
tr|A0A2I4BXC1|A0A2I4BXC1_AUSLI,534,272.0,E,D,False,E272D
tr|A0A2I4BXC7|A0A2I4BXC7_AUSLI,534,272.0,E,D,False,E272D
tr|A0ABV1A463|A0ABV1A463_9TELE,534,272.0,E,D,False,E272D
tr|A0AAV9S7N1|A0AAV9S7N1_9TELE,534,272.0,E,D,False,E272D
tr|A0ABV0TT83|A0ABV0TT83_9TELE,534,272.0,E,D,False,E272D
tr|A0A6P7NA03|A0A6P7NA03_BETSP,534,272.0,E,D,False,E272D
tr|A0A9W2XZU5|A0A9W2XZU5_BETSP,534,272.0,E,D,False,E272D
tr|A0A6P7NFA4|A0A6P7NFA4_BETSP,534,272.0,E,D,False,E272D
tr|A0A9W2XZJ7|A0A9W2XZJ7_BETSP,534,272.0,E,D,False,E272D
tr|A0A6P7NA07|A0A6P7NA07_BETSP,534,272.0,E,D,False,E272D
tr|A0A6P7NE39|A0A6P7NE39_BETSP,534,272.0,E,D,False,E272D
tr|A0A6J2S884|A0A6J2S884_COTGO,534,272.0,E,D,False,E272D
tr|A0A6P7I2Q9|A0A6P7I2Q9_9TELE,534,272.0,E,D,False,E272D
tr|A0A6P7HH59|A0A6P7HH59_9TELE,534,272.0,E,D,False,E272D
tr|A0A6P7HWN0|A0A6P7HWN0_9TELE,534,272.0,E,D,False,E272D
tr|A0A9Y4NB67|A0A9Y4NB67_9TELE,534,272.0,E,D,False,E272D
tr|A0A9Y6LYW8|A0A9Y6LYW8_9CICH,534,272.0,E,D,False,E272D
tr|A0A9Y3R1R7|A0A9Y3R1R7_9CICH,534,272.0,E,D,False,E272D
tr|A0AC36JJL6|A0AC36JJL6_9CICH,534,272.0,E,D,False,E272D
tr|A0A8U0R0X1|A0A8U0R0X1_SALNM,534,272.0,E,D,False,E272D
tr|A0A6J2V217|A0A6J2V217_CHACN,534,272.0,E,D,False,E272D
tr|A0A6J2V3N9|A0A6J2V3N9_CHACN,534,272.0,E,D,False,E272D
tr|A0A6P8GSV4|A0A6P8GSV4_CLUHA,534,272.0,E,D,False,E272D
tr|A0A979FEC0|A0A979FEC0_ICTPU,534,272.0,E,D,False,E272D
tr|A0A979FF91|A0A979FF91_ICTPU,534,272.0,E,D,False,E272D
tr|A0A979FED5|A0A979FED5_ICTPU,534,272.0,E,D,False,E272D
tr|A0A9F7RNW9|A0A9F7RNW9_ICTPU,534,272.0,E,D,False,E272D
tr|A0A979FDQ7|A0A979FDQ7_ICTPU,534,272.0,E,D,False,E272D
tr|A0A979FDP4|A0A979FDP4_ICTPU,534,272.0,E,D,False,E272D
tr|A0A979FDQ5|A0A979FDQ5_ICTPU,534,272.0,E,D,False,E272D
tr|A0AC58J6Q9|A0AC58J6Q9_DANRE,534,272.0,E,D,False,E272D
tr|A0AC58J6Q2|A0AC58J6Q2_DANRE,534,272.0,E,D,False,E272D
tr|A0AB32TNW7|A0AB32TNW7_DANRE,534,272.0,E,D,False,E272D
tr|A0AC58J6S2|A0AC58J6S2_DANRE,534,272.0,E,D,False,E272D
tr|A0AC58J6R3|A0AC58J6R3_DANRE,534,272.0,E,D,False,E272D
tr|A0ACM8Q842|A0ACM8Q842_DANRE,534,272.0,E,D,False,E272D
tr|A0AB32TSB5|A0AB32TSB5_DANRE,534,272.0,E,D,False,E272D
tr|A0AB32TQV9|A0AB32TQV9_DANRE,534,272.0,E,D,False,E272D
tr|A0AB32TLD3|A0AB32TLD3_DANRE,534,272.0,E,D,False,E272D
tr|A0AC58J6Q5|A0AC58J6Q5_DANRE,534,272.0,E,D,False,E272D
tr|A0A6J2V203|A0A6J2V203_CHACN,534,272.0,E,D,False,E272D
tr|G3RNZ0|G3RNZ0_GORGO,534,272.0,E,S,False,E272S
tr|G3SFK7|G3SFK7_GORGO,534,272.0,E,S,False,E272S
tr|A0AA47MXR6|A0AA47MXR6_MERPO,535,273.0,V,L,False,V273L
tr|G3RNZ0|G3RNZ0_GORGO,535,273.0,V,S,False,V273S
tr|G3SFK7|G3SFK7_GORGO,535,273.0,V,C,False,V273C
tr|A0AA47MXR6|A0AA47MXR6_MERPO,536,274.0,T,I,False,T274I
tr|A0ABM0GFX0|A0ABM0GFX0_SACKO,536,274.0,T,S,False,T274S
tr|A0ACF8DDW5|A0ACF8DDW5_ARAGI,536,274.0,T,S,False,T274S
tr|A0A6P3QXJ2|A0A6P3QXJ2_PTEVA,536,274.0,T,A,False,T274A
tr|A0A6P3R3C8|A0A6P3R3C8_PTEVA,536,274.0,T,A,False,T274A
tr|A0A6P3QXI5|A0A6P3QXI5_PTEVA,536,274.0,T,A,False,T274A
tr|A0AC55CZE9|A0AC55CZE9_ECHTE,536,274.0,T,A,False,T274A
tr|A0A6P3RA75|A0A6P3RA75_PTEVA,536,274.0,T,A,False,T274A
tr|A0A6P3QUS7|A0A6P3QUS7_PTEVA,536,274.0,T,A,False,T274A
tr|A0A6P3QVU1|A0A6P3QVU1_PTEVA,536,274.0,T,A,False,T274A
tr|A0A6P3QUT6|A0A6P3QUT6_PTEVA,536,274.0,T,A,False,T274A
tr|A0A6P3QVU8|A0A6P3QVU8_PTEVA,536,274.0,T,A,False,T274A
tr|A0A6P3QXJ7|A0A6P3QXJ7_PTEVA,536,274.0,T,A,False,T274A
tr|A0A6P3QVV3|A0A6P3QVV3_PTEVA,536,274.0,T,A,False,T274A
tr|A0A6P3QUU2|A0A6P3QUU2_PTEVA,536,274.0,T,A,False,T274A
tr|A0A6P3R3E3|A0A6P3R3E3_PTEVA,536,274.0,T,A,False,T274A
tr|A0A6P3QUT3|A0A6P3QUT3_PTEVA,536,274.0,T,A,False,T274A
tr|A0A6P3QXK5|A0A6P3QXK5_PTEVA,536,274.0,T,A,False,T274A
tr|A0A6P3RA83|A0A6P3RA83_PTEVA,536,274.0,T,A,False,T274A
tr|A0A6P3QVV6|A0A6P3QVV6_PTEVA,536,274.0,T,A,False,T274A
tr|A0A6P3QXK1|A0A6P3QXK1_PTEVA,536,274.0,T,A,False,T274A
tr|A0A6P3RA78|A0A6P3RA78_PTEVA,536,274.0,T,A,False,T274A
tr|A0AA47MXR6|A0AA47MXR6_MERPO,537,275.0,G,N,False,G275N
tr|A0ACF8DDW5|A0ACF8DDW5_ARAGI,537,275.0,G,N,False,G275N
tr|A0ACF8FNS1|A0ACF8FNS1_ARAGI,537,275.0,G,A,False,G275A
tr|A0A6P8GSV4|A0A6P8GSV4_CLUHA,537,275.0,G,T,False,G275T
tr|A0A979FEC0|A0A979FEC0_ICTPU,537,275.0,G,S,False,G275S
tr|A0A979FF91|A0A979FF91_ICTPU,537,275.0,G,S,False,G275S
tr|A0A979FED5|A0A979FED5_ICTPU,537,275.0,G,S,False,G275S
tr|A0A9F7RNW9|A0A9F7RNW9_ICTPU,537,275.0,G,S,False,G275S
tr|A0A979FDQ7|A0A979FDQ7_ICTPU,537,275.0,G,S,False,G275S
tr|A0A979FDP4|A0A979FDP4_ICTPU,537,275.0,G,S,False,G275S
tr|A0A979FDQ5|A0A979FDQ5_ICTPU,537,275.0,G,S,False,G275S
tr|A0AC58J6Q9|A0AC58J6Q9_DANRE,537,275.0,G,A,False,G275A
tr|A0AC58J6Q2|A0AC58J6Q2_DANRE,537,275.0,G,A,False,G275A
tr|A0AB32TNW7|A0AB32TNW7_DANRE,537,275.0,G,A,False,G275A
tr|A0AC58J6S2|A0AC58J6S2_DANRE,537,275.0,G,A,False,G275A
tr|A0AC58J6R3|A0AC58J6R3_DANRE,537,275.0,G,A,False,G275A
tr|A0ACM8Q842|A0ACM8Q842_DANRE,537,275.0,G,A,False,G275A
tr|A0AB32TSB5|A0AB32TSB5_DANRE,537,275.0,G,A,False,G275A
tr|A0AB32TQV9|A0AB32TQV9_DANRE,537,275.0,G,A,False,G275A
tr|A0AB32TLD3|A0AB32TLD3_DANRE,537,275.0,G,A,False,G275A
tr|A0AC58J6Q5|A0AC58J6Q5_DANRE,537,275.0,G,A,False,G275A
tr|G3SFK7|G3SFK7_GORGO,537,275.0,G,F,False,G275F
tr|A0AA47MXR6|A0AA47MXR6_MERPO,538,276.0,V,G,False,V276G
tr|A0ABM0GFX0|A0ABM0GFX0_SACKO,538,276.0,V,G,False,V276G
tr|A0A6P8VIH1|A0A6P8VIH1_GYMAC,538,276.0,V,G,False,V276G
tr|A0A2I4BXB8|A0A2I4BXB8_AUSLI,538,276.0,V,G,False,V276G
tr|A0A2I4BXF7|A0A2I4BXF7_AUSLI,538,276.0,V,G,False,V276G
tr|A0A2I4BXC1|A0A2I4BXC1_AUSLI,538,276.0,V,G,False,V276G
tr|A0A2I4BXC7|A0A2I4BXC7_AUSLI,538,276.0,V,G,False,V276G
tr|A0ABV1A463|A0ABV1A463_9TELE,538,276.0,V,G,False,V276G
tr|A0AAV9S7N1|A0AAV9S7N1_9TELE,538,276.0,V,G,False,V276G
tr|A0ABV0TT83|A0ABV0TT83_9TELE,538,276.0,V,G,False,V276G
tr|A0A6P7NA03|A0A6P7NA03_BETSP,538,276.0,V,G,False,V276G
tr|A0A9W2XZU5|A0A9W2XZU5_BETSP,538,276.0,V,G,False,V276G
tr|A0A6P7NFA4|A0A6P7NFA4_BETSP,538,276.0,V,G,False,V276G
tr|A0A9W2XZJ7|A0A9W2XZJ7_BETSP,538,276.0,V,G,False,V276G
tr|A0A6P7NA07|A0A6P7NA07_BETSP,538,276.0,V,G,False,V276G
tr|A0A6P7NE39|A0A6P7NE39_BETSP,538,276.0,V,G,False,V276G
tr|A0A6J2S884|A0A6J2S884_COTGO,538,276.0,V,G,False,V276G
tr|A0A6P7I2Q9|A0A6P7I2Q9_9TELE,538,276.0,V,G,False,V276G
tr|A0A6P7HH59|A0A6P7HH59_9TELE,538,276.0,V,G,False,V276G
tr|A0A6P7HWN0|A0A6P7HWN0_9TELE,538,276.0,V,G,False,V276G
tr|A0A9Y4NB67|A0A9Y4NB67_9TELE,538,276.0,V,G,False,V276G
tr|A0A9Y6LYW8|A0A9Y6LYW8_9CICH,538,276.0,V,G,False,V276G
tr|A0A9Y3R1R7|A0A9Y3R1R7_9CICH,538,276.0,V,G,False,V276G
tr|A0AC36JJL6|A0AC36JJL6_9CICH,538,276.0,V,G,False,V276G
tr|A0ACF8DDW5|A0ACF8DDW5_ARAGI,538,276.0,V,P,False,V276P
tr|A0ACF8FNS1|A0ACF8FNS1_ARAGI,538,276.0,V,T,False,V276T
tr|A0A6J2V217|A0A6J2V217_CHACN,538,276.0,V,N,False,V276N
tr|A0A6J2V3N9|A0A6J2V3N9_CHACN,538,276.0,V,N,False,V276N
tr|A0A6P8GSV4|A0A6P8GSV4_CLUHA,538,276.0,V,A,False,V276A
tr|A0A979FEC0|A0A979FEC0_ICTPU,538,276.0,V,S,False,V276S
tr|A0A979FF91|A0A979FF91_ICTPU,538,276.0,V,S,False,V276S
tr|A0A979FED5|A0A979FED5_ICTPU,538,276.0,V,S,False,V276S
tr|A0A9F7RNW9|A0A9F7RNW9_ICTPU,538,276.0,V,S,False,V276S
tr|A0A979FDQ7|A0A979FDQ7_ICTPU,538,276.0,V,S,False,V276S
tr|A0A979FDP4|A0A979FDP4_ICTPU,538,276.0,V,S,False,V276S
tr|A0A979FDQ5|A0A979FDQ5_ICTPU,538,276.0,V,S,False,V276S
tr|A0AC58J6Q9|A0AC58J6Q9_DANRE,538,276.0,V,S,False,V276S
tr|A0AC58J6Q2|A0AC58J6Q2_DANRE,538,276.0,V,S,False,V276S
tr|A0AB32TNW7|A0AB32TNW7_DANRE,538,276.0,V,S,False,V276S
tr|A0AC58J6S2|A0AC58J6S2_DANRE,538,276.0,V,S,False,V276S
tr|A0AC58J6R3|A0AC58J6R3_DANRE,538,276.0,V,S,False,V276S
tr|A0ACM8Q842|A0ACM8Q842_DANRE,538,276.0,V,S,False,V276S
tr|A0AB32TSB5|A0AB32TSB5_DANRE,538,276.0,V,S,False,V276S
tr|A0AB32TQV9|A0AB32TQV9_DANRE,538,276.0,V,S,False,V276S
tr|A0AB32TLD3|A0AB32TLD3_DANRE,538,276.0,V,S,False,V276S
tr|A0AC58J6Q5|A0AC58J6Q5_DANRE,538,276.0,V,S,False,V276S
tr|A0A6J2V203|A0A6J2V203_CHACN,538,276.0,V,N,False,V276N
tr|A0AAD8DBY4|A0AAD8DBY4_ACIOX,538,276.0,V,A,False,V276A
tr|A0AAD8DJ01|A0AAD8DJ01_ACIOX,538,276.0,V,A,False,V276A
tr|G3RNZ0|G3RNZ0_GORGO,538,276.0,V,F,False,V276F
tr|G3SFK7|G3SFK7_GORGO,538,276.0,V,Y,False,V276Y
tr|A0A6P7NA03|A0A6P7NA03_BETSP,544,277.0,H,G,False,H277G
tr|A0A9W2XZU5|A0A9W2XZU5_BETSP,544,277.0,H,G,False,H277G
tr|A0A6P7NFA4|A0A6P7NFA4_BETSP,544,277.0,H,G,False,H277G
tr|A0A9W2XZJ7|A0A9W2XZJ7_BETSP,544,277.0,H,G,False,H277G
tr|A0A6P7NA07|A0A6P7NA07_BETSP,544,277.0,H,G,False,H277G
tr|A0A6P7NE39|A0A6P7NE39_BETSP,544,277.0,H,G,False,H277G
tr|A0ACF8DDW5|A0ACF8DDW5_ARAGI,544,277.0,H,N,False,H277N
tr|A0ACF8FNS1|A0ACF8FNS1_ARAGI,544,277.0,H,N,False,H277N
tr|A0AAX6RUX8|A0AAX6RUX8_HETGA,544,277.0,H,S,False,H277S
tr|A9UCM2|A9UCM2_CYNSP,544,277.0,H,S,False,H277S
tr|A0A6P8GSV4|A0A6P8GSV4_CLUHA,544,277.0,H,A,False,H277A
tr|A0A979FEC0|A0A979FEC0_ICTPU,544,277.0,H,T,False,H277T
tr|A0A979FF91|A0A979FF91_ICTPU,544,277.0,H,T,False,H277T
tr|A0A979FED5|A0A979FED5_ICTPU,544,277.0,H,T,False,H277T
tr|A0A9F7RNW9|A0A9F7RNW9_ICTPU,544,277.0,H,T,False,H277T
tr|A0A979FDQ7|A0A979FDQ7_ICTPU,544,277.0,H,T,False,H277T
tr|A0A979FDP4|A0A979FDP4_ICTPU,544,277.0,H,T,False,H277T
tr|A0A979FDQ5|A0A979FDQ5_ICTPU,544,277.0,H,T,False,H277T
tr|A0AC58J6Q9|A0AC58J6Q9_DANRE,544,277.0,H,T,False,H277T
tr|A0AC58J6Q2|A0AC58J6Q2_DANRE,544,277.0,H,T,False,H277T
tr|A0AB32TNW7|A0AB32TNW7_DANRE,544,277.0,H,T,False,H277T
tr|A0AC58J6S2|A0AC58J6S2_DANRE,544,277.0,H,T,False,H277T
tr|A0AC58J6R3|A0AC58J6R3_DANRE,544,277.0,H,T,False,H277T
tr|A0ACM8Q842|A0ACM8Q842_DANRE,544,277.0,H,T,False,H277T
tr|A0AB32TSB5|A0AB32TSB5_DANRE,544,277.0,H,T,False,H277T
tr|A0AB32TQV9|A0AB32TQV9_DANRE,544,277.0,H,T,False,H277T
tr|A0AB32TLD3|A0AB32TLD3_DANRE,544,277.0,H,T,False,H277T
tr|A0AC58J6Q5|A0AC58J6Q5_DANRE,544,277.0,H,T,False,H277T
tr|A0AA47MXR6|A0AA47MXR6_MERPO,545,278.0,S,T,False,S278T
tr|A0A6P8VIH1|A0A6P8VIH1_GYMAC,545,278.0,S,A,False,S278A
tr|A0A2I4BXB8|A0A2I4BXB8_AUSLI,545,278.0,S,A,False,S278A
tr|A0A2I4BXF7|A0A2I4BXF7_AUSLI,545,278.0,S,A,False,S278A
tr|A0A2I4BXC1|A0A2I4BXC1_AUSLI,545,278.0,S,A,False,S278A
tr|A0A2I4BXC7|A0A2I4BXC7_AUSLI,545,278.0,S,A,False,S278A
tr|A0ABV1A463|A0ABV1A463_9TELE,545,278.0,S,T,False,S278T
tr|A0AAV9S7N1|A0AAV9S7N1_9TELE,545,278.0,S,T,False,S278T
tr|A0ABV0TT83|A0ABV0TT83_9TELE,545,278.0,S,T,False,S278T
tr|A0A6P7NA03|A0A6P7NA03_BETSP,545,278.0,S,A,False,S278A
tr|A0A9W2XZU5|A0A9W2XZU5_BETSP,545,278.0,S,A,False,S278A
tr|A0A6P7NFA4|A0A6P7NFA4_BETSP,545,278.0,S,A,False,S278A
tr|A0A9W2XZJ7|A0A9W2XZJ7_BETSP,545,278.0,S,A,False,S278A
tr|A0A6P7NA07|A0A6P7NA07_BETSP,545,278.0,S,A,False,S278A
tr|A0A6P7NE39|A0A6P7NE39_BETSP,545,278.0,S,A,False,S278A
tr|A0A6J2S884|A0A6J2S884_COTGO,545,278.0,S,A,False,S278A
tr|A0A6P7I2Q9|A0A6P7I2Q9_9TELE,545,278.0,S,T,False,S278T
tr|A0A6P7HH59|A0A6P7HH59_9TELE,545,278.0,S,T,False,S278T
tr|A0A6P7HWN0|A0A6P7HWN0_9TELE,545,278.0,S,T,False,S278T
tr|A0A9Y4NB67|A0A9Y4NB67_9TELE,545,278.0,S,T,False,S278T
tr|A0A9Y6LYW8|A0A9Y6LYW8_9CICH,545,278.0,S,G,False,S278G
tr|A0A9Y3R1R7|A0A9Y3R1R7_9CICH,545,278.0,S,G,False,S278G
tr|A0AC36JJL6|A0AC36JJL6_9CICH,545,278.0,S,G,False,S278G
tr|A0ACF8DDW5|A0ACF8DDW5_ARAGI,545,278.0,S,M,False,S278M
tr|A0ACF8FNS1|A0ACF8FNS1_ARAGI,545,278.0,S,M,False,S278M
tr|A0AAX6RUX8|A0AAX6RUX8_HETGA,545,278.0,S,M,False,S278M
tr|A9UCM2|A9UCM2_CYNSP,545,278.0,S,M,False,S278M
tr|A0A8U0R0X1|A0A8U0R0X1_SALNM,545,278.0,S,N,False,S278N
tr|A0A6J2V217|A0A6J2V217_CHACN,545,278.0,S,N,False,S278N
tr|A0A6J2V3N9|A0A6J2V3N9_CHACN,545,278.0,S,N,False,S278N
tr|A0A6P8GSV4|A0A6P8GSV4_CLUHA,545,278.0,S,M,False,S278M
tr|A0A979FEC0|A0A979FEC0_ICTPU,545,278.0,S,M,False,S278M
tr|A0A979FF91|A0A979FF91_ICTPU,545,278.0,S,M,False,S278M
tr|A0A979FED5|A0A979FED5_ICTPU,545,278.0,S,M,False,S278M
tr|A0A9F7RNW9|A0A9F7RNW9_ICTPU,545,278.0,S,M,False,S278M
tr|A0A979FDQ7|A0A979FDQ7_ICTPU,545,278.0,S,M,False,S278M
tr|A0A979FDP4|A0A979FDP4_ICTPU,545,278.0,S,M,False,S278M
tr|A0A979FDQ5|A0A979FDQ5_ICTPU,545,278.0,S,M,False,S278M
tr|A0AC58J6Q9|A0AC58J6Q9_DANRE,545,278.0,S,M,False,S278M
tr|A0AC58J6Q2|A0AC58J6Q2_DANRE,545,278.0,S,M,False,S278M
tr|A0AB32TNW7|A0AB32TNW7_DANRE,545,278.0,S,M,False,S278M
tr|A0AC58J6S2|A0AC58J6S2_DANRE,545,278.0,S,M,False,S278M
tr|A0AC58J6R3|A0AC58J6R3_DANRE,545,278.0,S,M,False,S278M
tr|A0ACM8Q842|A0ACM8Q842_DANRE,545,278.0,S,M,False,S278M
tr|A0AB32TSB5|A0AB32TSB5_DANRE,545,278.0,S,M,False,S278M
tr|A0AB32TQV9|A0AB32TQV9_DANRE,545,278.0,S,M,False,S278M
tr|A0AB32TLD3|A0AB32TLD3_DANRE,545,278.0,S,M,False,S278M
tr|A0AC58J6Q5|A0AC58J6Q5_DANRE,545,278.0,S,M,False,S278M
tr|A0A6J2V203|A0A6J2V203_CHACN,545,278.0,S,N,False,S278N
tr|A0AAD8DBY4|A0AAD8DBY4_ACIOX,545,278.0,S,K,False,S278K
tr|A0AAD8DJ01|A0AAD8DJ01_ACIOX,545,278.0,S,K,False,S278K
tr|A0A8C5M8V1|A0A8C5M8V1_9ANUR,545,278.0,S,T,False,S278T
tr|G3RNZ0|G3RNZ0_GORGO,545,278.0,S,H,False,S278H
tr|G3SFK7|G3SFK7_GORGO,545,278.0,S,F,False,S278F
tr|A0A6I8ND77|A0A6I8ND77_ORNAN,545,278.0,S,T,False,S278T
tr|A0ABM1UMY6|A0ABM1UMY6_MICOH,545,278.0,S,T,False,S278T
tr|A0AA47MXR6|A0AA47MXR6_MERPO,546,279.0,M,Q,False,M279Q
tr|A0ABM0GFX0|A0ABM0GFX0_SACKO,546,279.0,M,K,False,M279K
tr|A0A2I4BXB8|A0A2I4BXB8_AUSLI,546,279.0,M,I,False,M279I
tr|A0A2I4BXF7|A0A2I4BXF7_AUSLI,546,279.0,M,I,False,M279I
tr|A0A2I4BXC1|A0A2I4BXC1_AUSLI,546,279.0,M,I,False,M279I
tr|A0A2I4BXC7|A0A2I4BXC7_AUSLI,546,279.0,M,I,False,M279I
tr|A0ACF8DDW5|A0ACF8DDW5_ARAGI,546,279.0,M,E,False,M279E
tr|A0ACF8FNS1|A0ACF8FNS1_ARAGI,546,279.0,M,E,False,M279E
tr|A0AAX6RUX8|A0AAX6RUX8_HETGA,546,279.0,M,E,False,M279E
tr|A9UCM2|A9UCM2_CYNSP,546,279.0,M,E,False,M279E
tr|A0A6P8GSV4|A0A6P8GSV4_CLUHA,546,279.0,M,E,False,M279E
tr|A0A979FEC0|A0A979FEC0_ICTPU,546,279.0,M,E,False,M279E
tr|A0A979FF91|A0A979FF91_ICTPU,546,279.0,M,E,False,M279E
tr|A0A979FED5|A0A979FED5_ICTPU,546,279.0,M,E,False,M279E
tr|A0A9F7RNW9|A0A9F7RNW9_ICTPU,546,279.0,M,E,False,M279E
tr|A0A979FDQ7|A0A979FDQ7_ICTPU,546,279.0,M,E,False,M279E
tr|A0A979FDP4|A0A979FDP4_ICTPU,546,279.0,M,E,False,M279E
tr|A0A979FDQ5|A0A979FDQ5_ICTPU,546,279.0,M,E,False,M279E
tr|A0AC58J6Q9|A0AC58J6Q9_DANRE,546,279.0,M,E,False,M279E
tr|A0AC58J6Q2|A0AC58J6Q2_DANRE,546,279.0,M,E,False,M279E
tr|A0AB32TNW7|A0AB32TNW7_DANRE,546,279.0,M,E,False,M279E
tr|A0AC58J6S2|A0AC58J6S2_DANRE,546,279.0,M,E,False,M279E
tr|A0AC58J6R3|A0AC58J6R3_DANRE,546,279.0,M,E,False,M279E
tr|A0ACM8Q842|A0ACM8Q842_DANRE,546,279.0,M,E,False,M279E
tr|A0AB32TSB5|A0AB32TSB5_DANRE,546,279.0,M,E,False,M279E
tr|A0AB32TQV9|A0AB32TQV9_DANRE,546,279.0,M,E,False,M279E
tr|A0AB32TLD3|A0AB32TLD3_DANRE,546,279.0,M,E,False,M279E
tr|A0AC58J6Q5|A0AC58J6Q5_DANRE,546,279.0,M,E,False,M279E
tr|G3RNZ0|G3RNZ0_GORGO,546,279.0,M,V,False,M279V
tr|A0A6P6DL68|A0A6P6DL68_OCTDE,546,279.0,M,V,False,M279V
tr|A0AC55CZE9|A0AC55CZE9_ECHTE,546,279.0,M,V,False,M279V
tr|A0A8I6AF22|A0A8I6AF22_RAT,546,279.0,M,Q,False,M279Q
tr|A9UCN4|A9UCN4_TAPME,546,279.0,M,L,False,M279L
tr|A0A6P3FFL7|A0A6P3FFL7_OCTDE,546,279.0,M,V,False,M279V
sp|P0CF24|FOXP2_RAT,546,279.0,M,Q,False,M279Q
tr|A0AA47MXR6|A0AA47MXR6_MERPO,547,280.0,E,K,False,E280K
tr|A0ABM0GFX0|A0ABM0GFX0_SACKO,547,280.0,E,S,False,E280S
tr|A0ACF8DDW5|A0ACF8DDW5_ARAGI,547,280.0,E,D,False,E280D
tr|A0ACF8FNS1|A0ACF8FNS1_ARAGI,547,280.0,E,D,False,E280D
tr|A0AAX6RUX8|A0AAX6RUX8_HETGA,547,280.0,E,D,False,E280D
tr|A9UCM2|A9UCM2_CYNSP,547,280.0,E,D,False,E280D
tr|A0A6P8GSV4|A0A6P8GSV4_CLUHA,547,280.0,E,Q,False,E280Q
tr|A0A979FEC0|A0A979FEC0_ICTPU,547,280.0,E,D,False,E280D
tr|A0A979FF91|A0A979FF91_ICTPU,547,280.0,E,D,False,E280D
tr|A0A979FED5|A0A979FED5_ICTPU,547,280.0,E,D,False,E280D
tr|A0A9F7RNW9|A0A9F7RNW9_ICTPU,547,280.0,E,D,False,E280D
tr|A0A979FDQ7|A0A979FDQ7_ICTPU,547,280.0,E,D,False,E280D
tr|A0A979FDP4|A0A979FDP4_ICTPU,547,280.0,E,D,False,E280D
tr|A0A979FDQ5|A0A979FDQ5_ICTPU,547,280.0,E,D,False,E280D
tr|A0AC58J6Q9|A0AC58J6Q9_DANRE,547,280.0,E,D,False,E280D
tr|A0AC58J6Q2|A0AC58J6Q2_DANRE,547,280.0,E,D,False,E280D
tr|A0AB32TNW7|A0AB32TNW7_DANRE,547,280.0,E,D,False,E280D
tr|A0AC58J6S2|A0AC58J6S2_DANRE,547,280.0,E,D,False,E280D
tr|A0AC58J6R3|A0AC58J6R3_DANRE,547,280.0,E,D,False,E280D
tr|A0ACM8Q842|A0ACM8Q842_DANRE,547,280.0,E,D,False,E280D
tr|A0AB32TSB5|A0AB32TSB5_DANRE,547,280.0,E,D,False,E280D
tr|A0AB32TQV9|A0AB32TQV9_DANRE,547,280.0,E,D,False,E280D
tr|A0AB32TLD3|A0AB32TLD3_DANRE,547,280.0,E,D,False,E280D
tr|A0AC58J6Q5|A0AC58J6Q5_DANRE,547,280.0,E,D,False,E280D
tr|G3RNZ0|G3RNZ0_GORGO,547,280.0,E,G,False,E280G
tr|G3SFK7|G3SFK7_GORGO,547,280.0,E,A,False,E280A
tr|A0ABM0GFX0|A0ABM0GFX0_SACKO,548,281.0,D,A,False,D281A
tr|G3RNZ0|G3RNZ0_GORGO,548,281.0,D,Q,False,D281Q
tr|G3SFK7|G3SFK7_GORGO,548,281.0,D,F,False,D281F
tr|T1PTS4|T1PTS4_PARLB,548,281.0,D,E,False,D281E
tr|A0ACF8DDW5|A0ACF8DDW5_ARAGI,549,282.0,N,S,False,N282S
tr|G3RNZ0|G3RNZ0_GORGO,549,282.0,N,A,False,N282A
tr|G3SFK7|G3SFK7_GORGO,549,282.0,N,L,False,N282L
tr|A0AC55CZE9|A0AC55CZE9_ECHTE,549,282.0,N,S,False,N282S
tr|A0A6J2V217|A0A6J2V217_CHACN,550,283.0,G,S,False,G283S
tr|A0A6J2V3N9|A0A6J2V3N9_CHACN,550,283.0,G,S,False,G283S
tr|A0A6J2V203|A0A6J2V203_CHACN,550,283.0,G,S,False,G283S
tr|G3SFK7|G3SFK7_GORGO,550,283.0,G,P,False,G283P
tr|A0ABM0GFX0|A0ABM0GFX0_SACKO,551,284.0,I,V,False,I284V
tr|A0ACF8DDW5|A0ACF8DDW5_ARAGI,551,284.0,I,M,False,I284M
tr|A0A6P8GSV4|A0A6P8GSV4_CLUHA,551,284.0,I,L,False,I284L
tr|A0A979FEC0|A0A979FEC0_ICTPU,551,284.0,I,L,False,I284L
tr|A0A979FF91|A0A979FF91_ICTPU,551,284.0,I,L,False,I284L
tr|A0A979FED5|A0A979FED5_ICTPU,551,284.0,I,L,False,I284L
tr|A0A9F7RNW9|A0A9F7RNW9_ICTPU,551,284.0,I,L,False,I284L
tr|A0A979FDQ7|A0A979FDQ7_ICTPU,551,284.0,I,L,False,I284L
tr|A0A979FDP4|A0A979FDP4_ICTPU,551,284.0,I,L,False,I284L
tr|A0A979FDQ5|A0A979FDQ5_ICTPU,551,284.0,I,L,False,I284L
tr|A0AC58J6Q9|A0AC58J6Q9_DANRE,551,284.0,I,M,False,I284M
tr|A0AC58J6Q2|A0AC58J6Q2_DANRE,551,284.0,I,M,False,I284M
tr|A0AB32TNW7|A0AB32TNW7_DANRE,551,284.0,I,M,False,I284M
tr|A0AC58J6S2|A0AC58J6S2_DANRE,551,284.0,I,M,False,I284M
tr|A0AC58J6R3|A0AC58J6R3_DANRE,551,284.0,I,M,False,I284M
tr|A0ACM8Q842|A0ACM8Q842_DANRE,551,284.0,I,M,False,I284M
tr|A0AB32TSB5|A0AB32TSB5_DANRE,551,284.0,I,M,False,I284M
tr|A0AB32TQV9|A0AB32TQV9_DANRE,551,284.0,I,M,False,I284M
tr|A0AB32TLD3|A0AB32TLD3_DANRE,551,284.0,I,M,False,I284M
tr|A0AC58J6Q5|A0AC58J6Q5_DANRE,551,284.0,I,M,False,I284M
tr|A0ABM3XUF2|A0ABM3XUF2_ERIEU,551,284.0,I,V,False,I284V
tr|A0ABM3XUF5|A0ABM3XUF5_ERIEU,551,284.0,I,V,False,I284V
tr|A0ABM3XUF6|A0ABM3XUF6_ERIEU,551,284.0,I,V,False,I284V
tr|A0A6P6DL68|A0A6P6DL68_OCTDE,551,284.0,I,M,False,I284M
tr|A0AC55CZE9|A0AC55CZE9_ECHTE,551,284.0,I,S,False,I284S
tr|A0ABM3XUD6|A0ABM3XUD6_ERIEU,551,284.0,I,V,False,I284V
tr|A0ABM3XUE3|A0ABM3XUE3_ERIEU,551,284.0,I,V,False,I284V
tr|A9UCN5|A9UCN5_TYLPA,551,284.0,I,M,False,I284M
tr|A0A7E6CIM9|A0A7E6CIM9_9CHIR,551,284.0,I,M,False,I284M
tr|A0A6P3FFL7|A0A6P3FFL7_OCTDE,551,284.0,I,M,False,I284M
tr|A0ABM3XUF3|A0ABM3XUF3_ERIEU,551,284.0,I,V,False,I284V
tr|A0A1S2ZA35|A0A1S2ZA35_ERIEU,551,284.0,I,V,False,I284V
tr|A0ABM3XUG2|A0ABM3XUG2_ERIEU,551,284.0,I,V,False,I284V
tr|A0ABM0GFX0|A0ABM0GFX0_SACKO,552,285.0,K,N,False,K285N
tr|A0A6P8VIH1|A0A6P8VIH1_GYMAC,582,286.0,H,G,False,H286G
tr|A0A2I4BXB8|A0A2I4BXB8_AUSLI,582,286.0,H,G,False,H286G
tr|A0A2I4BXF7|A0A2I4BXF7_AUSLI,582,286.0,H,G,False,H286G
tr|A0A2I4BXC1|A0A2I4BXC1_AUSLI,582,286.0,H,G,False,H286G
tr|A0A2I4BXC7|A0A2I4BXC7_AUSLI,582,286.0,H,G,False,H286G
tr|A0ABV1A463|A0ABV1A463_9TELE,582,286.0,H,S,False,H286S
tr|A0AAV9S7N1|A0AAV9S7N1_9TELE,582,286.0,H,S,False,H286S
tr|A0ABV0TT83|A0ABV0TT83_9TELE,582,286.0,H,S,False,H286S
tr|A0A6P7NA03|A0A6P7NA03_BETSP,582,286.0,H,S,False,H286S
tr|A0A9W2XZU5|A0A9W2XZU5_BETSP,582,286.0,H,S,False,H286S
tr|A0A6P7NFA4|A0A6P7NFA4_BETSP,582,286.0,H,S,False,H286S
tr|A0A9W2XZJ7|A0A9W2XZJ7_BETSP,582,286.0,H,S,False,H286S
tr|A0A6P7NA07|A0A6P7NA07_BETSP,582,286.0,H,S,False,H286S
tr|A0A6P7NE39|A0A6P7NE39_BETSP,582,286.0,H,S,False,H286S
tr|A0A6J2S884|A0A6J2S884_COTGO,582,286.0,H,G,False,H286G
tr|A0A6P7I2Q9|A0A6P7I2Q9_9TELE,582,286.0,H,G,False,H286G
tr|A0A6P7HH59|A0A6P7HH59_9TELE,582,286.0,H,G,False,H286G
tr|A0A6P7HWN0|A0A6P7HWN0_9TELE,582,286.0,H,G,False,H286G
tr|A0A9Y4NB67|A0A9Y4NB67_9TELE,582,286.0,H,G,False,H286G
tr|A0A9Y6LYW8|A0A9Y6LYW8_9CICH,582,286.0,H,G,False,H286G
tr|A0A9Y3R1R7|A0A9Y3R1R7_9CICH,582,286.0,H,G,False,H286G
tr|A0AC36JJL6|A0AC36JJL6_9CICH,582,286.0,H,G,False,H286G
tr|A0A8U0R0X1|A0A8U0R0X1_SALNM,582,286.0,H,G,False,H286G
tr|A0A6P8GSV4|A0A6P8GSV4_CLUHA,582,286.0,H,G,False,H286G
tr|A0ABV1A463|A0ABV1A463_9TELE,583,287.0,G,S,False,G287S
tr|A0AAV9S7N1|A0AAV9S7N1_9TELE,583,287.0,G,S,False,G287S
tr|A0ABV0TT83|A0ABV0TT83_9TELE,583,287.0,G,S,False,G287S
tr|A0ACF8FNS1|A0ACF8FNS1_ARAGI,583,287.0,G,S,False,G287S
tr|A0A6J2V217|A0A6J2V217_CHACN,583,287.0,G,S,False,G287S
tr|A0A6J2V3N9|A0A6J2V3N9_CHACN,583,287.0,G,S,False,G287S
tr|A0A979FEC0|A0A979FEC0_ICTPU,583,287.0,G,S,False,G287S
tr|A0A979FF91|A0A979FF91_ICTPU,583,287.0,G,S,False,G287S
tr|A0A979FED5|A0A979FED5_ICTPU,583,287.0,G,S,False,G287S
tr|A0A9F7RNW9|A0A9F7RNW9_ICTPU,583,287.0,G,S,False,G287S
tr|A0A979FDQ7|A0A979FDQ7_ICTPU,583,287.0,G,S,False,G287S
tr|A0A979FDP4|A0A979FDP4_ICTPU,583,287.0,G,S,False,G287S
tr|A0A979FDQ5|A0A979FDQ5_ICTPU,583,287.0,G,S,False,G287S
tr|A0AC58J6Q9|A0AC58J6Q9_DANRE,583,287.0,G,S,False,G287S
tr|A0AC58J6Q2|A0AC58J6Q2_DANRE,583,287.0,G,S,False,G287S
tr|A0AB32TNW7|A0AB32TNW7_DANRE,583,287.0,G,S,False,G287S
tr|A0AC58J6S2|A0AC58J6S2_DANRE,583,287.0,G,S,False,G287S
tr|A0AC58J6R3|A0AC58J6R3_DANRE,583,287.0,G,S,False,G287S
tr|A0ACM8Q842|A0ACM8Q842_DANRE,583,287.0,G,S,False,G287S
tr|A0AB32TSB5|A0AB32TSB5_DANRE,583,287.0,G,S,False,G287S
tr|A0AB32TQV9|A0AB32TQV9_DANRE,583,287.0,G,S,False,G287S
tr|A0AB32TLD3|A0AB32TLD3_DANRE,583,287.0,G,S,False,G287S
tr|A0AC58J6Q5|A0AC58J6Q5_DANRE,583,287.0,G,S,False,G287S
tr|A0A6J2V203|A0A6J2V203_CHACN,583,287.0,G,S,False,G287S
tr|G3SFK7|G3SFK7_GORGO,585,289.0,L,Y,False,L289Y
tr|A0ABM0GFX0|A0ABM0GFX0_SACKO,586,290.0,D,T,False,D290T
tr|G3RNZ0|G3RNZ0_GORGO,586,290.0,D,E,False,D290E
tr|G3SFK7|G3SFK7_GORGO,586,290.0,D,T,False,D290T
tr|A0AA47MXR6|A0AA47MXR6_MERPO,587,291.0,L,W,False,L291W
tr|A0ABM0GFX0|A0ABM0GFX0_SACKO,588,292.0,T,A,False,T292A
tr|A0A6P8VIH1|A0A6P8VIH1_GYMAC,588,292.0,T,S,False,T292S
tr|A0A2I4BXB8|A0A2I4BXB8_AUSLI,588,292.0,T,S,False,T292S
tr|A0A2I4BXF7|A0A2I4BXF7_AUSLI,588,292.0,T,S,False,T292S
tr|A0A2I4BXC1|A0A2I4BXC1_AUSLI,588,292.0,T,S,False,T292S
tr|A0A2I4BXC7|A0A2I4BXC7_AUSLI,588,292.0,T,S,False,T292S
tr|A0ABV1A463|A0ABV1A463_9TELE,588,292.0,T,S,False,T292S
tr|A0AAV9S7N1|A0AAV9S7N1_9TELE,588,292.0,T,S,False,T292S
tr|A0ABV0TT83|A0ABV0TT83_9TELE,588,292.0,T,S,False,T292S
tr|A0A6P7NA03|A0A6P7NA03_BETSP,588,292.0,T,S,False,T292S
tr|A0A9W2XZU5|A0A9W2XZU5_BETSP,588,292.0,T,S,False,T292S
tr|A0A6P7NFA4|A0A6P7NFA4_BETSP,588,292.0,T,S,False,T292S
tr|A0A9W2XZJ7|A0A9W2XZJ7_BETSP,588,292.0,T,S,False,T292S
tr|A0A6P7NA07|A0A6P7NA07_BETSP,588,292.0,T,S,False,T292S
tr|A0A6P7NE39|A0A6P7NE39_BETSP,588,292.0,T,S,False,T292S
tr|A0A6J2S884|A0A6J2S884_COTGO,588,292.0,T,S,False,T292S
tr|A0A6P7I2Q9|A0A6P7I2Q9_9TELE,588,292.0,T,S,False,T292S
tr|A0A6P7HH59|A0A6P7HH59_9TELE,588,292.0,T,S,False,T292S
tr|A0A6P7HWN0|A0A6P7HWN0_9TELE,588,292.0,T,S,False,T292S
tr|A0A9Y4NB67|A0A9Y4NB67_9TELE,588,292.0,T,S,False,T292S
tr|A0A9Y6LYW8|A0A9Y6LYW8_9CICH,588,292.0,T,S,False,T292S
tr|A0A9Y3R1R7|A0A9Y3R1R7_9CICH,588,292.0,T,S,False,T292S
tr|A0AC36JJL6|A0AC36JJL6_9CICH,588,292.0,T,S,False,T292S
tr|A0ACF8DDW5|A0ACF8DDW5_ARAGI,588,292.0,T,S,False,T292S
tr|A0A6J2V217|A0A6J2V217_CHACN,588,292.0,T,S,False,T292S
tr|A0A6J2V3N9|A0A6J2V3N9_CHACN,588,292.0,T,S,False,T292S
tr|A0A979FEC0|A0A979FEC0_ICTPU,588,292.0,T,S,False,T292S
tr|A0A979FF91|A0A979FF91_ICTPU,588,292.0,T,S,False,T292S
tr|A0A979FED5|A0A979FED5_ICTPU,588,292.0,T,S,False,T292S
tr|A0A9F7RNW9|A0A9F7RNW9_ICTPU,588,292.0,T,S,False,T292S
tr|A0A979FDQ7|A0A979FDQ7_ICTPU,588,292.0,T,S,False,T292S
tr|A0A979FDP4|A0A979FDP4_ICTPU,588,292.0,T,S,False,T292S
tr|A0A979FDQ5|A0A979FDQ5_ICTPU,588,292.0,T,S,False,T292S
tr|A0AC58J6Q9|A0AC58J6Q9_DANRE,588,292.0,T,S,False,T292S
tr|A0AC58J6Q2|A0AC58J6Q2_DANRE,588,292.0,T,S,False,T292S
tr|A0AB32TNW7|A0AB32TNW7_DANRE,588,292.0,T,S,False,T292S
tr|A0AC58J6S2|A0AC58J6S2_DANRE,588,292.0,T,S,False,T292S
tr|A0AC58J6R3|A0AC58J6R3_DANRE,588,292.0,T,S,False,T292S
tr|A0ACM8Q842|A0ACM8Q842_DANRE,588,292.0,T,S,False,T292S
tr|A0AB32TSB5|A0AB32TSB5_DANRE,588,292.0,T,S,False,T292S
tr|A0AB32TQV9|A0AB32TQV9_DANRE,588,292.0,T,S,False,T292S
tr|A0AB32TLD3|A0AB32TLD3_DANRE,588,292.0,T,S,False,T292S
tr|A0AC58J6Q5|A0AC58J6Q5_DANRE,588,292.0,T,S,False,T292S
tr|A0A6J2V203|A0A6J2V203_CHACN,588,292.0,T,S,False,T292S
tr|G3RNZ0|G3RNZ0_GORGO,588,292.0,T,L,False,T292L
tr|G3SFK7|G3SFK7_GORGO,588,292.0,T,R,False,T292R
tr|A0A674IWZ5|A0A674IWZ5_9SAUR,588,292.0,T,S,False,T292S
tr|A0A8C5F2F1|A0A8C5F2F1_9SAUR,588,292.0,T,S,False,T292S
tr|A0A674ISI7|A0A674ISI7_9SAUR,588,292.0,T,S,False,T292S
tr|K7G4L3|K7G4L3_PELSI,588,292.0,T,S,False,T292S
tr|A0A8C0GSH0|A0A8C0GSH0_CHEAB,588,292.0,T,S,False,T292S
tr|A0A8T1SIB8|A0A8T1SIB8_CHESE,588,292.0,T,S,False,T292S
tr|A9UCN6|A9UCN6_TRASC,588,292.0,T,S,False,T292S
tr|A0A8C4YPR3|A0A8C4YPR3_9SAUR,588,292.0,T,S,False,T292S
tr|A0A674IUJ3|A0A674IUJ3_9SAUR,588,292.0,T,S,False,T292S
tr|A0ABM0GFX0|A0ABM0GFX0_SACKO,589,293.0,T,A,False,T293A
tr|G3RNZ0|G3RNZ0_GORGO,589,293.0,T,A,False,T293A
tr|A0ABM0GFX0|A0ABM0GFX0_SACKO,590,294.0,N,V,False,N294V
tr|A0ACF8DDW5|A0ACF8DDW5_ARAGI,590,294.0,N,A,False,N294A
tr|A0ACF8FNS1|A0ACF8FNS1_ARAGI,590,294.0,N,T,False,N294T
tr|A0A8U0R0X1|A0A8U0R0X1_SALNM,590,294.0,N,T,False,N294T
tr|A0A6J2V217|A0A6J2V217_CHACN,590,294.0,N,T,False,N294T
tr|A0A6J2V3N9|A0A6J2V3N9_CHACN,590,294.0,N,T,False,N294T
tr|A0A6P8GSV4|A0A6P8GSV4_CLUHA,590,294.0,N,S,False,N294S
tr|A0A979FEC0|A0A979FEC0_ICTPU,590,294.0,N,T,False,N294T
tr|A0A979FF91|A0A979FF91_ICTPU,590,294.0,N,T,False,N294T
tr|A0A979FED5|A0A979FED5_ICTPU,590,294.0,N,T,False,N294T
tr|A0A9F7RNW9|A0A9F7RNW9_ICTPU,590,294.0,N,T,False,N294T
tr|A0A979FDQ7|A0A979FDQ7_ICTPU,590,294.0,N,T,False,N294T
tr|A0A979FDP4|A0A979FDP4_ICTPU,590,294.0,N,T,False,N294T
tr|A0A979FDQ5|A0A979FDQ5_ICTPU,590,294.0,N,T,False,N294T
tr|A0A6J2V203|A0A6J2V203_CHACN,590,294.0,N,T,False,N294T
tr|G3RNZ0|G3RNZ0_GORGO,590,294.0,N,S,False,N294S
tr|A9UCL8|A9UCL8_COEFR,590,294.0,N,S,False,N294S
tr|A0ABM4IA36|A0ABM4IA36_ODOVR,590,294.0,N,S,False,N294S
tr|A0ABM0GFX0|A0ABM0GFX0_SACKO,591,295.0,N,G,False,N295G
tr|A0ACF8DDW5|A0ACF8DDW5_ARAGI,591,295.0,N,S,False,N295S
tr|G3RNZ0|G3RNZ0_GORGO,591,295.0,N,S,False,N295S
tr|A0A1S3FH60|A0A1S3FH60_DIPOR,591,295.0,N,S,False,N295S
tr|A0A8J1MHG6|A0A8J1MHG6_XENLA,591,295.0,N,I,False,N295I
tr|A0A1L8GYY0|A0A1L8GYY0_XENLA,591,295.0,N,I,False,N295I
tr|A0A8J1MIF2|A0A8J1MIF2_XENLA,591,295.0,N,I,False,N295I
tr|A0A8J1MHG1|A0A8J1MHG1_XENLA,591,295.0,N,I,False,N295I
tr|A0A8J1MHG5|A0A8J1MHG5_XENLA,591,295.0,N,I,False,N295I
tr|A0A6P6DL68|A0A6P6DL68_OCTDE,591,295.0,N,S,False,N295S
tr|A0A8C2UVV4|A0A8C2UVV4_CHILA,591,295.0,N,S,False,N295S
tr|A0A1S3FGE5|A0A1S3FGE5_DIPOR,591,295.0,N,S,False,N295S
tr|A0A8C5ZKA8|A0A8C5ZKA8_MARMA,591,295.0,N,S,False,N295S
sp|Q4VYS1|FOXP2_XENLA,591,295.0,N,I,False,N295I
tr|A0A8J1MI35|A0A8J1MI35_XENLA,591,295.0,N,I,False,N295I
tr|A0A1S3FFW0|A0A1S3FFW0_DIPOR,591,295.0,N,S,False,N295S
tr|A0A1S3FHJ1|A0A1S3FHJ1_DIPOR,591,295.0,N,S,False,N295S
tr|A0A1S3FHI6|A0A1S3FHI6_DIPOR,591,295.0,N,S,False,N295S
tr|A0A1S3FGE9|A0A1S3FGE9_DIPOR,591,295.0,N,S,False,N295S
tr|A0A1S3FH55|A0A1S3FH55_DIPOR,591,295.0,N,S,False,N295S
tr|A0A1S3FFJ5|A0A1S3FFJ5_DIPOR,591,295.0,N,S,False,N295S
tr|A0A1S3FFK0|A0A1S3FFK0_DIPOR,591,295.0,N,S,False,N295S
tr|A0A6P3FFL7|A0A6P3FFL7_OCTDE,591,295.0,N,S,False,N295S
tr|A0A8D2IE09|A0A8D2IE09_UROPR,591,295.0,N,S,False,N295S
tr|A0ABM0GFX0|A0ABM0GFX0_SACKO,592,296.0,S,A,False,S296A
tr|A0ACF8FNS1|A0ACF8FNS1_ARAGI,592,296.0,S,T,False,S296T
tr|A0A6J2V217|A0A6J2V217_CHACN,592,296.0,S,T,False,S296T
tr|A0A6J2V3N9|A0A6J2V3N9_CHACN,592,296.0,S,T,False,S296T
tr|A0AC58J6Q9|A0AC58J6Q9_DANRE,592,296.0,S,N,False,S296N
tr|A0AC58J6Q2|A0AC58J6Q2_DANRE,592,296.0,S,N,False,S296N
tr|A0AB32TNW7|A0AB32TNW7_DANRE,592,296.0,S,N,False,S296N
tr|A0AC58J6S2|A0AC58J6S2_DANRE,592,296.0,S,N,False,S296N
tr|A0AC58J6R3|A0AC58J6R3_DANRE,592,296.0,S,N,False,S296N
tr|A0ACM8Q842|A0ACM8Q842_DANRE,592,296.0,S,N,False,S296N
tr|A0AB32TSB5|A0AB32TSB5_DANRE,592,296.0,S,N,False,S296N
tr|A0AB32TQV9|A0AB32TQV9_DANRE,592,296.0,S,N,False,S296N
tr|A0AB32TLD3|A0AB32TLD3_DANRE,592,296.0,S,N,False,S296N
tr|A0AC58J6Q5|A0AC58J6Q5_DANRE,592,296.0,S,N,False,S296N
tr|A0A6J2V203|A0A6J2V203_CHACN,592,296.0,S,T,False,S296T
tr|G3RNZ0|G3RNZ0_GORGO,592,296.0,S,D,False,S296D
tr|A0ABM0GFX0|A0ABM0GFX0_SACKO,593,297.0,S,R,False,S297R
tr|A0ABV1A463|A0ABV1A463_9TELE,593,297.0,S,T,False,S297T
tr|A0AAV9S7N1|A0AAV9S7N1_9TELE,593,297.0,S,T,False,S297T
tr|A0ABV0TT83|A0ABV0TT83_9TELE,593,297.0,S,T,False,S297T
tr|A0A6P8GSV4|A0A6P8GSV4_CLUHA,593,297.0,S,T,False,S297T
tr|A0AC58J6Q9|A0AC58J6Q9_DANRE,593,297.0,S,T,False,S297T
tr|A0AC58J6Q2|A0AC58J6Q2_DANRE,593,297.0,S,T,False,S297T
tr|A0AB32TNW7|A0AB32TNW7_DANRE,593,297.0,S,T,False,S297T
tr|A0AC58J6S2|A0AC58J6S2_DANRE,593,297.0,S,T,False,S297T
tr|A0AC58J6R3|A0AC58J6R3_DANRE,593,297.0,S,T,False,S297T
tr|A0ACM8Q842|A0ACM8Q842_DANRE,593,297.0,S,T,False,S297T
tr|A0AB32TSB5|A0AB32TSB5_DANRE,593,297.0,S,T,False,S297T
tr|A0AB32TQV9|A0AB32TQV9_DANRE,593,297.0,S,T,False,S297T
tr|A0AB32TLD3|A0AB32TLD3_DANRE,593,297.0,S,T,False,S297T
tr|A0AC58J6Q5|A0AC58J6Q5_DANRE,593,297.0,S,T,False,S297T
tr|A0A2I4BXB8|A0A2I4BXB8_AUSLI,594,298.0,S,T,False,S298T
tr|A0A2I4BXF7|A0A2I4BXF7_AUSLI,594,298.0,S,T,False,S298T
tr|A0A2I4BXC1|A0A2I4BXC1_AUSLI,594,298.0,S,T,False,S298T
tr|A0A2I4BXC7|A0A2I4BXC7_AUSLI,594,298.0,S,T,False,S298T
tr|A0A6P7I2Q9|A0A6P7I2Q9_9TELE,594,298.0,S,T,False,S298T
tr|A0A6P7HH59|A0A6P7HH59_9TELE,594,298.0,S,T,False,S298T
tr|A0A6P7HWN0|A0A6P7HWN0_9TELE,594,298.0,S,T,False,S298T
tr|G3RNZ0|G3RNZ0_GORGO,594,298.0,S,P,False,S298P
tr|G1PTL9|G1PTL9_MYOLU,594,298.0,S,L,False,S298L
tr|A9UCM8|A9UCM8_MYOPI,594,298.0,S,L,False,S298L
tr|A9UCN5|A9UCN5_TYLPA,594,298.0,S,L,False,S298L
tr|A9UCM1|A9UCM1_9CHIR,594,298.0,S,L,False,S298L
tr|A0A7E6CIM9|A0A7E6CIM9_9CHIR,594,298.0,S,L,False,S298L
tr|A0ABM0GFX0|A0ABM0GFX0_SACKO,595,299.0,T,S,False,T299S
tr|A0ABM0GFX0|A0ABM0GFX0_SACKO,596,300.0,T,V,False,T300V
tr|G3RNZ0|G3RNZ0_GORGO,596,300.0,T,S,False,T300S
tr|G3RNZ0|G3RNZ0_GORGO,599,301.0,S,A,False,S301A
tr|A0A6P8VIH1|A0A6P8VIH1_GYMAC,600,302.0,S,C,False,S302C
tr|A0ACF8DDW5|A0ACF8DDW5_ARAGI,600,302.0,S,T,False,S302T
tr|A0A6J2V217|A0A6J2V217_CHACN,600,302.0,S,N,False,S302N
tr|A0A6J2V3N9|A0A6J2V3N9_CHACN,600,302.0,S,N,False,S302N
tr|A0AC58J6Q9|A0AC58J6Q9_DANRE,600,302.0,S,T,False,S302T
tr|A0AC58J6Q2|A0AC58J6Q2_DANRE,600,302.0,S,T,False,S302T
tr|A0AB32TNW7|A0AB32TNW7_DANRE,600,302.0,S,T,False,S302T
tr|A0AC58J6S2|A0AC58J6S2_DANRE,600,302.0,S,T,False,S302T
tr|A0AC58J6R3|A0AC58J6R3_DANRE,600,302.0,S,T,False,S302T
tr|A0ACM8Q842|A0ACM8Q842_DANRE,600,302.0,S,T,False,S302T
tr|A0AB32TSB5|A0AB32TSB5_DANRE,600,302.0,S,T,False,S302T
tr|A0AB32TQV9|A0AB32TQV9_DANRE,600,302.0,S,T,False,S302T
tr|A0AB32TLD3|A0AB32TLD3_DANRE,600,302.0,S,T,False,S302T
tr|A0AC58J6Q5|A0AC58J6Q5_DANRE,600,302.0,S,T,False,S302T
tr|A0A6J2V203|A0A6J2V203_CHACN,600,302.0,S,N,False,S302N
tr|A0AAD8DBY4|A0AAD8DBY4_ACIOX,600,302.0,S,T,False,S302T
tr|A0AAD8DJ01|A0AAD8DJ01_ACIOX,600,302.0,S,T,False,S302T
tr|A0A1L8GU65|A0A1L8GU65_XENLA,600,302.0,S,T,False,S302T
tr|A0A8J0UR98|A0A8J0UR98_XENLA,600,302.0,S,T,False,S302T
tr|A0A8J0UXQ2|A0A8J0UXQ2_XENLA,600,302.0,S,T,False,S302T
tr|A0A8J1MHG6|A0A8J1MHG6_XENLA,600,302.0,S,T,False,S302T
tr|A0A1L8GYY0|A0A1L8GYY0_XENLA,600,302.0,S,T,False,S302T
tr|A0A8J1MIF2|A0A8J1MIF2_XENLA,600,302.0,S,T,False,S302T
tr|A0A8J1MHG1|A0A8J1MHG1_XENLA,600,302.0,S,T,False,S302T
tr|A0A8J1MHG5|A0A8J1MHG5_XENLA,600,302.0,S,T,False,S302T
tr|A0A8J0Q7P1|A0A8J0Q7P1_XENTR,600,302.0,S,T,False,S302T
tr|A0A8J0SHD1|A0A8J0SHD1_XENTR,600,302.0,S,T,False,S302T
tr|A0A8J0SG76|A0A8J0SG76_XENTR,600,302.0,S,T,False,S302T
tr|F7DTZ3|F7DTZ3_XENTR,600,302.0,S,T,False,S302T
tr|A0A8J0S8T9|A0A8J0S8T9_XENTR,600,302.0,S,T,False,S302T
tr|G1PTL9|G1PTL9_MYOLU,600,302.0,S,P,False,S302P
tr|A0A2Y9P5C2|A0A2Y9P5C2_DELLE,600,302.0,S,P,False,S302P
tr|A0A9W2WNZ4|A0A9W2WNZ4_PHYMC,600,302.0,S,P,False,S302P
tr|A0A9W2WNT7|A0A9W2WNT7_PHYMC,600,302.0,S,P,False,S302P
tr|A0A9W2WP90|A0A9W2WP90_PHYMC,600,302.0,S,P,False,S302P
tr|A0A9W2WNJ2|A0A9W2WNJ2_PHYMC,600,302.0,S,P,False,S302P
tr|A0A9W2WPF2|A0A9W2WPF2_PHYMC,600,302.0,S,P,False,S302P
tr|A0ABM3TVV6|A0ABM3TVV6_BALAC,600,302.0,S,P,False,S302P
tr|A0A8B8YAI8|A0A8B8YAI8_BALMU,600,302.0,S,P,False,S302P
tr|A0ABM3TVW3|A0ABM3TVW3_BALAC,600,302.0,S,P,False,S302P
tr|A0A341CHV5|A0A341CHV5_NEOAA,600,302.0,S,P,False,S302P
tr|A0A341CFW6|A0A341CFW6_NEOAA,600,302.0,S,P,False,S302P
tr|A0A341CG55|A0A341CG55_NEOAA,600,302.0,S,P,False,S302P
tr|A0ACM7FC38|A0ACM7FC38_TURTR,600,302.0,S,P,False,S302P
tr|A0A8C9BRB4|A0A8C9BRB4_PHOSS,600,302.0,S,P,False,S302P
tr|A0A8C6B0W0|A0A8C6B0W0_MONMO,600,302.0,S,P,False,S302P
tr|A0ACM7FC36|A0ACM7FC36_TURTR,600,302.0,S,P,False,S302P
tr|A9UCM8|A9UCM8_MYOPI,600,302.0,S,P,False,S302P
tr|A0A9W2WNW6|A0A9W2WNW6_PHYMC,600,302.0,S,P,False,S302P
tr|A9UCN5|A9UCN5_TYLPA,600,302.0,S,P,False,S302P
tr|A0A341CFH1|A0A341CFH1_NEOAA,600,302.0,S,P,False,S302P
tr|A0A8J1MTY3|A0A8J1MTY3_XENLA,600,302.0,S,T,False,S302T
tr|A0A8J1MRN8|A0A8J1MRN8_XENLA,600,302.0,S,T,False,S302T
tr|A0A6I8SNY6|A0A6I8SNY6_XENTR,600,302.0,S,T,False,S302T
tr|A0A8J0SEG3|A0A8J0SEG3_XENTR,600,302.0,S,T,False,S302T
sp|Q4VYS1|FOXP2_XENLA,600,302.0,S,T,False,S302T
tr|A0A8J1MI35|A0A8J1MI35_XENLA,600,302.0,S,T,False,S302T
tr|A0A341CFW9|A0A341CFW9_NEOAA,600,302.0,S,P,False,S302P
tr|A0A341CFX6|A0A341CFX6_NEOAA,600,302.0,S,P,False,S302P
tr|A0A341CG67|A0A341CG67_NEOAA,600,302.0,S,P,False,S302P
tr|A0A341CHW5|A0A341CHW5_NEOAA,600,302.0,S,P,False,S302P
tr|A0ABM3TW40|A0ABM3TW40_BALAC,600,302.0,S,P,False,S302P
tr|A0A9W2WNX7|A0A9W2WNX7_PHYMC,600,302.0,S,P,False,S302P
tr|A0A9W2WNK8|A0A9W2WNK8_PHYMC,600,302.0,S,P,False,S302P
tr|A0A9W2WP01|A0A9W2WP01_PHYMC,600,302.0,S,P,False,S302P
tr|A0A8C6B2U9|A0A8C6B2U9_MONMO,600,302.0,S,P,False,S302P
tr|A0ACM7FC33|A0ACM7FC33_TURTR,600,302.0,S,P,False,S302P
tr|A0ACM7FC46|A0ACM7FC46_TURTR,600,302.0,S,P,False,S302P
tr|A0ABM3TVW1|A0ABM3TVW1_BALAC,600,302.0,S,P,False,S302P
tr|A0ABM3TVX2|A0ABM3TVX2_BALAC,600,302.0,S,P,False,S302P
tr|A0A341CFX1|A0A341CFX1_NEOAA,600,302.0,S,P,False,S302P
tr|A0A341CFX4|A0A341CFX4_NEOAA,600,302.0,S,P,False,S302P
tr|A0A341CHW0|A0A341CHW0_NEOAA,600,302.0,S,P,False,S302P
tr|A0A341CG60|A0A341CG60_NEOAA,600,302.0,S,P,False,S302P
tr|A0ACF8DDW5|A0ACF8DDW5_ARAGI,601,303.0,N,T,False,N303T
tr|A0ACF8FNS1|A0ACF8FNS1_ARAGI,601,303.0,N,T,False,N303T
tr|A0AAX6RUX8|A0AAX6RUX8_HETGA,601,303.0,N,S,False,N303S
tr|A9UCM2|A9UCM2_CYNSP,601,303.0,N,T,False,N303T
tr|A0A8U0R0X1|A0A8U0R0X1_SALNM,601,303.0,N,T,False,N303T
tr|A0A6P8GSV4|A0A6P8GSV4_CLUHA,601,303.0,N,T,False,N303T
tr|A0A979FEC0|A0A979FEC0_ICTPU,601,303.0,N,T,False,N303T
tr|A0A979FF91|A0A979FF91_ICTPU,601,303.0,N,T,False,N303T
tr|A0A979FED5|A0A979FED5_ICTPU,601,303.0,N,T,False,N303T
tr|A0A9F7RNW9|A0A9F7RNW9_ICTPU,601,303.0,N,T,False,N303T
tr|A0A979FDQ7|A0A979FDQ7_ICTPU,601,303.0,N,T,False,N303T
tr|A0A979FDP4|A0A979FDP4_ICTPU,601,303.0,N,T,False,N303T
tr|A0A979FDQ5|A0A979FDQ5_ICTPU,601,303.0,N,T,False,N303T
tr|A0AC58J6Q9|A0AC58J6Q9_DANRE,601,303.0,N,S,False,N303S
tr|A0AC58J6Q2|A0AC58J6Q2_DANRE,601,303.0,N,S,False,N303S
tr|A0AB32TNW7|A0AB32TNW7_DANRE,601,303.0,N,S,False,N303S
tr|A0AC58J6S2|A0AC58J6S2_DANRE,601,303.0,N,S,False,N303S
tr|A0AC58J6R3|A0AC58J6R3_DANRE,601,303.0,N,S,False,N303S
tr|A0ACM8Q842|A0ACM8Q842_DANRE,601,303.0,N,S,False,N303S
tr|A0AB32TSB5|A0AB32TSB5_DANRE,601,303.0,N,S,False,N303S
tr|A0AB32TQV9|A0AB32TQV9_DANRE,601,303.0,N,S,False,N303S
tr|A0AB32TLD3|A0AB32TLD3_DANRE,601,303.0,N,S,False,N303S
tr|A0AC58J6Q5|A0AC58J6Q5_DANRE,601,303.0,N,S,False,N303S
tr|A0A6I9HI92|A0A6I9HI92_GEOFO,601,303.0,N,T,False,N303T
tr|A0AAD8DBY4|A0AAD8DBY4_ACIOX,601,303.0,N,T,False,N303T
tr|A0AAD8DJ01|A0AAD8DJ01_ACIOX,601,303.0,N,T,False,N303T
tr|A0A2Y9DWT2|A0A2Y9DWT2_TRIMA,601,303.0,N,T,False,N303T
tr|A0A2Y9G2K3|A0A2Y9G2K3_TRIMA,601,303.0,N,T,False,N303T
tr|A0A6P3QXJ2|A0A6P3QXJ2_PTEVA,601,303.0,N,T,False,N303T
tr|A0A8C2TN39|A0A8C2TN39_COTJA,601,303.0,N,T,False,N303T
tr|A0A8C2TN55|A0A8C2TN55_COTJA,601,303.0,N,T,False,N303T
tr|A0A8C5M8V1|A0A8C5M8V1_9ANUR,601,303.0,N,T,False,N303T
tr|A0A1V4J975|A0A1V4J975_PATFA,601,303.0,N,T,False,N303T
tr|A0A803VRI8|A0A803VRI8_FICAL,601,303.0,N,T,False,N303T
tr|A0A803VX31|A0A803VX31_FICAL,601,303.0,N,T,False,N303T
tr|A0A663N514|A0A663N514_ATHCN,601,303.0,N,T,False,N303T
tr|A0A8C3UXT3|A0A8C3UXT3_CATUS,601,303.0,N,T,False,N303T
tr|G3RNZ0|G3RNZ0_GORGO,601,303.0,N,Q,False,N303Q
tr|A0A2I3H895|A0A2I3H895_NOMLE,601,303.0,N,T,False,N303T
tr|A0ABQ9CS58|A0ABQ9CS58_9PASS,601,303.0,N,T,False,N303T
tr|A0A8V0X8B7|A0A8V0X8B7_CHICK,601,303.0,N,T,False,N303T
tr|G1NA17|G1NA17_MELGA,601,303.0,N,T,False,N303T
tr|A0A2Y9DWJ1|A0A2Y9DWJ1_TRIMA,601,303.0,N,T,False,N303T
tr|A0A1S3FH60|A0A1S3FH60_DIPOR,601,303.0,N,T,False,N303T
tr|A0A8I3WU72|A0A8I3WU72_CALJA,601,303.0,N,T,False,N303T
tr|A0A1L8GU65|A0A1L8GU65_XENLA,601,303.0,N,T,False,N303T
tr|A0A8J0UR98|A0A8J0UR98_XENLA,601,303.0,N,T,False,N303T
tr|A0A8J0UXQ2|A0A8J0UXQ2_XENLA,601,303.0,N,T,False,N303T
tr|A0A8J1MHG6|A0A8J1MHG6_XENLA,601,303.0,N,T,False,N303T
tr|A0A1L8GYY0|A0A1L8GYY0_XENLA,601,303.0,N,T,False,N303T
tr|A0A8J1MIF2|A0A8J1MIF2_XENLA,601,303.0,N,T,False,N303T
tr|A0A8J1MHG1|A0A8J1MHG1_XENLA,601,303.0,N,T,False,N303T
tr|A0A8J1MHG5|A0A8J1MHG5_XENLA,601,303.0,N,T,False,N303T
tr|A0A8J0Q7P1|A0A8J0Q7P1_XENTR,601,303.0,N,T,False,N303T
tr|A0A8J0SHD1|A0A8J0SHD1_XENTR,601,303.0,N,T,False,N303T
tr|A0A8J0SG76|A0A8J0SG76_XENTR,601,303.0,N,T,False,N303T
tr|F7DTZ3|F7DTZ3_XENTR,601,303.0,N,T,False,N303T
tr|A0A8J0S8T9|A0A8J0S8T9_XENTR,601,303.0,N,T,False,N303T
tr|A0A6P8S6V4|A0A6P8S6V4_GEOSA,601,303.0,N,T,False,N303T
tr|A0A6P8SBP1|A0A6P8SBP1_GEOSA,601,303.0,N,T,False,N303T
tr|A0A6P8S5P9|A0A6P8S5P9_GEOSA,601,303.0,N,T,False,N303T
tr|A0A6P8S5Q7|A0A6P8S5Q7_GEOSA,601,303.0,N,T,False,N303T
tr|A0A6P7YWZ4|A0A6P7YWZ4_9AMPH,601,303.0,N,T,False,N303T
tr|A0A6P7Z4T0|A0A6P7Z4T0_9AMPH,601,303.0,N,T,False,N303T
tr|A0A6P8S9S5|A0A6P8S9S5_GEOSA,601,303.0,N,T,False,N303T
tr|A0A6P8SBN6|A0A6P8SBN6_GEOSA,601,303.0,N,T,False,N303T
tr|A0A6P8S5P6|A0A6P8S5P6_GEOSA,601,303.0,N,T,False,N303T
tr|A0A6P8S9T4|A0A6P8S9T4_GEOSA,601,303.0,N,T,False,N303T
tr|A0A6P8S6B0|A0A6P8S6B0_GEOSA,601,303.0,N,T,False,N303T
tr|A0A6P8S6A6|A0A6P8S6A6_GEOSA,601,303.0,N,T,False,N303T
tr|A0A6P8S6A3|A0A6P8S6A3_GEOSA,601,303.0,N,T,False,N303T
tr|A0A6P8S5P3|A0A6P8S5P3_GEOSA,601,303.0,N,T,False,N303T
tr|A0A6P8S9T8|A0A6P8S9T8_GEOSA,601,303.0,N,T,False,N303T
tr|A0ABM3XUF2|A0ABM3XUF2_ERIEU,601,303.0,N,T,False,N303T
tr|H3AY31|H3AY31_LATCH,601,303.0,N,T,False,N303T
tr|A0A6I9YYB6|A0A6I9YYB6_9SAUR,601,303.0,N,T,False,N303T
tr|A0A9F5IXC2|A0A9F5IXC2_PYTBI,601,303.0,N,T,False,N303T
tr|A0A2Y9DWY6|A0A2Y9DWY6_TRIMA,601,303.0,N,T,False,N303T
tr|G1PTL9|G1PTL9_MYOLU,601,303.0,N,T,False,N303T
tr|A0ABM5DIL0|A0ABM5DIL0_VICPA,601,303.0,N,T,False,N303T
tr|A9UCL8|A9UCL8_COEFR,601,303.0,N,T,False,N303T
tr|A0A2Y9P5C2|A0A2Y9P5C2_DELLE,601,303.0,N,T,False,N303T
tr|A0A2Y9DXW3|A0A2Y9DXW3_TRIMA,601,303.0,N,T,False,N303T
tr|A0A6P3R3C8|A0A6P3R3C8_PTEVA,601,303.0,N,T,False,N303T
tr|A0A6P3QXI5|A0A6P3QXI5_PTEVA,601,303.0,N,T,False,N303T
tr|A9UCN2|A9UCN2_ROULE,601,303.0,N,T,False,N303T
tr|A0A9W2WNZ4|A0A9W2WNZ4_PHYMC,601,303.0,N,T,False,N303T
tr|A0A9W2WNT7|A0A9W2WNT7_PHYMC,601,303.0,N,T,False,N303T
tr|A0A9W2WP90|A0A9W2WP90_PHYMC,601,303.0,N,T,False,N303T
tr|A0A9W2WNJ2|A0A9W2WNJ2_PHYMC,601,303.0,N,T,False,N303T
tr|A0A9W2WPF2|A0A9W2WPF2_PHYMC,601,303.0,N,T,False,N303T
tr|A0ABM3XUF5|A0ABM3XUF5_ERIEU,601,303.0,N,T,False,N303T
tr|A0ABM3XUF6|A0ABM3XUF6_ERIEU,601,303.0,N,T,False,N303T
tr|A0AC58LU76|A0AC58LU76_CASCN,601,303.0,N,T,False,N303T
tr|A0AC58LUC1|A0AC58LUC1_CASCN,601,303.0,N,T,False,N303T
tr|A0AC58LU85|A0AC58LU85_CASCN,601,303.0,N,T,False,N303T
tr|A0ABM4IA36|A0ABM4IA36_ODOVR,601,303.0,N,T,False,N303T
tr|A0ABM4P5F2|A0ABM4P5F2_EQUPR,601,303.0,N,T,False,N303T
tr|A0ABM4P5F1|A0ABM4P5F1_EQUPR,601,303.0,N,T,False,N303T
tr|A0ABM4P5E8|A0ABM4P5E8_EQUPR,601,303.0,N,T,False,N303T
tr|A0ABM4P5E6|A0ABM4P5E6_EQUPR,601,303.0,N,T,False,N303T
tr|A0A9L0J3G1|A0A9L0J3G1_EQUAS,601,303.0,N,T,False,N303T
tr|A0ABM4P5D8|A0ABM4P5D8_EQUPR,601,303.0,N,T,False,N303T
tr|A0ABM4P5E0|A0ABM4P5E0_EQUPR,601,303.0,N,T,False,N303T
tr|A0ABM4P5C9|A0ABM4P5C9_EQUPR,601,303.0,N,T,False,N303T
tr|A0ABM4P5D1|A0ABM4P5D1_EQUPR,601,303.0,N,T,False,N303T
tr|A0A8B7A802|A0A8B7A802_ORYAF,601,303.0,N,T,False,N303T
tr|A0A6P6DL68|A0A6P6DL68_OCTDE,601,303.0,N,T,False,N303T
tr|A9UCM5|A9UCM5_HIPAR,601,303.0,N,T,False,N303T
tr|A0A671G4Y2|A0A671G4Y2_RHIFE,601,303.0,N,T,False,N303T
tr|A0AC55CZE9|A0AC55CZE9_ECHTE,601,303.0,N,T,False,N303T
tr|G1L725|G1L725_AILME,601,303.0,N,T,False,N303T
tr|A0A9W2V416|A0A9W2V416_PANPR,601,303.0,N,T,False,N303T
tr|A0ABM3PR67|A0ABM3PR67_ACIJB,601,303.0,N,T,False,N303T
tr|A0A9W2V4S3|A0A9W2V4S3_PANPR,601,303.0,N,T,False,N303T
tr|A0ABM3PR59|A0ABM3PR59_ACIJB,601,303.0,N,T,False,N303T
tr|A0ABM3PR57|A0ABM3PR57_ACIJB,601,303.0,N,T,False,N303T
tr|A0A9W2V4N6|A0A9W2V4N6_PANPR,601,303.0,N,T,False,N303T
tr|A0A9V1E3X8|A0A9V1E3X8_PANPR,601,303.0,N,T,False,N303T
tr|A0ABM3PR79|A0ABM3PR79_ACIJB,601,303.0,N,T,False,N303T
tr|A0A6P6IA58|A0A6P6IA58_PUMCO,601,303.0,N,T,False,N303T
tr|A0A673VSY8|A0A673VSY8_SURSU,601,303.0,N,T,False,N303T
tr|A0ABI7WHV4|A0ABI7WHV4_FELCA,601,303.0,N,T,False,N303T
tr|A0ABM5DIK9|A0ABM5DIK9_VICPA,601,303.0,N,T,False,N303T
tr|A0A8B8TCI7|A0A8B8TCI7_CAMFR,601,303.0,N,T,False,N303T
tr|A0AC58QLX8|A0AC58QLX8_CAMBA,601,303.0,N,T,False,N303T
tr|A0AC58QLY5|A0AC58QLY5_CAMBA,601,303.0,N,T,False,N303T
tr|A0A8M1MY92|A0A8M1MY92_NEOSC,601,303.0,N,T,False,N303T
tr|A0A2Y9HU18|A0A2Y9HU18_NEOSC,601,303.0,N,T,False,N303T
tr|A0A2Y9HU19|A0A2Y9HU19_NEOSC,601,303.0,N,T,False,N303T
tr|A0A6J2BKB8|A0A6J2BKB8_ZALCA,601,303.0,N,T,False,N303T
tr|A0A2U3WID3|A0A2U3WID3_ODORO,601,303.0,N,T,False,N303T
tr|A0A3Q7QLH5|A0A3Q7QLH5_CALUR,601,303.0,N,T,False,N303T
tr|A0A8U0R6L8|A0A8U0R6L8_MUSPF,601,303.0,N,T,False,N303T
tr|A0A8U0R7F3|A0A8U0R7F3_MUSPF,601,303.0,N,T,False,N303T
tr|A0ABM5B1I8|A0ABM5B1I8_VULVU,601,303.0,N,T,False,N303T
tr|A0ABM5B1I7|A0ABM5B1I7_VULVU,601,303.0,N,T,False,N303T
tr|A0ABM5B1I0|A0ABM5B1I0_VULVU,601,303.0,N,T,False,N303T
tr|A0A3Q7TRU1|A0A3Q7TRU1_VULVU,601,303.0,N,T,False,N303T
tr|A0ABM5B1H0|A0ABM5B1H0_VULVU,601,303.0,N,T,False,N303T
tr|A0ABM5B1H1|A0ABM5B1H1_VULVU,601,303.0,N,T,False,N303T
tr|A0A803WA84|A0A803WA84_FICAL,601,303.0,N,T,False,N303T
tr|A0A803VVV3|A0A803VVV3_FICAL,601,303.0,N,T,False,N303T
tr|A0A8C3V2Y9|A0A8C3V2Y9_CATUS,601,303.0,N,T,False,N303T
tr|A0A6P3RA75|A0A6P3RA75_PTEVA,601,303.0,N,T,False,N303T
tr|A0A8C2UVV4|A0A8C2UVV4_CHILA,601,303.0,N,T,False,N303T
tr|A0A8C9AS53|A0A8C9AS53_PROSS,601,303.0,N,T,False,N303T
tr|A0A1S3FGE5|A0A1S3FGE5_DIPOR,601,303.0,N,T,False,N303T
tr|A0ABM3TVV6|A0ABM3TVV6_BALAC,601,303.0,N,T,False,N303T
tr|A0A8B8YAI8|A0A8B8YAI8_BALMU,601,303.0,N,T,False,N303T
tr|A0ABM3TVW3|A0ABM3TVW3_BALAC,601,303.0,N,T,False,N303T
tr|A0A341CHV5|A0A341CHV5_NEOAA,601,303.0,N,T,False,N303T
tr|A0A341CFW6|A0A341CFW6_NEOAA,601,303.0,N,T,False,N303T
tr|A0A341CG55|A0A341CG55_NEOAA,601,303.0,N,T,False,N303T
tr|A0ACM7FC38|A0ACM7FC38_TURTR,601,303.0,N,T,False,N303T
tr|A0A8C9BRB4|A0A8C9BRB4_PHOSS,601,303.0,N,T,False,N303T
tr|A0A8C6B0W0|A0A8C6B0W0_MONMO,601,303.0,N,T,False,N303T
tr|A0ACM7FC36|A0ACM7FC36_TURTR,601,303.0,N,T,False,N303T
tr|A0A452FUL3|A0A452FUL3_CAPHI,601,303.0,N,T,False,N303T
tr|A0ABM3XUD6|A0ABM3XUD6_ERIEU,601,303.0,N,T,False,N303T
tr|A0ABM3XUE3|A0ABM3XUE3_ERIEU,601,303.0,N,T,False,N303T
tr|F1N4J3|F1N4J3_BOVIN,601,303.0,N,T,False,N303T
tr|A0A6P3GCY9|A0A6P3GCY9_BISBB,601,303.0,N,T,False,N303T
tr|A0A6P3QUS7|A0A6P3QUS7_PTEVA,601,303.0,N,T,False,N303T
tr|A0A6P3QVU1|A0A6P3QVU1_PTEVA,601,303.0,N,T,False,N303T
tr|A0A8I6AF22|A0A8I6AF22_RAT,601,303.0,N,T,False,N303T
tr|A0A9B0TDN8|A0A9B0TDN8_CHRAS,601,303.0,N,T,False,N303T
tr|D3Z142|D3Z142_MOUSE,601,303.0,N,T,False,N303T
tr|A0A286XZY9|A0A286XZY9_CAVPO,601,303.0,N,T,False,N303T
tr|A0A6P5PP52|A0A6P5PP52_MUSCR,601,303.0,N,T,False,N303T
tr|A0A8B9WDS0|A0A8B9WDS0_BOSGR,601,303.0,N,T,False,N303T
tr|A0ABM4S7Z7|A0ABM4S7Z7_BOSIN,601,303.0,N,T,False,N303T
tr|A0A8C9DT13|A0A8C9DT13_PROSS,601,303.0,N,T,False,N303T
tr|A0ABM0QMY5|A0ABM0QMY5_GALVR,601,303.0,N,T,False,N303T
tr|A0A8C5VJS7|A0A8C5VJS7_MICMU,601,303.0,N,T,False,N303T
tr|F7IF16|F7IF16_CALJA,601,303.0,N,T,False,N303T
tr|A0A1I7Q461|A0A1I7Q461_MACMU,601,303.0,N,T,False,N303T
tr|A0A8I5TXW6|A0A8I5TXW6_PONAB,601,303.0,N,T,False,N303T
tr|A0A2I3S453|A0A2I3S453_PANTR,601,303.0,N,T,False,N303T
tr|A0A8C9HND8|A0A8C9HND8_9PRIM,601,303.0,N,T,False,N303T
tr|A0A2K6PV49|A0A2K6PV49_RHIRO,601,303.0,N,T,False,N303T
tr|A0A6J3HN62|A0A6J3HN62_SAPAP,601,303.0,N,T,False,N303T
tr|A0A6I8ND77|A0A6I8ND77_ORNAN,601,303.0,N,T,False,N303T
tr|A0ABM1UMY6|A0ABM1UMY6_MICOH,601,303.0,N,T,False,N303T
tr|G1SG56|G1SG56_RABIT,601,303.0,N,T,False,N303T
tr|A9UCM9|A9UCM9_RABIT,601,303.0,N,T,False,N303T
tr|A0A6P3QUT6|A0A6P3QUT6_PTEVA,601,303.0,N,T,False,N303T
tr|A0A6P3QVU8|A0A6P3QVU8_PTEVA,601,303.0,N,T,False,N303T
tr|A0A6P3QXJ7|A0A6P3QXJ7_PTEVA,601,303.0,N,T,False,N303T
tr|A9UCM8|A9UCM8_MYOPI,601,303.0,N,T,False,N303T
tr|A0A6P3QVV3|A0A6P3QVV3_PTEVA,601,303.0,N,T,False,N303T
tr|A0A9B0T8U2|A0A9B0T8U2_CHRAS,601,303.0,N,T,False,N303T
tr|A0A9B0WIY9|A0A9B0WIY9_CHRAS,601,303.0,N,T,False,N303T
tr|A0A9B0WLM6|A0A9B0WLM6_CHRAS,601,303.0,N,T,False,N303T
tr|A0A8C5ZKA8|A0A8C5ZKA8_MARMA,601,303.0,N,T,False,N303T
tr|I6UC04|I6UC04_EOSFB,601,303.0,N,T,False,N303T
tr|F6TAH4|F6TAH4_CALJA,601,303.0,N,T,False,N303T
sp|Q5QL03|FOXP2_HYLLA,601,303.0,N,T,False,N303T
sp|Q8MJ98|FOXP2_PONPY,601,303.0,N,T,False,N303T
tr|A0A2I3HEU3|A0A2I3HEU3_NOMLE,601,303.0,N,T,False,N303T
tr|H2PN93|H2PN93_PONAB,601,303.0,N,T,False,N303T
sp|Q8MJ99|FOXP2_GORGO,601,303.0,N,T,False,N303T
sp|Q8MJ97|FOXP2_MACMU,601,303.0,N,T,False,N303T
sp|Q8HZ00|FOXP2_PANPA,601,303.0,N,T,False,N303T
tr|A0A2J8QXL9|A0A2J8QXL9_PANTR,601,303.0,N,T,False,N303T
sp|P58463|FOXP2_MOUSE,601,303.0,N,T,False,N303T
tr|H0UV26|H0UV26_CAVPO,601,303.0,N,T,False,N303T
tr|A0A8C5XHV4|A0A8C5XHV4_MICMU,601,303.0,N,T,False,N303T
tr|A0A2K6PV57|A0A2K6PV57_RHIRO,601,303.0,N,T,False,N303T
tr|A0A8C9HI14|A0A8C9HI14_9PRIM,601,303.0,N,T,False,N303T
tr|A0A663N1N8|A0A663N1N8_ATHCN,601,303.0,N,T,False,N303T
tr|A0A9W2WNW6|A0A9W2WNW6_PHYMC,601,303.0,N,T,False,N303T
tr|A0A803YMJ4|A0A803YMJ4_MELGA,601,303.0,N,T,False,N303T
tr|A0A663N2Y4|A0A663N2Y4_ATHCN,601,303.0,N,T,False,N303T
tr|A0A6J2G5V7|A0A6J2G5V7_9PASS,601,303.0,N,T,False,N303T
tr|A0A803VEU5|A0A803VEU5_FICAL,601,303.0,N,T,False,N303T
tr|Q6QBA5|Q6QBA5_TAEGU,601,303.0,N,T,False,N303T
tr|A0A8C6ZYM5|A0A8C6ZYM5_NOTPE,601,303.0,N,T,False,N303T
tr|A0A7F8QFI6|A0A7F8QFI6_LEPWE,601,303.0,N,T,False,N303T
tr|A0AC58QLY3|A0AC58QLY3_CAMBA,601,303.0,N,T,False,N303T
tr|A9UCN5|A9UCN5_TYLPA,601,303.0,N,T,False,N303T
tr|A0A2Y9HYX1|A0A2Y9HYX1_NEOSC,601,303.0,N,T,False,N303T
tr|A0A8M1MS50|A0A8M1MS50_NEOSC,601,303.0,N,T,False,N303T
tr|A0A7N5KPZ8|A0A7N5KPZ8_AILME,601,303.0,N,T,False,N303T
tr|A0A673VFZ0|A0A673VFZ0_SURSU,601,303.0,N,T,False,N303T
tr|A0ABI7WG31|A0ABI7WG31_FELCA,601,303.0,N,T,False,N303T
tr|A0A674IWZ5|A0A674IWZ5_9SAUR,601,303.0,N,T,False,N303T
tr|A0A8C5F2F1|A0A8C5F2F1_9SAUR,601,303.0,N,T,False,N303T
tr|A0A663N1N3|A0A663N1N3_ATHCN,601,303.0,N,T,False,N303T
tr|A0A8C2TN37|A0A8C2TN37_COTJA,601,303.0,N,T,False,N303T
tr|A0A8V0X5B4|A0A8V0X5B4_CHICK,601,303.0,N,T,False,N303T
tr|A0A6J0HH27|A0A6J0HH27_9PASS,601,303.0,N,T,False,N303T
tr|A0A674ISI7|A0A674ISI7_9SAUR,601,303.0,N,T,False,N303T
tr|A0A6J0HH90|A0A6J0HH90_9PASS,601,303.0,N,T,False,N303T
tr|G3X2N2|G3X2N2_SARHA,601,303.0,N,T,False,N303T
tr|A0A663N4T8|A0A663N4T8_ATHCN,601,303.0,N,T,False,N303T
tr|A0A663N503|A0A663N503_ATHCN,601,303.0,N,T,False,N303T
tr|A0A8C3UTJ3|A0A8C3UTJ3_CATUS,601,303.0,N,T,False,N303T
tr|A0A6P7Z2S0|A0A6P7Z2S0_9AMPH,601,303.0,N,T,False,N303T
tr|A0A6P8S6V7|A0A6P8S6V7_GEOSA,601,303.0,N,T,False,N303T
tr|A0A6P8SBP4|A0A6P8SBP4_GEOSA,601,303.0,N,T,False,N303T
tr|A0A6P8S5Q2|A0A6P8S5Q2_GEOSA,601,303.0,N,T,False,N303T
tr|A0A6P8S9T0|A0A6P8S9T0_GEOSA,601,303.0,N,T,False,N303T
tr|A0A8C6XFH2|A0A8C6XFH2_NAJNA,601,303.0,N,T,False,N303T
tr|A0A671G1Q2|A0A671G1Q2_RHIFE,601,303.0,N,T,False,N303T
tr|A0A8C9AS63|A0A8C9AS63_PROSS,601,303.0,N,T,False,N303T
tr|A0A6P6I9Z6|A0A6P6I9Z6_PUMCO,601,303.0,N,T,False,N303T
tr|A0A673VR77|A0A673VR77_SURSU,601,303.0,N,T,False,N303T
tr|A0ABI7WG59|A0ABI7WG59_FELCA,601,303.0,N,T,False,N303T
tr|G1L722|G1L722_AILME,601,303.0,N,T,False,N303T
tr|A0ABM5B1K2|A0ABM5B1K2_VULVU,601,303.0,N,T,False,N303T
tr|A0ABM5B1L8|A0ABM5B1L8_VULVU,601,303.0,N,T,False,N303T
tr|A0ABM5B1L5|A0ABM5B1L5_VULVU,601,303.0,N,T,False,N303T
tr|T1PV61|T1PV61_GEKGE,601,303.0,N,T,False,N303T
tr|A0A8V0XB05|A0A8V0XB05_CHICK,601,303.0,N,T,False,N303T
tr|H0Z4Q2|H0Z4Q2_TAEGU,601,303.0,N,T,False,N303T
tr|Q6QBA4|Q6QBA4_TAEGU,601,303.0,N,T,False,N303T
tr|A0A8V0X2A9|A0A8V0X2A9_CHICK,601,303.0,N,T,False,N303T
tr|G8HZI0|G8HZI0_CHICK,601,303.0,N,T,False,N303T
tr|G8HZI1|G8HZI1_CHICK,601,303.0,N,T,False,N303T
tr|A0A803YR11|A0A803YR11_MELGA,601,303.0,N,T,False,N303T
tr|G1KFZ6|G1KFZ6_ANOCA,601,303.0,N,T,False,N303T
tr|A0A2Y9DY63|A0A2Y9DY63_TRIMA,601,303.0,N,T,False,N303T
tr|A0A2Y9G187|A0A2Y9G187_TRIMA,601,303.0,N,T,False,N303T
tr|A0A9B0TEV2|A0A9B0TEV2_CHRAS,601,303.0,N,T,False,N303T
tr|A0A341CFH1|A0A341CFH1_NEOAA,601,303.0,N,T,False,N303T
tr|A0A8C5XBN6|A0A8C5XBN6_MICMU,601,303.0,N,T,False,N303T
tr|A0ABM4P5G3|A0ABM4P5G3_EQUPR,601,303.0,N,T,False,N303T
tr|A0ABM4P5F7|A0ABM4P5F7_EQUPR,601,303.0,N,T,False,N303T
tr|A0ABM4P5G2|A0ABM4P5G2_EQUPR,601,303.0,N,T,False,N303T
tr|A0A8C9AMI0|A0A8C9AMI0_PROSS,601,303.0,N,T,False,N303T
tr|F7IHC2|F7IHC2_CALJA,601,303.0,N,T,False,N303T
tr|A0A2I3TDM6|A0A2I3TDM6_PANTR,601,303.0,N,T,False,N303T
tr|A0A2K6PV55|A0A2K6PV55_RHIRO,601,303.0,N,T,False,N303T
tr|A0A8C9HU88|A0A8C9HU88_9PRIM,601,303.0,N,T,False,N303T
tr|A0A2K5PBI9|A0A2K5PBI9_CEBIM,601,303.0,N,T,False,N303T
tr|A0A2I3GSA3|A0A2I3GSA3_NOMLE,601,303.0,N,T,False,N303T
tr|A0A8I5U3S6|A0A8I5U3S6_PONAB,601,303.0,N,T,False,N303T
tr|A0A8J1MTY3|A0A8J1MTY3_XENLA,601,303.0,N,T,False,N303T
tr|A0A8J1MRN8|A0A8J1MRN8_XENLA,601,303.0,N,T,False,N303T
tr|A0A6I8SNY6|A0A6I8SNY6_XENTR,601,303.0,N,T,False,N303T
tr|A0A8J0SEG3|A0A8J0SEG3_XENTR,601,303.0,N,T,False,N303T
sp|Q4VYS1|FOXP2_XENLA,601,303.0,N,T,False,N303T
tr|A0A8J1MI35|A0A8J1MI35_XENLA,601,303.0,N,T,False,N303T
tr|A0A9F5IS39|A0A9F5IS39_PYTBI,601,303.0,N,T,False,N303T
tr|A0AA97JVF9|A0AA97JVF9_EUBMA,601,303.0,N,T,False,N303T
tr|A0A1S3FFW0|A0A1S3FFW0_DIPOR,601,303.0,N,T,False,N303T
tr|A0A1S3FHJ1|A0A1S3FHJ1_DIPOR,601,303.0,N,T,False,N303T
tr|A0A9B0WKY6|A0A9B0WKY6_CHRAS,601,303.0,N,T,False,N303T
tr|A0A6P3QUU2|A0A6P3QUU2_PTEVA,601,303.0,N,T,False,N303T
tr|A0A6P3R3E3|A0A6P3R3E3_PTEVA,601,303.0,N,T,False,N303T
tr|A0A6P6IBH3|A0A6P6IBH3_PUMCO,601,303.0,N,T,False,N303T
tr|A0A2Y9DXW8|A0A2Y9DXW8_TRIMA,601,303.0,N,T,False,N303T
tr|A0A2Y9FYP5|A0A2Y9FYP5_TRIMA,601,303.0,N,T,False,N303T
tr|V6F812|V6F812_LATCH,601,303.0,N,T,False,N303T
tr|T1PTW0|T1PTW0_9SAUR,601,303.0,N,T,False,N303T
tr|A0A803V983|A0A803V983_FICAL,601,303.0,N,T,False,N303T
tr|A0A218V5A9|A0A218V5A9_9PASE,601,303.0,N,T,False,N303T
tr|V6F7W6|V6F7W6_ANOCA,601,303.0,N,T,False,N303T
tr|A0A9J7J952|A0A9J7J952_CRIGR,601,303.0,N,T,False,N303T
tr|A9UCM1|A9UCM1_9CHIR,601,303.0,N,T,False,N303T
tr|A0A6P3QUT3|A0A6P3QUT3_PTEVA,601,303.0,N,T,False,N303T
tr|A9UCN4|A9UCN4_TAPME,601,303.0,N,T,False,N303T
tr|A0A7E6CIM9|A0A7E6CIM9_9CHIR,601,303.0,N,T,False,N303T
tr|A0ABM4G1M1|A0ABM4G1M1_9AVES,601,303.0,N,T,False,N303T
tr|A0ABM5GG36|A0ABM5GG36_9SAUR,601,303.0,N,T,False,N303T
tr|A0A8C4LJ36|A0A8C4LJ36_EQUAS,601,303.0,N,T,False,N303T
tr|A0A341CFW9|A0A341CFW9_NEOAA,601,303.0,N,T,False,N303T
tr|A0A8C2TQ46|A0A8C2TQ46_COTJA,601,303.0,N,T,False,N303T
tr|A0A8V0XB36|A0A8V0XB36_CHICK,601,303.0,N,T,False,N303T
tr|A0A663N507|A0A663N507_ATHCN,601,303.0,N,T,False,N303T
tr|A0A663N1P3|A0A663N1P3_ATHCN,601,303.0,N,T,False,N303T
tr|A0A6J3EI75|A0A6J3EI75_AYTFU,601,303.0,N,T,False,N303T
tr|A0A803V0S5|A0A803V0S5_FICAL,601,303.0,N,T,False,N303T
tr|A0A8C3V1M9|A0A8C3V1M9_CATUS,601,303.0,N,T,False,N303T
tr|A0A8C2TQ55|A0A8C2TQ55_COTJA,601,303.0,N,T,False,N303T
tr|A0A663N4U8|A0A663N4U8_ATHCN,601,303.0,N,T,False,N303T
tr|A0A8C3UYW6|A0A8C3UYW6_CATUS,601,303.0,N,T,False,N303T
tr|A9UCL7|A9UCL7_ASEST,601,303.0,N,T,False,N303T
tr|A9UCN1|A9UCN1_9CHIR,601,303.0,N,T,False,N303T
tr|A0A671G1R6|A0A671G1R6_RHIFE,601,303.0,N,T,False,N303T
tr|A9UCN0|A9UCN0_RHIFE,601,303.0,N,T,False,N303T
tr|A0A9B0WLM4|A0A9B0WLM4_CHRAS,601,303.0,N,T,False,N303T
tr|A0A6P6I9Z9|A0A6P6I9Z9_PUMCO,601,303.0,N,T,False,N303T
tr|A0A6P3QXK5|A0A6P3QXK5_PTEVA,601,303.0,N,T,False,N303T
tr|A0A2Y9DY69|A0A2Y9DY69_TRIMA,601,303.0,N,T,False,N303T
tr|A0A6P3RA83|A0A6P3RA83_PTEVA,601,303.0,N,T,False,N303T
tr|A0A2Y9DWZ0|A0A2Y9DWZ0_TRIMA,601,303.0,N,T,False,N303T
tr|A0A6P6IA61|A0A6P6IA61_PUMCO,601,303.0,N,T,False,N303T
tr|A0A341CFX6|A0A341CFX6_NEOAA,601,303.0,N,T,False,N303T
tr|A0A341CG67|A0A341CG67_NEOAA,601,303.0,N,T,False,N303T
tr|A0A341CHW5|A0A341CHW5_NEOAA,601,303.0,N,T,False,N303T
tr|A0A8M1MQ99|A0A8M1MQ99_NEOSC,601,303.0,N,T,False,N303T
tr|A0A2U3WIG6|A0A2U3WIG6_ODORO,601,303.0,N,T,False,N303T
tr|A0A8M1MQ91|A0A8M1MQ91_NEOSC,601,303.0,N,T,False,N303T
tr|A0A2U3WID5|A0A2U3WID5_ODORO,601,303.0,N,T,False,N303T
tr|A0A2U3WID8|A0A2U3WID8_ODORO,601,303.0,N,T,False,N303T
tr|A0A8M1MS54|A0A8M1MS54_NEOSC,601,303.0,N,T,False,N303T
tr|A0A1V4JAD2|A0A1V4JAD2_PATFA,601,303.0,N,T,False,N303T
tr|A0A1S3FHI6|A0A1S3FHI6_DIPOR,601,303.0,N,T,False,N303T
tr|A0A1S3FGE9|A0A1S3FGE9_DIPOR,601,303.0,N,T,False,N303T
tr|A0A1S3FH55|A0A1S3FH55_DIPOR,601,303.0,N,T,False,N303T
tr|A0A1S3FFJ5|A0A1S3FFJ5_DIPOR,601,303.0,N,T,False,N303T
tr|A0A1S3FFK0|A0A1S3FFK0_DIPOR,601,303.0,N,T,False,N303T
tr|A0A670Z5Y1|A0A670Z5Y1_PSETE,601,303.0,N,T,False,N303T
tr|A0A670Z823|A0A670Z823_PSETE,601,303.0,N,T,False,N303T
tr|A0A6J1U1T0|A0A6J1U1T0_9SAUR,601,303.0,N,T,False,N303T
tr|A0A6P3FFL7|A0A6P3FFL7_OCTDE,601,303.0,N,T,False,N303T
tr|A0A6I9YXB8|A0A6I9YXB8_9SAUR,601,303.0,N,T,False,N303T
tr|A0A8C0U7Z2|A0A8C0U7Z2_CYACU,601,303.0,N,T,False,N303T
tr|A0A6J0HIE4|A0A6J0HIE4_9PASS,601,303.0,N,T,False,N303T
tr|A0AC58LUB7|A0AC58LUB7_CASCN,601,303.0,N,T,False,N303T
tr|A0AC58LUC3|A0AC58LUC3_CASCN,601,303.0,N,T,False,N303T
tr|A0ABM3XUF3|A0ABM3XUF3_ERIEU,601,303.0,N,T,False,N303T
tr|A0ABM3TW40|A0ABM3TW40_BALAC,601,303.0,N,T,False,N303T
tr|G3TN54|G3TN54_LOXAF,601,303.0,N,T,False,N303T
tr|A0A5F8H207|A0A5F8H207_MONDO,601,303.0,N,T,False,N303T
tr|A0ABM4P5I0|A0ABM4P5I0_EQUPR,601,303.0,N,T,False,N303T
tr|A0ABM4P5G5|A0ABM4P5G5_EQUPR,601,303.0,N,T,False,N303T
tr|A0ABM4P5H0|A0ABM4P5H0_EQUPR,601,303.0,N,T,False,N303T
tr|A0A9W2WNX7|A0A9W2WNX7_PHYMC,601,303.0,N,T,False,N303T
tr|Q6QBA2|Q6QBA2_TAEGU,601,303.0,N,T,False,N303T
tr|A0ABM4S800|A0ABM4S800_BOSIN,601,303.0,N,T,False,N303T
tr|A0A2K6PV67|A0A2K6PV67_RHIRO,601,303.0,N,T,False,N303T
tr|A0A6P3QVV6|A0A6P3QVV6_PTEVA,601,303.0,N,T,False,N303T
tr|A0ABM1JYM0|A0ABM1JYM0_GEKJA,601,303.0,N,T,False,N303T
tr|A0A3Q0H2H6|A0A3Q0H2H6_ALLSI,601,303.0,N,T,False,N303T
tr|A0A8M1GWA4|A0A8M1GWA4_URSMA,601,303.0,N,T,False,N303T
tr|A0ABM3PR68|A0ABM3PR68_ACIJB,601,303.0,N,T,False,N303T
tr|A0ABM3PR69|A0ABM3PR69_ACIJB,601,303.0,N,T,False,N303T
tr|A0A9W2V4P6|A0A9W2V4P6_PANPR,601,303.0,N,T,False,N303T
tr|A0AC58QLY9|A0AC58QLY9_CAMBA,601,303.0,N,T,False,N303T
tr|A0ABM5DIK7|A0ABM5DIK7_VICPA,601,303.0,N,T,False,N303T
tr|A0ABM5DIK8|A0ABM5DIK8_VICPA,601,303.0,N,T,False,N303T
tr|A0AC58QLX6|A0AC58QLX6_CAMBA,601,303.0,N,T,False,N303T
tr|A0A2U3WIE1|A0A2U3WIE1_ODORO,601,303.0,N,T,False,N303T
tr|A0ABM5B1M3|A0ABM5B1M3_VULVU,601,303.0,N,T,False,N303T
tr|A0ABM5B1N0|A0ABM5B1N0_VULVU,601,303.0,N,T,False,N303T
tr|A0ABM5B1L9|A0ABM5B1L9_VULVU,601,303.0,N,T,False,N303T
tr|A0ABM5B1L6|A0ABM5B1L6_VULVU,601,303.0,N,T,False,N303T
tr|A0A8U0UL47|A0A8U0UL47_MUSPF,601,303.0,N,T,False,N303T
tr|A0ABM5B1L7|A0ABM5B1L7_VULVU,601,303.0,N,T,False,N303T
tr|A0ABI7WHC7|A0ABI7WHC7_FELCA,601,303.0,N,T,False,N303T
tr|A0A9W2V474|A0A9W2V474_PANPR,601,303.0,N,T,False,N303T
tr|A0A6P6IDD8|A0A6P6IDD8_PUMCO,601,303.0,N,T,False,N303T
tr|A0A6P6IA24|A0A6P6IA24_PUMCO,601,303.0,N,T,False,N303T
tr|A0A9W2V434|A0A9W2V434_PANPR,601,303.0,N,T,False,N303T
tr|A0A2U3XEH3|A0A2U3XEH3_LEPWE,601,303.0,N,T,False,N303T
tr|A0A2Y9HTI5|A0A2Y9HTI5_NEOSC,601,303.0,N,T,False,N303T
tr|A0A8M1MQ86|A0A8M1MQ86_NEOSC,601,303.0,N,T,False,N303T
tr|A0A8M1MQ95|A0A8M1MQ95_NEOSC,601,303.0,N,T,False,N303T
tr|A0A8M1MTH9|A0A8M1MTH9_NEOSC,601,303.0,N,T,False,N303T
tr|A0A8M1MY93|A0A8M1MY93_NEOSC,601,303.0,N,T,False,N303T
tr|A0A9W3FUS5|A0A9W3FUS5_CAMBA,601,303.0,N,T,False,N303T
tr|A0A2U3WID9|A0A2U3WID9_ODORO,601,303.0,N,T,False,N303T
tr|A0A2U3WIG2|A0A2U3WIG2_ODORO,601,303.0,N,T,False,N303T
tr|A0AC58LUA0|A0AC58LUA0_CASCN,601,303.0,N,T,False,N303T
tr|A0A8U0R521|A0A8U0R521_MUSPF,601,303.0,N,T,False,N303T
tr|A0A8U0R6N5|A0A8U0R6N5_MUSPF,601,303.0,N,T,False,N303T
tr|A9UCL6|A9UCL6_ARCCL,601,303.0,N,T,False,N303T
tr|A0ABM5B1L2|A0ABM5B1L2_VULVU,601,303.0,N,T,False,N303T
tr|A0ABM5B1L4|A0ABM5B1L4_VULVU,601,303.0,N,T,False,N303T
tr|A0A8I3RUG8|A0A8I3RUG8_CANLF,601,303.0,N,T,False,N303T
tr|A0ABM5B1J8|A0ABM5B1J8_VULVU,601,303.0,N,T,False,N303T
tr|A0ABM5B1I9|A0ABM5B1I9_VULVU,601,303.0,N,T,False,N303T
tr|A0ABM5B1I1|A0ABM5B1I1_VULVU,601,303.0,N,T,False,N303T
tr|A0ABM5B1J0|A0ABM5B1J0_VULVU,601,303.0,N,T,False,N303T
tr|A0A9W2WNK8|A0A9W2WNK8_PHYMC,601,303.0,N,T,False,N303T
tr|A0A9W2WP01|A0A9W2WP01_PHYMC,601,303.0,N,T,False,N303T
tr|A0A8C6B2U9|A0A8C6B2U9_MONMO,601,303.0,N,T,False,N303T
tr|A0ACM7FC33|A0ACM7FC33_TURTR,601,303.0,N,T,False,N303T
tr|A0ACM7FC46|A0ACM7FC46_TURTR,601,303.0,N,T,False,N303T
tr|A0ABM3TVW1|A0ABM3TVW1_BALAC,601,303.0,N,T,False,N303T
tr|A0ABM3TVX2|A0ABM3TVX2_BALAC,601,303.0,N,T,False,N303T
tr|A0A341CFX1|A0A341CFX1_NEOAA,601,303.0,N,T,False,N303T
tr|A0A341CFX4|A0A341CFX4_NEOAA,601,303.0,N,T,False,N303T
tr|A0A341CHW0|A0A341CHW0_NEOAA,601,303.0,N,T,False,N303T
tr|A0A341CG60|A0A341CG60_NEOAA,601,303.0,N,T,False,N303T
tr|A0A6P3QXK1|A0A6P3QXK1_PTEVA,601,303.0,N,T,False,N303T
tr|A0A6P3RA78|A0A6P3RA78_PTEVA,601,303.0,N,T,False,N303T
tr|A0A1S2ZA35|A0A1S2ZA35_ERIEU,601,303.0,N,T,False,N303T
tr|A0ABM3XUG2|A0ABM3XUG2_ERIEU,601,303.0,N,T,False,N303T
sp|P0CF24|FOXP2_RAT,601,303.0,N,T,False,N303T
tr|A0A8D2IE09|A0A8D2IE09_UROPR,601,303.0,N,T,False,N303T
tr|A0A9B0T7F5|A0A9B0T7F5_CHRAS,601,303.0,N,T,False,N303T
tr|A0A9B0TBD9|A0A9B0TBD9_CHRAS,601,303.0,N,T,False,N303T
tr|A0A8B9W6Z7|A0A8B9W6Z7_BOSGR,601,303.0,N,T,False,N303T
tr|A0ABM4S7Z1|A0ABM4S7Z1_BOSIN,601,303.0,N,T,False,N303T
tr|A0AAA9RWR3|A0AAA9RWR3_BOVIN,601,303.0,N,T,False,N303T
tr|A0ABM4P5G4|A0ABM4P5G4_EQUPR,601,303.0,N,T,False,N303T
tr|A0A6P5K4P6|A0A6P5K4P6_PHACI,601,303.0,N,T,False,N303T
tr|A9UCM3|A9UCM3_EQUAS,601,303.0,N,T,False,N303T
tr|A0ABM4P5F0|A0ABM4P5F0_EQUPR,601,303.0,N,T,False,N303T
tr|A0ABM4P5E9|A0ABM4P5E9_EQUPR,601,303.0,N,T,False,N303T
tr|A0ABM4P5E3|A0ABM4P5E3_EQUPR,601,303.0,N,T,False,N303T
tr|A0ABM4P5E4|A0ABM4P5E4_EQUPR,601,303.0,N,T,False,N303T
tr|A0A9F2NWE2|A0A9F2NWE2_PYTBI,601,303.0,N,T,False,N303T
tr|K7G4L3|K7G4L3_PELSI,601,303.0,N,T,False,N303T
tr|A0A7M4ESK2|A0A7M4ESK2_CROPO,601,303.0,N,T,False,N303T
tr|A0A8C0GSH0|A0A8C0GSH0_CHEAB,601,303.0,N,T,False,N303T
tr|A0A8T1SIB8|A0A8T1SIB8_CHESE,601,303.0,N,T,False,N303T
tr|A9UCN6|A9UCN6_TRASC,601,303.0,N,T,False,N303T
tr|A0A5F8GPP1|A0A5F8GPP1_MONDO,601,303.0,N,T,False,N303T
tr|A0A8C4YPR3|A0A8C4YPR3_9SAUR,601,303.0,N,T,False,N303T
tr|A0A674IUJ3|A0A674IUJ3_9SAUR,601,303.0,N,T,False,N303T
tr|A0A8V0X8C6|A0A8V0X8C6_CHICK,601,303.0,N,T,False,N303T
tr|G8HZH9|G8HZH9_CHICK,601,303.0,N,T,False,N303T
tr|Q6TKS2|Q6TKS2_TAEGU,601,303.0,N,T,False,N303T
tr|A0A8C6NFR5|A0A8C6NFR5_MELUD,601,303.0,N,T,False,N303T
tr|Q6S511|Q6S511_MELUD,601,303.0,N,T,False,N303T
tr|G8HZH8|G8HZH8_CHICK,601,303.0,N,T,False,N303T
tr|A0A8V0XB47|A0A8V0XB47_CHICK,601,303.0,N,T,False,N303T
tr|A0ABM4G1D2|A0ABM4G1D2_9AVES,601,303.0,N,T,False,N303T
tr|A0ABM0GFX0|A0ABM0GFX0_SACKO,602,304.0,T,N,False,T304N
tr|A0A6P8VIH1|A0A6P8VIH1_GYMAC,602,304.0,T,P,False,T304P
tr|A0A2I4BXB8|A0A2I4BXB8_AUSLI,602,304.0,T,P,False,T304P
tr|A0A2I4BXF7|A0A2I4BXF7_AUSLI,602,304.0,T,P,False,T304P
tr|A0A2I4BXC1|A0A2I4BXC1_AUSLI,602,304.0,T,P,False,T304P
tr|A0A2I4BXC7|A0A2I4BXC7_AUSLI,602,304.0,T,P,False,T304P
tr|A0ABV1A463|A0ABV1A463_9TELE,602,304.0,T,P,False,T304P
tr|A0AAV9S7N1|A0AAV9S7N1_9TELE,602,304.0,T,P,False,T304P
tr|A0ABV0TT83|A0ABV0TT83_9TELE,602,304.0,T,P,False,T304P
tr|A0A6P7NA03|A0A6P7NA03_BETSP,602,304.0,T,P,False,T304P
tr|A0A9W2XZU5|A0A9W2XZU5_BETSP,602,304.0,T,P,False,T304P
tr|A0A6P7NFA4|A0A6P7NFA4_BETSP,602,304.0,T,P,False,T304P
tr|A0A9W2XZJ7|A0A9W2XZJ7_BETSP,602,304.0,T,P,False,T304P
tr|A0A6P7NA07|A0A6P7NA07_BETSP,602,304.0,T,P,False,T304P
tr|A0A6P7NE39|A0A6P7NE39_BETSP,602,304.0,T,P,False,T304P
tr|A0A6J2S884|A0A6J2S884_COTGO,602,304.0,T,P,False,T304P
tr|A0A6P7I2Q9|A0A6P7I2Q9_9TELE,602,304.0,T,P,False,T304P
tr|A0A6P7HH59|A0A6P7HH59_9TELE,602,304.0,T,P,False,T304P
tr|A0A6P7HWN0|A0A6P7HWN0_9TELE,602,304.0,T,P,False,T304P
tr|A0A9Y4NB67|A0A9Y4NB67_9TELE,602,304.0,T,P,False,T304P
tr|A0A9Y6LYW8|A0A9Y6LYW8_9CICH,602,304.0,T,P,False,T304P
tr|A0A9Y3R1R7|A0A9Y3R1R7_9CICH,602,304.0,T,P,False,T304P
tr|A0AC36JJL6|A0AC36JJL6_9CICH,602,304.0,T,P,False,T304P
tr|A0ACF8DDW5|A0ACF8DDW5_ARAGI,602,304.0,T,P,False,T304P
tr|A9UCM2|A9UCM2_CYNSP,602,304.0,T,I,False,T304I
tr|A0A8U0R0X1|A0A8U0R0X1_SALNM,602,304.0,T,P,False,T304P
tr|A0AC58J6Q9|A0AC58J6Q9_DANRE,602,304.0,T,N,False,T304N
tr|A0AC58J6Q2|A0AC58J6Q2_DANRE,602,304.0,T,N,False,T304N
tr|A0AB32TNW7|A0AB32TNW7_DANRE,602,304.0,T,N,False,T304N
tr|A0AC58J6S2|A0AC58J6S2_DANRE,602,304.0,T,N,False,T304N
tr|A0AC58J6R3|A0AC58J6R3_DANRE,602,304.0,T,N,False,T304N
tr|A0ACM8Q842|A0ACM8Q842_DANRE,602,304.0,T,N,False,T304N
tr|A0AB32TSB5|A0AB32TSB5_DANRE,602,304.0,T,N,False,T304N
tr|A0AB32TQV9|A0AB32TQV9_DANRE,602,304.0,T,N,False,T304N
tr|A0AB32TLD3|A0AB32TLD3_DANRE,602,304.0,T,N,False,T304N
tr|A0AC58J6Q5|A0AC58J6Q5_DANRE,602,304.0,T,N,False,T304N
tr|A0A2Y9P5C2|A0A2Y9P5C2_DELLE,602,304.0,T,A,False,T304A
tr|A0A9W2WNZ4|A0A9W2WNZ4_PHYMC,602,304.0,T,A,False,T304A
tr|A0A9W2WNT7|A0A9W2WNT7_PHYMC,602,304.0,T,A,False,T304A
tr|A0A9W2WP90|A0A9W2WP90_PHYMC,602,304.0,T,A,False,T304A
tr|A0A9W2WNJ2|A0A9W2WNJ2_PHYMC,602,304.0,T,A,False,T304A
tr|A0A9W2WPF2|A0A9W2WPF2_PHYMC,602,304.0,T,A,False,T304A
tr|A0A8C2UVV4|A0A8C2UVV4_CHILA,602,304.0,T,A,False,T304A
tr|A0ABM3TVV6|A0ABM3TVV6_BALAC,602,304.0,T,A,False,T304A
tr|A0A8B8YAI8|A0A8B8YAI8_BALMU,602,304.0,T,A,False,T304A
tr|A0ABM3TVW3|A0ABM3TVW3_BALAC,602,304.0,T,A,False,T304A
tr|A0A341CHV5|A0A341CHV5_NEOAA,602,304.0,T,A,False,T304A
tr|A0A341CFW6|A0A341CFW6_NEOAA,602,304.0,T,A,False,T304A
tr|A0A341CG55|A0A341CG55_NEOAA,602,304.0,T,A,False,T304A
tr|A0ACM7FC38|A0ACM7FC38_TURTR,602,304.0,T,A,False,T304A
tr|A0A8C9BRB4|A0A8C9BRB4_PHOSS,602,304.0,T,A,False,T304A
tr|A0A8C6B0W0|A0A8C6B0W0_MONMO,602,304.0,T,A,False,T304A
tr|A0ACM7FC36|A0ACM7FC36_TURTR,602,304.0,T,A,False,T304A
tr|A0A3Q0D8Q9|A0A3Q0D8Q9_MESAU,602,304.0,T,S,False,T304S
tr|A0A9W2WNW6|A0A9W2WNW6_PHYMC,602,304.0,T,A,False,T304A
tr|A0ABM2W223|A0ABM2W223_MESAU,602,304.0,T,S,False,T304S
tr|A0A341CFH1|A0A341CFH1_NEOAA,602,304.0,T,A,False,T304A
tr|A0A341CFW9|A0A341CFW9_NEOAA,602,304.0,T,A,False,T304A
tr|A0A341CFX6|A0A341CFX6_NEOAA,602,304.0,T,A,False,T304A
tr|A0A341CG67|A0A341CG67_NEOAA,602,304.0,T,A,False,T304A
tr|A0A341CHW5|A0A341CHW5_NEOAA,602,304.0,T,A,False,T304A
tr|A0ABM3TW40|A0ABM3TW40_BALAC,602,304.0,T,A,False,T304A
tr|A0A9W2WNX7|A0A9W2WNX7_PHYMC,602,304.0,T,A,False,T304A
tr|A0A9W2WNK8|A0A9W2WNK8_PHYMC,602,304.0,T,A,False,T304A
tr|A0A9W2WP01|A0A9W2WP01_PHYMC,602,304.0,T,A,False,T304A
tr|A0A8C6B2U9|A0A8C6B2U9_MONMO,602,304.0,T,A,False,T304A
tr|A0ACM7FC33|A0ACM7FC33_TURTR,602,304.0,T,A,False,T304A
tr|A0ACM7FC46|A0ACM7FC46_TURTR,602,304.0,T,A,False,T304A
tr|A0ABM3TVW1|A0ABM3TVW1_BALAC,602,304.0,T,A,False,T304A
tr|A0ABM3TVX2|A0ABM3TVX2_BALAC,602,304.0,T,A,False,T304A
tr|A0A341CFX1|A0A341CFX1_NEOAA,602,304.0,T,A,False,T304A
tr|A0A341CFX4|A0A341CFX4_NEOAA,602,304.0,T,A,False,T304A
tr|A0A341CHW0|A0A341CHW0_NEOAA,602,304.0,T,A,False,T304A
tr|A0A341CG60|A0A341CG60_NEOAA,602,304.0,T,A,False,T304A
tr|A0ABM0GFX0|A0ABM0GFX0_SACKO,603,305.0,S,G,False,S305G
tr|A0A6P8VIH1|A0A6P8VIH1_GYMAC,603,305.0,S,A,False,S305A
tr|A0A2I4BXB8|A0A2I4BXB8_AUSLI,603,305.0,S,A,False,S305A
tr|A0A2I4BXF7|A0A2I4BXF7_AUSLI,603,305.0,S,A,False,S305A
tr|A0A2I4BXC1|A0A2I4BXC1_AUSLI,603,305.0,S,A,False,S305A
tr|A0A2I4BXC7|A0A2I4BXC7_AUSLI,603,305.0,S,A,False,S305A
tr|A0ABV1A463|A0ABV1A463_9TELE,603,305.0,S,A,False,S305A
tr|A0AAV9S7N1|A0AAV9S7N1_9TELE,603,305.0,S,A,False,S305A
tr|A0ABV0TT83|A0ABV0TT83_9TELE,603,305.0,S,A,False,S305A
tr|A0A6P7NA03|A0A6P7NA03_BETSP,603,305.0,S,A,False,S305A
tr|A0A9W2XZU5|A0A9W2XZU5_BETSP,603,305.0,S,A,False,S305A
tr|A0A6P7NFA4|A0A6P7NFA4_BETSP,603,305.0,S,A,False,S305A
tr|A0A9W2XZJ7|A0A9W2XZJ7_BETSP,603,305.0,S,A,False,S305A
tr|A0A6P7NA07|A0A6P7NA07_BETSP,603,305.0,S,A,False,S305A
tr|A0A6P7NE39|A0A6P7NE39_BETSP,603,305.0,S,A,False,S305A
tr|A0A6J2S884|A0A6J2S884_COTGO,603,305.0,S,A,False,S305A
tr|A0A6P7I2Q9|A0A6P7I2Q9_9TELE,603,305.0,S,A,False,S305A
tr|A0A6P7HH59|A0A6P7HH59_9TELE,603,305.0,S,A,False,S305A
tr|A0A6P7HWN0|A0A6P7HWN0_9TELE,603,305.0,S,A,False,S305A
tr|A0A9Y4NB67|A0A9Y4NB67_9TELE,603,305.0,S,A,False,S305A
tr|A0A9Y6LYW8|A0A9Y6LYW8_9CICH,603,305.0,S,A,False,S305A
tr|A0A9Y3R1R7|A0A9Y3R1R7_9CICH,603,305.0,S,A,False,S305A
tr|A0AC36JJL6|A0AC36JJL6_9CICH,603,305.0,S,A,False,S305A
tr|A0AC58J6Q9|A0AC58J6Q9_DANRE,603,305.0,S,P,False,S305P
tr|A0AC58J6Q2|A0AC58J6Q2_DANRE,603,305.0,S,P,False,S305P
tr|A0AB32TNW7|A0AB32TNW7_DANRE,603,305.0,S,P,False,S305P
tr|A0AC58J6S2|A0AC58J6S2_DANRE,603,305.0,S,P,False,S305P
tr|A0AC58J6R3|A0AC58J6R3_DANRE,603,305.0,S,P,False,S305P
tr|A0ACM8Q842|A0ACM8Q842_DANRE,603,305.0,S,P,False,S305P
tr|A0AB32TSB5|A0AB32TSB5_DANRE,603,305.0,S,P,False,S305P
tr|A0AB32TQV9|A0AB32TQV9_DANRE,603,305.0,S,P,False,S305P
tr|A0AB32TLD3|A0AB32TLD3_DANRE,603,305.0,S,P,False,S305P
tr|A0AC58J6Q5|A0AC58J6Q5_DANRE,603,305.0,S,P,False,S305P
tr|A0AA47MXR6|A0AA47MXR6_MERPO,604,306.0,K,Y,False,K306Y
tr|A0ABM0GFX0|A0ABM0GFX0_SACKO,604,306.0,K,F,False,K306F
tr|A0ABM0GFX0|A0ABM0GFX0_SACKO,605,307.0,A,P,False,A307P
tr|A0A2I4BXB8|A0A2I4BXB8_AUSLI,605,307.0,A,T,False,A307T
tr|A0A2I4BXF7|A0A2I4BXF7_AUSLI,605,307.0,A,T,False,A307T
tr|A0A2I4BXC1|A0A2I4BXC1_AUSLI,605,307.0,A,T,False,A307T
tr|A0A2I4BXC7|A0A2I4BXC7_AUSLI,605,307.0,A,T,False,A307T
tr|A9UCM2|A9UCM2_CYNSP,605,307.0,A,V,False,A307V
tr|A0A6P8GSV4|A0A6P8GSV4_CLUHA,605,307.0,A,T,False,A307T
tr|A0A6P3QXJ2|A0A6P3QXJ2_PTEVA,605,307.0,A,V,False,A307V
tr|A0A6P3R3C8|A0A6P3R3C8_PTEVA,605,307.0,A,V,False,A307V
tr|A0A6P3QXI5|A0A6P3QXI5_PTEVA,605,307.0,A,V,False,A307V
tr|A9UCN2|A9UCN2_ROULE,605,307.0,A,V,False,A307V
tr|A0A6P3RA75|A0A6P3RA75_PTEVA,605,307.0,A,V,False,A307V
tr|A0A6P3QUS7|A0A6P3QUS7_PTEVA,605,307.0,A,V,False,A307V
tr|A0A6P3QVU1|A0A6P3QVU1_PTEVA,605,307.0,A,V,False,A307V
tr|A0A6P3QUT6|A0A6P3QUT6_PTEVA,605,307.0,A,V,False,A307V
tr|A0A6P3QVU8|A0A6P3QVU8_PTEVA,605,307.0,A,V,False,A307V
tr|A0A6P3QXJ7|A0A6P3QXJ7_PTEVA,605,307.0,A,V,False,A307V
tr|A0A6P3QVV3|A0A6P3QVV3_PTEVA,605,307.0,A,V,False,A307V
tr|A0A6P3QUU2|A0A6P3QUU2_PTEVA,605,307.0,A,V,False,A307V
tr|A0A6P3R3E3|A0A6P3R3E3_PTEVA,605,307.0,A,V,False,A307V
tr|A9UCM1|A9UCM1_9CHIR,605,307.0,A,V,False,A307V
tr|A0A6P3QUT3|A0A6P3QUT3_PTEVA,605,307.0,A,V,False,A307V
tr|A0A6P3QXK5|A0A6P3QXK5_PTEVA,605,307.0,A,V,False,A307V
tr|A0A6P3RA83|A0A6P3RA83_PTEVA,605,307.0,A,V,False,A307V
tr|A0A6P3QVV6|A0A6P3QVV6_PTEVA,605,307.0,A,V,False,A307V
tr|A0A6P3QXK1|A0A6P3QXK1_PTEVA,605,307.0,A,V,False,A307V
tr|A0A6P3RA78|A0A6P3RA78_PTEVA,605,307.0,A,V,False,A307V
tr|A0AA47MXR6|A0AA47MXR6_MERPO,606,308.0,S,A,False,S308A
tr|A0ABM0GFX0|A0ABM0GFX0_SACKO,606,308.0,S,E,False,S308E
tr|G3SFK7|G3SFK7_GORGO,606,308.0,S,F,False,S308F
tr|A0AA47MXR6|A0AA47MXR6_MERPO,607,309.0,P,T,False,P309T
tr|A0ABM0GFX0|A0ABM0GFX0_SACKO,607,309.0,P,G,False,P309G
tr|G3RNZ0|G3RNZ0_GORGO,607,309.0,P,A,False,P309A
tr|G3SFK7|G3SFK7_GORGO,607,309.0,P,L,False,P309L
tr|A0A8C6NFR5|A0A8C6NFR5_MELUD,607,309.0,P,S,False,P309S
tr|A0ABM0GFX0|A0ABM0GFX0_SACKO,608,310.0,P,A,False,P310A
tr|A0ACF8DDW5|A0ACF8DDW5_ARAGI,608,310.0,P,S,False,P310S
tr|A0ABM0GFX0|A0ABM0GFX0_SACKO,609,311.0,I,L,False,I311L
tr|A0A8C5ZKA8|A0A8C5ZKA8_MARMA,609,311.0,I,V,False,I311V
tr|A0A8D2IE09|A0A8D2IE09_UROPR,609,311.0,I,V,False,I311V
tr|A0AA47MXR6|A0AA47MXR6_MERPO,610,312.0,T,K,False,T312K
tr|A0ABM0GFX0|A0ABM0GFX0_SACKO,610,312.0,T,L,False,T312L
tr|A0A6P8VIH1|A0A6P8VIH1_GYMAC,610,312.0,T,S,False,T312S
tr|A0ABV1A463|A0ABV1A463_9TELE,610,312.0,T,S,False,T312S
tr|A0AAV9S7N1|A0AAV9S7N1_9TELE,610,312.0,T,S,False,T312S
tr|A0ABV0TT83|A0ABV0TT83_9TELE,610,312.0,T,S,False,T312S
tr|A0A6P7NA03|A0A6P7NA03_BETSP,610,312.0,T,S,False,T312S
tr|A0A9W2XZU5|A0A9W2XZU5_BETSP,610,312.0,T,S,False,T312S
tr|A0A6P7NFA4|A0A6P7NFA4_BETSP,610,312.0,T,S,False,T312S
tr|A0A9W2XZJ7|A0A9W2XZJ7_BETSP,610,312.0,T,S,False,T312S
tr|A0A6P7NA07|A0A6P7NA07_BETSP,610,312.0,T,S,False,T312S
tr|A0A6P7NE39|A0A6P7NE39_BETSP,610,312.0,T,S,False,T312S
tr|A0A6J2S884|A0A6J2S884_COTGO,610,312.0,T,S,False,T312S
tr|A0A6P7I2Q9|A0A6P7I2Q9_9TELE,610,312.0,T,S,False,T312S
tr|A0A6P7HH59|A0A6P7HH59_9TELE,610,312.0,T,S,False,T312S
tr|A0A6P7HWN0|A0A6P7HWN0_9TELE,610,312.0,T,S,False,T312S
tr|A0A9Y4NB67|A0A9Y4NB67_9TELE,610,312.0,T,S,False,T312S
tr|A0A9Y6LYW8|A0A9Y6LYW8_9CICH,610,312.0,T,S,False,T312S
tr|A0A9Y3R1R7|A0A9Y3R1R7_9CICH,610,312.0,T,S,False,T312S
tr|A0AC36JJL6|A0AC36JJL6_9CICH,610,312.0,T,S,False,T312S
tr|A0ACF8FNS1|A0ACF8FNS1_ARAGI,610,312.0,T,S,False,T312S
tr|A0A8U0R0X1|A0A8U0R0X1_SALNM,610,312.0,T,S,False,T312S
tr|A0A6J2V217|A0A6J2V217_CHACN,610,312.0,T,P,False,T312P
tr|A0A6J2V3N9|A0A6J2V3N9_CHACN,610,312.0,T,P,False,T312P
tr|A0A6P8GSV4|A0A6P8GSV4_CLUHA,610,312.0,T,S,False,T312S
tr|A0A979FEC0|A0A979FEC0_ICTPU,610,312.0,T,A,False,T312A
tr|A0A979FF91|A0A979FF91_ICTPU,610,312.0,T,A,False,T312A
tr|A0A979FED5|A0A979FED5_ICTPU,610,312.0,T,A,False,T312A
tr|A0A9F7RNW9|A0A9F7RNW9_ICTPU,610,312.0,T,A,False,T312A
tr|A0A979FDQ7|A0A979FDQ7_ICTPU,610,312.0,T,A,False,T312A
tr|A0A979FDP4|A0A979FDP4_ICTPU,610,312.0,T,A,False,T312A
tr|A0A979FDQ5|A0A979FDQ5_ICTPU,610,312.0,T,A,False,T312A
tr|A0A6J2V203|A0A6J2V203_CHACN,610,312.0,T,P,False,T312P
tr|A0A6I9YYB6|A0A6I9YYB6_9SAUR,610,312.0,T,I,False,T312I
tr|A9UCL8|A9UCL8_COEFR,610,312.0,T,P,False,T312P
tr|A9UCM5|A9UCM5_HIPAR,610,312.0,T,P,False,T312P
tr|A0A671G4Y2|A0A671G4Y2_RHIFE,610,312.0,T,P,False,T312P
tr|A0A9B0TDN8|A0A9B0TDN8_CHRAS,610,312.0,T,S,False,T312S
tr|A0A9B0T8U2|A0A9B0T8U2_CHRAS,610,312.0,T,S,False,T312S
tr|A0A9B0WIY9|A0A9B0WIY9_CHRAS,610,312.0,T,S,False,T312S
tr|A0A9B0WLM6|A0A9B0WLM6_CHRAS,610,312.0,T,S,False,T312S
tr|A0A671G1Q2|A0A671G1Q2_RHIFE,610,312.0,T,P,False,T312P
tr|A0A9B0TEV2|A0A9B0TEV2_CHRAS,610,312.0,T,S,False,T312S
tr|A0A9B0WKY6|A0A9B0WKY6_CHRAS,610,312.0,T,S,False,T312S
tr|A9UCL7|A9UCL7_ASEST,610,312.0,T,P,False,T312P
tr|A9UCN1|A9UCN1_9CHIR,610,312.0,T,P,False,T312P
tr|A0A671G1R6|A0A671G1R6_RHIFE,610,312.0,T,P,False,T312P
tr|A9UCN0|A9UCN0_RHIFE,610,312.0,T,P,False,T312P
tr|A0A9B0WLM4|A0A9B0WLM4_CHRAS,610,312.0,T,S,False,T312S
tr|A0A6I9YXB8|A0A6I9YXB8_9SAUR,610,312.0,T,I,False,T312I
tr|A0A9B0T7F5|A0A9B0T7F5_CHRAS,610,312.0,T,S,False,T312S
tr|A0A9B0TBD9|A0A9B0TBD9_CHRAS,610,312.0,T,S,False,T312S
tr|A0AA47MXR6|A0AA47MXR6_MERPO,611,313.0,H,I,False,H313I
tr|A0A6P8VIH1|A0A6P8VIH1_GYMAC,611,313.0,H,P,False,H313P
tr|A0AA47MXR6|A0AA47MXR6_MERPO,612,314.0,H,P,False,H314P
tr|A0ABM0GFX0|A0ABM0GFX0_SACKO,612,314.0,H,P,False,H314P
tr|A0A6P8VIH1|A0A6P8VIH1_GYMAC,612,314.0,H,P,False,H314P
tr|A0A6I9YYB6|A0A6I9YYB6_9SAUR,612,314.0,H,Q,False,H314Q
tr|A0A8C6XFH2|A0A8C6XFH2_NAJNA,612,314.0,H,Q,False,H314Q
tr|A0A670Z5Y1|A0A670Z5Y1_PSETE,612,314.0,H,Q,False,H314Q
tr|A0A670Z823|A0A670Z823_PSETE,612,314.0,H,Q,False,H314Q
tr|A0A6J1U1T0|A0A6J1U1T0_9SAUR,612,314.0,H,Q,False,H314Q
tr|A0A6I9YXB8|A0A6I9YXB8_9SAUR,612,314.0,H,Q,False,H314Q
tr|A0AA47MXR6|A0AA47MXR6_MERPO,613,315.0,S,A,False,S315A
tr|A0ABM0GFX0|A0ABM0GFX0_SACKO,613,315.0,S,G,False,S315G
tr|A0A6P8VIH1|A0A6P8VIH1_GYMAC,613,315.0,S,F,False,S315F
tr|A0A979FEC0|A0A979FEC0_ICTPU,613,315.0,S,P,False,S315P
tr|A0A979FF91|A0A979FF91_ICTPU,613,315.0,S,P,False,S315P
tr|A0A979FED5|A0A979FED5_ICTPU,613,315.0,S,P,False,S315P
tr|A0A9F7RNW9|A0A9F7RNW9_ICTPU,613,315.0,S,P,False,S315P
tr|A0A979FDQ7|A0A979FDQ7_ICTPU,613,315.0,S,P,False,S315P
tr|A0A979FDP4|A0A979FDP4_ICTPU,613,315.0,S,P,False,S315P
tr|A0A979FDQ5|A0A979FDQ5_ICTPU,613,315.0,S,P,False,S315P
tr|G3RNZ0|G3RNZ0_GORGO,613,315.0,S,G,False,S315G
tr|G3SFK7|G3SFK7_GORGO,613,315.0,S,K,False,S315K
tr|T1PTS4|T1PTS4_PARLB,613,315.0,S,C,False,S315C
tr|A0ABM4IA36|A0ABM4IA36_ODOVR,613,315.0,S,T,False,S315T
tr|A0A452FUL3|A0A452FUL3_CAPHI,613,315.0,S,T,False,S315T
tr|F1N4J3|F1N4J3_BOVIN,613,315.0,S,T,False,S315T
tr|A0A6P3GCY9|A0A6P3GCY9_BISBB,613,315.0,S,T,False,S315T
tr|A0A8B9WDS0|A0A8B9WDS0_BOSGR,613,315.0,S,T,False,S315T
tr|A0ABM4S7Z7|A0ABM4S7Z7_BOSIN,613,315.0,S,T,False,S315T
tr|A0ABM4S800|A0ABM4S800_BOSIN,613,315.0,S,T,False,S315T
tr|A0A8B9W6Z7|A0A8B9W6Z7_BOSGR,613,315.0,S,T,False,S315T
tr|A0ABM4S7Z1|A0ABM4S7Z1_BOSIN,613,315.0,S,T,False,S315T
tr|A0AAA9RWR3|A0AAA9RWR3_BOVIN,613,315.0,S,T,False,S315T
tr|A0AA47MXR6|A0AA47MXR6_MERPO,614,316.0,I,A,False,I316A
tr|A0ABM0GFX0|A0ABM0GFX0_SACKO,614,316.0,I,L,False,I316L
tr|A0A6P8VIH1|A0A6P8VIH1_GYMAC,614,316.0,I,H,False,I316H
tr|A0A9Y6LYW8|A0A9Y6LYW8_9CICH,614,316.0,I,M,False,I316M
tr|A0A9Y3R1R7|A0A9Y3R1R7_9CICH,614,316.0,I,M,False,I316M
tr|A0AC36JJL6|A0AC36JJL6_9CICH,614,316.0,I,M,False,I316M
tr|A0ACF8DDW5|A0ACF8DDW5_ARAGI,614,316.0,I,A,False,I316A
tr|A0ACF8FNS1|A0ACF8FNS1_ARAGI,614,316.0,I,V,False,I316V
tr|A0AC58J6Q9|A0AC58J6Q9_DANRE,614,316.0,I,M,False,I316M
tr|A0AC58J6Q2|A0AC58J6Q2_DANRE,614,316.0,I,M,False,I316M
tr|A0AB32TNW7|A0AB32TNW7_DANRE,614,316.0,I,M,False,I316M
tr|A0AC58J6S2|A0AC58J6S2_DANRE,614,316.0,I,M,False,I316M
tr|A0AC58J6R3|A0AC58J6R3_DANRE,614,316.0,I,M,False,I316M
tr|A0ACM8Q842|A0ACM8Q842_DANRE,614,316.0,I,M,False,I316M
tr|A0AB32TSB5|A0AB32TSB5_DANRE,614,316.0,I,M,False,I316M
tr|A0AB32TQV9|A0AB32TQV9_DANRE,614,316.0,I,M,False,I316M
tr|A0AB32TLD3|A0AB32TLD3_DANRE,614,316.0,I,M,False,I316M
tr|A0AC58J6Q5|A0AC58J6Q5_DANRE,614,316.0,I,M,False,I316M
tr|A0AAD8DBY4|A0AAD8DBY4_ACIOX,614,316.0,I,T,False,I316T
tr|A0AAD8DJ01|A0AAD8DJ01_ACIOX,614,316.0,I,S,False,I316S
tr|A0A8C5M8V1|A0A8C5M8V1_9ANUR,614,316.0,I,L,False,I316L
tr|A0A1S3FH60|A0A1S3FH60_DIPOR,614,316.0,I,M,False,I316M
tr|A0A1L8GU65|A0A1L8GU65_XENLA,614,316.0,I,L,False,I316L
tr|A0A8J0UR98|A0A8J0UR98_XENLA,614,316.0,I,L,False,I316L
tr|A0A8J0UXQ2|A0A8J0UXQ2_XENLA,614,316.0,I,L,False,I316L
tr|A0A8J1MHG6|A0A8J1MHG6_XENLA,614,316.0,I,L,False,I316L
tr|A0A1L8GYY0|A0A1L8GYY0_XENLA,614,316.0,I,L,False,I316L
tr|A0A8J1MIF2|A0A8J1MIF2_XENLA,614,316.0,I,L,False,I316L
tr|A0A8J1MHG1|A0A8J1MHG1_XENLA,614,316.0,I,L,False,I316L
tr|A0A8J1MHG5|A0A8J1MHG5_XENLA,614,316.0,I,L,False,I316L
tr|A0A8J0Q7P1|A0A8J0Q7P1_XENTR,614,316.0,I,L,False,I316L
tr|A0A8J0SHD1|A0A8J0SHD1_XENTR,614,316.0,I,L,False,I316L
tr|A0A8J0SG76|A0A8J0SG76_XENTR,614,316.0,I,L,False,I316L
tr|F7DTZ3|F7DTZ3_XENTR,614,316.0,I,L,False,I316L
tr|A0A8J0S8T9|A0A8J0S8T9_XENTR,614,316.0,I,L,False,I316L
tr|T1PTS4|T1PTS4_PARLB,614,316.0,I,L,False,I316L
tr|A0A6P8S6V4|A0A6P8S6V4_GEOSA,614,316.0,I,L,False,I316L
tr|A0A6P8SBP1|A0A6P8SBP1_GEOSA,614,316.0,I,L,False,I316L
tr|A0A6P8S5P9|A0A6P8S5P9_GEOSA,614,316.0,I,L,False,I316L
tr|A0A6P8S5Q7|A0A6P8S5Q7_GEOSA,614,316.0,I,L,False,I316L
tr|A0A6P7YWZ4|A0A6P7YWZ4_9AMPH,614,316.0,I,L,False,I316L
tr|A0A6P7Z4T0|A0A6P7Z4T0_9AMPH,614,316.0,I,L,False,I316L
tr|A0A6P8S9S5|A0A6P8S9S5_GEOSA,614,316.0,I,L,False,I316L
tr|A0A6P8SBN6|A0A6P8SBN6_GEOSA,614,316.0,I,L,False,I316L
tr|A0A6P8S5P6|A0A6P8S5P6_GEOSA,614,316.0,I,L,False,I316L
tr|A0A6P8S9T4|A0A6P8S9T4_GEOSA,614,316.0,I,L,False,I316L
tr|A0A6P8S6B0|A0A6P8S6B0_GEOSA,614,316.0,I,L,False,I316L
tr|A0A6P8S6A6|A0A6P8S6A6_GEOSA,614,316.0,I,L,False,I316L
tr|A0A6P8S6A3|A0A6P8S6A3_GEOSA,614,316.0,I,L,False,I316L
tr|A0A6P8S5P3|A0A6P8S5P3_GEOSA,614,316.0,I,L,False,I316L
tr|A0A6P8S9T8|A0A6P8S9T8_GEOSA,614,316.0,I,L,False,I316L
tr|H3AY31|H3AY31_LATCH,614,316.0,I,V,False,I316V
tr|G1PTL9|G1PTL9_MYOLU,614,316.0,I,M,False,I316M
tr|A9UCL8|A9UCL8_COEFR,614,316.0,I,M,False,I316M
tr|A0A2Y9P5C2|A0A2Y9P5C2_DELLE,614,316.0,I,M,False,I316M
tr|A0A9W2WNZ4|A0A9W2WNZ4_PHYMC,614,316.0,I,M,False,I316M
tr|A0A9W2WNT7|A0A9W2WNT7_PHYMC,614,316.0,I,M,False,I316M
tr|A0A9W2WP90|A0A9W2WP90_PHYMC,614,316.0,I,M,False,I316M
tr|A0A9W2WNJ2|A0A9W2WNJ2_PHYMC,614,316.0,I,M,False,I316M
tr|A0A9W2WPF2|A0A9W2WPF2_PHYMC,614,316.0,I,M,False,I316M
tr|A0A6P6DL68|A0A6P6DL68_OCTDE,614,316.0,I,L,False,I316L
tr|A9UCM5|A9UCM5_HIPAR,614,316.0,I,M,False,I316M
tr|A0A1S3FGE5|A0A1S3FGE5_DIPOR,614,316.0,I,M,False,I316M
tr|A0ABM3TVV6|A0ABM3TVV6_BALAC,614,316.0,I,M,False,I316M
tr|A0A8B8YAI8|A0A8B8YAI8_BALMU,614,316.0,I,M,False,I316M
tr|A0ABM3TVW3|A0ABM3TVW3_BALAC,614,316.0,I,M,False,I316M
tr|A0A341CHV5|A0A341CHV5_NEOAA,614,316.0,I,M,False,I316M
tr|A0A341CFW6|A0A341CFW6_NEOAA,614,316.0,I,M,False,I316M
tr|A0A341CG55|A0A341CG55_NEOAA,614,316.0,I,M,False,I316M
tr|A0ACM7FC38|A0ACM7FC38_TURTR,614,316.0,I,M,False,I316M
tr|A0A8C9BRB4|A0A8C9BRB4_PHOSS,614,316.0,I,M,False,I316M
tr|A0A8C6B0W0|A0A8C6B0W0_MONMO,614,316.0,I,M,False,I316M
tr|A0ACM7FC36|A0ACM7FC36_TURTR,614,316.0,I,M,False,I316M
tr|A0A9W2WNW6|A0A9W2WNW6_PHYMC,614,316.0,I,M,False,I316M
tr|A0A6P7Z2S0|A0A6P7Z2S0_9AMPH,614,316.0,I,L,False,I316L
tr|A0A6P8S6V7|A0A6P8S6V7_GEOSA,614,316.0,I,L,False,I316L
tr|A0A6P8SBP4|A0A6P8SBP4_GEOSA,614,316.0,I,L,False,I316L
tr|A0A6P8S5Q2|A0A6P8S5Q2_GEOSA,614,316.0,I,L,False,I316L
tr|A0A6P8S9T0|A0A6P8S9T0_GEOSA,614,316.0,I,L,False,I316L
tr|A0A341CFH1|A0A341CFH1_NEOAA,614,316.0,I,M,False,I316M
tr|A0A8J1MTY3|A0A8J1MTY3_XENLA,614,316.0,I,L,False,I316L
tr|A0A8J1MRN8|A0A8J1MRN8_XENLA,614,316.0,I,L,False,I316L
tr|A0A6I8SNY6|A0A6I8SNY6_XENTR,614,316.0,I,L,False,I316L
tr|A0A8J0SEG3|A0A8J0SEG3_XENTR,614,316.0,I,L,False,I316L
sp|Q4VYS1|FOXP2_XENLA,614,316.0,I,L,False,I316L
tr|A0A8J1MI35|A0A8J1MI35_XENLA,614,316.0,I,L,False,I316L
tr|A0AA97JVF9|A0AA97JVF9_EUBMA,614,316.0,I,M,False,I316M
tr|A0A1S3FFW0|A0A1S3FFW0_DIPOR,614,316.0,I,M,False,I316M
tr|A0A1S3FHJ1|A0A1S3FHJ1_DIPOR,614,316.0,I,M,False,I316M
tr|V6F812|V6F812_LATCH,614,316.0,I,V,False,I316V
tr|A0A341CFW9|A0A341CFW9_NEOAA,614,316.0,I,M,False,I316M
tr|A9UCL7|A9UCL7_ASEST,614,316.0,I,M,False,I316M
tr|A0A341CFX6|A0A341CFX6_NEOAA,614,316.0,I,M,False,I316M
tr|A0A341CG67|A0A341CG67_NEOAA,614,316.0,I,M,False,I316M
tr|A0A341CHW5|A0A341CHW5_NEOAA,614,316.0,I,M,False,I316M
tr|A0A1S3FHI6|A0A1S3FHI6_DIPOR,614,316.0,I,M,False,I316M
tr|A0A1S3FGE9|A0A1S3FGE9_DIPOR,614,316.0,I,M,False,I316M
tr|A0A1S3FH55|A0A1S3FH55_DIPOR,614,316.0,I,M,False,I316M
tr|A0A1S3FFJ5|A0A1S3FFJ5_DIPOR,614,316.0,I,M,False,I316M
tr|A0A1S3FFK0|A0A1S3FFK0_DIPOR,614,316.0,I,M,False,I316M
tr|A0A6P3FFL7|A0A6P3FFL7_OCTDE,614,316.0,I,L,False,I316L
tr|A0ABM3TW40|A0ABM3TW40_BALAC,614,316.0,I,M,False,I316M
tr|A0A5F8H207|A0A5F8H207_MONDO,614,316.0,I,L,False,I316L
tr|A0A9W2WNX7|A0A9W2WNX7_PHYMC,614,316.0,I,M,False,I316M
tr|A0A9W2WNK8|A0A9W2WNK8_PHYMC,614,316.0,I,M,False,I316M
tr|A0A9W2WP01|A0A9W2WP01_PHYMC,614,316.0,I,M,False,I316M
tr|A0A8C6B2U9|A0A8C6B2U9_MONMO,614,316.0,I,M,False,I316M
tr|A0ACM7FC33|A0ACM7FC33_TURTR,614,316.0,I,M,False,I316M
tr|A0ACM7FC46|A0ACM7FC46_TURTR,614,316.0,I,M,False,I316M
tr|A0ABM3TVW1|A0ABM3TVW1_BALAC,614,316.0,I,M,False,I316M
tr|A0ABM3TVX2|A0ABM3TVX2_BALAC,614,316.0,I,M,False,I316M
tr|A0A341CFX1|A0A341CFX1_NEOAA,614,316.0,I,M,False,I316M
tr|A0A341CFX4|A0A341CFX4_NEOAA,614,316.0,I,M,False,I316M
tr|A0A341CHW0|A0A341CHW0_NEOAA,614,316.0,I,M,False,I316M
tr|A0A341CG60|A0A341CG60_NEOAA,614,316.0,I,M,False,I316M
tr|A0A5F8GPP1|A0A5F8GPP1_MONDO,614,316.0,I,L,False,I316L
tr|A0AA47MXR6|A0AA47MXR6_MERPO,615,317.0,V,G,False,V317G
tr|A0ABM0GFX0|A0ABM0GFX0_SACKO,615,317.0,V,L,False,V317L
tr|A0A6P8VIH1|A0A6P8VIH1_GYMAC,615,317.0,V,R,False,V317R
tr|A0A2I4BXB8|A0A2I4BXB8_AUSLI,615,317.0,V,T,False,V317T
tr|A0A2I4BXF7|A0A2I4BXF7_AUSLI,615,317.0,V,T,False,V317T
tr|A0A2I4BXC1|A0A2I4BXC1_AUSLI,615,317.0,V,T,False,V317T
tr|A0A2I4BXC7|A0A2I4BXC7_AUSLI,615,317.0,V,T,False,V317T
tr|A0ABV1A463|A0ABV1A463_9TELE,615,317.0,V,T,False,V317T
tr|A0AAV9S7N1|A0AAV9S7N1_9TELE,615,317.0,V,T,False,V317T
tr|A0ABV0TT83|A0ABV0TT83_9TELE,615,317.0,V,T,False,V317T
tr|A0A6P7NA03|A0A6P7NA03_BETSP,615,317.0,V,A,False,V317A
tr|A0A9W2XZU5|A0A9W2XZU5_BETSP,615,317.0,V,A,False,V317A
tr|A0A6P7NFA4|A0A6P7NFA4_BETSP,615,317.0,V,A,False,V317A
tr|A0A9W2XZJ7|A0A9W2XZJ7_BETSP,615,317.0,V,A,False,V317A
tr|A0A6P7NA07|A0A6P7NA07_BETSP,615,317.0,V,A,False,V317A
tr|A0A6P7NE39|A0A6P7NE39_BETSP,615,317.0,V,A,False,V317A
tr|A0A6J2S884|A0A6J2S884_COTGO,615,317.0,V,A,False,V317A
tr|A0A6P7I2Q9|A0A6P7I2Q9_9TELE,615,317.0,V,A,False,V317A
tr|A0A6P7HH59|A0A6P7HH59_9TELE,615,317.0,V,A,False,V317A
tr|A0A6P7HWN0|A0A6P7HWN0_9TELE,615,317.0,V,A,False,V317A
tr|A0A9Y4NB67|A0A9Y4NB67_9TELE,615,317.0,V,A,False,V317A
tr|A0A9Y6LYW8|A0A9Y6LYW8_9CICH,615,317.0,V,A,False,V317A
tr|A0A9Y3R1R7|A0A9Y3R1R7_9CICH,615,317.0,V,A,False,V317A
tr|A0AC36JJL6|A0AC36JJL6_9CICH,615,317.0,V,A,False,V317A
tr|A0ACF8DDW5|A0ACF8DDW5_ARAGI,615,317.0,V,A,False,V317A
tr|A0AAX6RUX8|A0AAX6RUX8_HETGA,615,317.0,V,M,False,V317M
tr|A9UCM2|A9UCM2_CYNSP,615,317.0,V,M,False,V317M
tr|A0A8U0R0X1|A0A8U0R0X1_SALNM,615,317.0,V,A,False,V317A
tr|A0A6J2V217|A0A6J2V217_CHACN,615,317.0,V,P,False,V317P
tr|A0A6J2V3N9|A0A6J2V3N9_CHACN,615,317.0,V,P,False,V317P
tr|A0A6P8GSV4|A0A6P8GSV4_CLUHA,615,317.0,V,A,False,V317A
tr|A0A979FEC0|A0A979FEC0_ICTPU,615,317.0,V,S,False,V317S
tr|A0A979FF91|A0A979FF91_ICTPU,615,317.0,V,S,False,V317S
tr|A0A979FED5|A0A979FED5_ICTPU,615,317.0,V,S,False,V317S
tr|A0A9F7RNW9|A0A9F7RNW9_ICTPU,615,317.0,V,S,False,V317S
tr|A0A979FDQ7|A0A979FDQ7_ICTPU,615,317.0,V,S,False,V317S
tr|A0A979FDP4|A0A979FDP4_ICTPU,615,317.0,V,S,False,V317S
tr|A0A979FDQ5|A0A979FDQ5_ICTPU,615,317.0,V,S,False,V317S
tr|A0AC58J6Q9|A0AC58J6Q9_DANRE,615,317.0,V,S,False,V317S
tr|A0AC58J6Q2|A0AC58J6Q2_DANRE,615,317.0,V,S,False,V317S
tr|A0AB32TNW7|A0AB32TNW7_DANRE,615,317.0,V,S,False,V317S
tr|A0AC58J6S2|A0AC58J6S2_DANRE,615,317.0,V,S,False,V317S
tr|A0AC58J6R3|A0AC58J6R3_DANRE,615,317.0,V,S,False,V317S
tr|A0ACM8Q842|A0ACM8Q842_DANRE,615,317.0,V,S,False,V317S
tr|A0AB32TSB5|A0AB32TSB5_DANRE,615,317.0,V,S,False,V317S
tr|A0AB32TQV9|A0AB32TQV9_DANRE,615,317.0,V,S,False,V317S
tr|A0AB32TLD3|A0AB32TLD3_DANRE,615,317.0,V,S,False,V317S
tr|A0AC58J6Q5|A0AC58J6Q5_DANRE,615,317.0,V,S,False,V317S
tr|A0A6J2V203|A0A6J2V203_CHACN,615,317.0,V,P,False,V317P
tr|A0A8C5M8V1|A0A8C5M8V1_9ANUR,615,317.0,V,L,False,V317L
tr|G3RNZ0|G3RNZ0_GORGO,615,317.0,V,T,False,V317T
tr|G3SFK7|G3SFK7_GORGO,615,317.0,V,N,False,V317N
tr|A0A8J1MHG6|A0A8J1MHG6_XENLA,615,317.0,V,L,False,V317L
tr|A0A1L8GYY0|A0A1L8GYY0_XENLA,615,317.0,V,L,False,V317L
tr|A0A8J1MIF2|A0A8J1MIF2_XENLA,615,317.0,V,L,False,V317L
tr|A0A8J1MHG1|A0A8J1MHG1_XENLA,615,317.0,V,L,False,V317L
tr|A0A8J1MHG5|A0A8J1MHG5_XENLA,615,317.0,V,L,False,V317L
tr|A0A8J0Q7P1|A0A8J0Q7P1_XENTR,615,317.0,V,M,False,V317M
tr|A0A8J0SHD1|A0A8J0SHD1_XENTR,615,317.0,V,M,False,V317M
tr|A0A8J0SG76|A0A8J0SG76_XENTR,615,317.0,V,M,False,V317M
tr|F7DTZ3|F7DTZ3_XENTR,615,317.0,V,M,False,V317M
tr|A0A8J0S8T9|A0A8J0S8T9_XENTR,615,317.0,V,M,False,V317M
tr|H3AY31|H3AY31_LATCH,615,317.0,V,M,False,V317M
tr|A0A6I8SNY6|A0A6I8SNY6_XENTR,615,317.0,V,M,False,V317M
tr|A0A8J0SEG3|A0A8J0SEG3_XENTR,615,317.0,V,M,False,V317M
sp|Q4VYS1|FOXP2_XENLA,615,317.0,V,L,False,V317L
tr|A0A8J1MI35|A0A8J1MI35_XENLA,615,317.0,V,L,False,V317L
tr|A0AA97JVF9|A0AA97JVF9_EUBMA,615,317.0,V,M,False,V317M
tr|V6F812|V6F812_LATCH,615,317.0,V,M,False,V317M
tr|T1PTW0|T1PTW0_9SAUR,615,317.0,V,M,False,V317M
tr|A0ABM0GFX0|A0ABM0GFX0_SACKO,618,318.0,N,A,False,N318A
tr|A0A6P8VIH1|A0A6P8VIH1_GYMAC,618,318.0,N,T,False,N318T
tr|G3RNZ0|G3RNZ0_GORGO,618,318.0,N,G,False,N318G
tr|G3SFK7|G3SFK7_GORGO,618,318.0,N,S,False,N318S
tr|A0AA47MXR6|A0AA47MXR6_MERPO,619,319.0,G,P,False,G319P
tr|A0A6P8VIH1|A0A6P8VIH1_GYMAC,619,319.0,G,D,False,G319D
tr|G3RNZ0|G3RNZ0_GORGO,619,319.0,G,V,False,G319V
tr|G3SFK7|G3SFK7_GORGO,619,319.0,G,I,False,G319I
tr|A0AA47MXR6|A0AA47MXR6_MERPO,620,320.0,Q,R,False,Q320R
tr|A0ABM0GFX0|A0ABM0GFX0_SACKO,620,320.0,Q,T,False,Q320T
tr|A0A6P8VIH1|A0A6P8VIH1_GYMAC,620,320.0,Q,S,False,Q320S
tr|G3RNZ0|G3RNZ0_GORGO,620,320.0,Q,N,False,Q320N
tr|G3SFK7|G3SFK7_GORGO,620,320.0,Q,H,False,Q320H
tr|A0ABM0GFX0|A0ABM0GFX0_SACKO,621,321.0,S,Q,False,S321Q
tr|A0A6P8VIH1|A0A6P8VIH1_GYMAC,621,321.0,S,P,False,S321P
tr|A0ACF8DDW5|A0ACF8DDW5_ARAGI,621,321.0,S,A,False,S321A
tr|A0A6J2V217|A0A6J2V217_CHACN,621,321.0,S,T,False,S321T
tr|A0A6J2V3N9|A0A6J2V3N9_CHACN,621,321.0,S,T,False,S321T
tr|A0A6J2V203|A0A6J2V203_CHACN,621,321.0,S,T,False,S321T
tr|G3RNZ0|G3RNZ0_GORGO,621,321.0,S,E,False,S321E
tr|G3SFK7|G3SFK7_GORGO,621,321.0,S,T,False,S321T
tr|A0A1L8GU65|A0A1L8GU65_XENLA,621,321.0,S,A,False,S321A
tr|A0A8J0UR98|A0A8J0UR98_XENLA,621,321.0,S,A,False,S321A
tr|A0A8J0UXQ2|A0A8J0UXQ2_XENLA,621,321.0,S,A,False,S321A
tr|A0A8J1MHG6|A0A8J1MHG6_XENLA,621,321.0,S,A,False,S321A
tr|A0A1L8GYY0|A0A1L8GYY0_XENLA,621,321.0,S,A,False,S321A
tr|A0A8J1MIF2|A0A8J1MIF2_XENLA,621,321.0,S,A,False,S321A
tr|A0A8J1MHG1|A0A8J1MHG1_XENLA,621,321.0,S,A,False,S321A
tr|A0A8J1MHG5|A0A8J1MHG5_XENLA,621,321.0,S,A,False,S321A
tr|A0A8J0Q7P1|A0A8J0Q7P1_XENTR,621,321.0,S,A,False,S321A
tr|A0A8J0SHD1|A0A8J0SHD1_XENTR,621,321.0,S,A,False,S321A
tr|A0A8J0SG76|A0A8J0SG76_XENTR,621,321.0,S,A,False,S321A
tr|F7DTZ3|F7DTZ3_XENTR,621,321.0,S,A,False,S321A
tr|A0A8J0S8T9|A0A8J0S8T9_XENTR,621,321.0,S,A,False,S321A
tr|A0A8B7A802|A0A8B7A802_ORYAF,621,321.0,S,A,False,S321A
tr|A0A8B8TCI7|A0A8B8TCI7_CAMFR,621,321.0,S,P,False,S321P
tr|A0AC58QLX8|A0AC58QLX8_CAMBA,621,321.0,S,P,False,S321P
tr|A0AC58QLY5|A0AC58QLY5_CAMBA,621,321.0,S,P,False,S321P
tr|A0AC58QLY3|A0AC58QLY3_CAMBA,621,321.0,S,P,False,S321P
tr|A0A8J1MTY3|A0A8J1MTY3_XENLA,621,321.0,S,A,False,S321A
tr|A0A8J1MRN8|A0A8J1MRN8_XENLA,621,321.0,S,A,False,S321A
tr|A0A6I8SNY6|A0A6I8SNY6_XENTR,621,321.0,S,A,False,S321A
tr|A0A8J0SEG3|A0A8J0SEG3_XENTR,621,321.0,S,A,False,S321A
sp|Q4VYS1|FOXP2_XENLA,621,321.0,S,A,False,S321A
tr|A0A8J1MI35|A0A8J1MI35_XENLA,621,321.0,S,A,False,S321A
tr|A0A7E6CIM9|A0A7E6CIM9_9CHIR,621,321.0,S,T,False,S321T
tr|A0AC58QLY9|A0AC58QLY9_CAMBA,621,321.0,S,P,False,S321P
tr|A0AC58QLX6|A0AC58QLX6_CAMBA,621,321.0,S,P,False,S321P
tr|A0A9W3FUS5|A0A9W3FUS5_CAMBA,621,321.0,S,P,False,S321P
tr|A0AA47MXR6|A0AA47MXR6_MERPO,622,322.0,S,A,False,S322A
tr|A0ABM0GFX0|A0ABM0GFX0_SACKO,622,322.0,S,L,False,S322L
tr|A0A6P8VIH1|A0A6P8VIH1_GYMAC,622,322.0,S,P,False,S322P
tr|A0A2I4BXB8|A0A2I4BXB8_AUSLI,622,322.0,S,P,False,S322P
tr|A0A2I4BXF7|A0A2I4BXF7_AUSLI,622,322.0,S,P,False,S322P
tr|A0A2I4BXC1|A0A2I4BXC1_AUSLI,622,322.0,S,P,False,S322P
tr|A0A2I4BXC7|A0A2I4BXC7_AUSLI,622,322.0,S,P,False,S322P
tr|A0ABV1A463|A0ABV1A463_9TELE,622,322.0,S,P,False,S322P
tr|A0AAV9S7N1|A0AAV9S7N1_9TELE,622,322.0,S,P,False,S322P
tr|A0ABV0TT83|A0ABV0TT83_9TELE,622,322.0,S,P,False,S322P
tr|A0A6P7NA03|A0A6P7NA03_BETSP,622,322.0,S,P,False,S322P
tr|A0A9W2XZU5|A0A9W2XZU5_BETSP,622,322.0,S,P,False,S322P
tr|A0A6P7NFA4|A0A6P7NFA4_BETSP,622,322.0,S,P,False,S322P
tr|A0A9W2XZJ7|A0A9W2XZJ7_BETSP,622,322.0,S,P,False,S322P
tr|A0A6P7NA07|A0A6P7NA07_BETSP,622,322.0,S,P,False,S322P
tr|A0A6P7NE39|A0A6P7NE39_BETSP,622,322.0,S,P,False,S322P
tr|A0A6J2S884|A0A6J2S884_COTGO,622,322.0,S,P,False,S322P
tr|A0A6P7I2Q9|A0A6P7I2Q9_9TELE,622,322.0,S,P,False,S322P
tr|A0A6P7HH59|A0A6P7HH59_9TELE,622,322.0,S,P,False,S322P
tr|A0A6P7HWN0|A0A6P7HWN0_9TELE,622,322.0,S,P,False,S322P
tr|A0A9Y4NB67|A0A9Y4NB67_9TELE,622,322.0,S,P,False,S322P
tr|A0A9Y6LYW8|A0A9Y6LYW8_9CICH,622,322.0,S,P,False,S322P
tr|A0A9Y3R1R7|A0A9Y3R1R7_9CICH,622,322.0,S,P,False,S322P
tr|A0AC36JJL6|A0AC36JJL6_9CICH,622,322.0,S,P,False,S322P
tr|A0ACF8FNS1|A0ACF8FNS1_ARAGI,622,322.0,S,P,False,S322P
tr|A0A8U0R0X1|A0A8U0R0X1_SALNM,622,322.0,S,P,False,S322P
tr|A0A6J2V217|A0A6J2V217_CHACN,622,322.0,S,P,False,S322P
tr|A0A6J2V3N9|A0A6J2V3N9_CHACN,622,322.0,S,P,False,S322P
tr|A0A6P8GSV4|A0A6P8GSV4_CLUHA,622,322.0,S,P,False,S322P
tr|A0A979FEC0|A0A979FEC0_ICTPU,622,322.0,S,P,False,S322P
tr|A0A979FF91|A0A979FF91_ICTPU,622,322.0,S,P,False,S322P
tr|A0A979FED5|A0A979FED5_ICTPU,622,322.0,S,P,False,S322P
tr|A0A9F7RNW9|A0A9F7RNW9_ICTPU,622,322.0,S,P,False,S322P
tr|A0A979FDQ7|A0A979FDQ7_ICTPU,622,322.0,S,P,False,S322P
tr|A0A979FDP4|A0A979FDP4_ICTPU,622,322.0,S,P,False,S322P
tr|A0A979FDQ5|A0A979FDQ5_ICTPU,622,322.0,S,P,False,S322P
tr|A0AC58J6Q9|A0AC58J6Q9_DANRE,622,322.0,S,P,False,S322P
tr|A0AC58J6Q2|A0AC58J6Q2_DANRE,622,322.0,S,P,False,S322P
tr|A0AB32TNW7|A0AB32TNW7_DANRE,622,322.0,S,P,False,S322P
tr|A0AC58J6S2|A0AC58J6S2_DANRE,622,322.0,S,P,False,S322P
tr|A0AC58J6R3|A0AC58J6R3_DANRE,622,322.0,S,P,False,S322P
tr|A0ACM8Q842|A0ACM8Q842_DANRE,622,322.0,S,P,False,S322P
tr|A0AB32TSB5|A0AB32TSB5_DANRE,622,322.0,S,P,False,S322P
tr|A0AB32TQV9|A0AB32TQV9_DANRE,622,322.0,S,P,False,S322P
tr|A0AB32TLD3|A0AB32TLD3_DANRE,622,322.0,S,P,False,S322P
tr|A0AC58J6Q5|A0AC58J6Q5_DANRE,622,322.0,S,P,False,S322P
tr|A0A6J2V203|A0A6J2V203_CHACN,622,322.0,S,P,False,S322P
tr|G3SFK7|G3SFK7_GORGO,622,322.0,S,L,False,S322L
tr|A0A671G4Y2|A0A671G4Y2_RHIFE,622,322.0,S,A,False,S322A
tr|A0A671G1Q2|A0A671G1Q2_RHIFE,622,322.0,S,A,False,S322A
tr|A9UCN1|A9UCN1_9CHIR,622,322.0,S,A,False,S322A
tr|A0A671G1R6|A0A671G1R6_RHIFE,622,322.0,S,A,False,S322A
tr|A9UCN0|A9UCN0_RHIFE,622,322.0,S,A,False,S322A
tr|A0AA47MXR6|A0AA47MXR6_MERPO,623,323.0,V,S,False,V323S
tr|A0ABM0GFX0|A0ABM0GFX0_SACKO,623,323.0,V,T,False,V323T
tr|A0A6P8VIH1|A0A6P8VIH1_GYMAC,623,323.0,V,A,False,V323A
tr|A0A2I4BXB8|A0A2I4BXB8_AUSLI,623,323.0,V,A,False,V323A
tr|A0A2I4BXF7|A0A2I4BXF7_AUSLI,623,323.0,V,A,False,V323A
tr|A0A2I4BXC1|A0A2I4BXC1_AUSLI,623,323.0,V,A,False,V323A
tr|A0A2I4BXC7|A0A2I4BXC7_AUSLI,623,323.0,V,A,False,V323A
tr|A0ABV0TT83|A0ABV0TT83_9TELE,623,323.0,V,I,False,V323I
tr|A0A6P7NA03|A0A6P7NA03_BETSP,623,323.0,V,A,False,V323A
tr|A0A9W2XZU5|A0A9W2XZU5_BETSP,623,323.0,V,A,False,V323A
tr|A0A6P7NFA4|A0A6P7NFA4_BETSP,623,323.0,V,A,False,V323A
tr|A0A9W2XZJ7|A0A9W2XZJ7_BETSP,623,323.0,V,A,False,V323A
tr|A0A6P7NA07|A0A6P7NA07_BETSP,623,323.0,V,A,False,V323A
tr|A0A6P7NE39|A0A6P7NE39_BETSP,623,323.0,V,A,False,V323A
tr|A0A6J2S884|A0A6J2S884_COTGO,623,323.0,V,G,False,V323G
tr|A0A6P7I2Q9|A0A6P7I2Q9_9TELE,623,323.0,V,A,False,V323A
tr|A0A6P7HH59|A0A6P7HH59_9TELE,623,323.0,V,A,False,V323A
tr|A0A6P7HWN0|A0A6P7HWN0_9TELE,623,323.0,V,A,False,V323A
tr|A0A9Y4NB67|A0A9Y4NB67_9TELE,623,323.0,V,A,False,V323A
tr|A0A9Y6LYW8|A0A9Y6LYW8_9CICH,623,323.0,V,A,False,V323A
tr|A0A9Y3R1R7|A0A9Y3R1R7_9CICH,623,323.0,V,A,False,V323A
tr|A0AC36JJL6|A0AC36JJL6_9CICH,623,323.0,V,A,False,V323A
tr|A0ACF8FNS1|A0ACF8FNS1_ARAGI,623,323.0,V,I,False,V323I
tr|A9UCM2|A9UCM2_CYNSP,623,323.0,V,H,False,V323H
tr|A0A8U0R0X1|A0A8U0R0X1_SALNM,623,323.0,V,A,False,V323A
tr|A0A6J2V217|A0A6J2V217_CHACN,623,323.0,V,S,False,V323S
tr|A0A6J2V3N9|A0A6J2V3N9_CHACN,623,323.0,V,S,False,V323S
tr|A0A6P8GSV4|A0A6P8GSV4_CLUHA,623,323.0,V,A,False,V323A
tr|A0A979FEC0|A0A979FEC0_ICTPU,623,323.0,V,A,False,V323A
tr|A0A979FF91|A0A979FF91_ICTPU,623,323.0,V,A,False,V323A
tr|A0A979FED5|A0A979FED5_ICTPU,623,323.0,V,A,False,V323A
tr|A0A9F7RNW9|A0A9F7RNW9_ICTPU,623,323.0,V,A,False,V323A
tr|A0A979FDQ7|A0A979FDQ7_ICTPU,623,323.0,V,A,False,V323A
tr|A0A979FDP4|A0A979FDP4_ICTPU,623,323.0,V,A,False,V323A
tr|A0A979FDQ5|A0A979FDQ5_ICTPU,623,323.0,V,A,False,V323A
tr|A0AC58J6Q9|A0AC58J6Q9_DANRE,623,323.0,V,A,False,V323A
tr|A0AC58J6Q2|A0AC58J6Q2_DANRE,623,323.0,V,A,False,V323A
tr|A0AB32TNW7|A0AB32TNW7_DANRE,623,323.0,V,A,False,V323A
tr|A0AC58J6S2|A0AC58J6S2_DANRE,623,323.0,V,A,False,V323A
tr|A0AC58J6R3|A0AC58J6R3_DANRE,623,323.0,V,A,False,V323A
tr|A0ACM8Q842|A0ACM8Q842_DANRE,623,323.0,V,A,False,V323A
tr|A0AB32TSB5|A0AB32TSB5_DANRE,623,323.0,V,A,False,V323A
tr|A0AB32TQV9|A0AB32TQV9_DANRE,623,323.0,V,A,False,V323A
tr|A0AB32TLD3|A0AB32TLD3_DANRE,623,323.0,V,A,False,V323A
tr|A0AC58J6Q5|A0AC58J6Q5_DANRE,623,323.0,V,A,False,V323A
tr|A0A6J2V203|A0A6J2V203_CHACN,623,323.0,V,S,False,V323S
tr|A0AAD8DBY4|A0AAD8DBY4_ACIOX,623,323.0,V,I,False,V323I
tr|A0AAD8DJ01|A0AAD8DJ01_ACIOX,623,323.0,V,I,False,V323I
tr|A0A6P3QXJ2|A0A6P3QXJ2_PTEVA,623,323.0,V,L,False,V323L
tr|G3RNZ0|G3RNZ0_GORGO,623,323.0,V,D,False,V323D
tr|G3SFK7|G3SFK7_GORGO,623,323.0,V,H,False,V323H
tr|A0A6P3R3C8|A0A6P3R3C8_PTEVA,623,323.0,V,L,False,V323L
tr|A0A6P3QXI5|A0A6P3QXI5_PTEVA,623,323.0,V,L,False,V323L
tr|A9UCN2|A9UCN2_ROULE,623,323.0,V,L,False,V323L
tr|A0A6P3RA75|A0A6P3RA75_PTEVA,623,323.0,V,L,False,V323L
tr|A0A6P3QUS7|A0A6P3QUS7_PTEVA,623,323.0,V,L,False,V323L
tr|A0A6P3QVU1|A0A6P3QVU1_PTEVA,623,323.0,V,L,False,V323L
tr|A0A6P3QUT6|A0A6P3QUT6_PTEVA,623,323.0,V,L,False,V323L
tr|A0A6P3QVU8|A0A6P3QVU8_PTEVA,623,323.0,V,L,False,V323L
tr|A0A6P3QXJ7|A0A6P3QXJ7_PTEVA,623,323.0,V,L,False,V323L
tr|A0A6P3QVV3|A0A6P3QVV3_PTEVA,623,323.0,V,L,False,V323L
tr|A0A6P3QUU2|A0A6P3QUU2_PTEVA,623,323.0,V,L,False,V323L
tr|A0A6P3R3E3|A0A6P3R3E3_PTEVA,623,323.0,V,L,False,V323L
tr|A0A6P3QUT3|A0A6P3QUT3_PTEVA,623,323.0,V,L,False,V323L
tr|A0A6P3QXK5|A0A6P3QXK5_PTEVA,623,323.0,V,L,False,V323L
tr|A0A6P3RA83|A0A6P3RA83_PTEVA,623,323.0,V,L,False,V323L
tr|A0A6P3QVV6|A0A6P3QVV6_PTEVA,623,323.0,V,L,False,V323L
tr|A0A6P3QXK1|A0A6P3QXK1_PTEVA,623,323.0,V,L,False,V323L
tr|A0A6P3RA78|A0A6P3RA78_PTEVA,623,323.0,V,L,False,V323L
tr|A0AA47MXR6|A0AA47MXR6_MERPO,624,324.0,L,P,False,L324P
tr|A0ABM0GFX0|A0ABM0GFX0_SACKO,624,324.0,L,P,False,L324P
tr|A0ABV1A463|A0ABV1A463_9TELE,624,324.0,L,I,False,L324I
tr|A0AAV9S7N1|A0AAV9S7N1_9TELE,624,324.0,L,I,False,L324I
tr|A0ABV0TT83|A0ABV0TT83_9TELE,624,324.0,L,I,False,L324I
tr|A0A979FEC0|A0A979FEC0_ICTPU,624,324.0,L,V,False,L324V
tr|A0A979FF91|A0A979FF91_ICTPU,624,324.0,L,V,False,L324V
tr|A0A979FED5|A0A979FED5_ICTPU,624,324.0,L,V,False,L324V
tr|A0A9F7RNW9|A0A9F7RNW9_ICTPU,624,324.0,L,V,False,L324V
tr|A0A979FDQ7|A0A979FDQ7_ICTPU,624,324.0,L,V,False,L324V
tr|A0A979FDP4|A0A979FDP4_ICTPU,624,324.0,L,V,False,L324V
tr|A0A979FDQ5|A0A979FDQ5_ICTPU,624,324.0,L,V,False,L324V
tr|G3RNZ0|G3RNZ0_GORGO,624,324.0,L,V,False,L324V
tr|G3SFK7|G3SFK7_GORGO,624,324.0,L,H,False,L324H
tr|A0A6P8S6V4|A0A6P8S6V4_GEOSA,624,324.0,L,V,False,L324V
tr|A0A6P8SBP1|A0A6P8SBP1_GEOSA,624,324.0,L,V,False,L324V
tr|A0A6P8S5P9|A0A6P8S5P9_GEOSA,624,324.0,L,V,False,L324V
tr|A0A6P8S5Q7|A0A6P8S5Q7_GEOSA,624,324.0,L,V,False,L324V
tr|A0A6P7YWZ4|A0A6P7YWZ4_9AMPH,624,324.0,L,V,False,L324V
tr|A0A6P7Z4T0|A0A6P7Z4T0_9AMPH,624,324.0,L,V,False,L324V
tr|A0A6P8S9S5|A0A6P8S9S5_GEOSA,624,324.0,L,V,False,L324V
tr|A0A6P8SBN6|A0A6P8SBN6_GEOSA,624,324.0,L,V,False,L324V
tr|A0A6P8S5P6|A0A6P8S5P6_GEOSA,624,324.0,L,V,False,L324V
tr|A0A6P8S9T4|A0A6P8S9T4_GEOSA,624,324.0,L,V,False,L324V
tr|A0A6P8S6B0|A0A6P8S6B0_GEOSA,624,324.0,L,V,False,L324V
tr|A0A6P8S6A6|A0A6P8S6A6_GEOSA,624,324.0,L,V,False,L324V
tr|A0A6P8S6A3|A0A6P8S6A3_GEOSA,624,324.0,L,V,False,L324V
tr|A0A6P8S5P3|A0A6P8S5P3_GEOSA,624,324.0,L,V,False,L324V
tr|A0A6P8S9T8|A0A6P8S9T8_GEOSA,624,324.0,L,V,False,L324V
tr|A0A6P7Z2S0|A0A6P7Z2S0_9AMPH,624,324.0,L,V,False,L324V
tr|A0A6P8S6V7|A0A6P8S6V7_GEOSA,624,324.0,L,V,False,L324V
tr|A0A6P8SBP4|A0A6P8SBP4_GEOSA,624,324.0,L,V,False,L324V
tr|A0A6P8S5Q2|A0A6P8S5Q2_GEOSA,624,324.0,L,V,False,L324V
tr|A0A6P8S9T0|A0A6P8S9T0_GEOSA,624,324.0,L,V,False,L324V
tr|A0A6P8VIH1|A0A6P8VIH1_GYMAC,625,325.0,S,N,False,S325N
tr|A0A2I4BXB8|A0A2I4BXB8_AUSLI,625,325.0,S,N,False,S325N
tr|A0A2I4BXF7|A0A2I4BXF7_AUSLI,625,325.0,S,N,False,S325N
tr|A0A2I4BXC1|A0A2I4BXC1_AUSLI,625,325.0,S,N,False,S325N
tr|A0A2I4BXC7|A0A2I4BXC7_AUSLI,625,325.0,S,N,False,S325N
tr|A0ABV1A463|A0ABV1A463_9TELE,625,325.0,S,N,False,S325N
tr|A0AAV9S7N1|A0AAV9S7N1_9TELE,625,325.0,S,N,False,S325N
tr|A0ABV0TT83|A0ABV0TT83_9TELE,625,325.0,S,N,False,S325N
tr|A0A6P7NA03|A0A6P7NA03_BETSP,625,325.0,S,N,False,S325N
tr|A0A9W2XZU5|A0A9W2XZU5_BETSP,625,325.0,S,N,False,S325N
tr|A0A6P7NFA4|A0A6P7NFA4_BETSP,625,325.0,S,N,False,S325N
tr|A0A9W2XZJ7|A0A9W2XZJ7_BETSP,625,325.0,S,N,False,S325N
tr|A0A6P7NA07|A0A6P7NA07_BETSP,625,325.0,S,N,False,S325N
tr|A0A6P7NE39|A0A6P7NE39_BETSP,625,325.0,S,N,False,S325N
tr|A0A6J2S884|A0A6J2S884_COTGO,625,325.0,S,N,False,S325N
tr|A0A6P7I2Q9|A0A6P7I2Q9_9TELE,625,325.0,S,N,False,S325N
tr|A0A6P7HH59|A0A6P7HH59_9TELE,625,325.0,S,N,False,S325N
tr|A0A6P7HWN0|A0A6P7HWN0_9TELE,625,325.0,S,N,False,S325N
tr|A0A9Y4NB67|A0A9Y4NB67_9TELE,625,325.0,S,N,False,S325N
tr|A0A9Y6LYW8|A0A9Y6LYW8_9CICH,625,325.0,S,N,False,S325N
tr|A0A9Y3R1R7|A0A9Y3R1R7_9CICH,625,325.0,S,N,False,S325N
tr|A0AC36JJL6|A0AC36JJL6_9CICH,625,325.0,S,N,False,S325N
tr|A0ACF8DDW5|A0ACF8DDW5_ARAGI,625,325.0,S,N,False,S325N
tr|A0ACF8FNS1|A0ACF8FNS1_ARAGI,625,325.0,S,N,False,S325N
tr|A0AAX6RUX8|A0AAX6RUX8_HETGA,625,325.0,S,N,False,S325N
tr|A9UCM2|A9UCM2_CYNSP,625,325.0,S,N,False,S325N
tr|A0A8U0R0X1|A0A8U0R0X1_SALNM,625,325.0,S,N,False,S325N
tr|A0A6J2V217|A0A6J2V217_CHACN,625,325.0,S,N,False,S325N
tr|A0A6J2V3N9|A0A6J2V3N9_CHACN,625,325.0,S,N,False,S325N
tr|A0A979FEC0|A0A979FEC0_ICTPU,625,325.0,S,N,False,S325N
tr|A0A979FF91|A0A979FF91_ICTPU,625,325.0,S,N,False,S325N
tr|A0A979FED5|A0A979FED5_ICTPU,625,325.0,S,N,False,S325N
tr|A0A9F7RNW9|A0A9F7RNW9_ICTPU,625,325.0,S,N,False,S325N
tr|A0A979FDQ7|A0A979FDQ7_ICTPU,625,325.0,S,N,False,S325N
tr|A0A979FDP4|A0A979FDP4_ICTPU,625,325.0,S,N,False,S325N
tr|A0A979FDQ5|A0A979FDQ5_ICTPU,625,325.0,S,N,False,S325N
tr|A0AC58J6Q9|A0AC58J6Q9_DANRE,625,325.0,S,N,False,S325N
tr|A0AC58J6Q2|A0AC58J6Q2_DANRE,625,325.0,S,N,False,S325N
tr|A0AB32TNW7|A0AB32TNW7_DANRE,625,325.0,S,N,False,S325N
tr|A0AC58J6S2|A0AC58J6S2_DANRE,625,325.0,S,N,False,S325N
tr|A0AC58J6R3|A0AC58J6R3_DANRE,625,325.0,S,N,False,S325N
tr|A0ACM8Q842|A0ACM8Q842_DANRE,625,325.0,S,N,False,S325N
tr|A0AB32TSB5|A0AB32TSB5_DANRE,625,325.0,S,N,False,S325N
tr|A0AB32TQV9|A0AB32TQV9_DANRE,625,325.0,S,N,False,S325N
tr|A0AB32TLD3|A0AB32TLD3_DANRE,625,325.0,S,N,False,S325N
tr|A0AC58J6Q5|A0AC58J6Q5_DANRE,625,325.0,S,N,False,S325N
tr|A0A6J2V203|A0A6J2V203_CHACN,625,325.0,S,N,False,S325N
tr|A0A6I9HI92|A0A6I9HI92_GEOFO,625,325.0,S,N,False,S325N
tr|A0AAD8DBY4|A0AAD8DBY4_ACIOX,625,325.0,S,N,False,S325N
tr|A0AAD8DJ01|A0AAD8DJ01_ACIOX,625,325.0,S,N,False,S325N
tr|A0A2Y9DWT2|A0A2Y9DWT2_TRIMA,625,325.0,S,N,False,S325N
tr|A0A2Y9G2K3|A0A2Y9G2K3_TRIMA,625,325.0,S,N,False,S325N
tr|A0A6P3QXJ2|A0A6P3QXJ2_PTEVA,625,325.0,S,N,False,S325N
tr|A0A8C2TN39|A0A8C2TN39_COTJA,625,325.0,S,N,False,S325N
tr|A0A8C2TN55|A0A8C2TN55_COTJA,625,325.0,S,N,False,S325N
tr|A0A8C5M8V1|A0A8C5M8V1_9ANUR,625,325.0,S,N,False,S325N
tr|A0A1V4J975|A0A1V4J975_PATFA,625,325.0,S,N,False,S325N
tr|A0A803VRI8|A0A803VRI8_FICAL,625,325.0,S,N,False,S325N
tr|A0A803VX31|A0A803VX31_FICAL,625,325.0,S,N,False,S325N
tr|A0A663N514|A0A663N514_ATHCN,625,325.0,S,N,False,S325N
tr|A0A8C3UXT3|A0A8C3UXT3_CATUS,625,325.0,S,N,False,S325N
tr|G3RNZ0|G3RNZ0_GORGO,625,325.0,S,V,False,S325V
tr|G3SFK7|G3SFK7_GORGO,625,325.0,S,N,False,S325N
tr|A0A2I3H895|A0A2I3H895_NOMLE,625,325.0,S,N,False,S325N
tr|A0ABQ9CS58|A0ABQ9CS58_9PASS,625,325.0,S,N,False,S325N
tr|A0A8V0X8B7|A0A8V0X8B7_CHICK,625,325.0,S,N,False,S325N
tr|G1NA17|G1NA17_MELGA,625,325.0,S,N,False,S325N
tr|A0A2Y9DWJ1|A0A2Y9DWJ1_TRIMA,625,325.0,S,N,False,S325N
tr|A0A1S3FH60|A0A1S3FH60_DIPOR,625,325.0,S,N,False,S325N
tr|A0A8I3WU72|A0A8I3WU72_CALJA,625,325.0,S,N,False,S325N
tr|T1PTS4|T1PTS4_PARLB,625,325.0,S,N,False,S325N
tr|A0A6P8S6V4|A0A6P8S6V4_GEOSA,625,325.0,S,N,False,S325N
tr|A0A6P8SBP1|A0A6P8SBP1_GEOSA,625,325.0,S,N,False,S325N
tr|A0A6P8S5P9|A0A6P8S5P9_GEOSA,625,325.0,S,N,False,S325N
tr|A0A6P8S5Q7|A0A6P8S5Q7_GEOSA,625,325.0,S,N,False,S325N
tr|A0A6P7YWZ4|A0A6P7YWZ4_9AMPH,625,325.0,S,N,False,S325N
tr|A0A6P7Z4T0|A0A6P7Z4T0_9AMPH,625,325.0,S,N,False,S325N
tr|A0A6P8S9S5|A0A6P8S9S5_GEOSA,625,325.0,S,N,False,S325N
tr|A0A6P8SBN6|A0A6P8SBN6_GEOSA,625,325.0,S,N,False,S325N
tr|A0A6P8S5P6|A0A6P8S5P6_GEOSA,625,325.0,S,N,False,S325N
tr|A0A6P8S9T4|A0A6P8S9T4_GEOSA,625,325.0,S,N,False,S325N
tr|A0A6P8S6B0|A0A6P8S6B0_GEOSA,625,325.0,S,N,False,S325N
tr|A0A6P8S6A6|A0A6P8S6A6_GEOSA,625,325.0,S,N,False,S325N
tr|A0A6P8S6A3|A0A6P8S6A3_GEOSA,625,325.0,S,N,False,S325N
tr|A0A6P8S5P3|A0A6P8S5P3_GEOSA,625,325.0,S,N,False,S325N
tr|A0A6P8S9T8|A0A6P8S9T8_GEOSA,625,325.0,S,N,False,S325N
tr|A0ABM3XUF2|A0ABM3XUF2_ERIEU,625,325.0,S,N,False,S325N
tr|H3AY31|H3AY31_LATCH,625,325.0,S,N,False,S325N
tr|A0A6I9YYB6|A0A6I9YYB6_9SAUR,625,325.0,S,N,False,S325N
tr|A0A9F5IXC2|A0A9F5IXC2_PYTBI,625,325.0,S,N,False,S325N
tr|A0A2Y9DWY6|A0A2Y9DWY6_TRIMA,625,325.0,S,N,False,S325N
tr|G1PTL9|G1PTL9_MYOLU,625,325.0,S,N,False,S325N
tr|A0ABM5DIL0|A0ABM5DIL0_VICPA,625,325.0,S,N,False,S325N
tr|A0A2Y9P5C2|A0A2Y9P5C2_DELLE,625,325.0,S,N,False,S325N
tr|A0A2Y9DXW3|A0A2Y9DXW3_TRIMA,625,325.0,S,N,False,S325N
tr|A0A6P3R3C8|A0A6P3R3C8_PTEVA,625,325.0,S,N,False,S325N
tr|A0A6P3QXI5|A0A6P3QXI5_PTEVA,625,325.0,S,N,False,S325N
tr|A9UCN2|A9UCN2_ROULE,625,325.0,S,N,False,S325N
tr|A0A9W2WNZ4|A0A9W2WNZ4_PHYMC,625,325.0,S,N,False,S325N
tr|A0A9W2WNT7|A0A9W2WNT7_PHYMC,625,325.0,S,N,False,S325N
tr|A0A9W2WP90|A0A9W2WP90_PHYMC,625,325.0,S,N,False,S325N
tr|A0A9W2WNJ2|A0A9W2WNJ2_PHYMC,625,325.0,S,N,False,S325N
tr|A0A9W2WPF2|A0A9W2WPF2_PHYMC,625,325.0,S,N,False,S325N
tr|A0ABM3XUF5|A0ABM3XUF5_ERIEU,625,325.0,S,N,False,S325N
tr|A0ABM3XUF6|A0ABM3XUF6_ERIEU,625,325.0,S,N,False,S325N
tr|A0AC58LU76|A0AC58LU76_CASCN,625,325.0,S,N,False,S325N
tr|A0AC58LUC1|A0AC58LUC1_CASCN,625,325.0,S,N,False,S325N
tr|A0AC58LU85|A0AC58LU85_CASCN,625,325.0,S,N,False,S325N
tr|A0ABM4IA36|A0ABM4IA36_ODOVR,625,325.0,S,N,False,S325N
tr|A0ABM4P5F2|A0ABM4P5F2_EQUPR,625,325.0,S,N,False,S325N
tr|A0ABM4P5F1|A0ABM4P5F1_EQUPR,625,325.0,S,N,False,S325N
tr|A0ABM4P5E8|A0ABM4P5E8_EQUPR,625,325.0,S,N,False,S325N
tr|A0ABM4P5E6|A0ABM4P5E6_EQUPR,625,325.0,S,N,False,S325N
tr|A0A9L0J3G1|A0A9L0J3G1_EQUAS,625,325.0,S,N,False,S325N
tr|A0ABM4P5D8|A0ABM4P5D8_EQUPR,625,325.0,S,N,False,S325N
tr|A0ABM4P5E0|A0ABM4P5E0_EQUPR,625,325.0,S,N,False,S325N
tr|A0ABM4P5C9|A0ABM4P5C9_EQUPR,625,325.0,S,N,False,S325N
tr|A0ABM4P5D1|A0ABM4P5D1_EQUPR,625,325.0,S,N,False,S325N
tr|A0A8B7A802|A0A8B7A802_ORYAF,625,325.0,S,N,False,S325N
tr|A0A6P6DL68|A0A6P6DL68_OCTDE,625,325.0,S,N,False,S325N
tr|A0AC55CZE9|A0AC55CZE9_ECHTE,625,325.0,S,N,False,S325N
tr|A0ABM5DIK9|A0ABM5DIK9_VICPA,625,325.0,S,N,False,S325N
tr|A0A8B8TCI7|A0A8B8TCI7_CAMFR,625,325.0,S,N,False,S325N
tr|A0AC58QLX8|A0AC58QLX8_CAMBA,625,325.0,S,N,False,S325N
tr|A0AC58QLY5|A0AC58QLY5_CAMBA,625,325.0,S,N,False,S325N
tr|A0A803WA84|A0A803WA84_FICAL,625,325.0,S,N,False,S325N
tr|A0A803VVV3|A0A803VVV3_FICAL,625,325.0,S,N,False,S325N
tr|A0A8C3V2Y9|A0A8C3V2Y9_CATUS,625,325.0,S,N,False,S325N
tr|A0A6P3RA75|A0A6P3RA75_PTEVA,625,325.0,S,N,False,S325N
tr|A0A8C2UVV4|A0A8C2UVV4_CHILA,625,325.0,S,N,False,S325N
tr|A0A8C9AS53|A0A8C9AS53_PROSS,625,325.0,S,N,False,S325N
tr|A0A1S3FGE5|A0A1S3FGE5_DIPOR,625,325.0,S,N,False,S325N
tr|A0ABM3TVV6|A0ABM3TVV6_BALAC,625,325.0,S,N,False,S325N
tr|A0A8B8YAI8|A0A8B8YAI8_BALMU,625,325.0,S,N,False,S325N
tr|A0ABM3TVW3|A0ABM3TVW3_BALAC,625,325.0,S,N,False,S325N
tr|A0A341CHV5|A0A341CHV5_NEOAA,625,325.0,S,N,False,S325N
tr|A0A341CFW6|A0A341CFW6_NEOAA,625,325.0,S,N,False,S325N
tr|A0A341CG55|A0A341CG55_NEOAA,625,325.0,S,N,False,S325N
tr|A0ACM7FC38|A0ACM7FC38_TURTR,625,325.0,S,N,False,S325N
tr|A0A8C9BRB4|A0A8C9BRB4_PHOSS,625,325.0,S,N,False,S325N
tr|A0A8C6B0W0|A0A8C6B0W0_MONMO,625,325.0,S,N,False,S325N
tr|A0ACM7FC36|A0ACM7FC36_TURTR,625,325.0,S,N,False,S325N
tr|A0A452FUL3|A0A452FUL3_CAPHI,625,325.0,S,N,False,S325N
tr|A0ABM3XUD6|A0ABM3XUD6_ERIEU,625,325.0,S,N,False,S325N
tr|A0ABM3XUE3|A0ABM3XUE3_ERIEU,625,325.0,S,N,False,S325N
tr|F1N4J3|F1N4J3_BOVIN,625,325.0,S,N,False,S325N
tr|A0A6P3GCY9|A0A6P3GCY9_BISBB,625,325.0,S,N,False,S325N
tr|A0A6P3QUS7|A0A6P3QUS7_PTEVA,625,325.0,S,N,False,S325N
tr|A0A6P3QVU1|A0A6P3QVU1_PTEVA,625,325.0,S,N,False,S325N
tr|A0A8I6AF22|A0A8I6AF22_RAT,625,325.0,S,N,False,S325N
tr|A0A9B0TDN8|A0A9B0TDN8_CHRAS,625,325.0,S,N,False,S325N
tr|D3Z142|D3Z142_MOUSE,625,325.0,S,N,False,S325N
tr|A0A286XZY9|A0A286XZY9_CAVPO,625,325.0,S,N,False,S325N
tr|A0A6P5PP52|A0A6P5PP52_MUSCR,625,325.0,S,N,False,S325N
tr|A0A8B9WDS0|A0A8B9WDS0_BOSGR,625,325.0,S,N,False,S325N
tr|A0ABM4S7Z7|A0ABM4S7Z7_BOSIN,625,325.0,S,N,False,S325N
tr|A0A8C9DT13|A0A8C9DT13_PROSS,625,325.0,S,N,False,S325N
tr|A0ABM0QMY5|A0ABM0QMY5_GALVR,625,325.0,S,N,False,S325N
tr|A0A8C5VJS7|A0A8C5VJS7_MICMU,625,325.0,S,N,False,S325N
tr|F7IF16|F7IF16_CALJA,625,325.0,S,N,False,S325N
tr|A0A1I7Q461|A0A1I7Q461_MACMU,625,325.0,S,N,False,S325N
tr|A0A8I5TXW6|A0A8I5TXW6_PONAB,625,325.0,S,N,False,S325N
tr|A0A2I3S453|A0A2I3S453_PANTR,625,325.0,S,N,False,S325N
tr|A0A8C9HND8|A0A8C9HND8_9PRIM,625,325.0,S,N,False,S325N
tr|A0A2K6PV49|A0A2K6PV49_RHIRO,625,325.0,S,N,False,S325N
tr|A0A6J3HN62|A0A6J3HN62_SAPAP,625,325.0,S,N,False,S325N
tr|A0A6I8ND77|A0A6I8ND77_ORNAN,625,325.0,S,N,False,S325N
tr|A0ABM1UMY6|A0ABM1UMY6_MICOH,625,325.0,S,N,False,S325N
tr|G1SG56|G1SG56_RABIT,625,325.0,S,N,False,S325N
tr|A9UCM9|A9UCM9_RABIT,625,325.0,S,N,False,S325N
tr|A0A6P3QUT6|A0A6P3QUT6_PTEVA,625,325.0,S,N,False,S325N
tr|A0A6P3QVU8|A0A6P3QVU8_PTEVA,625,325.0,S,N,False,S325N
tr|A0A6P3QXJ7|A0A6P3QXJ7_PTEVA,625,325.0,S,N,False,S325N
tr|A9UCM8|A9UCM8_MYOPI,625,325.0,S,N,False,S325N
tr|A0A6P3QVV3|A0A6P3QVV3_PTEVA,625,325.0,S,N,False,S325N
tr|A0A9B0T8U2|A0A9B0T8U2_CHRAS,625,325.0,S,N,False,S325N
tr|A0A9B0WIY9|A0A9B0WIY9_CHRAS,625,325.0,S,N,False,S325N
tr|A0A9B0WLM6|A0A9B0WLM6_CHRAS,625,325.0,S,N,False,S325N
tr|A0A8C5ZKA8|A0A8C5ZKA8_MARMA,625,325.0,S,N,False,S325N
tr|I6UC04|I6UC04_EOSFB,625,325.0,S,N,False,S325N
tr|F6TAH4|F6TAH4_CALJA,625,325.0,S,N,False,S325N
sp|Q5QL03|FOXP2_HYLLA,625,325.0,S,N,False,S325N
sp|Q8MJ98|FOXP2_PONPY,625,325.0,S,N,False,S325N
tr|A0A2I3HEU3|A0A2I3HEU3_NOMLE,625,325.0,S,N,False,S325N
tr|H2PN93|H2PN93_PONAB,625,325.0,S,N,False,S325N
sp|Q8MJ99|FOXP2_GORGO,625,325.0,S,N,False,S325N
sp|Q8MJ97|FOXP2_MACMU,625,325.0,S,N,False,S325N
sp|Q8HZ00|FOXP2_PANPA,625,325.0,S,N,False,S325N
tr|A0A2J8QXL9|A0A2J8QXL9_PANTR,625,325.0,S,N,False,S325N
tr|A0A3Q0D8Q9|A0A3Q0D8Q9_MESAU,625,325.0,S,N,False,S325N
sp|P58463|FOXP2_MOUSE,625,325.0,S,N,False,S325N
tr|H0UV26|H0UV26_CAVPO,625,325.0,S,N,False,S325N
tr|A0A8C5XHV4|A0A8C5XHV4_MICMU,625,325.0,S,N,False,S325N
tr|A0A2K6PV57|A0A2K6PV57_RHIRO,625,325.0,S,N,False,S325N
tr|A0A8C9HI14|A0A8C9HI14_9PRIM,625,325.0,S,N,False,S325N
tr|A0A663N1N8|A0A663N1N8_ATHCN,625,325.0,S,N,False,S325N
tr|A0A9W2WNW6|A0A9W2WNW6_PHYMC,625,325.0,S,N,False,S325N
tr|A0A803YMJ4|A0A803YMJ4_MELGA,625,325.0,S,N,False,S325N
tr|A0A663N2Y4|A0A663N2Y4_ATHCN,625,325.0,S,N,False,S325N
tr|A0A6J2G5V7|A0A6J2G5V7_9PASS,625,325.0,S,N,False,S325N
tr|A0A803VEU5|A0A803VEU5_FICAL,625,325.0,S,N,False,S325N
tr|Q6QBA5|Q6QBA5_TAEGU,625,325.0,S,N,False,S325N
tr|A0A8C6ZYM5|A0A8C6ZYM5_NOTPE,625,325.0,S,N,False,S325N
tr|A0AC58QLY3|A0AC58QLY3_CAMBA,625,325.0,S,N,False,S325N
tr|A9UCN5|A9UCN5_TYLPA,625,325.0,S,N,False,S325N
tr|A0A674IWZ5|A0A674IWZ5_9SAUR,625,325.0,S,N,False,S325N
tr|A0A8C5F2F1|A0A8C5F2F1_9SAUR,625,325.0,S,N,False,S325N
tr|A0A663N1N3|A0A663N1N3_ATHCN,625,325.0,S,N,False,S325N
tr|A0A8C2TN37|A0A8C2TN37_COTJA,625,325.0,S,N,False,S325N
tr|A0A8V0X5B4|A0A8V0X5B4_CHICK,625,325.0,S,N,False,S325N
tr|A0A6J0HH27|A0A6J0HH27_9PASS,625,325.0,S,N,False,S325N
tr|A0A674ISI7|A0A674ISI7_9SAUR,625,325.0,S,N,False,S325N
tr|A0A6J0HH90|A0A6J0HH90_9PASS,625,325.0,S,N,False,S325N
tr|G3X2N2|G3X2N2_SARHA,625,325.0,S,N,False,S325N
tr|A0A663N4T8|A0A663N4T8_ATHCN,625,325.0,S,N,False,S325N
tr|A0A663N503|A0A663N503_ATHCN,625,325.0,S,N,False,S325N
tr|A0A8C3UTJ3|A0A8C3UTJ3_CATUS,625,325.0,S,N,False,S325N
tr|A0A6P7Z2S0|A0A6P7Z2S0_9AMPH,625,325.0,S,N,False,S325N
tr|A0A6P8S6V7|A0A6P8S6V7_GEOSA,625,325.0,S,N,False,S325N
tr|A0A6P8SBP4|A0A6P8SBP4_GEOSA,625,325.0,S,N,False,S325N
tr|A0A6P8S5Q2|A0A6P8S5Q2_GEOSA,625,325.0,S,N,False,S325N
tr|A0A6P8S9T0|A0A6P8S9T0_GEOSA,625,325.0,S,N,False,S325N
tr|A0A8C6XFH2|A0A8C6XFH2_NAJNA,625,325.0,S,N,False,S325N
tr|A0A8C9AS63|A0A8C9AS63_PROSS,625,325.0,S,N,False,S325N
tr|T1PV61|T1PV61_GEKGE,625,325.0,S,N,False,S325N
tr|A0A8V0XB05|A0A8V0XB05_CHICK,625,325.0,S,N,False,S325N
tr|H0Z4Q2|H0Z4Q2_TAEGU,625,325.0,S,N,False,S325N
tr|Q6QBA4|Q6QBA4_TAEGU,625,325.0,S,N,False,S325N
tr|A0A8V0X2A9|A0A8V0X2A9_CHICK,625,325.0,S,N,False,S325N
tr|G8HZI0|G8HZI0_CHICK,625,325.0,S,N,False,S325N
tr|G8HZI1|G8HZI1_CHICK,625,325.0,S,N,False,S325N
tr|A0A803YR11|A0A803YR11_MELGA,625,325.0,S,N,False,S325N
tr|G1KFZ6|G1KFZ6_ANOCA,625,325.0,S,N,False,S325N
tr|A0A2Y9DY63|A0A2Y9DY63_TRIMA,625,325.0,S,N,False,S325N
tr|A0A2Y9G187|A0A2Y9G187_TRIMA,625,325.0,S,N,False,S325N
tr|A0A9B0TEV2|A0A9B0TEV2_CHRAS,625,325.0,S,N,False,S325N
tr|A0ABM2W223|A0ABM2W223_MESAU,625,325.0,S,N,False,S325N
tr|A0A341CFH1|A0A341CFH1_NEOAA,625,325.0,S,N,False,S325N
tr|A0A8C5XBN6|A0A8C5XBN6_MICMU,625,325.0,S,N,False,S325N
tr|A0ABM4P5G3|A0ABM4P5G3_EQUPR,625,325.0,S,N,False,S325N
tr|A0ABM4P5F7|A0ABM4P5F7_EQUPR,625,325.0,S,N,False,S325N
tr|A0ABM4P5G2|A0ABM4P5G2_EQUPR,625,325.0,S,N,False,S325N
tr|A0A8C9AMI0|A0A8C9AMI0_PROSS,625,325.0,S,N,False,S325N
tr|F7IHC2|F7IHC2_CALJA,625,325.0,S,N,False,S325N
tr|A0A2I3TDM6|A0A2I3TDM6_PANTR,625,325.0,S,N,False,S325N
tr|A0A2K6PV55|A0A2K6PV55_RHIRO,625,325.0,S,N,False,S325N
tr|A0A8C9HU88|A0A8C9HU88_9PRIM,625,325.0,S,N,False,S325N
tr|A0A2K5PBI9|A0A2K5PBI9_CEBIM,625,325.0,S,N,False,S325N
tr|A0A2I3GSA3|A0A2I3GSA3_NOMLE,625,325.0,S,N,False,S325N
tr|A0A8I5U3S6|A0A8I5U3S6_PONAB,625,325.0,S,N,False,S325N
tr|A0A9F5IS39|A0A9F5IS39_PYTBI,625,325.0,S,N,False,S325N
tr|A0AA97JVF9|A0AA97JVF9_EUBMA,625,325.0,S,N,False,S325N
tr|A0A1S3FFW0|A0A1S3FFW0_DIPOR,625,325.0,S,N,False,S325N
tr|A0A1S3FHJ1|A0A1S3FHJ1_DIPOR,625,325.0,S,N,False,S325N
tr|A0A9B0WKY6|A0A9B0WKY6_CHRAS,625,325.0,S,N,False,S325N
tr|A0A6P3QUU2|A0A6P3QUU2_PTEVA,625,325.0,S,N,False,S325N
tr|A0A6P3R3E3|A0A6P3R3E3_PTEVA,625,325.0,S,N,False,S325N
tr|A0A2Y9DXW8|A0A2Y9DXW8_TRIMA,625,325.0,S,N,False,S325N
tr|A0A2Y9FYP5|A0A2Y9FYP5_TRIMA,625,325.0,S,N,False,S325N
tr|V6F812|V6F812_LATCH,625,325.0,S,N,False,S325N
tr|T1PTW0|T1PTW0_9SAUR,625,325.0,S,N,False,S325N
tr|A0A803V983|A0A803V983_FICAL,625,325.0,S,N,False,S325N
tr|A0A218V5A9|A0A218V5A9_9PASE,625,325.0,S,N,False,S325N
tr|V6F7W6|V6F7W6_ANOCA,625,325.0,S,N,False,S325N
tr|A0A9J7J952|A0A9J7J952_CRIGR,625,325.0,S,N,False,S325N
tr|A9UCM1|A9UCM1_9CHIR,625,325.0,S,N,False,S325N
tr|A0A6P3QUT3|A0A6P3QUT3_PTEVA,625,325.0,S,N,False,S325N
tr|A9UCN4|A9UCN4_TAPME,625,325.0,S,N,False,S325N
tr|A0A7E6CIM9|A0A7E6CIM9_9CHIR,625,325.0,S,N,False,S325N
tr|A0ABM4G1M1|A0ABM4G1M1_9AVES,625,325.0,S,N,False,S325N
tr|A0ABM5GG36|A0ABM5GG36_9SAUR,625,325.0,S,N,False,S325N
tr|A0A8C4LJ36|A0A8C4LJ36_EQUAS,625,325.0,S,N,False,S325N
tr|A0A341CFW9|A0A341CFW9_NEOAA,625,325.0,S,N,False,S325N
tr|A0A8C2TQ46|A0A8C2TQ46_COTJA,625,325.0,S,N,False,S325N
tr|A0A8V0XB36|A0A8V0XB36_CHICK,625,325.0,S,N,False,S325N
tr|A0A663N507|A0A663N507_ATHCN,625,325.0,S,N,False,S325N
tr|A0A663N1P3|A0A663N1P3_ATHCN,625,325.0,S,N,False,S325N
tr|A0A6J3EI75|A0A6J3EI75_AYTFU,625,325.0,S,N,False,S325N
tr|A0A803V0S5|A0A803V0S5_FICAL,625,325.0,S,N,False,S325N
tr|A0A8C3V1M9|A0A8C3V1M9_CATUS,625,325.0,S,N,False,S325N
tr|A0A8C2TQ55|A0A8C2TQ55_COTJA,625,325.0,S,N,False,S325N
tr|A0A663N4U8|A0A663N4U8_ATHCN,625,325.0,S,N,False,S325N
tr|A0A8C3UYW6|A0A8C3UYW6_CATUS,625,325.0,S,N,False,S325N
tr|A0A9B0WLM4|A0A9B0WLM4_CHRAS,625,325.0,S,N,False,S325N
tr|A0A6P3QXK5|A0A6P3QXK5_PTEVA,625,325.0,S,N,False,S325N
tr|A0A2Y9DY69|A0A2Y9DY69_TRIMA,625,325.0,S,N,False,S325N
tr|A0A6P3RA83|A0A6P3RA83_PTEVA,625,325.0,S,N,False,S325N
tr|A0A2Y9DWZ0|A0A2Y9DWZ0_TRIMA,625,325.0,S,N,False,S325N
tr|A0A341CFX6|A0A341CFX6_NEOAA,625,325.0,S,N,False,S325N
tr|A0A341CG67|A0A341CG67_NEOAA,625,325.0,S,N,False,S325N
tr|A0A341CHW5|A0A341CHW5_NEOAA,625,325.0,S,N,False,S325N
tr|A0A1V4JAD2|A0A1V4JAD2_PATFA,625,325.0,S,N,False,S325N
tr|A0A1S3FHI6|A0A1S3FHI6_DIPOR,625,325.0,S,N,False,S325N
tr|A0A1S3FGE9|A0A1S3FGE9_DIPOR,625,325.0,S,N,False,S325N
tr|A0A1S3FH55|A0A1S3FH55_DIPOR,625,325.0,S,N,False,S325N
tr|A0A1S3FFJ5|A0A1S3FFJ5_DIPOR,625,325.0,S,N,False,S325N
tr|A0A1S3FFK0|A0A1S3FFK0_DIPOR,625,325.0,S,N,False,S325N
tr|A0A670Z5Y1|A0A670Z5Y1_PSETE,625,325.0,S,N,False,S325N
tr|A0A670Z823|A0A670Z823_PSETE,625,325.0,S,N,False,S325N
tr|A0A6J1U1T0|A0A6J1U1T0_9SAUR,625,325.0,S,N,False,S325N
tr|A0A6P3FFL7|A0A6P3FFL7_OCTDE,625,325.0,S,N,False,S325N
tr|A0A6I9YXB8|A0A6I9YXB8_9SAUR,625,325.0,S,N,False,S325N
tr|A0A8C0U7Z2|A0A8C0U7Z2_CYACU,625,325.0,S,N,False,S325N
tr|A0A6J0HIE4|A0A6J0HIE4_9PASS,625,325.0,S,N,False,S325N
tr|A0AC58LUB7|A0AC58LUB7_CASCN,625,325.0,S,N,False,S325N
tr|A0AC58LUC3|A0AC58LUC3_CASCN,625,325.0,S,N,False,S325N
tr|A0ABM3XUF3|A0ABM3XUF3_ERIEU,625,325.0,S,N,False,S325N
tr|A0ABM3TW40|A0ABM3TW40_BALAC,625,325.0,S,N,False,S325N
tr|G3TN54|G3TN54_LOXAF,625,325.0,S,N,False,S325N
tr|A0A5F8H207|A0A5F8H207_MONDO,625,325.0,S,N,False,S325N
tr|A0ABM4P5I0|A0ABM4P5I0_EQUPR,625,325.0,S,N,False,S325N
tr|A0ABM4P5G5|A0ABM4P5G5_EQUPR,625,325.0,S,N,False,S325N
tr|A0ABM4P5H0|A0ABM4P5H0_EQUPR,625,325.0,S,N,False,S325N
tr|A0A9W2WNX7|A0A9W2WNX7_PHYMC,625,325.0,S,N,False,S325N
tr|Q6QBA2|Q6QBA2_TAEGU,625,325.0,S,N,False,S325N
tr|A0ABM4S800|A0ABM4S800_BOSIN,625,325.0,S,N,False,S325N
tr|A0A2K6PV67|A0A2K6PV67_RHIRO,625,325.0,S,N,False,S325N
tr|A0A6P3QVV6|A0A6P3QVV6_PTEVA,625,325.0,S,N,False,S325N
tr|A0ABM1JYM0|A0ABM1JYM0_GEKJA,625,325.0,S,N,False,S325N
tr|A0A3Q0H2H6|A0A3Q0H2H6_ALLSI,625,325.0,S,N,False,S325N
tr|A0AC58QLY9|A0AC58QLY9_CAMBA,625,325.0,S,N,False,S325N
tr|A0ABM5DIK7|A0ABM5DIK7_VICPA,625,325.0,S,N,False,S325N
tr|A0ABM5DIK8|A0ABM5DIK8_VICPA,625,325.0,S,N,False,S325N
tr|A0AC58QLX6|A0AC58QLX6_CAMBA,625,325.0,S,N,False,S325N
tr|A0A9W3FUS5|A0A9W3FUS5_CAMBA,625,325.0,S,N,False,S325N
tr|A0AC58LUA0|A0AC58LUA0_CASCN,625,325.0,S,N,False,S325N
tr|A0A9W2WNK8|A0A9W2WNK8_PHYMC,625,325.0,S,N,False,S325N
tr|A0A9W2WP01|A0A9W2WP01_PHYMC,625,325.0,S,N,False,S325N
tr|A0A8C6B2U9|A0A8C6B2U9_MONMO,625,325.0,S,N,False,S325N
tr|A0ACM7FC33|A0ACM7FC33_TURTR,625,325.0,S,N,False,S325N
tr|A0ACM7FC46|A0ACM7FC46_TURTR,625,325.0,S,N,False,S325N
tr|A0ABM3TVW1|A0ABM3TVW1_BALAC,625,325.0,S,N,False,S325N
tr|A0ABM3TVX2|A0ABM3TVX2_BALAC,625,325.0,S,N,False,S325N
tr|A0A341CFX1|A0A341CFX1_NEOAA,625,325.0,S,N,False,S325N
tr|A0A341CFX4|A0A341CFX4_NEOAA,625,325.0,S,N,False,S325N
tr|A0A341CHW0|A0A341CHW0_NEOAA,625,325.0,S,N,False,S325N
tr|A0A341CG60|A0A341CG60_NEOAA,625,325.0,S,N,False,S325N
tr|A0A6P3QXK1|A0A6P3QXK1_PTEVA,625,325.0,S,N,False,S325N
tr|A0A6P3RA78|A0A6P3RA78_PTEVA,625,325.0,S,N,False,S325N
tr|A0A1S2ZA35|A0A1S2ZA35_ERIEU,625,325.0,S,N,False,S325N
tr|A0ABM3XUG2|A0ABM3XUG2_ERIEU,625,325.0,S,N,False,S325N
sp|P0CF24|FOXP2_RAT,625,325.0,S,N,False,S325N
tr|A0A8D2IE09|A0A8D2IE09_UROPR,625,325.0,S,N,False,S325N
tr|A0A9B0T7F5|A0A9B0T7F5_CHRAS,625,325.0,S,N,False,S325N
tr|A0A9B0TBD9|A0A9B0TBD9_CHRAS,625,325.0,S,N,False,S325N
tr|A0A8B9W6Z7|A0A8B9W6Z7_BOSGR,625,325.0,S,N,False,S325N
tr|A0ABM4S7Z1|A0ABM4S7Z1_BOSIN,625,325.0,S,N,False,S325N
tr|A0AAA9RWR3|A0AAA9RWR3_BOVIN,625,325.0,S,N,False,S325N
tr|A0ABM4P5G4|A0ABM4P5G4_EQUPR,625,325.0,S,N,False,S325N
tr|A0A6P5K4P6|A0A6P5K4P6_PHACI,625,325.0,S,N,False,S325N
tr|A9UCM3|A9UCM3_EQUAS,625,325.0,S,N,False,S325N
tr|A0ABM4P5F0|A0ABM4P5F0_EQUPR,625,325.0,S,N,False,S325N
tr|A0ABM4P5E9|A0ABM4P5E9_EQUPR,625,325.0,S,N,False,S325N
tr|A0ABM4P5E3|A0ABM4P5E3_EQUPR,625,325.0,S,N,False,S325N
tr|A0ABM4P5E4|A0ABM4P5E4_EQUPR,625,325.0,S,N,False,S325N
tr|A0A9F2NWE2|A0A9F2NWE2_PYTBI,625,325.0,S,N,False,S325N
tr|K7G4L3|K7G4L3_PELSI,625,325.0,S,N,False,S325N
tr|A0A7M4ESK2|A0A7M4ESK2_CROPO,625,325.0,S,N,False,S325N
tr|A0A8C0GSH0|A0A8C0GSH0_CHEAB,625,325.0,S,N,False,S325N
tr|A0A8T1SIB8|A0A8T1SIB8_CHESE,625,325.0,S,N,False,S325N
tr|A9UCN6|A9UCN6_TRASC,625,325.0,S,N,False,S325N
tr|A0A5F8GPP1|A0A5F8GPP1_MONDO,625,325.0,S,N,False,S325N
tr|A0A8C4YPR3|A0A8C4YPR3_9SAUR,625,325.0,S,N,False,S325N
tr|A0A674IUJ3|A0A674IUJ3_9SAUR,625,325.0,S,N,False,S325N
tr|A0A8V0X8C6|A0A8V0X8C6_CHICK,625,325.0,S,N,False,S325N
tr|G8HZH9|G8HZH9_CHICK,625,325.0,S,N,False,S325N
tr|Q6TKS2|Q6TKS2_TAEGU,625,325.0,S,N,False,S325N
tr|A0A8C6NFR5|A0A8C6NFR5_MELUD,625,325.0,S,N,False,S325N
tr|Q6S511|Q6S511_MELUD,625,325.0,S,N,False,S325N
tr|G8HZH8|G8HZH8_CHICK,625,325.0,S,N,False,S325N
tr|A0A8V0XB47|A0A8V0XB47_CHICK,625,325.0,S,N,False,S325N
tr|A0ABM4G1D2|A0ABM4G1D2_9AVES,625,325.0,S,N,False,S325N
tr|A0A6P8VIH1|A0A6P8VIH1_GYMAC,626,326.0,A,H,False,A326H
tr|A0A2I4BXB8|A0A2I4BXB8_AUSLI,626,326.0,A,H,False,A326H
tr|A0A2I4BXF7|A0A2I4BXF7_AUSLI,626,326.0,A,H,False,A326H
tr|A0A2I4BXC1|A0A2I4BXC1_AUSLI,626,326.0,A,H,False,A326H
tr|A0A2I4BXC7|A0A2I4BXC7_AUSLI,626,326.0,A,H,False,A326H
tr|A0ABV1A463|A0ABV1A463_9TELE,626,326.0,A,H,False,A326H
tr|A0AAV9S7N1|A0AAV9S7N1_9TELE,626,326.0,A,H,False,A326H
tr|A0ABV0TT83|A0ABV0TT83_9TELE,626,326.0,A,H,False,A326H
tr|A0A6P7NA03|A0A6P7NA03_BETSP,626,326.0,A,H,False,A326H
tr|A0A9W2XZU5|A0A9W2XZU5_BETSP,626,326.0,A,H,False,A326H
tr|A0A6P7NFA4|A0A6P7NFA4_BETSP,626,326.0,A,H,False,A326H
tr|A0A9W2XZJ7|A0A9W2XZJ7_BETSP,626,326.0,A,H,False,A326H
tr|A0A6P7NA07|A0A6P7NA07_BETSP,626,326.0,A,H,False,A326H
tr|A0A6P7NE39|A0A6P7NE39_BETSP,626,326.0,A,H,False,A326H
tr|A0A6J2S884|A0A6J2S884_COTGO,626,326.0,A,H,False,A326H
tr|A0A6P7I2Q9|A0A6P7I2Q9_9TELE,626,326.0,A,H,False,A326H
tr|A0A6P7HH59|A0A6P7HH59_9TELE,626,326.0,A,H,False,A326H
tr|A0A6P7HWN0|A0A6P7HWN0_9TELE,626,326.0,A,H,False,A326H
tr|A0A9Y4NB67|A0A9Y4NB67_9TELE,626,326.0,A,H,False,A326H
tr|A0A9Y6LYW8|A0A9Y6LYW8_9CICH,626,326.0,A,H,False,A326H
tr|A0A9Y3R1R7|A0A9Y3R1R7_9CICH,626,326.0,A,H,False,A326H
tr|A0AC36JJL6|A0AC36JJL6_9CICH,626,326.0,A,H,False,A326H
tr|A0ACF8DDW5|A0ACF8DDW5_ARAGI,626,326.0,A,S,False,A326S
tr|A0A8U0R0X1|A0A8U0R0X1_SALNM,626,326.0,A,S,False,A326S
tr|A0A6J2V217|A0A6J2V217_CHACN,626,326.0,A,S,False,A326S
tr|A0A6J2V3N9|A0A6J2V3N9_CHACN,626,326.0,A,S,False,A326S
tr|A0A6P8GSV4|A0A6P8GSV4_CLUHA,626,326.0,A,S,False,A326S
tr|A0A979FEC0|A0A979FEC0_ICTPU,626,326.0,A,T,False,A326T
tr|A0A979FF91|A0A979FF91_ICTPU,626,326.0,A,T,False,A326T
tr|A0A979FED5|A0A979FED5_ICTPU,626,326.0,A,T,False,A326T
tr|A0A9F7RNW9|A0A9F7RNW9_ICTPU,626,326.0,A,T,False,A326T
tr|A0A979FDQ7|A0A979FDQ7_ICTPU,626,326.0,A,T,False,A326T
tr|A0A979FDP4|A0A979FDP4_ICTPU,626,326.0,A,T,False,A326T
tr|A0A979FDQ5|A0A979FDQ5_ICTPU,626,326.0,A,T,False,A326T
tr|A0AC58J6Q9|A0AC58J6Q9_DANRE,626,326.0,A,N,False,A326N
tr|A0AC58J6Q2|A0AC58J6Q2_DANRE,626,326.0,A,N,False,A326N
tr|A0AB32TNW7|A0AB32TNW7_DANRE,626,326.0,A,N,False,A326N
tr|A0AC58J6S2|A0AC58J6S2_DANRE,626,326.0,A,N,False,A326N
tr|A0AC58J6R3|A0AC58J6R3_DANRE,626,326.0,A,N,False,A326N
tr|A0ACM8Q842|A0ACM8Q842_DANRE,626,326.0,A,N,False,A326N
tr|A0AB32TSB5|A0AB32TSB5_DANRE,626,326.0,A,N,False,A326N
tr|A0AB32TQV9|A0AB32TQV9_DANRE,626,326.0,A,N,False,A326N
tr|A0AB32TLD3|A0AB32TLD3_DANRE,626,326.0,A,N,False,A326N
tr|A0AC58J6Q5|A0AC58J6Q5_DANRE,626,326.0,A,N,False,A326N
tr|A0A6J2V203|A0A6J2V203_CHACN,626,326.0,A,S,False,A326S
tr|A0AAD8DBY4|A0AAD8DBY4_ACIOX,626,326.0,A,S,False,A326S
tr|A0AAD8DJ01|A0AAD8DJ01_ACIOX,626,326.0,A,S,False,A326S
tr|G3RNZ0|G3RNZ0_GORGO,626,326.0,A,F,False,A326F
tr|G3SFK7|G3SFK7_GORGO,626,326.0,A,I,False,A326I
tr|A0A1S3FH60|A0A1S3FH60_DIPOR,626,326.0,A,T,False,A326T
tr|A0A6P8S6V4|A0A6P8S6V4_GEOSA,626,326.0,A,T,False,A326T
tr|A0A6P8SBP1|A0A6P8SBP1_GEOSA,626,326.0,A,T,False,A326T
tr|A0A6P8S5P9|A0A6P8S5P9_GEOSA,626,326.0,A,T,False,A326T
tr|A0A6P8S5Q7|A0A6P8S5Q7_GEOSA,626,326.0,A,T,False,A326T
tr|A0A6P7YWZ4|A0A6P7YWZ4_9AMPH,626,326.0,A,T,False,A326T
tr|A0A6P7Z4T0|A0A6P7Z4T0_9AMPH,626,326.0,A,T,False,A326T
tr|A0A6P8S9S5|A0A6P8S9S5_GEOSA,626,326.0,A,T,False,A326T
tr|A0A6P8SBN6|A0A6P8SBN6_GEOSA,626,326.0,A,T,False,A326T
tr|A0A6P8S5P6|A0A6P8S5P6_GEOSA,626,326.0,A,T,False,A326T
tr|A0A6P8S9T4|A0A6P8S9T4_GEOSA,626,326.0,A,T,False,A326T
tr|A0A6P8S6B0|A0A6P8S6B0_GEOSA,626,326.0,A,T,False,A326T
tr|A0A6P8S6A6|A0A6P8S6A6_GEOSA,626,326.0,A,T,False,A326T
tr|A0A6P8S6A3|A0A6P8S6A3_GEOSA,626,326.0,A,T,False,A326T
tr|A0A6P8S5P3|A0A6P8S5P3_GEOSA,626,326.0,A,T,False,A326T
tr|A0A6P8S9T8|A0A6P8S9T8_GEOSA,626,326.0,A,T,False,A326T
tr|A0ABM3XUF2|A0ABM3XUF2_ERIEU,626,326.0,A,S,False,A326S
tr|H3AY31|H3AY31_LATCH,626,326.0,A,S,False,A326S
tr|G1PTL9|G1PTL9_MYOLU,626,326.0,A,T,False,A326T
tr|A0ABM3XUF5|A0ABM3XUF5_ERIEU,626,326.0,A,S,False,A326S
tr|A0ABM3XUF6|A0ABM3XUF6_ERIEU,626,326.0,A,S,False,A326S
tr|A0A1S3FGE5|A0A1S3FGE5_DIPOR,626,326.0,A,T,False,A326T
tr|A0ABM3XUD6|A0ABM3XUD6_ERIEU,626,326.0,A,S,False,A326S
tr|A0ABM3XUE3|A0ABM3XUE3_ERIEU,626,326.0,A,S,False,A326S
tr|A9UCM8|A9UCM8_MYOPI,626,326.0,A,T,False,A326T
tr|A9UCN5|A9UCN5_TYLPA,626,326.0,A,T,False,A326T
tr|A0A6P7Z2S0|A0A6P7Z2S0_9AMPH,626,326.0,A,T,False,A326T
tr|A0A6P8S6V7|A0A6P8S6V7_GEOSA,626,326.0,A,T,False,A326T
tr|A0A6P8SBP4|A0A6P8SBP4_GEOSA,626,326.0,A,T,False,A326T
tr|A0A6P8S5Q2|A0A6P8S5Q2_GEOSA,626,326.0,A,T,False,A326T
tr|A0A6P8S9T0|A0A6P8S9T0_GEOSA,626,326.0,A,T,False,A326T
tr|A0A1S3FFW0|A0A1S3FFW0_DIPOR,626,326.0,A,T,False,A326T
tr|A0A1S3FHJ1|A0A1S3FHJ1_DIPOR,626,326.0,A,T,False,A326T
tr|V6F812|V6F812_LATCH,626,326.0,A,S,False,A326S
tr|A0A1S3FHI6|A0A1S3FHI6_DIPOR,626,326.0,A,T,False,A326T
tr|A0A1S3FGE9|A0A1S3FGE9_DIPOR,626,326.0,A,T,False,A326T
tr|A0A1S3FH55|A0A1S3FH55_DIPOR,626,326.0,A,T,False,A326T
tr|A0A1S3FFJ5|A0A1S3FFJ5_DIPOR,626,326.0,A,T,False,A326T
tr|A0A1S3FFK0|A0A1S3FFK0_DIPOR,626,326.0,A,T,False,A326T
tr|A0ABM3XUF3|A0ABM3XUF3_ERIEU,626,326.0,A,S,False,A326S
tr|A0A1S2ZA35|A0A1S2ZA35_ERIEU,626,326.0,A,S,False,A326S
tr|A0ABM3XUG2|A0ABM3XUG2_ERIEU,626,326.0,A,S,False,A326S
tr|A0AC58J6Q9|A0AC58J6Q9_DANRE,627,327.0,R,N,False,R327N
tr|A0AC58J6Q2|A0AC58J6Q2_DANRE,627,327.0,R,N,False,R327N
tr|A0AB32TNW7|A0AB32TNW7_DANRE,627,327.0,R,N,False,R327N
tr|A0AC58J6S2|A0AC58J6S2_DANRE,627,327.0,R,N,False,R327N
tr|A0AC58J6R3|A0AC58J6R3_DANRE,627,327.0,R,N,False,R327N
tr|A0ACM8Q842|A0ACM8Q842_DANRE,627,327.0,R,N,False,R327N
tr|A0AB32TSB5|A0AB32TSB5_DANRE,627,327.0,R,N,False,R327N
tr|A0AB32TQV9|A0AB32TQV9_DANRE,627,327.0,R,N,False,R327N
tr|A0AB32TLD3|A0AB32TLD3_DANRE,627,327.0,R,N,False,R327N
tr|A0AC58J6Q5|A0AC58J6Q5_DANRE,627,327.0,R,N,False,R327N
tr|G3RNZ0|G3RNZ0_GORGO,627,327.0,R,F,False,R327F
tr|G3SFK7|G3SFK7_GORGO,627,327.0,R,Y,False,R327Y
tr|G3RNZ0|G3RNZ0_GORGO,628,328.0,R,C,False,R328C
tr|G3SFK7|G3SFK7_GORGO,628,328.0,R,N,False,R328N
tr|A0A6P8VIH1|A0A6P8VIH1_GYMAC,629,329.0,D,E,False,D329E
tr|A0A2I4BXB8|A0A2I4BXB8_AUSLI,629,329.0,D,E,False,D329E
tr|A0A2I4BXF7|A0A2I4BXF7_AUSLI,629,329.0,D,E,False,D329E
tr|A0A2I4BXC1|A0A2I4BXC1_AUSLI,629,329.0,D,E,False,D329E
tr|A0A2I4BXC7|A0A2I4BXC7_AUSLI,629,329.0,D,E,False,D329E
tr|A0ABV1A463|A0ABV1A463_9TELE,629,329.0,D,E,False,D329E
tr|A0AAV9S7N1|A0AAV9S7N1_9TELE,629,329.0,D,E,False,D329E
tr|A0ABV0TT83|A0ABV0TT83_9TELE,629,329.0,D,E,False,D329E
tr|A0A6P7NA03|A0A6P7NA03_BETSP,629,329.0,D,E,False,D329E
tr|A0A9W2XZU5|A0A9W2XZU5_BETSP,629,329.0,D,E,False,D329E
tr|A0A6P7NFA4|A0A6P7NFA4_BETSP,629,329.0,D,E,False,D329E
tr|A0A9W2XZJ7|A0A9W2XZJ7_BETSP,629,329.0,D,E,False,D329E
tr|A0A6P7NA07|A0A6P7NA07_BETSP,629,329.0,D,E,False,D329E
tr|A0A6P7NE39|A0A6P7NE39_BETSP,629,329.0,D,E,False,D329E
tr|A0A6J2S884|A0A6J2S884_COTGO,629,329.0,D,E,False,D329E
tr|A0A6P7I2Q9|A0A6P7I2Q9_9TELE,629,329.0,D,E,False,D329E
tr|A0A6P7HH59|A0A6P7HH59_9TELE,629,329.0,D,E,False,D329E
tr|A0A6P7HWN0|A0A6P7HWN0_9TELE,629,329.0,D,E,False,D329E
tr|A0A9Y4NB67|A0A9Y4NB67_9TELE,629,329.0,D,E,False,D329E
tr|A0A9Y6LYW8|A0A9Y6LYW8_9CICH,629,329.0,D,E,False,D329E
tr|A0A9Y3R1R7|A0A9Y3R1R7_9CICH,629,329.0,D,E,False,D329E
tr|A0AC36JJL6|A0AC36JJL6_9CICH,629,329.0,D,E,False,D329E
tr|A0ACF8DDW5|A0ACF8DDW5_ARAGI,629,329.0,D,E,False,D329E
tr|A0ACF8FNS1|A0ACF8FNS1_ARAGI,629,329.0,D,E,False,D329E
tr|A0A8U0R0X1|A0A8U0R0X1_SALNM,629,329.0,D,E,False,D329E
tr|A0A6P8GSV4|A0A6P8GSV4_CLUHA,629,329.0,D,E,False,D329E
tr|A0A979FEC0|A0A979FEC0_ICTPU,629,329.0,D,R,False,D329R
tr|A0A979FF91|A0A979FF91_ICTPU,629,329.0,D,R,False,D329R
tr|A0A979FED5|A0A979FED5_ICTPU,629,329.0,D,R,False,D329R
tr|A0A9F7RNW9|A0A9F7RNW9_ICTPU,629,329.0,D,R,False,D329R
tr|A0A979FDQ7|A0A979FDQ7_ICTPU,629,329.0,D,R,False,D329R
tr|A0A979FDP4|A0A979FDP4_ICTPU,629,329.0,D,R,False,D329R
tr|A0A979FDQ5|A0A979FDQ5_ICTPU,629,329.0,D,R,False,D329R
tr|A0AC58J6Q9|A0AC58J6Q9_DANRE,629,329.0,D,R,False,D329R
tr|A0AC58J6Q2|A0AC58J6Q2_DANRE,629,329.0,D,R,False,D329R
tr|A0AB32TNW7|A0AB32TNW7_DANRE,629,329.0,D,R,False,D329R
tr|A0AC58J6S2|A0AC58J6S2_DANRE,629,329.0,D,R,False,D329R
tr|A0AC58J6R3|A0AC58J6R3_DANRE,629,329.0,D,R,False,D329R
tr|A0ACM8Q842|A0ACM8Q842_DANRE,629,329.0,D,R,False,D329R
tr|A0AB32TSB5|A0AB32TSB5_DANRE,629,329.0,D,R,False,D329R
tr|A0AB32TQV9|A0AB32TQV9_DANRE,629,329.0,D,R,False,D329R
tr|A0AB32TLD3|A0AB32TLD3_DANRE,629,329.0,D,R,False,D329R
tr|A0AC58J6Q5|A0AC58J6Q5_DANRE,629,329.0,D,R,False,D329R
tr|G3RNZ0|G3RNZ0_GORGO,629,329.0,D,Y,False,D329Y
tr|G3SFK7|G3SFK7_GORGO,629,329.0,D,Y,False,D329Y
tr|A0AA47MXR6|A0AA47MXR6_MERPO,644,330.0,S,T,False,S330T
tr|A0ABM0GFX0|A0ABM0GFX0_SACKO,644,330.0,S,V,False,S330V
tr|A0A6P8GSV4|A0A6P8GSV4_CLUHA,644,330.0,S,E,False,S330E
tr|G3SFK7|G3SFK7_GORGO,644,330.0,S,F,False,S330F
tr|A0AA47MXR6|A0AA47MXR6_MERPO,645,331.0,S,E,False,S331E
tr|A0A9Y4NB67|A0A9Y4NB67_9TELE,645,331.0,S,T,False,S331T
tr|A0AA47MXR6|A0AA47MXR6_MERPO,646,332.0,S,C,False,S332C
tr|A0A6P8VIH1|A0A6P8VIH1_GYMAC,646,332.0,S,L,False,S332L
tr|A0A2I4BXB8|A0A2I4BXB8_AUSLI,646,332.0,S,L,False,S332L
tr|A0A2I4BXF7|A0A2I4BXF7_AUSLI,646,332.0,S,L,False,S332L
tr|A0A2I4BXC1|A0A2I4BXC1_AUSLI,646,332.0,S,L,False,S332L
tr|A0A2I4BXC7|A0A2I4BXC7_AUSLI,646,332.0,S,L,False,S332L
tr|A0ABV1A463|A0ABV1A463_9TELE,646,332.0,S,L,False,S332L
tr|A0AAV9S7N1|A0AAV9S7N1_9TELE,646,332.0,S,L,False,S332L
tr|A0ABV0TT83|A0ABV0TT83_9TELE,646,332.0,S,L,False,S332L
tr|A0A6P7NA03|A0A6P7NA03_BETSP,646,332.0,S,L,False,S332L
tr|A0A9W2XZU5|A0A9W2XZU5_BETSP,646,332.0,S,L,False,S332L
tr|A0A6P7NFA4|A0A6P7NFA4_BETSP,646,332.0,S,L,False,S332L
tr|A0A9W2XZJ7|A0A9W2XZJ7_BETSP,646,332.0,S,L,False,S332L
tr|A0A6P7NA07|A0A6P7NA07_BETSP,646,332.0,S,L,False,S332L
tr|A0A6P7NE39|A0A6P7NE39_BETSP,646,332.0,S,L,False,S332L
tr|A0A6J2S884|A0A6J2S884_COTGO,646,332.0,S,L,False,S332L
tr|A0A6P7I2Q9|A0A6P7I2Q9_9TELE,646,332.0,S,L,False,S332L
tr|A0A6P7HH59|A0A6P7HH59_9TELE,646,332.0,S,L,False,S332L
tr|A0A6P7HWN0|A0A6P7HWN0_9TELE,646,332.0,S,L,False,S332L
tr|A0A9Y4NB67|A0A9Y4NB67_9TELE,646,332.0,S,L,False,S332L
tr|A0A9Y6LYW8|A0A9Y6LYW8_9CICH,646,332.0,S,L,False,S332L
tr|A0A9Y3R1R7|A0A9Y3R1R7_9CICH,646,332.0,S,L,False,S332L
tr|A0AC36JJL6|A0AC36JJL6_9CICH,646,332.0,S,L,False,S332L
tr|A0ACF8DDW5|A0ACF8DDW5_ARAGI,646,332.0,S,A,False,S332A
tr|A0ACF8FNS1|A0ACF8FNS1_ARAGI,646,332.0,S,H,False,S332H
tr|A0A8U0R0X1|A0A8U0R0X1_SALNM,646,332.0,S,L,False,S332L
tr|A0A6J2V217|A0A6J2V217_CHACN,646,332.0,S,L,False,S332L
tr|A0A6J2V3N9|A0A6J2V3N9_CHACN,646,332.0,S,L,False,S332L
tr|A0A6P8GSV4|A0A6P8GSV4_CLUHA,646,332.0,S,L,False,S332L
tr|A0A979FEC0|A0A979FEC0_ICTPU,646,332.0,S,L,False,S332L
tr|A0A979FF91|A0A979FF91_ICTPU,646,332.0,S,L,False,S332L
tr|A0A979FED5|A0A979FED5_ICTPU,646,332.0,S,L,False,S332L
tr|A0A9F7RNW9|A0A9F7RNW9_ICTPU,646,332.0,S,L,False,S332L
tr|A0A979FDQ7|A0A979FDQ7_ICTPU,646,332.0,S,L,False,S332L
tr|A0A979FDP4|A0A979FDP4_ICTPU,646,332.0,S,L,False,S332L
tr|A0A979FDQ5|A0A979FDQ5_ICTPU,646,332.0,S,L,False,S332L
tr|A0AC58J6Q9|A0AC58J6Q9_DANRE,646,332.0,S,L,False,S332L
tr|A0AC58J6Q2|A0AC58J6Q2_DANRE,646,332.0,S,L,False,S332L
tr|A0AB32TNW7|A0AB32TNW7_DANRE,646,332.0,S,L,False,S332L
tr|A0AC58J6S2|A0AC58J6S2_DANRE,646,332.0,S,L,False,S332L
tr|A0AC58J6R3|A0AC58J6R3_DANRE,646,332.0,S,L,False,S332L
tr|A0ACM8Q842|A0ACM8Q842_DANRE,646,332.0,S,L,False,S332L
tr|A0AB32TSB5|A0AB32TSB5_DANRE,646,332.0,S,L,False,S332L
tr|A0AB32TQV9|A0AB32TQV9_DANRE,646,332.0,S,L,False,S332L
tr|A0AB32TLD3|A0AB32TLD3_DANRE,646,332.0,S,L,False,S332L
tr|A0AC58J6Q5|A0AC58J6Q5_DANRE,646,332.0,S,L,False,S332L
tr|A0A6J2V203|A0A6J2V203_CHACN,646,332.0,S,L,False,S332L
tr|A0AAD8DBY4|A0AAD8DBY4_ACIOX,646,332.0,S,L,False,S332L
tr|A0AAD8DJ01|A0AAD8DJ01_ACIOX,646,332.0,S,L,False,S332L
tr|H3AY31|H3AY31_LATCH,646,332.0,S,P,False,S332P
tr|V6F812|V6F812_LATCH,646,332.0,S,P,False,S332P
tr|A0AA47MXR6|A0AA47MXR6_MERPO,647,333.0,H,A,False,H333A
tr|A0ABM0GFX0|A0ABM0GFX0_SACKO,647,333.0,H,E,False,H333E
tr|A0A6J2S884|A0A6J2S884_COTGO,647,333.0,H,Q,False,H333Q
tr|A0AA47MXR6|A0AA47MXR6_MERPO,648,334.0,E,S,False,E334S
tr|A0ACF8DDW5|A0ACF8DDW5_ARAGI,648,334.0,E,D,False,E334D
tr|A0ABM0GFX0|A0ABM0GFX0_SACKO,649,335.0,E,N,False,E335N
tr|A0A6P7NA03|A0A6P7NA03_BETSP,649,335.0,E,D,False,E335D
tr|A0A9W2XZU5|A0A9W2XZU5_BETSP,649,335.0,E,D,False,E335D
tr|A0A6P7NFA4|A0A6P7NFA4_BETSP,649,335.0,E,D,False,E335D
tr|A0A9W2XZJ7|A0A9W2XZJ7_BETSP,649,335.0,E,D,False,E335D
tr|A0A6P7NA07|A0A6P7NA07_BETSP,649,335.0,E,D,False,E335D
tr|A0A6P7NE39|A0A6P7NE39_BETSP,649,335.0,E,D,False,E335D
tr|A0ACF8FNS1|A0ACF8FNS1_ARAGI,649,335.0,E,D,False,E335D
tr|A0A803VRI8|A0A803VRI8_FICAL,649,335.0,E,D,False,E335D
tr|A0A803VX31|A0A803VX31_FICAL,649,335.0,E,D,False,E335D
tr|A0ABQ9CS58|A0ABQ9CS58_9PASS,649,335.0,E,D,False,E335D
tr|A0A1L8GU65|A0A1L8GU65_XENLA,649,335.0,E,D,False,E335D
tr|A0A8J0UR98|A0A8J0UR98_XENLA,649,335.0,E,D,False,E335D
tr|A0A8J0UXQ2|A0A8J0UXQ2_XENLA,649,335.0,E,D,False,E335D
tr|G1L725|G1L725_AILME,649,335.0,E,D,False,E335D
tr|A0A803WA84|A0A803WA84_FICAL,649,335.0,E,D,False,E335D
tr|A0A803VVV3|A0A803VVV3_FICAL,649,335.0,E,D,False,E335D
tr|A0A803VEU5|A0A803VEU5_FICAL,649,335.0,E,D,False,E335D
tr|A0A7N5KPZ8|A0A7N5KPZ8_AILME,649,335.0,E,D,False,E335D
tr|G1L722|G1L722_AILME,649,335.0,E,D,False,E335D
tr|A0A8J1MTY3|A0A8J1MTY3_XENLA,649,335.0,E,D,False,E335D
tr|A0A8J1MRN8|A0A8J1MRN8_XENLA,649,335.0,E,D,False,E335D
tr|A0A803V983|A0A803V983_FICAL,649,335.0,E,D,False,E335D
tr|A0A803V0S5|A0A803V0S5_FICAL,649,335.0,E,D,False,E335D
tr|A0AA47MXR6|A0AA47MXR6_MERPO,650,336.0,T,A,False,T336A
tr|A0ABM0GFX0|A0ABM0GFX0_SACKO,650,336.0,T,A,False,T336A
tr|A0A6P8VIH1|A0A6P8VIH1_GYMAC,650,336.0,T,S,False,T336S
tr|A0A2I4BXB8|A0A2I4BXB8_AUSLI,650,336.0,T,V,False,T336V
tr|A0A2I4BXF7|A0A2I4BXF7_AUSLI,650,336.0,T,V,False,T336V
tr|A0A2I4BXC1|A0A2I4BXC1_AUSLI,650,336.0,T,V,False,T336V
tr|A0A2I4BXC7|A0A2I4BXC7_AUSLI,650,336.0,T,V,False,T336V
tr|A0ABV1A463|A0ABV1A463_9TELE,650,336.0,T,S,False,T336S
tr|A0AAV9S7N1|A0AAV9S7N1_9TELE,650,336.0,T,S,False,T336S
tr|A0ABV0TT83|A0ABV0TT83_9TELE,650,336.0,T,S,False,T336S
tr|A0A6P7NA03|A0A6P7NA03_BETSP,650,336.0,T,I,False,T336I
tr|A0A9W2XZU5|A0A9W2XZU5_BETSP,650,336.0,T,I,False,T336I
tr|A0A6P7NFA4|A0A6P7NFA4_BETSP,650,336.0,T,I,False,T336I
tr|A0A9W2XZJ7|A0A9W2XZJ7_BETSP,650,336.0,T,I,False,T336I
tr|A0A6P7NA07|A0A6P7NA07_BETSP,650,336.0,T,I,False,T336I
tr|A0A6P7NE39|A0A6P7NE39_BETSP,650,336.0,T,I,False,T336I
tr|A0A6J2S884|A0A6J2S884_COTGO,650,336.0,T,C,False,T336C
tr|A0A6P7I2Q9|A0A6P7I2Q9_9TELE,650,336.0,T,S,False,T336S
tr|A0A6P7HH59|A0A6P7HH59_9TELE,650,336.0,T,S,False,T336S
tr|A0A6P7HWN0|A0A6P7HWN0_9TELE,650,336.0,T,S,False,T336S
tr|A0A9Y4NB67|A0A9Y4NB67_9TELE,650,336.0,T,S,False,T336S
tr|A0A9Y6LYW8|A0A9Y6LYW8_9CICH,650,336.0,T,S,False,T336S
tr|A0A9Y3R1R7|A0A9Y3R1R7_9CICH,650,336.0,T,S,False,T336S
tr|A0AC36JJL6|A0AC36JJL6_9CICH,650,336.0,T,S,False,T336S
tr|A0ACF8DDW5|A0ACF8DDW5_ARAGI,650,336.0,T,S,False,T336S
tr|A0ACF8FNS1|A0ACF8FNS1_ARAGI,650,336.0,T,S,False,T336S
tr|A0A8U0R0X1|A0A8U0R0X1_SALNM,650,336.0,T,S,False,T336S
tr|A0A6J2V217|A0A6J2V217_CHACN,650,336.0,T,V,False,T336V
tr|A0A6J2V3N9|A0A6J2V3N9_CHACN,650,336.0,T,V,False,T336V
tr|A0A6J2V203|A0A6J2V203_CHACN,650,336.0,T,V,False,T336V
tr|T1PTS4|T1PTS4_PARLB,650,336.0,T,V,False,T336V
tr|H3AY31|H3AY31_LATCH,650,336.0,T,I,False,T336I
tr|A0A6I9YYB6|A0A6I9YYB6_9SAUR,650,336.0,T,A,False,T336A
tr|A0A9F5IXC2|A0A9F5IXC2_PYTBI,650,336.0,T,A,False,T336A
tr|A0A9W2WNZ4|A0A9W2WNZ4_PHYMC,650,336.0,T,S,False,T336S
tr|A0A9W2WNT7|A0A9W2WNT7_PHYMC,650,336.0,T,S,False,T336S
tr|A0A9W2WP90|A0A9W2WP90_PHYMC,650,336.0,T,S,False,T336S
tr|A0A9W2WNJ2|A0A9W2WNJ2_PHYMC,650,336.0,T,S,False,T336S
tr|A0A9W2WPF2|A0A9W2WPF2_PHYMC,650,336.0,T,S,False,T336S
tr|A0A6P6DL68|A0A6P6DL68_OCTDE,650,336.0,T,A,False,T336A
tr|A0A671G4Y2|A0A671G4Y2_RHIFE,650,336.0,T,P,False,T336P
tr|A0AC55CZE9|A0AC55CZE9_ECHTE,650,336.0,T,P,False,T336P
tr|A0A8C2UVV4|A0A8C2UVV4_CHILA,650,336.0,T,P,False,T336P
tr|A0A9W2WNW6|A0A9W2WNW6_PHYMC,650,336.0,T,S,False,T336S
tr|A0A8C6XFH2|A0A8C6XFH2_NAJNA,650,336.0,T,A,False,T336A
tr|A0A671G1Q2|A0A671G1Q2_RHIFE,650,336.0,T,P,False,T336P
tr|A0A9F5IS39|A0A9F5IS39_PYTBI,650,336.0,T,A,False,T336A
tr|V6F812|V6F812_LATCH,650,336.0,T,I,False,T336I
tr|A9UCN4|A9UCN4_TAPME,650,336.0,T,P,False,T336P
tr|A9UCN1|A9UCN1_9CHIR,650,336.0,T,P,False,T336P
tr|A0A671G1R6|A0A671G1R6_RHIFE,650,336.0,T,P,False,T336P
tr|A9UCN0|A9UCN0_RHIFE,650,336.0,T,P,False,T336P
tr|A0A6P3FFL7|A0A6P3FFL7_OCTDE,650,336.0,T,A,False,T336A
tr|A0A6I9YXB8|A0A6I9YXB8_9SAUR,650,336.0,T,A,False,T336A
tr|A0A9W2WNX7|A0A9W2WNX7_PHYMC,650,336.0,T,S,False,T336S
tr|A0A9W2WNK8|A0A9W2WNK8_PHYMC,650,336.0,T,S,False,T336S
tr|A0A9W2WP01|A0A9W2WP01_PHYMC,650,336.0,T,S,False,T336S
tr|A0A9F2NWE2|A0A9F2NWE2_PYTBI,650,336.0,T,A,False,T336A
tr|A0AA47MXR6|A0AA47MXR6_MERPO,651,337.0,G,E,False,G337E
tr|A0ABM0GFX0|A0ABM0GFX0_SACKO,651,337.0,G,A,False,G337A
tr|A0ACF8DDW5|A0ACF8DDW5_ARAGI,651,337.0,G,A,False,G337A
tr|A0AC58J6Q9|A0AC58J6Q9_DANRE,651,337.0,G,A,False,G337A
tr|A0AC58J6Q2|A0AC58J6Q2_DANRE,651,337.0,G,A,False,G337A
tr|A0AB32TNW7|A0AB32TNW7_DANRE,651,337.0,G,A,False,G337A
tr|A0AC58J6S2|A0AC58J6S2_DANRE,651,337.0,G,A,False,G337A
tr|A0AC58J6R3|A0AC58J6R3_DANRE,651,337.0,G,A,False,G337A
tr|A0ACM8Q842|A0ACM8Q842_DANRE,651,337.0,G,A,False,G337A
tr|A0AB32TSB5|A0AB32TSB5_DANRE,651,337.0,G,A,False,G337A
tr|A0AB32TQV9|A0AB32TQV9_DANRE,651,337.0,G,A,False,G337A
tr|A0AB32TLD3|A0AB32TLD3_DANRE,651,337.0,G,A,False,G337A
tr|A0AC58J6Q5|A0AC58J6Q5_DANRE,651,337.0,G,A,False,G337A
tr|A0AA47MXR6|A0AA47MXR6_MERPO,652,338.0,A,T,False,A338T
tr|A0ABM0GFX0|A0ABM0GFX0_SACKO,652,338.0,A,N,False,A338N
tr|A0A6P8VIH1|A0A6P8VIH1_GYMAC,652,338.0,A,G,False,A338G
tr|A0A2I4BXB8|A0A2I4BXB8_AUSLI,652,338.0,A,G,False,A338G
tr|A0A2I4BXF7|A0A2I4BXF7_AUSLI,652,338.0,A,G,False,A338G
tr|A0A2I4BXC1|A0A2I4BXC1_AUSLI,652,338.0,A,G,False,A338G
tr|A0A2I4BXC7|A0A2I4BXC7_AUSLI,652,338.0,A,G,False,A338G
tr|A0ABV1A463|A0ABV1A463_9TELE,652,338.0,A,G,False,A338G
tr|A0AAV9S7N1|A0AAV9S7N1_9TELE,652,338.0,A,G,False,A338G
tr|A0ABV0TT83|A0ABV0TT83_9TELE,652,338.0,A,G,False,A338G
tr|A0A6P7NA03|A0A6P7NA03_BETSP,652,338.0,A,G,False,A338G
tr|A0A9W2XZU5|A0A9W2XZU5_BETSP,652,338.0,A,G,False,A338G
tr|A0A6P7NFA4|A0A6P7NFA4_BETSP,652,338.0,A,G,False,A338G
tr|A0A9W2XZJ7|A0A9W2XZJ7_BETSP,652,338.0,A,G,False,A338G
tr|A0A6P7NA07|A0A6P7NA07_BETSP,652,338.0,A,G,False,A338G
tr|A0A6P7NE39|A0A6P7NE39_BETSP,652,338.0,A,G,False,A338G
tr|A0A6J2S884|A0A6J2S884_COTGO,652,338.0,A,G,False,A338G
tr|A0A6P7I2Q9|A0A6P7I2Q9_9TELE,652,338.0,A,G,False,A338G
tr|A0A6P7HH59|A0A6P7HH59_9TELE,652,338.0,A,G,False,A338G
tr|A0A6P7HWN0|A0A6P7HWN0_9TELE,652,338.0,A,G,False,A338G
tr|A0A9Y4NB67|A0A9Y4NB67_9TELE,652,338.0,A,G,False,A338G
tr|A0A9Y6LYW8|A0A9Y6LYW8_9CICH,652,338.0,A,G,False,A338G
tr|A0A9Y3R1R7|A0A9Y3R1R7_9CICH,652,338.0,A,G,False,A338G
tr|A0AC36JJL6|A0AC36JJL6_9CICH,652,338.0,A,G,False,A338G
tr|A0ACF8FNS1|A0ACF8FNS1_ARAGI,652,338.0,A,P,False,A338P
tr|A0ABM0GFX0|A0ABM0GFX0_SACKO,655,339.0,S,T,False,S339T
tr|A0A6P8VIH1|A0A6P8VIH1_GYMAC,655,339.0,S,T,False,S339T
tr|A0A2I4BXB8|A0A2I4BXB8_AUSLI,655,339.0,S,T,False,S339T
tr|A0A2I4BXF7|A0A2I4BXF7_AUSLI,655,339.0,S,T,False,S339T
tr|A0A2I4BXC1|A0A2I4BXC1_AUSLI,655,339.0,S,T,False,S339T
tr|A0A2I4BXC7|A0A2I4BXC7_AUSLI,655,339.0,S,T,False,S339T
tr|A0ABV1A463|A0ABV1A463_9TELE,655,339.0,S,T,False,S339T
tr|A0AAV9S7N1|A0AAV9S7N1_9TELE,655,339.0,S,T,False,S339T
tr|A0ABV0TT83|A0ABV0TT83_9TELE,655,339.0,S,T,False,S339T
tr|A0A6P7NA03|A0A6P7NA03_BETSP,655,339.0,S,T,False,S339T
tr|A0A9W2XZU5|A0A9W2XZU5_BETSP,655,339.0,S,T,False,S339T
tr|A0A6P7NFA4|A0A6P7NFA4_BETSP,655,339.0,S,T,False,S339T
tr|A0A9W2XZJ7|A0A9W2XZJ7_BETSP,655,339.0,S,T,False,S339T
tr|A0A6P7NA07|A0A6P7NA07_BETSP,655,339.0,S,T,False,S339T
tr|A0A6P7NE39|A0A6P7NE39_BETSP,655,339.0,S,T,False,S339T
tr|A0A6J2S884|A0A6J2S884_COTGO,655,339.0,S,T,False,S339T
tr|A0A6P7I2Q9|A0A6P7I2Q9_9TELE,655,339.0,S,T,False,S339T
tr|A0A6P7HH59|A0A6P7HH59_9TELE,655,339.0,S,T,False,S339T
tr|A0A6P7HWN0|A0A6P7HWN0_9TELE,655,339.0,S,T,False,S339T
tr|A0A9Y4NB67|A0A9Y4NB67_9TELE,655,339.0,S,T,False,S339T
tr|A0A9Y6LYW8|A0A9Y6LYW8_9CICH,655,339.0,S,T,False,S339T
tr|A0A9Y3R1R7|A0A9Y3R1R7_9CICH,655,339.0,S,T,False,S339T
tr|A0AC36JJL6|A0AC36JJL6_9CICH,655,339.0,S,T,False,S339T
tr|A0ACF8FNS1|A0ACF8FNS1_ARAGI,655,339.0,S,T,False,S339T
tr|A0A6P8GSV4|A0A6P8GSV4_CLUHA,655,339.0,S,A,False,S339A
tr|G3TN54|G3TN54_LOXAF,655,339.0,S,C,False,S339C
tr|A0AA47MXR6|A0AA47MXR6_MERPO,656,340.0,H,L,False,H340L
tr|A0AA47MXR6|A0AA47MXR6_MERPO,657,341.0,T,P,False,T341P
tr|A0ABM0GFX0|A0ABM0GFX0_SACKO,657,341.0,T,P,False,T341P
tr|A0A6P8VIH1|A0A6P8VIH1_GYMAC,657,341.0,T,P,False,T341P
tr|A0A2I4BXB8|A0A2I4BXB8_AUSLI,657,341.0,T,P,False,T341P
tr|A0A2I4BXF7|A0A2I4BXF7_AUSLI,657,341.0,T,P,False,T341P
tr|A0A2I4BXC1|A0A2I4BXC1_AUSLI,657,341.0,T,P,False,T341P
tr|A0A2I4BXC7|A0A2I4BXC7_AUSLI,657,341.0,T,P,False,T341P
tr|A0ABV1A463|A0ABV1A463_9TELE,657,341.0,T,P,False,T341P
tr|A0AAV9S7N1|A0AAV9S7N1_9TELE,657,341.0,T,P,False,T341P
tr|A0ABV0TT83|A0ABV0TT83_9TELE,657,341.0,T,P,False,T341P
tr|A0A6P7NA03|A0A6P7NA03_BETSP,657,341.0,T,P,False,T341P
tr|A0A9W2XZU5|A0A9W2XZU5_BETSP,657,341.0,T,P,False,T341P
tr|A0A6P7NFA4|A0A6P7NFA4_BETSP,657,341.0,T,P,False,T341P
tr|A0A9W2XZJ7|A0A9W2XZJ7_BETSP,657,341.0,T,P,False,T341P
tr|A0A6P7NA07|A0A6P7NA07_BETSP,657,341.0,T,P,False,T341P
tr|A0A6P7NE39|A0A6P7NE39_BETSP,657,341.0,T,P,False,T341P
tr|A0A6J2S884|A0A6J2S884_COTGO,657,341.0,T,P,False,T341P
tr|A0A6P7I2Q9|A0A6P7I2Q9_9TELE,657,341.0,T,P,False,T341P
tr|A0A6P7HH59|A0A6P7HH59_9TELE,657,341.0,T,P,False,T341P
tr|A0A6P7HWN0|A0A6P7HWN0_9TELE,657,341.0,T,P,False,T341P
tr|A0A9Y4NB67|A0A9Y4NB67_9TELE,657,341.0,T,P,False,T341P
tr|A0A9Y6LYW8|A0A9Y6LYW8_9CICH,657,341.0,T,P,False,T341P
tr|A0A9Y3R1R7|A0A9Y3R1R7_9CICH,657,341.0,T,P,False,T341P
tr|A0AC36JJL6|A0AC36JJL6_9CICH,657,341.0,T,P,False,T341P
tr|A0ACF8DDW5|A0ACF8DDW5_ARAGI,657,341.0,T,P,False,T341P
tr|A0ACF8FNS1|A0ACF8FNS1_ARAGI,657,341.0,T,S,False,T341S
tr|A0A8U0R0X1|A0A8U0R0X1_SALNM,657,341.0,T,S,False,T341S
tr|A0A6J2V217|A0A6J2V217_CHACN,657,341.0,T,S,False,T341S
tr|A0A6J2V3N9|A0A6J2V3N9_CHACN,657,341.0,T,S,False,T341S
tr|A0A6P8GSV4|A0A6P8GSV4_CLUHA,657,341.0,T,C,False,T341C
tr|A0A979FEC0|A0A979FEC0_ICTPU,657,341.0,T,S,False,T341S
tr|A0A979FF91|A0A979FF91_ICTPU,657,341.0,T,S,False,T341S
tr|A0A979FED5|A0A979FED5_ICTPU,657,341.0,T,S,False,T341S
tr|A0A9F7RNW9|A0A9F7RNW9_ICTPU,657,341.0,T,S,False,T341S
tr|A0A979FDQ7|A0A979FDQ7_ICTPU,657,341.0,T,S,False,T341S
tr|A0A979FDP4|A0A979FDP4_ICTPU,657,341.0,T,S,False,T341S
tr|A0A979FDQ5|A0A979FDQ5_ICTPU,657,341.0,T,S,False,T341S
tr|A0AC58J6Q9|A0AC58J6Q9_DANRE,657,341.0,T,S,False,T341S
tr|A0AC58J6Q2|A0AC58J6Q2_DANRE,657,341.0,T,S,False,T341S
tr|A0AB32TNW7|A0AB32TNW7_DANRE,657,341.0,T,S,False,T341S
tr|A0AC58J6S2|A0AC58J6S2_DANRE,657,341.0,T,S,False,T341S
tr|A0AC58J6R3|A0AC58J6R3_DANRE,657,341.0,T,S,False,T341S
tr|A0ACM8Q842|A0ACM8Q842_DANRE,657,341.0,T,S,False,T341S
tr|A0AB32TSB5|A0AB32TSB5_DANRE,657,341.0,T,S,False,T341S
tr|A0AB32TQV9|A0AB32TQV9_DANRE,657,341.0,T,S,False,T341S
tr|A0AB32TLD3|A0AB32TLD3_DANRE,657,341.0,T,S,False,T341S
tr|A0AC58J6Q5|A0AC58J6Q5_DANRE,657,341.0,T,S,False,T341S
tr|A0A6J2V203|A0A6J2V203_CHACN,657,341.0,T,S,False,T341S
tr|A0AAD8DBY4|A0AAD8DBY4_ACIOX,657,341.0,T,S,False,T341S
tr|A0AAD8DJ01|A0AAD8DJ01_ACIOX,657,341.0,T,S,False,T341S
tr|A0ABM0GFX0|A0ABM0GFX0_SACKO,660,344.0,G,N,False,G344N
tr|A0ABM0GFX0|A0ABM0GFX0_SACKO,663,347.0,V,M,False,V347M
tr|A0AA47MXR6|A0AA47MXR6_MERPO,665,349.0,K,N,False,K349N
tr|A0ABM0GFX0|A0ABM0GFX0_SACKO,671,355.0,S,T,False,S355T
tr|A0A6P8VIH1|A0A6P8VIH1_GYMAC,671,355.0,S,N,False,S355N
tr|A0A2I4BXB8|A0A2I4BXB8_AUSLI,671,355.0,S,T,False,S355T
tr|A0A2I4BXF7|A0A2I4BXF7_AUSLI,671,355.0,S,T,False,S355T
tr|A0A2I4BXC1|A0A2I4BXC1_AUSLI,671,355.0,S,T,False,S355T
tr|A0A2I4BXC7|A0A2I4BXC7_AUSLI,671,355.0,S,T,False,S355T
tr|A0ABV1A463|A0ABV1A463_9TELE,671,355.0,S,N,False,S355N
tr|A0AAV9S7N1|A0AAV9S7N1_9TELE,671,355.0,S,N,False,S355N
tr|A0ABV0TT83|A0ABV0TT83_9TELE,671,355.0,S,N,False,S355N
tr|A0A6P7NA03|A0A6P7NA03_BETSP,671,355.0,S,N,False,S355N
tr|A0A9W2XZU5|A0A9W2XZU5_BETSP,671,355.0,S,N,False,S355N
tr|A0A6P7NFA4|A0A6P7NFA4_BETSP,671,355.0,S,N,False,S355N
tr|A0A9W2XZJ7|A0A9W2XZJ7_BETSP,671,355.0,S,N,False,S355N
tr|A0A6P7NA07|A0A6P7NA07_BETSP,671,355.0,S,N,False,S355N
tr|A0A6P7NE39|A0A6P7NE39_BETSP,671,355.0,S,N,False,S355N
tr|A0A6J2S884|A0A6J2S884_COTGO,671,355.0,S,N,False,S355N
tr|A0A6P7I2Q9|A0A6P7I2Q9_9TELE,671,355.0,S,N,False,S355N
tr|A0A6P7HH59|A0A6P7HH59_9TELE,671,355.0,S,N,False,S355N
tr|A0A6P7HWN0|A0A6P7HWN0_9TELE,671,355.0,S,N,False,S355N
tr|A0A9Y4NB67|A0A9Y4NB67_9TELE,671,355.0,S,N,False,S355N
tr|A0A9Y6LYW8|A0A9Y6LYW8_9CICH,671,355.0,S,N,False,S355N
tr|A0A9Y3R1R7|A0A9Y3R1R7_9CICH,671,355.0,S,N,False,S355N
tr|A0AC36JJL6|A0AC36JJL6_9CICH,671,355.0,S,N,False,S355N
tr|A0A1L8GU65|A0A1L8GU65_XENLA,671,355.0,S,N,False,S355N
tr|A0A8J0UR98|A0A8J0UR98_XENLA,671,355.0,S,N,False,S355N
tr|A0A8J0UXQ2|A0A8J0UXQ2_XENLA,671,355.0,S,N,False,S355N
tr|A0A8J1MHG6|A0A8J1MHG6_XENLA,671,355.0,S,N,False,S355N
tr|A0A1L8GYY0|A0A1L8GYY0_XENLA,671,355.0,S,N,False,S355N
tr|A0A8J1MIF2|A0A8J1MIF2_XENLA,671,355.0,S,N,False,S355N
tr|A0A8J1MHG1|A0A8J1MHG1_XENLA,671,355.0,S,N,False,S355N
tr|A0A8J1MHG5|A0A8J1MHG5_XENLA,671,355.0,S,N,False,S355N
tr|A0A8J0Q7P1|A0A8J0Q7P1_XENTR,671,355.0,S,N,False,S355N
tr|A0A8J0SHD1|A0A8J0SHD1_XENTR,671,355.0,S,N,False,S355N
tr|A0A8J0SG76|A0A8J0SG76_XENTR,671,355.0,S,N,False,S355N
tr|F7DTZ3|F7DTZ3_XENTR,671,355.0,S,N,False,S355N
tr|A0A8J0S8T9|A0A8J0S8T9_XENTR,671,355.0,S,N,False,S355N
tr|A0A8C6XFH2|A0A8C6XFH2_NAJNA,671,355.0,S,N,False,S355N
tr|A0A8J1MTY3|A0A8J1MTY3_XENLA,671,355.0,S,N,False,S355N
tr|A0A8J1MRN8|A0A8J1MRN8_XENLA,671,355.0,S,N,False,S355N
tr|A0A6I8SNY6|A0A6I8SNY6_XENTR,671,355.0,S,N,False,S355N
tr|A0A8J0SEG3|A0A8J0SEG3_XENTR,671,355.0,S,N,False,S355N
sp|Q4VYS1|FOXP2_XENLA,671,355.0,S,N,False,S355N
tr|A0A8J1MI35|A0A8J1MI35_XENLA,671,355.0,S,N,False,S355N
tr|A0A670Z5Y1|A0A670Z5Y1_PSETE,671,355.0,S,N,False,S355N
tr|A0A670Z823|A0A670Z823_PSETE,671,355.0,S,N,False,S355N
tr|A0A6J1U1T0|A0A6J1U1T0_9SAUR,671,355.0,S,N,False,S355N
tr|A0AA47MXR6|A0AA47MXR6_MERPO,672,356.0,I,E,False,I356E
tr|A0ABM0GFX0|A0ABM0GFX0_SACKO,672,356.0,I,M,False,I356M
tr|A0A2I4BXB8|A0A2I4BXB8_AUSLI,672,356.0,I,M,False,I356M
tr|A0A2I4BXF7|A0A2I4BXF7_AUSLI,672,356.0,I,M,False,I356M
tr|A0A2I4BXC1|A0A2I4BXC1_AUSLI,672,356.0,I,M,False,I356M
tr|A0A2I4BXC7|A0A2I4BXC7_AUSLI,672,356.0,I,M,False,I356M
tr|A0ABV1A463|A0ABV1A463_9TELE,672,356.0,I,M,False,I356M
tr|A0AAV9S7N1|A0AAV9S7N1_9TELE,672,356.0,I,M,False,I356M
tr|A0ABV0TT83|A0ABV0TT83_9TELE,672,356.0,I,M,False,I356M
tr|A0ACF8DDW5|A0ACF8DDW5_ARAGI,672,356.0,I,V,False,I356V
tr|A0A8U0R0X1|A0A8U0R0X1_SALNM,672,356.0,I,V,False,I356V
tr|A0A6P8GSV4|A0A6P8GSV4_CLUHA,672,356.0,I,V,False,I356V
tr|A0A6I9HI92|A0A6I9HI92_GEOFO,672,356.0,I,V,False,I356V
tr|A0A8C2TN39|A0A8C2TN39_COTJA,672,356.0,I,V,False,I356V
tr|A0A8C2TN55|A0A8C2TN55_COTJA,672,356.0,I,V,False,I356V
tr|A0A1V4J975|A0A1V4J975_PATFA,672,356.0,I,V,False,I356V
tr|A0A803VRI8|A0A803VRI8_FICAL,672,356.0,I,V,False,I356V
tr|A0A803VX31|A0A803VX31_FICAL,672,356.0,I,V,False,I356V
tr|A0A663N514|A0A663N514_ATHCN,672,356.0,I,V,False,I356V
tr|A0A8C3UXT3|A0A8C3UXT3_CATUS,672,356.0,I,V,False,I356V
tr|A0ABQ9CS58|A0ABQ9CS58_9PASS,672,356.0,I,V,False,I356V
tr|A0A8V0X8B7|A0A8V0X8B7_CHICK,672,356.0,I,V,False,I356V
tr|G1NA17|G1NA17_MELGA,672,356.0,I,V,False,I356V
tr|A0A803WA84|A0A803WA84_FICAL,672,356.0,I,V,False,I356V
tr|A0A803VVV3|A0A803VVV3_FICAL,672,356.0,I,V,False,I356V
tr|A0A8C3V2Y9|A0A8C3V2Y9_CATUS,672,356.0,I,V,False,I356V
tr|A0A663N1N8|A0A663N1N8_ATHCN,672,356.0,I,V,False,I356V
tr|A0A803YMJ4|A0A803YMJ4_MELGA,672,356.0,I,V,False,I356V
tr|A0A663N2Y4|A0A663N2Y4_ATHCN,672,356.0,I,V,False,I356V
tr|A0A6J2G5V7|A0A6J2G5V7_9PASS,672,356.0,I,V,False,I356V
tr|A0A803VEU5|A0A803VEU5_FICAL,672,356.0,I,V,False,I356V
tr|Q6QBA5|Q6QBA5_TAEGU,672,356.0,I,V,False,I356V
tr|A0A8C6ZYM5|A0A8C6ZYM5_NOTPE,672,356.0,I,V,False,I356V
tr|A0A663N1N3|A0A663N1N3_ATHCN,672,356.0,I,V,False,I356V
tr|A0A8C2TN37|A0A8C2TN37_COTJA,672,356.0,I,V,False,I356V
tr|A0A8V0X5B4|A0A8V0X5B4_CHICK,672,356.0,I,V,False,I356V
tr|A0A6J0HH27|A0A6J0HH27_9PASS,672,356.0,I,V,False,I356V
tr|A0A6J0HH90|A0A6J0HH90_9PASS,672,356.0,I,V,False,I356V
tr|A0A663N4T8|A0A663N4T8_ATHCN,672,356.0,I,V,False,I356V
tr|A0A663N503|A0A663N503_ATHCN,672,356.0,I,V,False,I356V
tr|A0A8C3UTJ3|A0A8C3UTJ3_CATUS,672,356.0,I,V,False,I356V
tr|A0A8V0XB05|A0A8V0XB05_CHICK,672,356.0,I,V,False,I356V
tr|H0Z4Q2|H0Z4Q2_TAEGU,672,356.0,I,V,False,I356V
tr|Q6QBA4|Q6QBA4_TAEGU,672,356.0,I,V,False,I356V
tr|A0A8V0X2A9|A0A8V0X2A9_CHICK,672,356.0,I,V,False,I356V
tr|G8HZI0|G8HZI0_CHICK,672,356.0,I,V,False,I356V
tr|G8HZI1|G8HZI1_CHICK,672,356.0,I,V,False,I356V
tr|A0A803YR11|A0A803YR11_MELGA,672,356.0,I,V,False,I356V
tr|A0A803V983|A0A803V983_FICAL,672,356.0,I,V,False,I356V
tr|A0A218V5A9|A0A218V5A9_9PASE,672,356.0,I,V,False,I356V
tr|A0ABM4G1M1|A0ABM4G1M1_9AVES,672,356.0,I,V,False,I356V
tr|A0A8C2TQ46|A0A8C2TQ46_COTJA,672,356.0,I,V,False,I356V
tr|A0A8V0XB36|A0A8V0XB36_CHICK,672,356.0,I,V,False,I356V
tr|A0A663N507|A0A663N507_ATHCN,672,356.0,I,V,False,I356V
tr|A0A663N1P3|A0A663N1P3_ATHCN,672,356.0,I,V,False,I356V
tr|A0A6J3EI75|A0A6J3EI75_AYTFU,672,356.0,I,V,False,I356V
tr|A0A803V0S5|A0A803V0S5_FICAL,672,356.0,I,V,False,I356V
tr|A0A8C3V1M9|A0A8C3V1M9_CATUS,672,356.0,I,V,False,I356V
tr|A0A8C2TQ55|A0A8C2TQ55_COTJA,672,356.0,I,V,False,I356V
tr|A0A663N4U8|A0A663N4U8_ATHCN,672,356.0,I,V,False,I356V
tr|A0A8C3UYW6|A0A8C3UYW6_CATUS,672,356.0,I,V,False,I356V
tr|A0A1V4JAD2|A0A1V4JAD2_PATFA,672,356.0,I,V,False,I356V
tr|A0A8C0U7Z2|A0A8C0U7Z2_CYACU,672,356.0,I,V,False,I356V
tr|A0A6J0HIE4|A0A6J0HIE4_9PASS,672,356.0,I,V,False,I356V
tr|Q6QBA2|Q6QBA2_TAEGU,672,356.0,I,V,False,I356V
tr|A0A8V0X8C6|A0A8V0X8C6_CHICK,672,356.0,I,V,False,I356V
tr|G8HZH9|G8HZH9_CHICK,672,356.0,I,V,False,I356V
tr|Q6TKS2|Q6TKS2_TAEGU,672,356.0,I,V,False,I356V
tr|A0A8C6NFR5|A0A8C6NFR5_MELUD,672,356.0,I,V,False,I356V
tr|Q6S511|Q6S511_MELUD,672,356.0,I,V,False,I356V
tr|G8HZH8|G8HZH8_CHICK,672,356.0,I,V,False,I356V
tr|A0A8V0XB47|A0A8V0XB47_CHICK,672,356.0,I,V,False,I356V
tr|A0ABM4G1D2|A0ABM4G1D2_9AVES,672,356.0,I,V,False,I356V
tr|A0ABM0GFX0|A0ABM0GFX0_SACKO,674,358.0,E,D,False,E358D
tr|A0A6J2S884|A0A6J2S884_COTGO,674,358.0,E,D,False,E358D
tr|A0A6J2V217|A0A6J2V217_CHACN,674,358.0,E,K,False,E358K
tr|A0A6J2V3N9|A0A6J2V3N9_CHACN,674,358.0,E,K,False,E358K
tr|A0AC58J6Q9|A0AC58J6Q9_DANRE,674,358.0,E,D,False,E358D
tr|A0AC58J6Q2|A0AC58J6Q2_DANRE,674,358.0,E,D,False,E358D
tr|A0AB32TNW7|A0AB32TNW7_DANRE,674,358.0,E,D,False,E358D
tr|A0AC58J6S2|A0AC58J6S2_DANRE,674,358.0,E,D,False,E358D
tr|A0AC58J6R3|A0AC58J6R3_DANRE,674,358.0,E,D,False,E358D
tr|A0ACM8Q842|A0ACM8Q842_DANRE,674,358.0,E,D,False,E358D
tr|A0AB32TSB5|A0AB32TSB5_DANRE,674,358.0,E,D,False,E358D
tr|A0AB32TQV9|A0AB32TQV9_DANRE,674,358.0,E,D,False,E358D
tr|A0AB32TLD3|A0AB32TLD3_DANRE,674,358.0,E,D,False,E358D
tr|A0AC58J6Q5|A0AC58J6Q5_DANRE,674,358.0,E,D,False,E358D
tr|A0A6J2V203|A0A6J2V203_CHACN,674,358.0,E,K,False,E358K
tr|A0AA47MXR6|A0AA47MXR6_MERPO,675,359.0,D,N,False,D359N
tr|A0AA47MXR6|A0AA47MXR6_MERPO,676,360.0,F,I,False,F360I
tr|A0AA47MXR6|A0AA47MXR6_MERPO,677,361.0,G,S,False,G361S
tr|A0ABM0GFX0|A0ABM0GFX0_SACKO,677,361.0,G,Q,False,G361Q
tr|A0ACF8DDW5|A0ACF8DDW5_ARAGI,677,361.0,G,S,False,G361S
tr|A0ACF8FNS1|A0ACF8FNS1_ARAGI,677,361.0,G,S,False,G361S
tr|A0AA47MXR6|A0AA47MXR6_MERPO,678,362.0,Q,H,False,Q362H
tr|A0ABM0GFX0|A0ABM0GFX0_SACKO,678,362.0,Q,A,False,Q362A
tr|A0A8C0GSH0|A0A8C0GSH0_CHEAB,680,364.0,L,F,False,L364F
tr|A0ABM3XUF2|A0ABM3XUF2_ERIEU,681,365.0,K,R,False,K365R
tr|A0AA47MXR6|A0AA47MXR6_MERPO,684,368.0,N,L,False,N368L
tr|A0A2I4BXB8|A0A2I4BXB8_AUSLI,684,368.0,N,S,False,N368S
tr|A0A2I4BXF7|A0A2I4BXF7_AUSLI,684,368.0,N,S,False,N368S
tr|A0A2I4BXC1|A0A2I4BXC1_AUSLI,684,368.0,N,S,False,N368S
tr|A0A2I4BXC7|A0A2I4BXC7_AUSLI,684,368.0,N,S,False,N368S
tr|A0AA47MXR6|A0AA47MXR6_MERPO,685,369.0,N,I,False,N369I
tr|A0ABM0GFX0|A0ABM0GFX0_SACKO,685,369.0,N,V,False,N369V
tr|A0A6P8VIH1|A0A6P8VIH1_GYMAC,685,369.0,N,S,False,N369S
tr|A0A2I4BXB8|A0A2I4BXB8_AUSLI,685,369.0,N,S,False,N369S
tr|A0A2I4BXF7|A0A2I4BXF7_AUSLI,685,369.0,N,S,False,N369S
tr|A0A2I4BXC1|A0A2I4BXC1_AUSLI,685,369.0,N,S,False,N369S
tr|A0A2I4BXC7|A0A2I4BXC7_AUSLI,685,369.0,N,S,False,N369S
tr|A0ABV1A463|A0ABV1A463_9TELE,685,369.0,N,S,False,N369S
tr|A0AAV9S7N1|A0AAV9S7N1_9TELE,685,369.0,N,S,False,N369S
tr|A0ABV0TT83|A0ABV0TT83_9TELE,685,369.0,N,S,False,N369S
tr|A0A6P7NA03|A0A6P7NA03_BETSP,685,369.0,N,S,False,N369S
tr|A0A9W2XZU5|A0A9W2XZU5_BETSP,685,369.0,N,S,False,N369S
tr|A0A6P7NFA4|A0A6P7NFA4_BETSP,685,369.0,N,S,False,N369S
tr|A0A9W2XZJ7|A0A9W2XZJ7_BETSP,685,369.0,N,S,False,N369S
tr|A0A6P7NA07|A0A6P7NA07_BETSP,685,369.0,N,S,False,N369S
tr|A0A6P7NE39|A0A6P7NE39_BETSP,685,369.0,N,S,False,N369S
tr|A0A6J2S884|A0A6J2S884_COTGO,685,369.0,N,S,False,N369S
tr|A0A6P7I2Q9|A0A6P7I2Q9_9TELE,685,369.0,N,S,False,N369S
tr|A0A6P7HH59|A0A6P7HH59_9TELE,685,369.0,N,S,False,N369S
tr|A0A6P7HWN0|A0A6P7HWN0_9TELE,685,369.0,N,S,False,N369S
tr|A0A9Y4NB67|A0A9Y4NB67_9TELE,685,369.0,N,S,False,N369S
tr|A0A9Y6LYW8|A0A9Y6LYW8_9CICH,685,369.0,N,S,False,N369S
tr|A0A9Y3R1R7|A0A9Y3R1R7_9CICH,685,369.0,N,S,False,N369S
tr|A0AC36JJL6|A0AC36JJL6_9CICH,685,369.0,N,S,False,N369S
tr|A0ACF8DDW5|A0ACF8DDW5_ARAGI,685,369.0,N,S,False,N369S
tr|A0ACF8FNS1|A0ACF8FNS1_ARAGI,685,369.0,N,S,False,N369S
tr|A0A6J2V217|A0A6J2V217_CHACN,685,369.0,N,S,False,N369S
tr|A0A6J2V3N9|A0A6J2V3N9_CHACN,685,369.0,N,S,False,N369S
tr|A0A6P8GSV4|A0A6P8GSV4_CLUHA,685,369.0,N,S,False,N369S
tr|A0A979FEC0|A0A979FEC0_ICTPU,685,369.0,N,S,False,N369S
tr|A0A979FF91|A0A979FF91_ICTPU,685,369.0,N,S,False,N369S
tr|A0A979FED5|A0A979FED5_ICTPU,685,369.0,N,S,False,N369S
tr|A0A9F7RNW9|A0A9F7RNW9_ICTPU,685,369.0,N,S,False,N369S
tr|A0A979FDQ7|A0A979FDQ7_ICTPU,685,369.0,N,S,False,N369S
tr|A0A979FDP4|A0A979FDP4_ICTPU,685,369.0,N,S,False,N369S
tr|A0A979FDQ5|A0A979FDQ5_ICTPU,685,369.0,N,S,False,N369S
tr|A0A6J2V203|A0A6J2V203_CHACN,685,369.0,N,S,False,N369S
tr|A0AAD8DBY4|A0AAD8DBY4_ACIOX,685,369.0,N,H,False,N369H
tr|A0AAD8DJ01|A0AAD8DJ01_ACIOX,685,369.0,N,H,False,N369H
tr|A0ABM0GFX0|A0ABM0GFX0_SACKO,688,372.0,A,S,False,A372S
tr|A0ABM0GFX0|A0ABM0GFX0_SACKO,697,381.0,C,A,False,C381A
tr|A0A6I9HI92|A0A6I9HI92_GEOFO,698,382.0,R,G,False,R382G
tr|A0A6I9HI92|A0A6I9HI92_GEOFO,699,383.0,V,L,False,V383L
tr|A0ABM0GFX0|A0ABM0GFX0_SACKO,702,386.0,Q,N,False,Q386N
tr|A0A3Q0H2H6|A0A3Q0H2H6_ALLSI,705,389.0,Q,X,False,Q389X
tr|A0ABM1JYM0|A0ABM1JYM0_GEKJA,707,390.0,Q,R,False,Q390R
tr|A0A3Q0H2H6|A0A3Q0H2H6_ALLSI,707,390.0,Q,X,False,Q390X
tr|A0ABM1JYM0|A0ABM1JYM0_GEKJA,708,391.0,L,V,False,L391V
tr|A0A3Q0H2H6|A0A3Q0H2H6_ALLSI,708,391.0,L,X,False,L391X
tr|A0AA47MXR6|A0AA47MXR6_MERPO,709,392.0,E,D,False,E392D
tr|A0AA47MXR6|A0AA47MXR6_MERPO,710,393.0,I,L,False,I393L
tr|A0ABM0GFX0|A0ABM0GFX0_SACKO,713,396.0,S,Q,False,S396Q
tr|A0ABM0GFX0|A0ABM0GFX0_SACKO,720,403.0,Q,A,False,Q403A
tr|A0ABM0GFX0|A0ABM0GFX0_SACKO,724,407.0,T,A,False,T407A
tr|A0A6P8VIH1|A0A6P8VIH1_GYMAC,724,407.0,T,A,False,T407A
tr|A0A6J2S884|A0A6J2S884_COTGO,724,407.0,T,A,False,T407A
tr|A0ACF8DDW5|A0ACF8DDW5_ARAGI,724,407.0,T,A,False,T407A
tr|A0A8U0R0X1|A0A8U0R0X1_SALNM,724,407.0,T,A,False,T407A
tr|A0A6J2V217|A0A6J2V217_CHACN,724,407.0,T,A,False,T407A
tr|A0A6J2V3N9|A0A6J2V3N9_CHACN,724,407.0,T,A,False,T407A
tr|A0A6P8GSV4|A0A6P8GSV4_CLUHA,724,407.0,T,A,False,T407A
tr|A0A979FEC0|A0A979FEC0_ICTPU,724,407.0,T,A,False,T407A
tr|A0A979FF91|A0A979FF91_ICTPU,724,407.0,T,A,False,T407A
tr|A0A979FED5|A0A979FED5_ICTPU,724,407.0,T,A,False,T407A
tr|A0A9F7RNW9|A0A9F7RNW9_ICTPU,724,407.0,T,A,False,T407A
tr|A0A979FDQ7|A0A979FDQ7_ICTPU,724,407.0,T,A,False,T407A
tr|A0A979FDP4|A0A979FDP4_ICTPU,724,407.0,T,A,False,T407A
tr|A0A979FDQ5|A0A979FDQ5_ICTPU,724,407.0,T,A,False,T407A
tr|A0AC58J6Q9|A0AC58J6Q9_DANRE,724,407.0,T,A,False,T407A
tr|A0AC58J6Q2|A0AC58J6Q2_DANRE,724,407.0,T,A,False,T407A
tr|A0AB32TNW7|A0AB32TNW7_DANRE,724,407.0,T,A,False,T407A
tr|A0AC58J6S2|A0AC58J6S2_DANRE,724,407.0,T,A,False,T407A
tr|A0AC58J6R3|A0AC58J6R3_DANRE,724,407.0,T,A,False,T407A
tr|A0ACM8Q842|A0ACM8Q842_DANRE,724,407.0,T,A,False,T407A
tr|A0AB32TSB5|A0AB32TSB5_DANRE,724,407.0,T,A,False,T407A
tr|A0AB32TQV9|A0AB32TQV9_DANRE,724,407.0,T,A,False,T407A
tr|A0AB32TLD3|A0AB32TLD3_DANRE,724,407.0,T,A,False,T407A
tr|A0AC58J6Q5|A0AC58J6Q5_DANRE,724,407.0,T,A,False,T407A
tr|A0A6J2V203|A0A6J2V203_CHACN,724,407.0,T,A,False,T407A
tr|A0AA47MXR6|A0AA47MXR6_MERPO,728,411.0,M,L,False,M411L
tr|A0AA47MXR6|A0AA47MXR6_MERPO,729,412.0,R,P,False,R412P
tr|A0ABM0GFX0|A0ABM0GFX0_SACKO,729,412.0,R,K,False,R412K
tr|A0AA47MXR6|A0AA47MXR6_MERPO,731,414.0,S,L,False,S414L
tr|A0ACF8DDW5|A0ACF8DDW5_ARAGI,731,414.0,S,A,False,S414A
tr|H3AY31|H3AY31_LATCH,731,414.0,S,T,False,S414T
tr|V6F812|V6F812_LATCH,731,414.0,S,T,False,S414T
tr|A0AA47MXR6|A0AA47MXR6_MERPO,732,415.0,E,G,False,E415G
tr|A0AA47MXR6|A0AA47MXR6_MERPO,733,416.0,P,A,False,P416A
tr|A0A8C5M8V1|A0A8C5M8V1_9ANUR,733,416.0,P,H,False,P416H
tr|A0AA47MXR6|A0AA47MXR6_MERPO,734,417.0,K,H,False,K417H
tr|A0AA47MXR6|A0AA47MXR6_MERPO,735,418.0,P,S,False,P418S
tr|A0ABM0GFX0|A0ABM0GFX0_SACKO,735,418.0,P,Q,False,P418Q
tr|A0A6P8VIH1|A0A6P8VIH1_GYMAC,735,418.0,P,S,False,P418S
tr|A0A2I4BXB8|A0A2I4BXB8_AUSLI,735,418.0,P,S,False,P418S
tr|A0A2I4BXF7|A0A2I4BXF7_AUSLI,735,418.0,P,S,False,P418S
tr|A0A2I4BXC1|A0A2I4BXC1_AUSLI,735,418.0,P,S,False,P418S
tr|A0A2I4BXC7|A0A2I4BXC7_AUSLI,735,418.0,P,S,False,P418S
tr|A0ABV1A463|A0ABV1A463_9TELE,735,418.0,P,S,False,P418S
tr|A0AAV9S7N1|A0AAV9S7N1_9TELE,735,418.0,P,S,False,P418S
tr|A0ABV0TT83|A0ABV0TT83_9TELE,735,418.0,P,S,False,P418S
tr|A0A6P7NA03|A0A6P7NA03_BETSP,735,418.0,P,S,False,P418S
tr|A0A9W2XZU5|A0A9W2XZU5_BETSP,735,418.0,P,S,False,P418S
tr|A0A6P7NFA4|A0A6P7NFA4_BETSP,735,418.0,P,S,False,P418S
tr|A0A9W2XZJ7|A0A9W2XZJ7_BETSP,735,418.0,P,S,False,P418S
tr|A0A6P7NA07|A0A6P7NA07_BETSP,735,418.0,P,S,False,P418S
tr|A0A6P7NE39|A0A6P7NE39_BETSP,735,418.0,P,S,False,P418S
tr|A0A6J2S884|A0A6J2S884_COTGO,735,418.0,P,S,False,P418S
tr|A0A6P7I2Q9|A0A6P7I2Q9_9TELE,735,418.0,P,S,False,P418S
tr|A0A6P7HH59|A0A6P7HH59_9TELE,735,418.0,P,S,False,P418S
tr|A0A6P7HWN0|A0A6P7HWN0_9TELE,735,418.0,P,S,False,P418S
tr|A0A9Y4NB67|A0A9Y4NB67_9TELE,735,418.0,P,S,False,P418S
tr|A0A9Y6LYW8|A0A9Y6LYW8_9CICH,735,418.0,P,S,False,P418S
tr|A0A9Y3R1R7|A0A9Y3R1R7_9CICH,735,418.0,P,S,False,P418S
tr|A0AC36JJL6|A0AC36JJL6_9CICH,735,418.0,P,S,False,P418S
tr|A0ACF8FNS1|A0ACF8FNS1_ARAGI,735,418.0,P,L,False,P418L
tr|A0A6I8ND77|A0A6I8ND77_ORNAN,735,418.0,P,Q,False,P418Q
tr|A0AA47MXR6|A0AA47MXR6_MERPO,737,419.0,S,L,False,S419L
tr|A0ABM0GFX0|A0ABM0GFX0_SACKO,737,419.0,S,E,False,S419E
tr|A0ACF8DDW5|A0ACF8DDW5_ARAGI,737,419.0,S,P,False,S419P
tr|A0AA47MXR6|A0AA47MXR6_MERPO,738,420.0,P,A,False,P420A
tr|A0ACF8DDW5|A0ACF8DDW5_ARAGI,738,420.0,P,A,False,P420A
tr|A0AA47MXR6|A0AA47MXR6_MERPO,739,421.0,K,A,False,K421A
tr|A0ABM0GFX0|A0ABM0GFX0_SACKO,739,421.0,K,L,False,K421L
tr|A0AA47MXR6|A0AA47MXR6_MERPO,741,423.0,L,V,False,L423V
tr|A0ABM0GFX0|A0ABM0GFX0_SACKO,741,423.0,L,V,False,L423V
tr|A0AA47MXR6|A0AA47MXR6_MERPO,742,424.0,N,G,False,N424G
tr|A0ABM0GFX0|A0ABM0GFX0_SACKO,742,424.0,N,S,False,N424S
tr|A0AA47MXR6|A0AA47MXR6_MERPO,743,425.0,L,V,False,L425V
tr|A0AA47MXR6|A0AA47MXR6_MERPO,744,426.0,V,L,False,V426L
tr|A0ACF8DDW5|A0ACF8DDW5_ARAGI,744,426.0,V,A,False,V426A
tr|A0AA47MXR6|A0AA47MXR6_MERPO,745,427.0,S,P,False,S427P
tr|A0ABM0GFX0|A0ABM0GFX0_SACKO,745,427.0,S,K,False,S427K
tr|A0AA47MXR6|A0AA47MXR6_MERPO,746,428.0,S,L,False,S428L
tr|A0ABM0GFX0|A0ABM0GFX0_SACKO,746,428.0,S,A,False,S428A
tr|A0ACF8DDW5|A0ACF8DDW5_ARAGI,746,428.0,S,G,False,S428G
tr|A0A1L8GU65|A0A1L8GU65_XENLA,746,428.0,S,T,False,S428T
tr|A0A8J0UR98|A0A8J0UR98_XENLA,746,428.0,S,T,False,S428T
tr|A0A8J0UXQ2|A0A8J0UXQ2_XENLA,746,428.0,S,T,False,S428T
tr|A0A8J1MHG6|A0A8J1MHG6_XENLA,746,428.0,S,T,False,S428T
tr|A0A1L8GYY0|A0A1L8GYY0_XENLA,746,428.0,S,T,False,S428T
tr|A0A8J1MIF2|A0A8J1MIF2_XENLA,746,428.0,S,T,False,S428T
tr|A0A8J1MHG1|A0A8J1MHG1_XENLA,746,428.0,S,T,False,S428T
tr|A0A8J1MHG5|A0A8J1MHG5_XENLA,746,428.0,S,T,False,S428T
tr|A0A8J0Q7P1|A0A8J0Q7P1_XENTR,746,428.0,S,T,False,S428T
tr|A0A8J0SHD1|A0A8J0SHD1_XENTR,746,428.0,S,T,False,S428T
tr|A0A8J0SG76|A0A8J0SG76_XENTR,746,428.0,S,T,False,S428T
tr|F7DTZ3|F7DTZ3_XENTR,746,428.0,S,T,False,S428T
tr|A0A8J0S8T9|A0A8J0S8T9_XENTR,746,428.0,S,T,False,S428T
tr|T1PTS4|T1PTS4_PARLB,746,428.0,S,N,False,S428N
tr|A0A6I9YYB6|A0A6I9YYB6_9SAUR,746,428.0,S,T,False,S428T
tr|A0A8J1MTY3|A0A8J1MTY3_XENLA,746,428.0,S,T,False,S428T
tr|A0A8J1MRN8|A0A8J1MRN8_XENLA,746,428.0,S,T,False,S428T
tr|A0A6I8SNY6|A0A6I8SNY6_XENTR,746,428.0,S,T,False,S428T
tr|A0A8J0SEG3|A0A8J0SEG3_XENTR,746,428.0,S,T,False,S428T
sp|Q4VYS1|FOXP2_XENLA,746,428.0,S,T,False,S428T
tr|A0A8J1MI35|A0A8J1MI35_XENLA,746,428.0,S,T,False,S428T
tr|A0A6I9YXB8|A0A6I9YXB8_9SAUR,746,428.0,S,T,False,S428T
tr|A0AA47MXR6|A0AA47MXR6_MERPO,747,429.0,V,Q,False,V429Q
tr|A0ABM0GFX0|A0ABM0GFX0_SACKO,747,429.0,V,T,False,V429T
tr|A0A6P8VIH1|A0A6P8VIH1_GYMAC,747,429.0,V,I,False,V429I
tr|A0ACF8FNS1|A0ACF8FNS1_ARAGI,747,429.0,V,A,False,V429A
tr|A0A979FEC0|A0A979FEC0_ICTPU,747,429.0,V,M,False,V429M
tr|A0A979FF91|A0A979FF91_ICTPU,747,429.0,V,M,False,V429M
tr|A0A979FED5|A0A979FED5_ICTPU,747,429.0,V,M,False,V429M
tr|A0A9F7RNW9|A0A9F7RNW9_ICTPU,747,429.0,V,M,False,V429M
tr|A0A979FDQ7|A0A979FDQ7_ICTPU,747,429.0,V,M,False,V429M
tr|A0A979FDP4|A0A979FDP4_ICTPU,747,429.0,V,M,False,V429M
tr|A0A979FDQ5|A0A979FDQ5_ICTPU,747,429.0,V,M,False,V429M
tr|A0AA47MXR6|A0AA47MXR6_MERPO,748,430.0,T,S,False,T430S
tr|A0ABM0GFX0|A0ABM0GFX0_SACKO,748,430.0,T,P,False,T430P
tr|A0ACF8DDW5|A0ACF8DDW5_ARAGI,748,430.0,T,A,False,T430A
tr|A0AA47MXR6|A0AA47MXR6_MERPO,749,431.0,M,E,False,M431E
tr|A0ACF8DDW5|A0ACF8DDW5_ARAGI,749,431.0,M,V,False,M431V
tr|A0A6P8S6V4|A0A6P8S6V4_GEOSA,749,431.0,M,I,False,M431I
tr|A0A6P8SBP1|A0A6P8SBP1_GEOSA,749,431.0,M,I,False,M431I
tr|A0A6P8S5P9|A0A6P8S5P9_GEOSA,749,431.0,M,I,False,M431I
tr|A0A6P8S5Q7|A0A6P8S5Q7_GEOSA,749,431.0,M,I,False,M431I
tr|A0A6P8S9S5|A0A6P8S9S5_GEOSA,749,431.0,M,I,False,M431I
tr|A0A6P8SBN6|A0A6P8SBN6_GEOSA,749,431.0,M,I,False,M431I
tr|A0A6P8S5P6|A0A6P8S5P6_GEOSA,749,431.0,M,I,False,M431I
tr|A0A6P8S9T4|A0A6P8S9T4_GEOSA,749,431.0,M,I,False,M431I
tr|A0A6P8S6B0|A0A6P8S6B0_GEOSA,749,431.0,M,I,False,M431I
tr|A0A6P8S6A6|A0A6P8S6A6_GEOSA,749,431.0,M,I,False,M431I
tr|A0A6P8S6A3|A0A6P8S6A3_GEOSA,749,431.0,M,I,False,M431I
tr|A0A6P8S5P3|A0A6P8S5P3_GEOSA,749,431.0,M,I,False,M431I
tr|A0A6P8S9T8|A0A6P8S9T8_GEOSA,749,431.0,M,I,False,M431I
tr|A0A6P8S6V7|A0A6P8S6V7_GEOSA,749,431.0,M,I,False,M431I
tr|A0A6P8SBP4|A0A6P8SBP4_GEOSA,749,431.0,M,I,False,M431I
tr|A0A6P8S5Q2|A0A6P8S5Q2_GEOSA,749,431.0,M,I,False,M431I
tr|A0A6P8S9T0|A0A6P8S9T0_GEOSA,749,431.0,M,I,False,M431I
tr|A0AA47MXR6|A0AA47MXR6_MERPO,750,432.0,S,T,False,S432T
tr|A0ABM0GFX0|A0ABM0GFX0_SACKO,750,432.0,S,T,False,S432T
tr|A0ACF8DDW5|A0ACF8DDW5_ARAGI,750,432.0,S,T,False,S432T
tr|A0AA47MXR6|A0AA47MXR6_MERPO,751,433.0,K,A,False,K433A
tr|A0ABM0GFX0|A0ABM0GFX0_SACKO,751,433.0,K,T,False,K433T
tr|A0ABM0GFX0|A0ABM0GFX0_SACKO,752,434.0,N,T,False,N434T
tr|A9UCM5|A9UCM5_HIPAR,752,434.0,N,T,False,N434T
tr|A0ABM0GFX0|A0ABM0GFX0_SACKO,753,435.0,M,S,False,M435S
tr|A0A6P8VIH1|A0A6P8VIH1_GYMAC,753,435.0,M,L,False,M435L
tr|A0A2I4BXB8|A0A2I4BXB8_AUSLI,753,435.0,M,L,False,M435L
tr|A0A2I4BXF7|A0A2I4BXF7_AUSLI,753,435.0,M,L,False,M435L
tr|A0A2I4BXC1|A0A2I4BXC1_AUSLI,753,435.0,M,L,False,M435L
tr|A0A2I4BXC7|A0A2I4BXC7_AUSLI,753,435.0,M,L,False,M435L
tr|A0ABV1A463|A0ABV1A463_9TELE,753,435.0,M,L,False,M435L
tr|A0AAV9S7N1|A0AAV9S7N1_9TELE,753,435.0,M,L,False,M435L
tr|A0ABV0TT83|A0ABV0TT83_9TELE,753,435.0,M,L,False,M435L
tr|A0A6P7NA03|A0A6P7NA03_BETSP,753,435.0,M,L,False,M435L
tr|A0A9W2XZU5|A0A9W2XZU5_BETSP,753,435.0,M,L,False,M435L
tr|A0A6P7NFA4|A0A6P7NFA4_BETSP,753,435.0,M,L,False,M435L
tr|A0A9W2XZJ7|A0A9W2XZJ7_BETSP,753,435.0,M,L,False,M435L
tr|A0A6P7NA07|A0A6P7NA07_BETSP,753,435.0,M,L,False,M435L
tr|A0A6P7NE39|A0A6P7NE39_BETSP,753,435.0,M,L,False,M435L
tr|A0A6J2S884|A0A6J2S884_COTGO,753,435.0,M,L,False,M435L
tr|A0A6P7I2Q9|A0A6P7I2Q9_9TELE,753,435.0,M,L,False,M435L
tr|A0A6P7HH59|A0A6P7HH59_9TELE,753,435.0,M,L,False,M435L
tr|A0A6P7HWN0|A0A6P7HWN0_9TELE,753,435.0,M,L,False,M435L
tr|A0A9Y4NB67|A0A9Y4NB67_9TELE,753,435.0,M,L,False,M435L
tr|A0A9Y6LYW8|A0A9Y6LYW8_9CICH,753,435.0,M,L,False,M435L
tr|A0A9Y3R1R7|A0A9Y3R1R7_9CICH,753,435.0,M,L,False,M435L
tr|A0AC36JJL6|A0AC36JJL6_9CICH,753,435.0,M,L,False,M435L
tr|A0ACF8DDW5|A0ACF8DDW5_ARAGI,753,435.0,M,L,False,M435L
tr|A0ACF8FNS1|A0ACF8FNS1_ARAGI,753,435.0,M,L,False,M435L
tr|A0A8U0R0X1|A0A8U0R0X1_SALNM,753,435.0,M,L,False,M435L
tr|A0A6J2V217|A0A6J2V217_CHACN,753,435.0,M,L,False,M435L
tr|A0A6J2V3N9|A0A6J2V3N9_CHACN,753,435.0,M,L,False,M435L
tr|A0A6P8GSV4|A0A6P8GSV4_CLUHA,753,435.0,M,L,False,M435L
tr|A0A979FEC0|A0A979FEC0_ICTPU,753,435.0,M,L,False,M435L
tr|A0A979FF91|A0A979FF91_ICTPU,753,435.0,M,L,False,M435L
tr|A0A979FED5|A0A979FED5_ICTPU,753,435.0,M,L,False,M435L
tr|A0A9F7RNW9|A0A9F7RNW9_ICTPU,753,435.0,M,L,False,M435L
tr|A0A979FDQ7|A0A979FDQ7_ICTPU,753,435.0,M,L,False,M435L
tr|A0A979FDP4|A0A979FDP4_ICTPU,753,435.0,M,L,False,M435L
tr|A0A979FDQ5|A0A979FDQ5_ICTPU,753,435.0,M,L,False,M435L
tr|A0AC58J6Q9|A0AC58J6Q9_DANRE,753,435.0,M,L,False,M435L
tr|A0AC58J6Q2|A0AC58J6Q2_DANRE,753,435.0,M,L,False,M435L
tr|A0AB32TNW7|A0AB32TNW7_DANRE,753,435.0,M,L,False,M435L
tr|A0AC58J6S2|A0AC58J6S2_DANRE,753,435.0,M,L,False,M435L
tr|A0AC58J6R3|A0AC58J6R3_DANRE,753,435.0,M,L,False,M435L
tr|A0ACM8Q842|A0ACM8Q842_DANRE,753,435.0,M,L,False,M435L
tr|A0AB32TSB5|A0AB32TSB5_DANRE,753,435.0,M,L,False,M435L
tr|A0AB32TQV9|A0AB32TQV9_DANRE,753,435.0,M,L,False,M435L
tr|A0AB32TLD3|A0AB32TLD3_DANRE,753,435.0,M,L,False,M435L
tr|A0AC58J6Q5|A0AC58J6Q5_DANRE,753,435.0,M,L,False,M435L
tr|A0A6J2V203|A0A6J2V203_CHACN,753,435.0,M,L,False,M435L
tr|A0A6P8S6V4|A0A6P8S6V4_GEOSA,753,435.0,M,I,False,M435I
tr|A0A6P8SBP1|A0A6P8SBP1_GEOSA,753,435.0,M,I,False,M435I
tr|A0A6P8S5P9|A0A6P8S5P9_GEOSA,753,435.0,M,I,False,M435I
tr|A0A6P8S5Q7|A0A6P8S5Q7_GEOSA,753,435.0,M,I,False,M435I
tr|A0A6P8S9S5|A0A6P8S9S5_GEOSA,753,435.0,M,I,False,M435I
tr|A0A6P8SBN6|A0A6P8SBN6_GEOSA,753,435.0,M,I,False,M435I
tr|A0A6P8S5P6|A0A6P8S5P6_GEOSA,753,435.0,M,I,False,M435I
tr|A0A6P8S9T4|A0A6P8S9T4_GEOSA,753,435.0,M,I,False,M435I
tr|A0A6P8S6B0|A0A6P8S6B0_GEOSA,753,435.0,M,I,False,M435I
tr|A0A6P8S6A6|A0A6P8S6A6_GEOSA,753,435.0,M,I,False,M435I
tr|A0A6P8S6A3|A0A6P8S6A3_GEOSA,753,435.0,M,I,False,M435I
tr|A0A6P8S5P3|A0A6P8S5P3_GEOSA,753,435.0,M,I,False,M435I
tr|A0A6P8S9T8|A0A6P8S9T8_GEOSA,753,435.0,M,I,False,M435I
tr|A0A6I9YYB6|A0A6I9YYB6_9SAUR,753,435.0,M,I,False,M435I
tr|A0A9F5IXC2|A0A9F5IXC2_PYTBI,753,435.0,M,I,False,M435I
tr|A0A6P8S6V7|A0A6P8S6V7_GEOSA,753,435.0,M,I,False,M435I
tr|A0A6P8SBP4|A0A6P8SBP4_GEOSA,753,435.0,M,I,False,M435I
tr|A0A6P8S5Q2|A0A6P8S5Q2_GEOSA,753,435.0,M,I,False,M435I
tr|A0A6P8S9T0|A0A6P8S9T0_GEOSA,753,435.0,M,I,False,M435I
tr|A0A8C6XFH2|A0A8C6XFH2_NAJNA,753,435.0,M,I,False,M435I
tr|G1KFZ6|G1KFZ6_ANOCA,753,435.0,M,L,False,M435L
tr|A0A9F5IS39|A0A9F5IS39_PYTBI,753,435.0,M,I,False,M435I
tr|T1PTW0|T1PTW0_9SAUR,753,435.0,M,L,False,M435L
tr|V6F7W6|V6F7W6_ANOCA,753,435.0,M,L,False,M435L
tr|A0ABM5GG36|A0ABM5GG36_9SAUR,753,435.0,M,L,False,M435L
tr|A0A670Z5Y1|A0A670Z5Y1_PSETE,753,435.0,M,I,False,M435I
tr|A0A670Z823|A0A670Z823_PSETE,753,435.0,M,I,False,M435I
tr|A0A6J1U1T0|A0A6J1U1T0_9SAUR,753,435.0,M,I,False,M435I
tr|A0A6I9YXB8|A0A6I9YXB8_9SAUR,753,435.0,M,I,False,M435I
tr|A0A9F2NWE2|A0A9F2NWE2_PYTBI,753,435.0,M,I,False,M435I
tr|K7G4L3|K7G4L3_PELSI,753,435.0,M,I,False,M435I
tr|A0ABM0GFX0|A0ABM0GFX0_SACKO,754,436.0,L,T,False,L436T
tr|A0A6P8VIH1|A0A6P8VIH1_GYMAC,754,436.0,L,P,False,L436P
tr|A0A2I4BXB8|A0A2I4BXB8_AUSLI,754,436.0,L,P,False,L436P
tr|A0A2I4BXF7|A0A2I4BXF7_AUSLI,754,436.0,L,P,False,L436P
tr|A0A2I4BXC1|A0A2I4BXC1_AUSLI,754,436.0,L,P,False,L436P
tr|A0A2I4BXC7|A0A2I4BXC7_AUSLI,754,436.0,L,P,False,L436P
tr|A0ABV1A463|A0ABV1A463_9TELE,754,436.0,L,P,False,L436P
tr|A0AAV9S7N1|A0AAV9S7N1_9TELE,754,436.0,L,P,False,L436P
tr|A0ABV0TT83|A0ABV0TT83_9TELE,754,436.0,L,P,False,L436P
tr|A0A6P7NA03|A0A6P7NA03_BETSP,754,436.0,L,P,False,L436P
tr|A0A9W2XZU5|A0A9W2XZU5_BETSP,754,436.0,L,P,False,L436P
tr|A0A6P7NFA4|A0A6P7NFA4_BETSP,754,436.0,L,P,False,L436P
tr|A0A9W2XZJ7|A0A9W2XZJ7_BETSP,754,436.0,L,P,False,L436P
tr|A0A6P7NA07|A0A6P7NA07_BETSP,754,436.0,L,P,False,L436P
tr|A0A6P7NE39|A0A6P7NE39_BETSP,754,436.0,L,P,False,L436P
tr|A0A6J2S884|A0A6J2S884_COTGO,754,436.0,L,P,False,L436P
tr|A0A6P7I2Q9|A0A6P7I2Q9_9TELE,754,436.0,L,P,False,L436P
tr|A0A6P7HH59|A0A6P7HH59_9TELE,754,436.0,L,P,False,L436P
tr|A0A6P7HWN0|A0A6P7HWN0_9TELE,754,436.0,L,P,False,L436P
tr|A0A9Y4NB67|A0A9Y4NB67_9TELE,754,436.0,L,P,False,L436P
tr|A0A9Y6LYW8|A0A9Y6LYW8_9CICH,754,436.0,L,P,False,L436P
tr|A0A9Y3R1R7|A0A9Y3R1R7_9CICH,754,436.0,L,P,False,L436P
tr|A0AC36JJL6|A0AC36JJL6_9CICH,754,436.0,L,P,False,L436P
tr|A0ACF8DDW5|A0ACF8DDW5_ARAGI,754,436.0,L,P,False,L436P
tr|A0ACF8FNS1|A0ACF8FNS1_ARAGI,754,436.0,L,P,False,L436P
tr|A0A6J2V217|A0A6J2V217_CHACN,754,436.0,L,P,False,L436P
tr|A0A6J2V3N9|A0A6J2V3N9_CHACN,754,436.0,L,P,False,L436P
tr|A0A6P8GSV4|A0A6P8GSV4_CLUHA,754,436.0,L,P,False,L436P
tr|A0A979FEC0|A0A979FEC0_ICTPU,754,436.0,L,P,False,L436P
tr|A0A979FF91|A0A979FF91_ICTPU,754,436.0,L,P,False,L436P
tr|A0A979FED5|A0A979FED5_ICTPU,754,436.0,L,P,False,L436P
tr|A0A9F7RNW9|A0A9F7RNW9_ICTPU,754,436.0,L,P,False,L436P
tr|A0A979FDQ7|A0A979FDQ7_ICTPU,754,436.0,L,P,False,L436P
tr|A0A979FDP4|A0A979FDP4_ICTPU,754,436.0,L,P,False,L436P
tr|A0A979FDQ5|A0A979FDQ5_ICTPU,754,436.0,L,P,False,L436P
tr|A0AC58J6Q9|A0AC58J6Q9_DANRE,754,436.0,L,P,False,L436P
tr|A0AC58J6Q2|A0AC58J6Q2_DANRE,754,436.0,L,P,False,L436P
tr|A0AB32TNW7|A0AB32TNW7_DANRE,754,436.0,L,P,False,L436P
tr|A0AC58J6S2|A0AC58J6S2_DANRE,754,436.0,L,P,False,L436P
tr|A0AC58J6R3|A0AC58J6R3_DANRE,754,436.0,L,P,False,L436P
tr|A0ACM8Q842|A0ACM8Q842_DANRE,754,436.0,L,P,False,L436P
tr|A0AB32TSB5|A0AB32TSB5_DANRE,754,436.0,L,P,False,L436P
tr|A0AB32TQV9|A0AB32TQV9_DANRE,754,436.0,L,P,False,L436P
tr|A0AB32TLD3|A0AB32TLD3_DANRE,754,436.0,L,P,False,L436P
tr|A0AC58J6Q5|A0AC58J6Q5_DANRE,754,436.0,L,P,False,L436P
tr|A0A6J2V203|A0A6J2V203_CHACN,754,436.0,L,P,False,L436P
tr|A0AAD8DBY4|A0AAD8DBY4_ACIOX,754,436.0,L,S,False,L436S
tr|A0AAD8DJ01|A0AAD8DJ01_ACIOX,754,436.0,L,S,False,L436S
tr|T1PV61|T1PV61_GEKGE,754,436.0,L,M,False,L436M
tr|A0ABM0GFX0|A0ABM0GFX0_SACKO,755,437.0,E,P,False,E437P
tr|A0A6P8VIH1|A0A6P8VIH1_GYMAC,755,437.0,E,S,False,E437S
tr|A0A2I4BXB8|A0A2I4BXB8_AUSLI,755,437.0,E,S,False,E437S
tr|A0A2I4BXF7|A0A2I4BXF7_AUSLI,755,437.0,E,S,False,E437S
tr|A0A2I4BXC1|A0A2I4BXC1_AUSLI,755,437.0,E,S,False,E437S
tr|A0A2I4BXC7|A0A2I4BXC7_AUSLI,755,437.0,E,S,False,E437S
tr|A0ABV1A463|A0ABV1A463_9TELE,755,437.0,E,S,False,E437S
tr|A0AAV9S7N1|A0AAV9S7N1_9TELE,755,437.0,E,S,False,E437S
tr|A0ABV0TT83|A0ABV0TT83_9TELE,755,437.0,E,S,False,E437S
tr|A0A6P7NA03|A0A6P7NA03_BETSP,755,437.0,E,S,False,E437S
tr|A0A9W2XZU5|A0A9W2XZU5_BETSP,755,437.0,E,S,False,E437S
tr|A0A6P7NFA4|A0A6P7NFA4_BETSP,755,437.0,E,S,False,E437S
tr|A0A9W2XZJ7|A0A9W2XZJ7_BETSP,755,437.0,E,S,False,E437S
tr|A0A6P7NA07|A0A6P7NA07_BETSP,755,437.0,E,S,False,E437S
tr|A0A6P7NE39|A0A6P7NE39_BETSP,755,437.0,E,S,False,E437S
tr|A0A6J2S884|A0A6J2S884_COTGO,755,437.0,E,S,False,E437S
tr|A0A6P7I2Q9|A0A6P7I2Q9_9TELE,755,437.0,E,S,False,E437S
tr|A0A6P7HH59|A0A6P7HH59_9TELE,755,437.0,E,S,False,E437S
tr|A0A6P7HWN0|A0A6P7HWN0_9TELE,755,437.0,E,S,False,E437S
tr|A0A9Y4NB67|A0A9Y4NB67_9TELE,755,437.0,E,S,False,E437S
tr|A0A9Y6LYW8|A0A9Y6LYW8_9CICH,755,437.0,E,S,False,E437S
tr|A0A9Y3R1R7|A0A9Y3R1R7_9CICH,755,437.0,E,S,False,E437S
tr|A0AC36JJL6|A0AC36JJL6_9CICH,755,437.0,E,S,False,E437S
tr|A0ACF8DDW5|A0ACF8DDW5_ARAGI,755,437.0,E,S,False,E437S
tr|A0ACF8FNS1|A0ACF8FNS1_ARAGI,755,437.0,E,S,False,E437S
tr|A0A8U0R0X1|A0A8U0R0X1_SALNM,755,437.0,E,S,False,E437S
tr|A0A6J2V217|A0A6J2V217_CHACN,755,437.0,E,S,False,E437S
tr|A0A6J2V3N9|A0A6J2V3N9_CHACN,755,437.0,E,S,False,E437S
tr|A0A6P8GSV4|A0A6P8GSV4_CLUHA,755,437.0,E,S,False,E437S
tr|A0A979FEC0|A0A979FEC0_ICTPU,755,437.0,E,S,False,E437S
tr|A0A979FF91|A0A979FF91_ICTPU,755,437.0,E,S,False,E437S
tr|A0A979FED5|A0A979FED5_ICTPU,755,437.0,E,S,False,E437S
tr|A0A9F7RNW9|A0A9F7RNW9_ICTPU,755,437.0,E,S,False,E437S
tr|A0A979FDQ7|A0A979FDQ7_ICTPU,755,437.0,E,S,False,E437S
tr|A0A979FDP4|A0A979FDP4_ICTPU,755,437.0,E,S,False,E437S
tr|A0A979FDQ5|A0A979FDQ5_ICTPU,755,437.0,E,S,False,E437S
tr|A0AC58J6Q9|A0AC58J6Q9_DANRE,755,437.0,E,S,False,E437S
tr|A0AC58J6Q2|A0AC58J6Q2_DANRE,755,437.0,E,S,False,E437S
tr|A0AB32TNW7|A0AB32TNW7_DANRE,755,437.0,E,S,False,E437S
tr|A0AC58J6S2|A0AC58J6S2_DANRE,755,437.0,E,S,False,E437S
tr|A0AC58J6R3|A0AC58J6R3_DANRE,755,437.0,E,S,False,E437S
tr|A0ACM8Q842|A0ACM8Q842_DANRE,755,437.0,E,S,False,E437S
tr|A0AB32TSB5|A0AB32TSB5_DANRE,755,437.0,E,S,False,E437S
tr|A0AB32TQV9|A0AB32TQV9_DANRE,755,437.0,E,S,False,E437S
tr|A0AB32TLD3|A0AB32TLD3_DANRE,755,437.0,E,S,False,E437S
tr|A0AC58J6Q5|A0AC58J6Q5_DANRE,755,437.0,E,S,False,E437S
tr|A0A6J2V203|A0A6J2V203_CHACN,755,437.0,E,S,False,E437S
tr|A0A8C5M8V1|A0A8C5M8V1_9ANUR,755,437.0,E,D,False,E437D
tr|H3AY31|H3AY31_LATCH,755,437.0,E,D,False,E437D
tr|V6F812|V6F812_LATCH,755,437.0,E,D,False,E437D
tr|A0AA47MXR6|A0AA47MXR6_MERPO,756,438.0,T,D,False,T438D
tr|A0A6P8VIH1|A0A6P8VIH1_GYMAC,756,438.0,T,A,False,T438A
tr|A0A2I4BXB8|A0A2I4BXB8_AUSLI,756,438.0,T,A,False,T438A
tr|A0A2I4BXF7|A0A2I4BXF7_AUSLI,756,438.0,T,A,False,T438A
tr|A0A2I4BXC1|A0A2I4BXC1_AUSLI,756,438.0,T,A,False,T438A
tr|A0A2I4BXC7|A0A2I4BXC7_AUSLI,756,438.0,T,A,False,T438A
tr|A0ABV1A463|A0ABV1A463_9TELE,756,438.0,T,A,False,T438A
tr|A0AAV9S7N1|A0AAV9S7N1_9TELE,756,438.0,T,A,False,T438A
tr|A0ABV0TT83|A0ABV0TT83_9TELE,756,438.0,T,A,False,T438A
tr|A0A6P7NA03|A0A6P7NA03_BETSP,756,438.0,T,A,False,T438A
tr|A0A9W2XZU5|A0A9W2XZU5_BETSP,756,438.0,T,A,False,T438A
tr|A0A6P7NFA4|A0A6P7NFA4_BETSP,756,438.0,T,A,False,T438A
tr|A0A9W2XZJ7|A0A9W2XZJ7_BETSP,756,438.0,T,A,False,T438A
tr|A0A6P7NA07|A0A6P7NA07_BETSP,756,438.0,T,A,False,T438A
tr|A0A6P7NE39|A0A6P7NE39_BETSP,756,438.0,T,A,False,T438A
tr|A0A6J2S884|A0A6J2S884_COTGO,756,438.0,T,A,False,T438A
tr|A0A6P7I2Q9|A0A6P7I2Q9_9TELE,756,438.0,T,A,False,T438A
tr|A0A6P7HH59|A0A6P7HH59_9TELE,756,438.0,T,A,False,T438A
tr|A0A6P7HWN0|A0A6P7HWN0_9TELE,756,438.0,T,A,False,T438A
tr|A0A9Y4NB67|A0A9Y4NB67_9TELE,756,438.0,T,A,False,T438A
tr|A0A9Y6LYW8|A0A9Y6LYW8_9CICH,756,438.0,T,A,False,T438A
tr|A0A9Y3R1R7|A0A9Y3R1R7_9CICH,756,438.0,T,A,False,T438A
tr|A0AC36JJL6|A0AC36JJL6_9CICH,756,438.0,T,A,False,T438A
tr|A0ACF8DDW5|A0ACF8DDW5_ARAGI,756,438.0,T,A,False,T438A
tr|A0ACF8FNS1|A0ACF8FNS1_ARAGI,756,438.0,T,A,False,T438A
tr|A0A8U0R0X1|A0A8U0R0X1_SALNM,756,438.0,T,V,False,T438V
tr|A0A6J2V217|A0A6J2V217_CHACN,756,438.0,T,V,False,T438V
tr|A0A6J2V3N9|A0A6J2V3N9_CHACN,756,438.0,T,V,False,T438V
tr|A0A6P8GSV4|A0A6P8GSV4_CLUHA,756,438.0,T,V,False,T438V
tr|A0A979FEC0|A0A979FEC0_ICTPU,756,438.0,T,V,False,T438V
tr|A0A979FF91|A0A979FF91_ICTPU,756,438.0,T,V,False,T438V
tr|A0A979FED5|A0A979FED5_ICTPU,756,438.0,T,V,False,T438V
tr|A0A9F7RNW9|A0A9F7RNW9_ICTPU,756,438.0,T,V,False,T438V
tr|A0A979FDQ7|A0A979FDQ7_ICTPU,756,438.0,T,V,False,T438V
tr|A0A979FDP4|A0A979FDP4_ICTPU,756,438.0,T,V,False,T438V
tr|A0A979FDQ5|A0A979FDQ5_ICTPU,756,438.0,T,V,False,T438V
tr|A0AC58J6Q9|A0AC58J6Q9_DANRE,756,438.0,T,I,False,T438I
tr|A0AC58J6Q2|A0AC58J6Q2_DANRE,756,438.0,T,I,False,T438I
tr|A0AB32TNW7|A0AB32TNW7_DANRE,756,438.0,T,I,False,T438I
tr|A0AC58J6S2|A0AC58J6S2_DANRE,756,438.0,T,I,False,T438I
tr|A0AC58J6R3|A0AC58J6R3_DANRE,756,438.0,T,I,False,T438I
tr|A0ACM8Q842|A0ACM8Q842_DANRE,756,438.0,T,I,False,T438I
tr|A0AB32TSB5|A0AB32TSB5_DANRE,756,438.0,T,I,False,T438I
tr|A0AB32TQV9|A0AB32TQV9_DANRE,756,438.0,T,I,False,T438I
tr|A0AB32TLD3|A0AB32TLD3_DANRE,756,438.0,T,I,False,T438I
tr|A0AC58J6Q5|A0AC58J6Q5_DANRE,756,438.0,T,I,False,T438I
tr|A0A6J2V203|A0A6J2V203_CHACN,756,438.0,T,V,False,T438V
tr|A0A6J2G5V7|A0A6J2G5V7_9PASS,756,438.0,T,A,False,T438A
tr|A0A6J0HH27|A0A6J0HH27_9PASS,756,438.0,T,A,False,T438A
tr|A0A6J0HH90|A0A6J0HH90_9PASS,756,438.0,T,A,False,T438A
tr|A0A6J0HIE4|A0A6J0HIE4_9PASS,756,438.0,T,A,False,T438A
tr|A0AA47MXR6|A0AA47MXR6_MERPO,757,439.0,S,D,False,S439D
tr|A0ABM0GFX0|A0ABM0GFX0_SACKO,757,439.0,S,T,False,S439T
tr|A0ABM0GFX0|A0ABM0GFX0_SACKO,758,440.0,P,H,False,P440H
tr|A0AA47MXR6|A0AA47MXR6_MERPO,759,441.0,Q,F,False,Q441F
tr|A0ABM0GFX0|A0ABM0GFX0_SACKO,759,441.0,Q,V,False,Q441V
tr|A0A6P8VIH1|A0A6P8VIH1_GYMAC,759,441.0,Q,P,False,Q441P
tr|A0A2I4BXB8|A0A2I4BXB8_AUSLI,759,441.0,Q,P,False,Q441P
tr|A0A2I4BXF7|A0A2I4BXF7_AUSLI,759,441.0,Q,P,False,Q441P
tr|A0A2I4BXC1|A0A2I4BXC1_AUSLI,759,441.0,Q,P,False,Q441P
tr|A0A2I4BXC7|A0A2I4BXC7_AUSLI,759,441.0,Q,P,False,Q441P
tr|A0ABV1A463|A0ABV1A463_9TELE,759,441.0,Q,P,False,Q441P
tr|A0AAV9S7N1|A0AAV9S7N1_9TELE,759,441.0,Q,P,False,Q441P
tr|A0ABV0TT83|A0ABV0TT83_9TELE,759,441.0,Q,P,False,Q441P
tr|A0A6P7NA03|A0A6P7NA03_BETSP,759,441.0,Q,P,False,Q441P
tr|A0A9W2XZU5|A0A9W2XZU5_BETSP,759,441.0,Q,P,False,Q441P
tr|A0A6P7NFA4|A0A6P7NFA4_BETSP,759,441.0,Q,P,False,Q441P
tr|A0A9W2XZJ7|A0A9W2XZJ7_BETSP,759,441.0,Q,P,False,Q441P
tr|A0A6P7NA07|A0A6P7NA07_BETSP,759,441.0,Q,P,False,Q441P
tr|A0A6P7NE39|A0A6P7NE39_BETSP,759,441.0,Q,P,False,Q441P
tr|A0A6J2S884|A0A6J2S884_COTGO,759,441.0,Q,P,False,Q441P
tr|A0A6P7I2Q9|A0A6P7I2Q9_9TELE,759,441.0,Q,P,False,Q441P
tr|A0A6P7HH59|A0A6P7HH59_9TELE,759,441.0,Q,P,False,Q441P
tr|A0A6P7HWN0|A0A6P7HWN0_9TELE,759,441.0,Q,P,False,Q441P
tr|A0A9Y4NB67|A0A9Y4NB67_9TELE,759,441.0,Q,P,False,Q441P
tr|A0A9Y6LYW8|A0A9Y6LYW8_9CICH,759,441.0,Q,P,False,Q441P
tr|A0A9Y3R1R7|A0A9Y3R1R7_9CICH,759,441.0,Q,P,False,Q441P
tr|A0AC36JJL6|A0AC36JJL6_9CICH,759,441.0,Q,P,False,Q441P
tr|A0ACF8DDW5|A0ACF8DDW5_ARAGI,759,441.0,Q,P,False,Q441P
tr|A0ACF8FNS1|A0ACF8FNS1_ARAGI,759,441.0,Q,P,False,Q441P
tr|A0A8U0R0X1|A0A8U0R0X1_SALNM,759,441.0,Q,P,False,Q441P
tr|A0A6J2V217|A0A6J2V217_CHACN,759,441.0,Q,P,False,Q441P
tr|A0A6J2V3N9|A0A6J2V3N9_CHACN,759,441.0,Q,P,False,Q441P
tr|A0A6P8GSV4|A0A6P8GSV4_CLUHA,759,441.0,Q,P,False,Q441P
tr|A0A979FEC0|A0A979FEC0_ICTPU,759,441.0,Q,P,False,Q441P
tr|A0A979FF91|A0A979FF91_ICTPU,759,441.0,Q,P,False,Q441P
tr|A0A979FED5|A0A979FED5_ICTPU,759,441.0,Q,P,False,Q441P
tr|A0A9F7RNW9|A0A9F7RNW9_ICTPU,759,441.0,Q,P,False,Q441P
tr|A0A979FDQ7|A0A979FDQ7_ICTPU,759,441.0,Q,P,False,Q441P
tr|A0A979FDP4|A0A979FDP4_ICTPU,759,441.0,Q,P,False,Q441P
tr|A0A979FDQ5|A0A979FDQ5_ICTPU,759,441.0,Q,P,False,Q441P
tr|A0AC58J6Q9|A0AC58J6Q9_DANRE,759,441.0,Q,P,False,Q441P
tr|A0AC58J6Q2|A0AC58J6Q2_DANRE,759,441.0,Q,P,False,Q441P
tr|A0AB32TNW7|A0AB32TNW7_DANRE,759,441.0,Q,P,False,Q441P
tr|A0AC58J6S2|A0AC58J6S2_DANRE,759,441.0,Q,P,False,Q441P
tr|A0AC58J6R3|A0AC58J6R3_DANRE,759,441.0,Q,P,False,Q441P
tr|A0ACM8Q842|A0ACM8Q842_DANRE,759,441.0,Q,P,False,Q441P
tr|A0AB32TSB5|A0AB32TSB5_DANRE,759,441.0,Q,P,False,Q441P
tr|A0AB32TQV9|A0AB32TQV9_DANRE,759,441.0,Q,P,False,Q441P
tr|A0AB32TLD3|A0AB32TLD3_DANRE,759,441.0,Q,P,False,Q441P
tr|A0AC58J6Q5|A0AC58J6Q5_DANRE,759,441.0,Q,P,False,Q441P
tr|A0A6J2V203|A0A6J2V203_CHACN,759,441.0,Q,P,False,Q441P
tr|A0AA47MXR6|A0AA47MXR6_MERPO,760,442.0,S,N,False,S442N
tr|A0ABM0GFX0|A0ABM0GFX0_SACKO,760,442.0,S,Q,False,S442Q
tr|A0A6P8VIH1|A0A6P8VIH1_GYMAC,760,442.0,S,N,False,S442N
tr|A0A2I4BXB8|A0A2I4BXB8_AUSLI,760,442.0,S,N,False,S442N
tr|A0A2I4BXF7|A0A2I4BXF7_AUSLI,760,442.0,S,N,False,S442N
tr|A0A2I4BXC1|A0A2I4BXC1_AUSLI,760,442.0,S,N,False,S442N
tr|A0A2I4BXC7|A0A2I4BXC7_AUSLI,760,442.0,S,N,False,S442N
tr|A0ABV1A463|A0ABV1A463_9TELE,760,442.0,S,N,False,S442N
tr|A0AAV9S7N1|A0AAV9S7N1_9TELE,760,442.0,S,N,False,S442N
tr|A0ABV0TT83|A0ABV0TT83_9TELE,760,442.0,S,N,False,S442N
tr|A0A6P7NA03|A0A6P7NA03_BETSP,760,442.0,S,N,False,S442N
tr|A0A9W2XZU5|A0A9W2XZU5_BETSP,760,442.0,S,N,False,S442N
tr|A0A6P7NFA4|A0A6P7NFA4_BETSP,760,442.0,S,N,False,S442N
tr|A0A9W2XZJ7|A0A9W2XZJ7_BETSP,760,442.0,S,N,False,S442N
tr|A0A6P7NA07|A0A6P7NA07_BETSP,760,442.0,S,N,False,S442N
tr|A0A6P7NE39|A0A6P7NE39_BETSP,760,442.0,S,N,False,S442N
tr|A0A6J2S884|A0A6J2S884_COTGO,760,442.0,S,N,False,S442N
tr|A0A6P7I2Q9|A0A6P7I2Q9_9TELE,760,442.0,S,N,False,S442N
tr|A0A6P7HH59|A0A6P7HH59_9TELE,760,442.0,S,N,False,S442N
tr|A0A6P7HWN0|A0A6P7HWN0_9TELE,760,442.0,S,N,False,S442N
tr|A0A9Y4NB67|A0A9Y4NB67_9TELE,760,442.0,S,N,False,S442N
tr|A0A9Y6LYW8|A0A9Y6LYW8_9CICH,760,442.0,S,N,False,S442N
tr|A0A9Y3R1R7|A0A9Y3R1R7_9CICH,760,442.0,S,N,False,S442N
tr|A0AC36JJL6|A0AC36JJL6_9CICH,760,442.0,S,N,False,S442N
tr|A0ACF8DDW5|A0ACF8DDW5_ARAGI,760,442.0,S,N,False,S442N
tr|A0ACF8FNS1|A0ACF8FNS1_ARAGI,760,442.0,S,N,False,S442N
tr|A0A8U0R0X1|A0A8U0R0X1_SALNM,760,442.0,S,N,False,S442N
tr|A0A6J2V217|A0A6J2V217_CHACN,760,442.0,S,N,False,S442N
tr|A0A6J2V3N9|A0A6J2V3N9_CHACN,760,442.0,S,N,False,S442N
tr|A0A6P8GSV4|A0A6P8GSV4_CLUHA,760,442.0,S,T,False,S442T
tr|A0A979FEC0|A0A979FEC0_ICTPU,760,442.0,S,N,False,S442N
tr|A0A979FF91|A0A979FF91_ICTPU,760,442.0,S,N,False,S442N
tr|A0A979FED5|A0A979FED5_ICTPU,760,442.0,S,N,False,S442N
tr|A0A9F7RNW9|A0A9F7RNW9_ICTPU,760,442.0,S,N,False,S442N
tr|A0A979FDQ7|A0A979FDQ7_ICTPU,760,442.0,S,N,False,S442N
tr|A0A979FDP4|A0A979FDP4_ICTPU,760,442.0,S,N,False,S442N
tr|A0A979FDQ5|A0A979FDQ5_ICTPU,760,442.0,S,N,False,S442N
tr|A0AC58J6Q9|A0AC58J6Q9_DANRE,760,442.0,S,N,False,S442N
tr|A0AC58J6Q2|A0AC58J6Q2_DANRE,760,442.0,S,N,False,S442N
tr|A0AB32TNW7|A0AB32TNW7_DANRE,760,442.0,S,N,False,S442N
tr|A0AC58J6S2|A0AC58J6S2_DANRE,760,442.0,S,N,False,S442N
tr|A0AC58J6R3|A0AC58J6R3_DANRE,760,442.0,S,N,False,S442N
tr|A0ACM8Q842|A0ACM8Q842_DANRE,760,442.0,S,N,False,S442N
tr|A0AB32TSB5|A0AB32TSB5_DANRE,760,442.0,S,N,False,S442N
tr|A0AB32TQV9|A0AB32TQV9_DANRE,760,442.0,S,N,False,S442N
tr|A0AB32TLD3|A0AB32TLD3_DANRE,760,442.0,S,N,False,S442N
tr|A0AC58J6Q5|A0AC58J6Q5_DANRE,760,442.0,S,N,False,S442N
tr|A0A6J2V203|A0A6J2V203_CHACN,760,442.0,S,N,False,S442N
tr|A0AAD8DBY4|A0AAD8DBY4_ACIOX,760,442.0,S,N,False,S442N
tr|A0AAD8DJ01|A0AAD8DJ01_ACIOX,760,442.0,S,N,False,S442N
tr|A0AA47MXR6|A0AA47MXR6_MERPO,761,443.0,L,R,False,L443R
tr|A0ABM0GFX0|A0ABM0GFX0_SACKO,761,443.0,L,M,False,L443M
tr|A0ACF8DDW5|A0ACF8DDW5_ARAGI,761,443.0,L,A,False,L443A
tr|A0A8U0R0X1|A0A8U0R0X1_SALNM,761,443.0,L,V,False,L443V
tr|A0AA47MXR6|A0AA47MXR6_MERPO,762,444.0,P,Q,False,P444Q
tr|A0ABM0GFX0|A0ABM0GFX0_SACKO,762,444.0,P,S,False,P444S
tr|A0ABM0GFX0|A0ABM0GFX0_SACKO,763,445.0,Q,S,False,Q445S
tr|A0AAD8DBY4|A0AAD8DBY4_ACIOX,763,445.0,Q,H,False,Q445H
tr|A0AAD8DJ01|A0AAD8DJ01_ACIOX,763,445.0,Q,H,False,Q445H
tr|A0AA47MXR6|A0AA47MXR6_MERPO,764,446.0,T,V,False,T446V
tr|A0ABM0GFX0|A0ABM0GFX0_SACKO,764,446.0,T,P,False,T446P
tr|A0ACF8DDW5|A0ACF8DDW5_ARAGI,764,446.0,T,A,False,T446A
tr|A0AA47MXR6|A0AA47MXR6_MERPO,765,447.0,P,E,False,P447E
tr|A0ACF8DDW5|A0ACF8DDW5_ARAGI,765,447.0,P,A,False,P447A
tr|A0AA47MXR6|A0AA47MXR6_MERPO,766,448.0,T,L,False,T448L
tr|A0ACF8DDW5|A0ACF8DDW5_ARAGI,766,448.0,T,A,False,T448A
tr|A0AAD8DBY4|A0AAD8DBY4_ACIOX,766,448.0,T,S,False,T448S
tr|A0AA47MXR6|A0AA47MXR6_MERPO,767,449.0,T,G,False,T449G
tr|A0AA47MXR6|A0AA47MXR6_MERPO,768,450.0,P,R,False,P450R
tr|A0AA47MXR6|A0AA47MXR6_MERPO,769,451.0,T,R,False,T451R
tr|A0ABM0GFX0|A0ABM0GFX0_SACKO,769,451.0,T,P,False,T451P
tr|A0A8U0R0X1|A0A8U0R0X1_SALNM,769,451.0,T,S,False,T451S
tr|A0AA47MXR6|A0AA47MXR6_MERPO,770,452.0,A,S,False,A452S
tr|A0ABM0GFX0|A0ABM0GFX0_SACKO,770,452.0,A,P,False,A452P
tr|A0A979FEC0|A0A979FEC0_ICTPU,770,452.0,A,T,False,A452T
tr|A0A979FF91|A0A979FF91_ICTPU,770,452.0,A,T,False,A452T
tr|A0A979FED5|A0A979FED5_ICTPU,770,452.0,A,T,False,A452T
tr|A0A9F7RNW9|A0A9F7RNW9_ICTPU,770,452.0,A,T,False,A452T
tr|A0A979FDQ7|A0A979FDQ7_ICTPU,770,452.0,A,T,False,A452T
tr|A0A979FDP4|A0A979FDP4_ICTPU,770,452.0,A,T,False,A452T
tr|A0A979FDQ5|A0A979FDQ5_ICTPU,770,452.0,A,T,False,A452T
tr|A0AA47MXR6|A0AA47MXR6_MERPO,771,453.0,P,S,False,P453S
tr|A0A6P8VIH1|A0A6P8VIH1_GYMAC,772,454.0,V,I,False,V454I
tr|A0A2I4BXB8|A0A2I4BXB8_AUSLI,772,454.0,V,I,False,V454I
tr|A0A2I4BXF7|A0A2I4BXF7_AUSLI,772,454.0,V,I,False,V454I
tr|A0A2I4BXC1|A0A2I4BXC1_AUSLI,772,454.0,V,I,False,V454I
tr|A0A2I4BXC7|A0A2I4BXC7_AUSLI,772,454.0,V,I,False,V454I
tr|A0ABV1A463|A0ABV1A463_9TELE,772,454.0,V,I,False,V454I
tr|A0AAV9S7N1|A0AAV9S7N1_9TELE,772,454.0,V,I,False,V454I
tr|A0ABV0TT83|A0ABV0TT83_9TELE,772,454.0,V,I,False,V454I
tr|A0A6P7NA03|A0A6P7NA03_BETSP,772,454.0,V,I,False,V454I
tr|A0A9W2XZU5|A0A9W2XZU5_BETSP,772,454.0,V,I,False,V454I
tr|A0A6P7NFA4|A0A6P7NFA4_BETSP,772,454.0,V,I,False,V454I
tr|A0A9W2XZJ7|A0A9W2XZJ7_BETSP,772,454.0,V,I,False,V454I
tr|A0A6P7NA07|A0A6P7NA07_BETSP,772,454.0,V,I,False,V454I
tr|A0A6P7NE39|A0A6P7NE39_BETSP,772,454.0,V,I,False,V454I
tr|A0A6J2S884|A0A6J2S884_COTGO,772,454.0,V,I,False,V454I
tr|A0A6P7I2Q9|A0A6P7I2Q9_9TELE,772,454.0,V,I,False,V454I
tr|A0A6P7HH59|A0A6P7HH59_9TELE,772,454.0,V,I,False,V454I
tr|A0A6P7HWN0|A0A6P7HWN0_9TELE,772,454.0,V,I,False,V454I
tr|A0A9Y4NB67|A0A9Y4NB67_9TELE,772,454.0,V,I,False,V454I
tr|A0A9Y6LYW8|A0A9Y6LYW8_9CICH,772,454.0,V,I,False,V454I
tr|A0A9Y3R1R7|A0A9Y3R1R7_9CICH,772,454.0,V,I,False,V454I
tr|A0AC36JJL6|A0AC36JJL6_9CICH,772,454.0,V,I,False,V454I
tr|A0A6P8GSV4|A0A6P8GSV4_CLUHA,772,454.0,V,I,False,V454I
tr|A0A979FEC0|A0A979FEC0_ICTPU,772,454.0,V,I,False,V454I
tr|A0A979FF91|A0A979FF91_ICTPU,772,454.0,V,I,False,V454I
tr|A0A979FED5|A0A979FED5_ICTPU,772,454.0,V,I,False,V454I
tr|A0A9F7RNW9|A0A9F7RNW9_ICTPU,772,454.0,V,I,False,V454I
tr|A0A979FDQ7|A0A979FDQ7_ICTPU,772,454.0,V,I,False,V454I
tr|A0A979FDP4|A0A979FDP4_ICTPU,772,454.0,V,I,False,V454I
tr|A0A979FDQ5|A0A979FDQ5_ICTPU,772,454.0,V,I,False,V454I
tr|T1PTS4|T1PTS4_PARLB,772,454.0,V,L,False,V454L
tr|A0A6I9YYB6|A0A6I9YYB6_9SAUR,772,454.0,V,I,False,V454I
tr|A0A8C6XFH2|A0A8C6XFH2_NAJNA,772,454.0,V,I,False,V454I
tr|A0A670Z5Y1|A0A670Z5Y1_PSETE,772,454.0,V,I,False,V454I
tr|A0A670Z823|A0A670Z823_PSETE,772,454.0,V,I,False,V454I
tr|A0A6J1U1T0|A0A6J1U1T0_9SAUR,772,454.0,V,I,False,V454I
tr|A0A6I9YXB8|A0A6I9YXB8_9SAUR,772,454.0,V,I,False,V454I
tr|A0A6P8GSV4|A0A6P8GSV4_CLUHA,774,456.0,P,S,False,P456S
tr|A0A6P8VIH1|A0A6P8VIH1_GYMAC,775,457.0,I,M,False,I457M
tr|A0A2I4BXB8|A0A2I4BXB8_AUSLI,775,457.0,I,M,False,I457M
tr|A0A2I4BXF7|A0A2I4BXF7_AUSLI,775,457.0,I,M,False,I457M
tr|A0A2I4BXC1|A0A2I4BXC1_AUSLI,775,457.0,I,M,False,I457M
tr|A0A2I4BXC7|A0A2I4BXC7_AUSLI,775,457.0,I,M,False,I457M
tr|A0ABV1A463|A0ABV1A463_9TELE,775,457.0,I,M,False,I457M
tr|A0AAV9S7N1|A0AAV9S7N1_9TELE,775,457.0,I,M,False,I457M
tr|A0ABV0TT83|A0ABV0TT83_9TELE,775,457.0,I,M,False,I457M
tr|A0A6P7NA03|A0A6P7NA03_BETSP,775,457.0,I,L,False,I457L
tr|A0A9W2XZU5|A0A9W2XZU5_BETSP,775,457.0,I,L,False,I457L
tr|A0A6P7NFA4|A0A6P7NFA4_BETSP,775,457.0,I,L,False,I457L
tr|A0A9W2XZJ7|A0A9W2XZJ7_BETSP,775,457.0,I,L,False,I457L
tr|A0A6P7NA07|A0A6P7NA07_BETSP,775,457.0,I,L,False,I457L
tr|A0A6P7NE39|A0A6P7NE39_BETSP,775,457.0,I,L,False,I457L
tr|A0A6J2S884|A0A6J2S884_COTGO,775,457.0,I,M,False,I457M
tr|A0A6P7I2Q9|A0A6P7I2Q9_9TELE,775,457.0,I,M,False,I457M
tr|A0A6P7HH59|A0A6P7HH59_9TELE,775,457.0,I,M,False,I457M
tr|A0A6P7HWN0|A0A6P7HWN0_9TELE,775,457.0,I,M,False,I457M
tr|A0A9Y4NB67|A0A9Y4NB67_9TELE,775,457.0,I,M,False,I457M
tr|A0A9Y6LYW8|A0A9Y6LYW8_9CICH,775,457.0,I,M,False,I457M
tr|A0A9Y3R1R7|A0A9Y3R1R7_9CICH,775,457.0,I,M,False,I457M
tr|A0AC36JJL6|A0AC36JJL6_9CICH,775,457.0,I,M,False,I457M
tr|A0ACF8DDW5|A0ACF8DDW5_ARAGI,775,457.0,I,L,False,I457L
tr|A0ACF8FNS1|A0ACF8FNS1_ARAGI,775,457.0,I,L,False,I457L
tr|A0A8U0R0X1|A0A8U0R0X1_SALNM,775,457.0,I,M,False,I457M
tr|A0A6J2V217|A0A6J2V217_CHACN,775,457.0,I,L,False,I457L
tr|A0A6J2V3N9|A0A6J2V3N9_CHACN,775,457.0,I,L,False,I457L
tr|A0A6P8GSV4|A0A6P8GSV4_CLUHA,775,457.0,I,L,False,I457L
tr|A0A979FEC0|A0A979FEC0_ICTPU,775,457.0,I,L,False,I457L
tr|A0A979FF91|A0A979FF91_ICTPU,775,457.0,I,L,False,I457L
tr|A0A979FED5|A0A979FED5_ICTPU,775,457.0,I,L,False,I457L
tr|A0A9F7RNW9|A0A9F7RNW9_ICTPU,775,457.0,I,L,False,I457L
tr|A0A979FDQ7|A0A979FDQ7_ICTPU,775,457.0,I,L,False,I457L
tr|A0A979FDP4|A0A979FDP4_ICTPU,775,457.0,I,L,False,I457L
tr|A0A979FDQ5|A0A979FDQ5_ICTPU,775,457.0,I,L,False,I457L
tr|A0AC58J6Q9|A0AC58J6Q9_DANRE,775,457.0,I,L,False,I457L
tr|A0AC58J6Q2|A0AC58J6Q2_DANRE,775,457.0,I,L,False,I457L
tr|A0AB32TNW7|A0AB32TNW7_DANRE,775,457.0,I,L,False,I457L
tr|A0AC58J6S2|A0AC58J6S2_DANRE,775,457.0,I,L,False,I457L
tr|A0AC58J6R3|A0AC58J6R3_DANRE,775,457.0,I,L,False,I457L
tr|A0ACM8Q842|A0ACM8Q842_DANRE,775,457.0,I,L,False,I457L
tr|A0AB32TSB5|A0AB32TSB5_DANRE,775,457.0,I,L,False,I457L
tr|A0AB32TQV9|A0AB32TQV9_DANRE,775,457.0,I,L,False,I457L
tr|A0AB32TLD3|A0AB32TLD3_DANRE,775,457.0,I,L,False,I457L
tr|A0AC58J6Q5|A0AC58J6Q5_DANRE,775,457.0,I,L,False,I457L
tr|A0A6J2V203|A0A6J2V203_CHACN,775,457.0,I,L,False,I457L
tr|A0AAD8DBY4|A0AAD8DBY4_ACIOX,775,457.0,I,L,False,I457L
tr|A0AAD8DJ01|A0AAD8DJ01_ACIOX,775,457.0,I,L,False,I457L
tr|A0A1L8GU65|A0A1L8GU65_XENLA,775,457.0,I,L,False,I457L
tr|A0A8J0UR98|A0A8J0UR98_XENLA,775,457.0,I,L,False,I457L
tr|A0A8J0UXQ2|A0A8J0UXQ2_XENLA,775,457.0,I,L,False,I457L
tr|A0A8J1MHG6|A0A8J1MHG6_XENLA,775,457.0,I,L,False,I457L
tr|A0A1L8GYY0|A0A1L8GYY0_XENLA,775,457.0,I,L,False,I457L
tr|A0A8J1MIF2|A0A8J1MIF2_XENLA,775,457.0,I,L,False,I457L
tr|A0A8J1MHG1|A0A8J1MHG1_XENLA,775,457.0,I,L,False,I457L
tr|A0A8J1MHG5|A0A8J1MHG5_XENLA,775,457.0,I,L,False,I457L
tr|A9UCL8|A9UCL8_COEFR,775,457.0,I,L,False,I457L
tr|A9UCM5|A9UCM5_HIPAR,775,457.0,I,L,False,I457L
tr|A0A671G4Y2|A0A671G4Y2_RHIFE,775,457.0,I,L,False,I457L
tr|A0A671G1Q2|A0A671G1Q2_RHIFE,775,457.0,I,L,False,I457L
tr|A0A8J1MTY3|A0A8J1MTY3_XENLA,775,457.0,I,L,False,I457L
tr|A0A8J1MRN8|A0A8J1MRN8_XENLA,775,457.0,I,L,False,I457L
sp|Q4VYS1|FOXP2_XENLA,775,457.0,I,L,False,I457L
tr|A0A8J1MI35|A0A8J1MI35_XENLA,775,457.0,I,L,False,I457L
tr|A9UCL7|A9UCL7_ASEST,775,457.0,I,L,False,I457L
tr|A9UCN1|A9UCN1_9CHIR,775,457.0,I,L,False,I457L
tr|A0A671G1R6|A0A671G1R6_RHIFE,775,457.0,I,L,False,I457L
tr|A9UCN0|A9UCN0_RHIFE,775,457.0,I,L,False,I457L
tr|A0A2I4BXB8|A0A2I4BXB8_AUSLI,776,458.0,T,A,False,T458A
tr|A0A2I4BXF7|A0A2I4BXF7_AUSLI,776,458.0,T,A,False,T458A
tr|A0A2I4BXC1|A0A2I4BXC1_AUSLI,776,458.0,T,A,False,T458A
tr|A0A2I4BXC7|A0A2I4BXC7_AUSLI,776,458.0,T,A,False,T458A
tr|A0ABV1A463|A0ABV1A463_9TELE,776,458.0,T,A,False,T458A
tr|A0AAV9S7N1|A0AAV9S7N1_9TELE,776,458.0,T,A,False,T458A
tr|A0ABV0TT83|A0ABV0TT83_9TELE,776,458.0,T,A,False,T458A
tr|A0A6P7NA03|A0A6P7NA03_BETSP,776,458.0,T,A,False,T458A
tr|A0A9W2XZU5|A0A9W2XZU5_BETSP,776,458.0,T,A,False,T458A
tr|A0A6P7NFA4|A0A6P7NFA4_BETSP,776,458.0,T,A,False,T458A
tr|A0A9W2XZJ7|A0A9W2XZJ7_BETSP,776,458.0,T,A,False,T458A
tr|A0A6P7NA07|A0A6P7NA07_BETSP,776,458.0,T,A,False,T458A
tr|A0A6P7NE39|A0A6P7NE39_BETSP,776,458.0,T,A,False,T458A
tr|A0A6J2S884|A0A6J2S884_COTGO,776,458.0,T,A,False,T458A
tr|A0A6P7I2Q9|A0A6P7I2Q9_9TELE,776,458.0,T,A,False,T458A
tr|A0A6P7HH59|A0A6P7HH59_9TELE,776,458.0,T,A,False,T458A
tr|A0A6P7HWN0|A0A6P7HWN0_9TELE,776,458.0,T,A,False,T458A
tr|A0A9Y4NB67|A0A9Y4NB67_9TELE,776,458.0,T,A,False,T458A
tr|A0A9Y6LYW8|A0A9Y6LYW8_9CICH,776,458.0,T,A,False,T458A
tr|A0A9Y3R1R7|A0A9Y3R1R7_9CICH,776,458.0,T,A,False,T458A
tr|A0AC36JJL6|A0AC36JJL6_9CICH,776,458.0,T,A,False,T458A
tr|A0A8U0R0X1|A0A8U0R0X1_SALNM,776,458.0,T,S,False,T458S
tr|A0A6J2V217|A0A6J2V217_CHACN,776,458.0,T,S,False,T458S
tr|A0A6J2V3N9|A0A6J2V3N9_CHACN,776,458.0,T,S,False,T458S
tr|A0A6P8GSV4|A0A6P8GSV4_CLUHA,776,458.0,T,S,False,T458S
tr|A0A979FEC0|A0A979FEC0_ICTPU,776,458.0,T,S,False,T458S
tr|A0A979FF91|A0A979FF91_ICTPU,776,458.0,T,S,False,T458S
tr|A0A979FED5|A0A979FED5_ICTPU,776,458.0,T,S,False,T458S
tr|A0A9F7RNW9|A0A9F7RNW9_ICTPU,776,458.0,T,S,False,T458S
tr|A0A979FDQ7|A0A979FDQ7_ICTPU,776,458.0,T,S,False,T458S
tr|A0A979FDP4|A0A979FDP4_ICTPU,776,458.0,T,S,False,T458S
tr|A0A979FDQ5|A0A979FDQ5_ICTPU,776,458.0,T,S,False,T458S
tr|A0AC58J6Q9|A0AC58J6Q9_DANRE,776,458.0,T,S,False,T458S
tr|A0AC58J6Q2|A0AC58J6Q2_DANRE,776,458.0,T,S,False,T458S
tr|A0AB32TNW7|A0AB32TNW7_DANRE,776,458.0,T,S,False,T458S
tr|A0AC58J6S2|A0AC58J6S2_DANRE,776,458.0,T,S,False,T458S
tr|A0AC58J6R3|A0AC58J6R3_DANRE,776,458.0,T,S,False,T458S
tr|A0ACM8Q842|A0ACM8Q842_DANRE,776,458.0,T,S,False,T458S
tr|A0AB32TSB5|A0AB32TSB5_DANRE,776,458.0,T,S,False,T458S
tr|A0AB32TQV9|A0AB32TQV9_DANRE,776,458.0,T,S,False,T458S
tr|A0AB32TLD3|A0AB32TLD3_DANRE,776,458.0,T,S,False,T458S
tr|A0AC58J6Q5|A0AC58J6Q5_DANRE,776,458.0,T,S,False,T458S
tr|A0A6J2V203|A0A6J2V203_CHACN,776,458.0,T,S,False,T458S
tr|A0A1L8GU65|A0A1L8GU65_XENLA,776,458.0,T,A,False,T458A
tr|A0A8J0UR98|A0A8J0UR98_XENLA,776,458.0,T,A,False,T458A
tr|A0A8J0UXQ2|A0A8J0UXQ2_XENLA,776,458.0,T,A,False,T458A
tr|A0A8J1MHG6|A0A8J1MHG6_XENLA,776,458.0,T,A,False,T458A
tr|A0A1L8GYY0|A0A1L8GYY0_XENLA,776,458.0,T,A,False,T458A
tr|A0A8J1MIF2|A0A8J1MIF2_XENLA,776,458.0,T,A,False,T458A
tr|A0A8J1MHG1|A0A8J1MHG1_XENLA,776,458.0,T,A,False,T458A
tr|A0A8J1MHG5|A0A8J1MHG5_XENLA,776,458.0,T,A,False,T458A
tr|A0A8J0Q7P1|A0A8J0Q7P1_XENTR,776,458.0,T,A,False,T458A
tr|A0A8J0SHD1|A0A8J0SHD1_XENTR,776,458.0,T,A,False,T458A
tr|A0A8J0SG76|A0A8J0SG76_XENTR,776,458.0,T,A,False,T458A
tr|F7DTZ3|F7DTZ3_XENTR,776,458.0,T,A,False,T458A
tr|A0A8J0S8T9|A0A8J0S8T9_XENTR,776,458.0,T,A,False,T458A
tr|A0A6P8S6V4|A0A6P8S6V4_GEOSA,776,458.0,T,N,False,T458N
tr|A0A6P8SBP1|A0A6P8SBP1_GEOSA,776,458.0,T,N,False,T458N
tr|A0A6P8S5P9|A0A6P8S5P9_GEOSA,776,458.0,T,N,False,T458N
tr|A0A6P8S5Q7|A0A6P8S5Q7_GEOSA,776,458.0,T,N,False,T458N
tr|A0A6P8S9S5|A0A6P8S9S5_GEOSA,776,458.0,T,N,False,T458N
tr|A0A6P8SBN6|A0A6P8SBN6_GEOSA,776,458.0,T,N,False,T458N
tr|A0A6P8S5P6|A0A6P8S5P6_GEOSA,776,458.0,T,N,False,T458N
tr|A0A6P8S9T4|A0A6P8S9T4_GEOSA,776,458.0,T,N,False,T458N
tr|A0A6P8S6B0|A0A6P8S6B0_GEOSA,776,458.0,T,N,False,T458N
tr|A0A6P8S6A6|A0A6P8S6A6_GEOSA,776,458.0,T,N,False,T458N
tr|A0A6P8S6A3|A0A6P8S6A3_GEOSA,776,458.0,T,N,False,T458N
tr|A0A6P8S5P3|A0A6P8S5P3_GEOSA,776,458.0,T,N,False,T458N
tr|A0A6P8S9T8|A0A6P8S9T8_GEOSA,776,458.0,T,N,False,T458N
tr|A0A6P8S6V7|A0A6P8S6V7_GEOSA,776,458.0,T,N,False,T458N
tr|A0A6P8SBP4|A0A6P8SBP4_GEOSA,776,458.0,T,N,False,T458N
tr|A0A6P8S5Q2|A0A6P8S5Q2_GEOSA,776,458.0,T,N,False,T458N
tr|A0A6P8S9T0|A0A6P8S9T0_GEOSA,776,458.0,T,N,False,T458N
tr|A0A8J1MTY3|A0A8J1MTY3_XENLA,776,458.0,T,A,False,T458A
tr|A0A8J1MRN8|A0A8J1MRN8_XENLA,776,458.0,T,A,False,T458A
tr|A0A6I8SNY6|A0A6I8SNY6_XENTR,776,458.0,T,A,False,T458A
tr|A0A8J0SEG3|A0A8J0SEG3_XENTR,776,458.0,T,A,False,T458A
sp|Q4VYS1|FOXP2_XENLA,776,458.0,T,A,False,T458A
tr|A0A8J1MI35|A0A8J1MI35_XENLA,776,458.0,T,A,False,T458A
tr|K7G4L3|K7G4L3_PELSI,776,458.0,T,A,False,T458A
tr|A0AA47MXR6|A0AA47MXR6_MERPO,777,459.0,Q,L,False,Q459L
tr|A0ABM0GFX0|A0ABM0GFX0_SACKO,777,459.0,Q,S,False,Q459S
tr|A0A6P8VIH1|A0A6P8VIH1_GYMAC,777,459.0,Q,G,False,Q459G
tr|A0A2I4BXB8|A0A2I4BXB8_AUSLI,777,459.0,Q,A,False,Q459A
tr|A0A2I4BXF7|A0A2I4BXF7_AUSLI,777,459.0,Q,A,False,Q459A
tr|A0A2I4BXC1|A0A2I4BXC1_AUSLI,777,459.0,Q,A,False,Q459A
tr|A0A2I4BXC7|A0A2I4BXC7_AUSLI,777,459.0,Q,A,False,Q459A
tr|A0ABV1A463|A0ABV1A463_9TELE,777,459.0,Q,A,False,Q459A
tr|A0AAV9S7N1|A0AAV9S7N1_9TELE,777,459.0,Q,A,False,Q459A
tr|A0ABV0TT83|A0ABV0TT83_9TELE,777,459.0,Q,A,False,Q459A
tr|A0A6P7NA03|A0A6P7NA03_BETSP,777,459.0,Q,A,False,Q459A
tr|A0A9W2XZU5|A0A9W2XZU5_BETSP,777,459.0,Q,A,False,Q459A
tr|A0A6P7NFA4|A0A6P7NFA4_BETSP,777,459.0,Q,A,False,Q459A
tr|A0A9W2XZJ7|A0A9W2XZJ7_BETSP,777,459.0,Q,A,False,Q459A
tr|A0A6P7NA07|A0A6P7NA07_BETSP,777,459.0,Q,A,False,Q459A
tr|A0A6P7NE39|A0A6P7NE39_BETSP,777,459.0,Q,A,False,Q459A
tr|A0A6J2S884|A0A6J2S884_COTGO,777,459.0,Q,A,False,Q459A
tr|A0A6P7I2Q9|A0A6P7I2Q9_9TELE,777,459.0,Q,S,False,Q459S
tr|A0A6P7HH59|A0A6P7HH59_9TELE,777,459.0,Q,S,False,Q459S
tr|A0A6P7HWN0|A0A6P7HWN0_9TELE,777,459.0,Q,S,False,Q459S
tr|A0A9Y4NB67|A0A9Y4NB67_9TELE,777,459.0,Q,A,False,Q459A
tr|A0A9Y6LYW8|A0A9Y6LYW8_9CICH,777,459.0,Q,A,False,Q459A
tr|A0A9Y3R1R7|A0A9Y3R1R7_9CICH,777,459.0,Q,A,False,Q459A
tr|A0AC36JJL6|A0AC36JJL6_9CICH,777,459.0,Q,A,False,Q459A
tr|A0AA47MXR6|A0AA47MXR6_MERPO,778,460.0,G,C,False,G460C
tr|A0ABM0GFX0|A0ABM0GFX0_SACKO,778,460.0,G,V,False,G460V
tr|A0A6P8VIH1|A0A6P8VIH1_GYMAC,778,460.0,G,M,False,G460M
tr|A0A2I4BXB8|A0A2I4BXB8_AUSLI,778,460.0,G,M,False,G460M
tr|A0A2I4BXF7|A0A2I4BXF7_AUSLI,778,460.0,G,M,False,G460M
tr|A0A2I4BXC1|A0A2I4BXC1_AUSLI,778,460.0,G,M,False,G460M
tr|A0A2I4BXC7|A0A2I4BXC7_AUSLI,778,460.0,G,M,False,G460M
tr|A0ABV1A463|A0ABV1A463_9TELE,778,460.0,G,M,False,G460M
tr|A0AAV9S7N1|A0AAV9S7N1_9TELE,778,460.0,G,M,False,G460M
tr|A0ABV0TT83|A0ABV0TT83_9TELE,778,460.0,G,M,False,G460M
tr|A0A6P7NA03|A0A6P7NA03_BETSP,778,460.0,G,M,False,G460M
tr|A0A9W2XZU5|A0A9W2XZU5_BETSP,778,460.0,G,M,False,G460M
tr|A0A6P7NFA4|A0A6P7NFA4_BETSP,778,460.0,G,M,False,G460M
tr|A0A9W2XZJ7|A0A9W2XZJ7_BETSP,778,460.0,G,M,False,G460M
tr|A0A6P7NA07|A0A6P7NA07_BETSP,778,460.0,G,M,False,G460M
tr|A0A6P7NE39|A0A6P7NE39_BETSP,778,460.0,G,M,False,G460M
tr|A0A6J2S884|A0A6J2S884_COTGO,778,460.0,G,M,False,G460M
tr|A0A6P7I2Q9|A0A6P7I2Q9_9TELE,778,460.0,G,M,False,G460M
tr|A0A6P7HH59|A0A6P7HH59_9TELE,778,460.0,G,M,False,G460M
tr|A0A6P7HWN0|A0A6P7HWN0_9TELE,778,460.0,G,M,False,G460M
tr|A0A9Y4NB67|A0A9Y4NB67_9TELE,778,460.0,G,M,False,G460M
tr|A0A9Y6LYW8|A0A9Y6LYW8_9CICH,778,460.0,G,M,False,G460M
tr|A0A9Y3R1R7|A0A9Y3R1R7_9CICH,778,460.0,G,M,False,G460M
tr|A0AC36JJL6|A0AC36JJL6_9CICH,778,460.0,G,M,False,G460M
tr|A0A8U0R0X1|A0A8U0R0X1_SALNM,778,460.0,G,V,False,G460V
tr|A0A6J2V217|A0A6J2V217_CHACN,778,460.0,G,V,False,G460V
tr|A0A6J2V3N9|A0A6J2V3N9_CHACN,778,460.0,G,V,False,G460V
tr|A0A6P8GSV4|A0A6P8GSV4_CLUHA,778,460.0,G,M,False,G460M
tr|A0A979FEC0|A0A979FEC0_ICTPU,778,460.0,G,M,False,G460M
tr|A0A979FF91|A0A979FF91_ICTPU,778,460.0,G,M,False,G460M
tr|A0A979FED5|A0A979FED5_ICTPU,778,460.0,G,M,False,G460M
tr|A0A9F7RNW9|A0A9F7RNW9_ICTPU,778,460.0,G,M,False,G460M
tr|A0A979FDQ7|A0A979FDQ7_ICTPU,778,460.0,G,M,False,G460M
tr|A0A979FDP4|A0A979FDP4_ICTPU,778,460.0,G,M,False,G460M
tr|A0A979FDQ5|A0A979FDQ5_ICTPU,778,460.0,G,M,False,G460M
tr|A0AC58J6Q9|A0AC58J6Q9_DANRE,778,460.0,G,M,False,G460M
tr|A0AC58J6Q2|A0AC58J6Q2_DANRE,778,460.0,G,M,False,G460M
tr|A0AB32TNW7|A0AB32TNW7_DANRE,778,460.0,G,M,False,G460M
tr|A0AC58J6S2|A0AC58J6S2_DANRE,778,460.0,G,M,False,G460M
tr|A0AC58J6R3|A0AC58J6R3_DANRE,778,460.0,G,M,False,G460M
tr|A0ACM8Q842|A0ACM8Q842_DANRE,778,460.0,G,M,False,G460M
tr|A0AB32TSB5|A0AB32TSB5_DANRE,778,460.0,G,M,False,G460M
tr|A0AB32TQV9|A0AB32TQV9_DANRE,778,460.0,G,M,False,G460M
tr|A0AB32TLD3|A0AB32TLD3_DANRE,778,460.0,G,M,False,G460M
tr|A0AC58J6Q5|A0AC58J6Q5_DANRE,778,460.0,G,M,False,G460M
tr|A0A6J2V203|A0A6J2V203_CHACN,778,460.0,G,V,False,G460V
tr|A0AA47MXR6|A0AA47MXR6_MERPO,782,461.0,P,Q,False,P461Q
tr|A0ABM0GFX0|A0ABM0GFX0_SACKO,782,461.0,P,T,False,P461T
tr|A0AAD8DBY4|A0AAD8DBY4_ACIOX,782,461.0,P,S,False,P461S
tr|A0AAD8DJ01|A0AAD8DJ01_ACIOX,782,461.0,P,S,False,P461S
tr|T1PTS4|T1PTS4_PARLB,782,461.0,P,A,False,P461A
tr|A9UCL8|A9UCL8_COEFR,782,461.0,P,A,False,P461A
tr|A9UCM5|A9UCM5_HIPAR,782,461.0,P,A,False,P461A
tr|A0A671G4Y2|A0A671G4Y2_RHIFE,782,461.0,P,A,False,P461A
tr|A0A671G1Q2|A0A671G1Q2_RHIFE,782,461.0,P,A,False,P461A
tr|A9UCL7|A9UCL7_ASEST,782,461.0,P,A,False,P461A
tr|A9UCN1|A9UCN1_9CHIR,782,461.0,P,A,False,P461A
tr|A0A671G1R6|A0A671G1R6_RHIFE,782,461.0,P,A,False,P461A
tr|A9UCN0|A9UCN0_RHIFE,782,461.0,P,A,False,P461A
tr|A0AA47MXR6|A0AA47MXR6_MERPO,783,462.0,S,E,False,S462E
tr|A0ABM0GFX0|A0ABM0GFX0_SACKO,783,462.0,S,P,False,S462P
tr|A0ACF8DDW5|A0ACF8DDW5_ARAGI,783,462.0,S,A,False,S462A
tr|A0ACF8FNS1|A0ACF8FNS1_ARAGI,783,462.0,S,P,False,S462P
tr|A0AC58J6Q9|A0AC58J6Q9_DANRE,783,462.0,S,N,False,S462N
tr|A0AC58J6Q2|A0AC58J6Q2_DANRE,783,462.0,S,N,False,S462N
tr|A0AB32TNW7|A0AB32TNW7_DANRE,783,462.0,S,N,False,S462N
tr|A0AC58J6S2|A0AC58J6S2_DANRE,783,462.0,S,N,False,S462N
tr|A0AC58J6R3|A0AC58J6R3_DANRE,783,462.0,S,N,False,S462N
tr|A0ACM8Q842|A0ACM8Q842_DANRE,783,462.0,S,N,False,S462N
tr|A0AB32TSB5|A0AB32TSB5_DANRE,783,462.0,S,N,False,S462N
tr|A0AB32TQV9|A0AB32TQV9_DANRE,783,462.0,S,N,False,S462N
tr|A0AB32TLD3|A0AB32TLD3_DANRE,783,462.0,S,N,False,S462N
tr|A0AC58J6Q5|A0AC58J6Q5_DANRE,783,462.0,S,N,False,S462N
tr|A0AA47MXR6|A0AA47MXR6_MERPO,784,463.0,V,T,False,V463T
tr|A0ABM0GFX0|A0ABM0GFX0_SACKO,784,463.0,V,L,False,V463L
tr|A0A6P8VIH1|A0A6P8VIH1_GYMAC,784,463.0,V,I,False,V463I
tr|A0ABV1A463|A0ABV1A463_9TELE,784,463.0,V,M,False,V463M
tr|A0AAV9S7N1|A0AAV9S7N1_9TELE,784,463.0,V,M,False,V463M
tr|A0ABV0TT83|A0ABV0TT83_9TELE,784,463.0,V,M,False,V463M
tr|A0A6J2S884|A0A6J2S884_COTGO,784,463.0,V,I,False,V463I
tr|A0A8U0R0X1|A0A8U0R0X1_SALNM,784,463.0,V,L,False,V463L
tr|A0A6P8GSV4|A0A6P8GSV4_CLUHA,784,463.0,V,M,False,V463M
tr|A0AA47MXR6|A0AA47MXR6_MERPO,785,464.0,I,L,False,I464L
tr|A0ABM0GFX0|A0ABM0GFX0_SACKO,785,464.0,I,H,False,I464H
tr|A0A6P8VIH1|A0A6P8VIH1_GYMAC,785,464.0,I,L,False,I464L
tr|A0A2I4BXB8|A0A2I4BXB8_AUSLI,785,464.0,I,L,False,I464L
tr|A0A2I4BXF7|A0A2I4BXF7_AUSLI,785,464.0,I,L,False,I464L
tr|A0A2I4BXC1|A0A2I4BXC1_AUSLI,785,464.0,I,L,False,I464L
tr|A0A2I4BXC7|A0A2I4BXC7_AUSLI,785,464.0,I,L,False,I464L
tr|A0ABV1A463|A0ABV1A463_9TELE,785,464.0,I,L,False,I464L
tr|A0AAV9S7N1|A0AAV9S7N1_9TELE,785,464.0,I,L,False,I464L
tr|A0ABV0TT83|A0ABV0TT83_9TELE,785,464.0,I,L,False,I464L
tr|A0A6P7NA03|A0A6P7NA03_BETSP,785,464.0,I,L,False,I464L
tr|A0A9W2XZU5|A0A9W2XZU5_BETSP,785,464.0,I,L,False,I464L
tr|A0A6P7NFA4|A0A6P7NFA4_BETSP,785,464.0,I,L,False,I464L
tr|A0A9W2XZJ7|A0A9W2XZJ7_BETSP,785,464.0,I,L,False,I464L
tr|A0A6P7NA07|A0A6P7NA07_BETSP,785,464.0,I,L,False,I464L
tr|A0A6P7NE39|A0A6P7NE39_BETSP,785,464.0,I,L,False,I464L
tr|A0A6J2S884|A0A6J2S884_COTGO,785,464.0,I,L,False,I464L
tr|A0A6P7I2Q9|A0A6P7I2Q9_9TELE,785,464.0,I,L,False,I464L
tr|A0A6P7HH59|A0A6P7HH59_9TELE,785,464.0,I,L,False,I464L
tr|A0A6P7HWN0|A0A6P7HWN0_9TELE,785,464.0,I,L,False,I464L
tr|A0A9Y4NB67|A0A9Y4NB67_9TELE,785,464.0,I,L,False,I464L
tr|A0A9Y6LYW8|A0A9Y6LYW8_9CICH,785,464.0,I,L,False,I464L
tr|A0A9Y3R1R7|A0A9Y3R1R7_9CICH,785,464.0,I,L,False,I464L
tr|A0AC36JJL6|A0AC36JJL6_9CICH,785,464.0,I,L,False,I464L
tr|A0ACF8DDW5|A0ACF8DDW5_ARAGI,785,464.0,I,L,False,I464L
tr|A0ACF8FNS1|A0ACF8FNS1_ARAGI,785,464.0,I,L,False,I464L
tr|A0A8U0R0X1|A0A8U0R0X1_SALNM,785,464.0,I,L,False,I464L
tr|A0A6J2V217|A0A6J2V217_CHACN,785,464.0,I,L,False,I464L
tr|A0A6J2V3N9|A0A6J2V3N9_CHACN,785,464.0,I,L,False,I464L
tr|A0A6P8GSV4|A0A6P8GSV4_CLUHA,785,464.0,I,L,False,I464L
tr|A0A979FEC0|A0A979FEC0_ICTPU,785,464.0,I,L,False,I464L
tr|A0A979FF91|A0A979FF91_ICTPU,785,464.0,I,L,False,I464L
tr|A0A979FED5|A0A979FED5_ICTPU,785,464.0,I,L,False,I464L
tr|A0A9F7RNW9|A0A9F7RNW9_ICTPU,785,464.0,I,L,False,I464L
tr|A0A979FDQ7|A0A979FDQ7_ICTPU,785,464.0,I,L,False,I464L
tr|A0A979FDP4|A0A979FDP4_ICTPU,785,464.0,I,L,False,I464L
tr|A0A979FDQ5|A0A979FDQ5_ICTPU,785,464.0,I,L,False,I464L
tr|A0AC58J6Q9|A0AC58J6Q9_DANRE,785,464.0,I,L,False,I464L
tr|A0AC58J6Q2|A0AC58J6Q2_DANRE,785,464.0,I,L,False,I464L
tr|A0AB32TNW7|A0AB32TNW7_DANRE,785,464.0,I,L,False,I464L
tr|A0AC58J6S2|A0AC58J6S2_DANRE,785,464.0,I,L,False,I464L
tr|A0AC58J6R3|A0AC58J6R3_DANRE,785,464.0,I,L,False,I464L
tr|A0ACM8Q842|A0ACM8Q842_DANRE,785,464.0,I,L,False,I464L
tr|A0AB32TSB5|A0AB32TSB5_DANRE,785,464.0,I,L,False,I464L
tr|A0AB32TQV9|A0AB32TQV9_DANRE,785,464.0,I,L,False,I464L
tr|A0AB32TLD3|A0AB32TLD3_DANRE,785,464.0,I,L,False,I464L
tr|A0AC58J6Q5|A0AC58J6Q5_DANRE,785,464.0,I,L,False,I464L
tr|A0A6J2V203|A0A6J2V203_CHACN,785,464.0,I,L,False,I464L
tr|A0AA47MXR6|A0AA47MXR6_MERPO,786,465.0,T,P,False,T465P
tr|A0A6P8VIH1|A0A6P8VIH1_GYMAC,786,465.0,T,G,False,T465G
tr|A0A2I4BXB8|A0A2I4BXB8_AUSLI,786,465.0,T,G,False,T465G
tr|A0A2I4BXF7|A0A2I4BXF7_AUSLI,786,465.0,T,G,False,T465G
tr|A0A2I4BXC1|A0A2I4BXC1_AUSLI,786,465.0,T,G,False,T465G
tr|A0A2I4BXC7|A0A2I4BXC7_AUSLI,786,465.0,T,G,False,T465G
tr|A0ABV1A463|A0ABV1A463_9TELE,786,465.0,T,G,False,T465G
tr|A0AAV9S7N1|A0AAV9S7N1_9TELE,786,465.0,T,G,False,T465G
tr|A0ABV0TT83|A0ABV0TT83_9TELE,786,465.0,T,G,False,T465G
tr|A0A6P7NA03|A0A6P7NA03_BETSP,786,465.0,T,G,False,T465G
tr|A0A9W2XZU5|A0A9W2XZU5_BETSP,786,465.0,T,G,False,T465G
tr|A0A6P7NFA4|A0A6P7NFA4_BETSP,786,465.0,T,G,False,T465G
tr|A0A9W2XZJ7|A0A9W2XZJ7_BETSP,786,465.0,T,G,False,T465G
tr|A0A6P7NA07|A0A6P7NA07_BETSP,786,465.0,T,G,False,T465G
tr|A0A6P7NE39|A0A6P7NE39_BETSP,786,465.0,T,G,False,T465G
tr|A0A6J2S884|A0A6J2S884_COTGO,786,465.0,T,G,False,T465G
tr|A0A6P7I2Q9|A0A6P7I2Q9_9TELE,786,465.0,T,G,False,T465G
tr|A0A6P7HH59|A0A6P7HH59_9TELE,786,465.0,T,G,False,T465G
tr|A0A6P7HWN0|A0A6P7HWN0_9TELE,786,465.0,T,G,False,T465G
tr|A0A9Y4NB67|A0A9Y4NB67_9TELE,786,465.0,T,G,False,T465G
tr|A0A9Y6LYW8|A0A9Y6LYW8_9CICH,786,465.0,T,G,False,T465G
tr|A0A9Y3R1R7|A0A9Y3R1R7_9CICH,786,465.0,T,G,False,T465G
tr|A0AC36JJL6|A0AC36JJL6_9CICH,786,465.0,T,G,False,T465G
tr|A0ACF8DDW5|A0ACF8DDW5_ARAGI,786,465.0,T,S,False,T465S
tr|A0ACF8FNS1|A0ACF8FNS1_ARAGI,786,465.0,T,S,False,T465S
tr|A0A8U0R0X1|A0A8U0R0X1_SALNM,786,465.0,T,S,False,T465S
tr|A0A6J2V217|A0A6J2V217_CHACN,786,465.0,T,S,False,T465S
tr|A0A6J2V3N9|A0A6J2V3N9_CHACN,786,465.0,T,S,False,T465S
tr|A0A6P8GSV4|A0A6P8GSV4_CLUHA,786,465.0,T,S,False,T465S
tr|A0A979FEC0|A0A979FEC0_ICTPU,786,465.0,T,S,False,T465S
tr|A0A979FF91|A0A979FF91_ICTPU,786,465.0,T,S,False,T465S
tr|A0A979FED5|A0A979FED5_ICTPU,786,465.0,T,S,False,T465S
tr|A0A9F7RNW9|A0A9F7RNW9_ICTPU,786,465.0,T,S,False,T465S
tr|A0A979FDQ7|A0A979FDQ7_ICTPU,786,465.0,T,S,False,T465S
tr|A0A979FDP4|A0A979FDP4_ICTPU,786,465.0,T,S,False,T465S
tr|A0A979FDQ5|A0A979FDQ5_ICTPU,786,465.0,T,S,False,T465S
tr|A0AC58J6Q9|A0AC58J6Q9_DANRE,786,465.0,T,S,False,T465S
tr|A0AC58J6Q2|A0AC58J6Q2_DANRE,786,465.0,T,S,False,T465S
tr|A0AB32TNW7|A0AB32TNW7_DANRE,786,465.0,T,S,False,T465S
tr|A0AC58J6S2|A0AC58J6S2_DANRE,786,465.0,T,S,False,T465S
tr|A0AC58J6R3|A0AC58J6R3_DANRE,786,465.0,T,S,False,T465S
tr|A0ACM8Q842|A0ACM8Q842_DANRE,786,465.0,T,S,False,T465S
tr|A0AB32TSB5|A0AB32TSB5_DANRE,786,465.0,T,S,False,T465S
tr|A0AB32TQV9|A0AB32TQV9_DANRE,786,465.0,T,S,False,T465S
tr|A0AB32TLD3|A0AB32TLD3_DANRE,786,465.0,T,S,False,T465S
tr|A0AC58J6Q5|A0AC58J6Q5_DANRE,786,465.0,T,S,False,T465S
tr|A0A6J2V203|A0A6J2V203_CHACN,786,465.0,T,S,False,T465S
tr|A0A6P8VIH1|A0A6P8VIH1_GYMAC,787,466.0,P,G,False,P466G
tr|A0A2I4BXB8|A0A2I4BXB8_AUSLI,787,466.0,P,G,False,P466G
tr|A0A2I4BXF7|A0A2I4BXF7_AUSLI,787,466.0,P,G,False,P466G
tr|A0A2I4BXC1|A0A2I4BXC1_AUSLI,787,466.0,P,G,False,P466G
tr|A0A2I4BXC7|A0A2I4BXC7_AUSLI,787,466.0,P,G,False,P466G
tr|A0ABV1A463|A0ABV1A463_9TELE,787,466.0,P,G,False,P466G
tr|A0AAV9S7N1|A0AAV9S7N1_9TELE,787,466.0,P,G,False,P466G
tr|A0ABV0TT83|A0ABV0TT83_9TELE,787,466.0,P,G,False,P466G
tr|A0A6P7NA03|A0A6P7NA03_BETSP,787,466.0,P,G,False,P466G
tr|A0A9W2XZU5|A0A9W2XZU5_BETSP,787,466.0,P,G,False,P466G
tr|A0A6P7NFA4|A0A6P7NFA4_BETSP,787,466.0,P,G,False,P466G
tr|A0A9W2XZJ7|A0A9W2XZJ7_BETSP,787,466.0,P,G,False,P466G
tr|A0A6P7NA07|A0A6P7NA07_BETSP,787,466.0,P,G,False,P466G
tr|A0A6P7NE39|A0A6P7NE39_BETSP,787,466.0,P,G,False,P466G
tr|A0A6J2S884|A0A6J2S884_COTGO,787,466.0,P,G,False,P466G
tr|A0A6P7I2Q9|A0A6P7I2Q9_9TELE,787,466.0,P,G,False,P466G
tr|A0A6P7HH59|A0A6P7HH59_9TELE,787,466.0,P,G,False,P466G
tr|A0A6P7HWN0|A0A6P7HWN0_9TELE,787,466.0,P,G,False,P466G
tr|A0A9Y4NB67|A0A9Y4NB67_9TELE,787,466.0,P,G,False,P466G
tr|A0A9Y6LYW8|A0A9Y6LYW8_9CICH,787,466.0,P,G,False,P466G
tr|A0A9Y3R1R7|A0A9Y3R1R7_9CICH,787,466.0,P,G,False,P466G
tr|A0AC36JJL6|A0AC36JJL6_9CICH,787,466.0,P,G,False,P466G
tr|A0A8U0R0X1|A0A8U0R0X1_SALNM,787,466.0,P,A,False,P466A
tr|A0A6P8GSV4|A0A6P8GSV4_CLUHA,787,466.0,P,A,False,P466A
tr|A0AAD8DBY4|A0AAD8DBY4_ACIOX,787,466.0,P,S,False,P466S
tr|A0AAD8DJ01|A0AAD8DJ01_ACIOX,787,466.0,P,S,False,P466S
tr|A0A8C5M8V1|A0A8C5M8V1_9ANUR,787,466.0,P,A,False,P466A
tr|A0A1L8GU65|A0A1L8GU65_XENLA,787,466.0,P,A,False,P466A
tr|A0A8J0UR98|A0A8J0UR98_XENLA,787,466.0,P,A,False,P466A
tr|A0A8J0UXQ2|A0A8J0UXQ2_XENLA,787,466.0,P,A,False,P466A
tr|A0A8J1MTY3|A0A8J1MTY3_XENLA,787,466.0,P,A,False,P466A
tr|A0A8J1MRN8|A0A8J1MRN8_XENLA,787,466.0,P,A,False,P466A
tr|A0A8T1SIB8|A0A8T1SIB8_CHESE,787,466.0,P,A,False,P466A
tr|A0ABM0GFX0|A0ABM0GFX0_SACKO,788,467.0,A,P,False,A467P
tr|T1PTS4|T1PTS4_PARLB,788,467.0,A,S,False,A467S
tr|H3AY31|H3AY31_LATCH,788,467.0,A,T,False,A467T
tr|V6F812|V6F812_LATCH,788,467.0,A,T,False,A467T
tr|A0AA47MXR6|A0AA47MXR6_MERPO,789,468.0,S,G,False,S468G
tr|A0ABM0GFX0|A0ABM0GFX0_SACKO,789,468.0,S,P,False,S468P
tr|A0A6P8VIH1|A0A6P8VIH1_GYMAC,789,468.0,S,N,False,S468N
tr|A0A2I4BXB8|A0A2I4BXB8_AUSLI,789,468.0,S,N,False,S468N
tr|A0A2I4BXF7|A0A2I4BXF7_AUSLI,789,468.0,S,N,False,S468N
tr|A0A2I4BXC1|A0A2I4BXC1_AUSLI,789,468.0,S,N,False,S468N
tr|A0A2I4BXC7|A0A2I4BXC7_AUSLI,789,468.0,S,N,False,S468N
tr|A0ABV1A463|A0ABV1A463_9TELE,789,468.0,S,N,False,S468N
tr|A0AAV9S7N1|A0AAV9S7N1_9TELE,789,468.0,S,N,False,S468N
tr|A0ABV0TT83|A0ABV0TT83_9TELE,789,468.0,S,N,False,S468N
tr|A0A6P7NA03|A0A6P7NA03_BETSP,789,468.0,S,N,False,S468N
tr|A0A9W2XZU5|A0A9W2XZU5_BETSP,789,468.0,S,N,False,S468N
tr|A0A6P7NFA4|A0A6P7NFA4_BETSP,789,468.0,S,N,False,S468N
tr|A0A9W2XZJ7|A0A9W2XZJ7_BETSP,789,468.0,S,N,False,S468N
tr|A0A6P7NA07|A0A6P7NA07_BETSP,789,468.0,S,N,False,S468N
tr|A0A6P7NE39|A0A6P7NE39_BETSP,789,468.0,S,N,False,S468N
tr|A0A6J2S884|A0A6J2S884_COTGO,789,468.0,S,N,False,S468N
tr|A0A6P7I2Q9|A0A6P7I2Q9_9TELE,789,468.0,S,N,False,S468N
tr|A0A6P7HH59|A0A6P7HH59_9TELE,789,468.0,S,N,False,S468N
tr|A0A6P7HWN0|A0A6P7HWN0_9TELE,789,468.0,S,N,False,S468N
tr|A0A9Y4NB67|A0A9Y4NB67_9TELE,789,468.0,S,N,False,S468N
tr|A0A9Y6LYW8|A0A9Y6LYW8_9CICH,789,468.0,S,N,False,S468N
tr|A0A9Y3R1R7|A0A9Y3R1R7_9CICH,789,468.0,S,N,False,S468N
tr|A0AC36JJL6|A0AC36JJL6_9CICH,789,468.0,S,N,False,S468N
tr|A0A8U0R0X1|A0A8U0R0X1_SALNM,789,468.0,S,N,False,S468N
tr|A0A6J2V217|A0A6J2V217_CHACN,789,468.0,S,N,False,S468N
tr|A0A6J2V3N9|A0A6J2V3N9_CHACN,789,468.0,S,N,False,S468N
tr|A0A6P8GSV4|A0A6P8GSV4_CLUHA,789,468.0,S,N,False,S468N
tr|A0AC58J6Q9|A0AC58J6Q9_DANRE,789,468.0,S,N,False,S468N
tr|A0AC58J6Q2|A0AC58J6Q2_DANRE,789,468.0,S,N,False,S468N
tr|A0AB32TNW7|A0AB32TNW7_DANRE,789,468.0,S,N,False,S468N
tr|A0AC58J6S2|A0AC58J6S2_DANRE,789,468.0,S,N,False,S468N
tr|A0AC58J6R3|A0AC58J6R3_DANRE,789,468.0,S,N,False,S468N
tr|A0ACM8Q842|A0ACM8Q842_DANRE,789,468.0,S,N,False,S468N
tr|A0AB32TSB5|A0AB32TSB5_DANRE,789,468.0,S,N,False,S468N
tr|A0AB32TQV9|A0AB32TQV9_DANRE,789,468.0,S,N,False,S468N
tr|A0AB32TLD3|A0AB32TLD3_DANRE,789,468.0,S,N,False,S468N
tr|A0AC58J6Q5|A0AC58J6Q5_DANRE,789,468.0,S,N,False,S468N
tr|A0A6J2V203|A0A6J2V203_CHACN,789,468.0,S,N,False,S468N
tr|A0AA47MXR6|A0AA47MXR6_MERPO,790,469.0,V,G,False,V469G
tr|A0ABM0GFX0|A0ABM0GFX0_SACKO,790,469.0,V,N,False,V469N
tr|A0ACF8DDW5|A0ACF8DDW5_ARAGI,790,469.0,V,L,False,V469L
tr|A0ACF8FNS1|A0ACF8FNS1_ARAGI,790,469.0,V,L,False,V469L
tr|A0A6J2V217|A0A6J2V217_CHACN,790,469.0,V,M,False,V469M
tr|A0A6J2V3N9|A0A6J2V3N9_CHACN,790,469.0,V,M,False,V469M
tr|A0A6J2V203|A0A6J2V203_CHACN,790,469.0,V,M,False,V469M
tr|A0AAD8DBY4|A0AAD8DBY4_ACIOX,790,469.0,V,L,False,V469L
tr|A0AAD8DJ01|A0AAD8DJ01_ACIOX,790,469.0,V,L,False,V469L
tr|A0A6I9YYB6|A0A6I9YYB6_9SAUR,790,469.0,V,I,False,V469I
tr|A0A8C6XFH2|A0A8C6XFH2_NAJNA,790,469.0,V,I,False,V469I
tr|A0A670Z5Y1|A0A670Z5Y1_PSETE,790,469.0,V,I,False,V469I
tr|A0A670Z823|A0A670Z823_PSETE,790,469.0,V,I,False,V469I
tr|A0A6J1U1T0|A0A6J1U1T0_9SAUR,790,469.0,V,I,False,V469I
tr|A0A6I9YXB8|A0A6I9YXB8_9SAUR,790,469.0,V,I,False,V469I
tr|A0ABM0GFX0|A0ABM0GFX0_SACKO,791,470.0,P,V,False,P470V
tr|A0AA47MXR6|A0AA47MXR6_MERPO,792,471.0,N,S,False,N471S
tr|A0ABM0GFX0|A0ABM0GFX0_SACKO,792,471.0,N,T,False,N471T
tr|A0A6P8VIH1|A0A6P8VIH1_GYMAC,792,471.0,N,S,False,N471S
tr|A0A2I4BXB8|A0A2I4BXB8_AUSLI,792,471.0,N,S,False,N471S
tr|A0A2I4BXF7|A0A2I4BXF7_AUSLI,792,471.0,N,S,False,N471S
tr|A0A2I4BXC1|A0A2I4BXC1_AUSLI,792,471.0,N,S,False,N471S
tr|A0A2I4BXC7|A0A2I4BXC7_AUSLI,792,471.0,N,S,False,N471S
tr|A0ABV1A463|A0ABV1A463_9TELE,792,471.0,N,S,False,N471S
tr|A0AAV9S7N1|A0AAV9S7N1_9TELE,792,471.0,N,S,False,N471S
tr|A0ABV0TT83|A0ABV0TT83_9TELE,792,471.0,N,S,False,N471S
tr|A0A6P7NA03|A0A6P7NA03_BETSP,792,471.0,N,S,False,N471S
tr|A0A9W2XZU5|A0A9W2XZU5_BETSP,792,471.0,N,S,False,N471S
tr|A0A6P7NFA4|A0A6P7NFA4_BETSP,792,471.0,N,S,False,N471S
tr|A0A9W2XZJ7|A0A9W2XZJ7_BETSP,792,471.0,N,S,False,N471S
tr|A0A6P7NA07|A0A6P7NA07_BETSP,792,471.0,N,S,False,N471S
tr|A0A6P7NE39|A0A6P7NE39_BETSP,792,471.0,N,S,False,N471S
tr|A0A6J2S884|A0A6J2S884_COTGO,792,471.0,N,S,False,N471S
tr|A0A6P7I2Q9|A0A6P7I2Q9_9TELE,792,471.0,N,S,False,N471S
tr|A0A6P7HH59|A0A6P7HH59_9TELE,792,471.0,N,S,False,N471S
tr|A0A6P7HWN0|A0A6P7HWN0_9TELE,792,471.0,N,S,False,N471S
tr|A0A9Y4NB67|A0A9Y4NB67_9TELE,792,471.0,N,S,False,N471S
tr|A0A9Y6LYW8|A0A9Y6LYW8_9CICH,792,471.0,N,S,False,N471S
tr|A0A9Y3R1R7|A0A9Y3R1R7_9CICH,792,471.0,N,S,False,N471S
tr|A0AC36JJL6|A0AC36JJL6_9CICH,792,471.0,N,S,False,N471S
tr|A0ACF8FNS1|A0ACF8FNS1_ARAGI,792,471.0,N,S,False,N471S
tr|A0A8U0R0X1|A0A8U0R0X1_SALNM,792,471.0,N,S,False,N471S
tr|A0A6J2V217|A0A6J2V217_CHACN,792,471.0,N,S,False,N471S
tr|A0A6J2V3N9|A0A6J2V3N9_CHACN,792,471.0,N,S,False,N471S
tr|A0A6P8GSV4|A0A6P8GSV4_CLUHA,792,471.0,N,S,False,N471S
tr|A0A979FEC0|A0A979FEC0_ICTPU,792,471.0,N,S,False,N471S
tr|A0A979FF91|A0A979FF91_ICTPU,792,471.0,N,S,False,N471S
tr|A0A979FED5|A0A979FED5_ICTPU,792,471.0,N,S,False,N471S
tr|A0A9F7RNW9|A0A9F7RNW9_ICTPU,792,471.0,N,S,False,N471S
tr|A0A979FDQ7|A0A979FDQ7_ICTPU,792,471.0,N,S,False,N471S
tr|A0A979FDP4|A0A979FDP4_ICTPU,792,471.0,N,S,False,N471S
tr|A0A979FDQ5|A0A979FDQ5_ICTPU,792,471.0,N,S,False,N471S
tr|A0AC58J6Q9|A0AC58J6Q9_DANRE,792,471.0,N,S,False,N471S
tr|A0AC58J6Q2|A0AC58J6Q2_DANRE,792,471.0,N,S,False,N471S
tr|A0AB32TNW7|A0AB32TNW7_DANRE,792,471.0,N,S,False,N471S
tr|A0AC58J6S2|A0AC58J6S2_DANRE,792,471.0,N,S,False,N471S
tr|A0AC58J6R3|A0AC58J6R3_DANRE,792,471.0,N,S,False,N471S
tr|A0ACM8Q842|A0ACM8Q842_DANRE,792,471.0,N,S,False,N471S
tr|A0AB32TSB5|A0AB32TSB5_DANRE,792,471.0,N,S,False,N471S
tr|A0AB32TQV9|A0AB32TQV9_DANRE,792,471.0,N,S,False,N471S
tr|A0AB32TLD3|A0AB32TLD3_DANRE,792,471.0,N,S,False,N471S
tr|A0AC58J6Q5|A0AC58J6Q5_DANRE,792,471.0,N,S,False,N471S
tr|A0A6J2V203|A0A6J2V203_CHACN,792,471.0,N,S,False,N471S
tr|A0A6I9YYB6|A0A6I9YYB6_9SAUR,792,471.0,N,S,False,N471S
tr|A0A8C6XFH2|A0A8C6XFH2_NAJNA,792,471.0,N,S,False,N471S
tr|G1KFZ6|G1KFZ6_ANOCA,792,471.0,N,S,False,N471S
tr|V6F7W6|V6F7W6_ANOCA,792,471.0,N,S,False,N471S
tr|A0A670Z5Y1|A0A670Z5Y1_PSETE,792,471.0,N,S,False,N471S
tr|A0A670Z823|A0A670Z823_PSETE,792,471.0,N,S,False,N471S
tr|A0A6J1U1T0|A0A6J1U1T0_9SAUR,792,471.0,N,S,False,N471S
tr|A0A6I9YXB8|A0A6I9YXB8_9SAUR,792,471.0,N,S,False,N471S
tr|A0AA47MXR6|A0AA47MXR6_MERPO,793,472.0,V,R,False,V472R
tr|A0A6P8VIH1|A0A6P8VIH1_GYMAC,793,472.0,V,M,False,V472M
tr|A0A2I4BXB8|A0A2I4BXB8_AUSLI,793,472.0,V,M,False,V472M
tr|A0A2I4BXF7|A0A2I4BXF7_AUSLI,793,472.0,V,M,False,V472M
tr|A0A2I4BXC1|A0A2I4BXC1_AUSLI,793,472.0,V,M,False,V472M
tr|A0A2I4BXC7|A0A2I4BXC7_AUSLI,793,472.0,V,M,False,V472M
tr|A0ABV1A463|A0ABV1A463_9TELE,793,472.0,V,M,False,V472M
tr|A0AAV9S7N1|A0AAV9S7N1_9TELE,793,472.0,V,M,False,V472M
tr|A0ABV0TT83|A0ABV0TT83_9TELE,793,472.0,V,M,False,V472M
tr|A0A6P7NA03|A0A6P7NA03_BETSP,793,472.0,V,I,False,V472I
tr|A0A9W2XZU5|A0A9W2XZU5_BETSP,793,472.0,V,I,False,V472I
tr|A0A6P7NFA4|A0A6P7NFA4_BETSP,793,472.0,V,I,False,V472I
tr|A0A9W2XZJ7|A0A9W2XZJ7_BETSP,793,472.0,V,I,False,V472I
tr|A0A6P7NA07|A0A6P7NA07_BETSP,793,472.0,V,I,False,V472I
tr|A0A6P7NE39|A0A6P7NE39_BETSP,793,472.0,V,I,False,V472I
tr|A0A6J2S884|A0A6J2S884_COTGO,793,472.0,V,M,False,V472M
tr|A0A6P7I2Q9|A0A6P7I2Q9_9TELE,793,472.0,V,M,False,V472M
tr|A0A6P7HH59|A0A6P7HH59_9TELE,793,472.0,V,M,False,V472M
tr|A0A6P7HWN0|A0A6P7HWN0_9TELE,793,472.0,V,M,False,V472M
tr|A0A9Y4NB67|A0A9Y4NB67_9TELE,793,472.0,V,M,False,V472M
tr|A0A9Y6LYW8|A0A9Y6LYW8_9CICH,793,472.0,V,M,False,V472M
tr|A0A9Y3R1R7|A0A9Y3R1R7_9CICH,793,472.0,V,M,False,V472M
tr|A0AC36JJL6|A0AC36JJL6_9CICH,793,472.0,V,M,False,V472M
tr|A0A8U0R0X1|A0A8U0R0X1_SALNM,793,472.0,V,M,False,V472M
tr|A0A6J2V217|A0A6J2V217_CHACN,793,472.0,V,M,False,V472M
tr|A0A6J2V3N9|A0A6J2V3N9_CHACN,793,472.0,V,M,False,V472M
tr|A0A6P8GSV4|A0A6P8GSV4_CLUHA,793,472.0,V,M,False,V472M
tr|A0A979FEC0|A0A979FEC0_ICTPU,793,472.0,V,M,False,V472M
tr|A0A979FF91|A0A979FF91_ICTPU,793,472.0,V,M,False,V472M
tr|A0A979FED5|A0A979FED5_ICTPU,793,472.0,V,M,False,V472M
tr|A0A9F7RNW9|A0A9F7RNW9_ICTPU,793,472.0,V,M,False,V472M
tr|A0A979FDQ7|A0A979FDQ7_ICTPU,793,472.0,V,M,False,V472M
tr|A0A979FDP4|A0A979FDP4_ICTPU,793,472.0,V,M,False,V472M
tr|A0A979FDQ5|A0A979FDQ5_ICTPU,793,472.0,V,M,False,V472M
tr|A0AC58J6Q9|A0AC58J6Q9_DANRE,793,472.0,V,M,False,V472M
tr|A0AC58J6Q2|A0AC58J6Q2_DANRE,793,472.0,V,M,False,V472M
tr|A0AB32TNW7|A0AB32TNW7_DANRE,793,472.0,V,M,False,V472M
tr|A0AC58J6S2|A0AC58J6S2_DANRE,793,472.0,V,M,False,V472M
tr|A0AC58J6R3|A0AC58J6R3_DANRE,793,472.0,V,M,False,V472M
tr|A0ACM8Q842|A0ACM8Q842_DANRE,793,472.0,V,M,False,V472M
tr|A0AB32TSB5|A0AB32TSB5_DANRE,793,472.0,V,M,False,V472M
tr|A0AB32TQV9|A0AB32TQV9_DANRE,793,472.0,V,M,False,V472M
tr|A0AB32TLD3|A0AB32TLD3_DANRE,793,472.0,V,M,False,V472M
tr|A0AC58J6Q5|A0AC58J6Q5_DANRE,793,472.0,V,M,False,V472M
tr|A0A6J2V203|A0A6J2V203_CHACN,793,472.0,V,M,False,V472M
tr|A0AA47MXR6|A0AA47MXR6_MERPO,795,474.0,A,V,False,A474V
tr|A0ABM0GFX0|A0ABM0GFX0_SACKO,795,474.0,A,P,False,A474P
tr|A0ACF8DDW5|A0ACF8DDW5_ARAGI,795,474.0,A,S,False,A474S
tr|A0AA47MXR6|A0AA47MXR6_MERPO,796,475.0,I,Q,False,I475Q
tr|A0A6P8VIH1|A0A6P8VIH1_GYMAC,796,475.0,I,M,False,I475M
tr|A0A2I4BXB8|A0A2I4BXB8_AUSLI,796,475.0,I,M,False,I475M
tr|A0A2I4BXF7|A0A2I4BXF7_AUSLI,796,475.0,I,M,False,I475M
tr|A0A2I4BXC1|A0A2I4BXC1_AUSLI,796,475.0,I,M,False,I475M
tr|A0A2I4BXC7|A0A2I4BXC7_AUSLI,796,475.0,I,M,False,I475M
tr|A0ABV1A463|A0ABV1A463_9TELE,796,475.0,I,M,False,I475M
tr|A0AAV9S7N1|A0AAV9S7N1_9TELE,796,475.0,I,M,False,I475M
tr|A0ABV0TT83|A0ABV0TT83_9TELE,796,475.0,I,M,False,I475M
tr|A0A6P7NA03|A0A6P7NA03_BETSP,796,475.0,I,M,False,I475M
tr|A0A9W2XZU5|A0A9W2XZU5_BETSP,796,475.0,I,M,False,I475M
tr|A0A6P7NFA4|A0A6P7NFA4_BETSP,796,475.0,I,M,False,I475M
tr|A0A9W2XZJ7|A0A9W2XZJ7_BETSP,796,475.0,I,M,False,I475M
tr|A0A6P7NA07|A0A6P7NA07_BETSP,796,475.0,I,M,False,I475M
tr|A0A6P7NE39|A0A6P7NE39_BETSP,796,475.0,I,M,False,I475M
tr|A0A6J2S884|A0A6J2S884_COTGO,796,475.0,I,M,False,I475M
tr|A0A6P7I2Q9|A0A6P7I2Q9_9TELE,796,475.0,I,M,False,I475M
tr|A0A6P7HH59|A0A6P7HH59_9TELE,796,475.0,I,M,False,I475M
tr|A0A6P7HWN0|A0A6P7HWN0_9TELE,796,475.0,I,M,False,I475M
tr|A0A9Y4NB67|A0A9Y4NB67_9TELE,796,475.0,I,M,False,I475M
tr|A0A9Y6LYW8|A0A9Y6LYW8_9CICH,796,475.0,I,M,False,I475M
tr|A0A9Y3R1R7|A0A9Y3R1R7_9CICH,796,475.0,I,M,False,I475M
tr|A0AC36JJL6|A0AC36JJL6_9CICH,796,475.0,I,M,False,I475M
tr|A0ACF8DDW5|A0ACF8DDW5_ARAGI,796,475.0,I,V,False,I475V
tr|A0ACF8FNS1|A0ACF8FNS1_ARAGI,796,475.0,I,V,False,I475V
tr|A0A8U0R0X1|A0A8U0R0X1_SALNM,796,475.0,I,M,False,I475M
tr|A0A6J2V217|A0A6J2V217_CHACN,796,475.0,I,M,False,I475M
tr|A0A6J2V3N9|A0A6J2V3N9_CHACN,796,475.0,I,M,False,I475M
tr|A0A6P8GSV4|A0A6P8GSV4_CLUHA,796,475.0,I,M,False,I475M
tr|A0A979FEC0|A0A979FEC0_ICTPU,796,475.0,I,M,False,I475M
tr|A0A979FF91|A0A979FF91_ICTPU,796,475.0,I,M,False,I475M
tr|A0A979FED5|A0A979FED5_ICTPU,796,475.0,I,M,False,I475M
tr|A0A9F7RNW9|A0A9F7RNW9_ICTPU,796,475.0,I,M,False,I475M
tr|A0A979FDQ7|A0A979FDQ7_ICTPU,796,475.0,I,M,False,I475M
tr|A0A979FDP4|A0A979FDP4_ICTPU,796,475.0,I,M,False,I475M
tr|A0A979FDQ5|A0A979FDQ5_ICTPU,796,475.0,I,M,False,I475M
tr|A0AC58J6Q9|A0AC58J6Q9_DANRE,796,475.0,I,M,False,I475M
tr|A0AC58J6Q2|A0AC58J6Q2_DANRE,796,475.0,I,M,False,I475M
tr|A0AB32TNW7|A0AB32TNW7_DANRE,796,475.0,I,M,False,I475M
tr|A0AC58J6S2|A0AC58J6S2_DANRE,796,475.0,I,M,False,I475M
tr|A0AC58J6R3|A0AC58J6R3_DANRE,796,475.0,I,M,False,I475M
tr|A0ACM8Q842|A0ACM8Q842_DANRE,796,475.0,I,M,False,I475M
tr|A0AB32TSB5|A0AB32TSB5_DANRE,796,475.0,I,M,False,I475M
tr|A0AB32TQV9|A0AB32TQV9_DANRE,796,475.0,I,M,False,I475M
tr|A0AB32TLD3|A0AB32TLD3_DANRE,796,475.0,I,M,False,I475M
tr|A0AC58J6Q5|A0AC58J6Q5_DANRE,796,475.0,I,M,False,I475M
tr|A0A6J2V203|A0A6J2V203_CHACN,796,475.0,I,M,False,I475M
tr|A0AA47MXR6|A0AA47MXR6_MERPO,797,476.0,R,G,False,R476G
tr|A0AA47MXR6|A0AA47MXR6_MERPO,799,478.0,R,W,False,R478W
tr|A0AA47MXR6|A0AA47MXR6_MERPO,800,479.0,H,G,False,H479G
tr|A0ABM0GFX0|A0ABM0GFX0_SACKO,800,479.0,H,L,False,H479L
tr|A0AA47MXR6|A0AA47MXR6_MERPO,801,480.0,S,G,False,S480G
tr|A0AC58J6Q9|A0AC58J6Q9_DANRE,801,480.0,S,T,False,S480T
tr|A0AC58J6Q2|A0AC58J6Q2_DANRE,801,480.0,S,T,False,S480T
tr|A0AB32TNW7|A0AB32TNW7_DANRE,801,480.0,S,T,False,S480T
tr|A0AC58J6S2|A0AC58J6S2_DANRE,801,480.0,S,T,False,S480T
tr|A0AC58J6R3|A0AC58J6R3_DANRE,801,480.0,S,T,False,S480T
tr|A0ACM8Q842|A0ACM8Q842_DANRE,801,480.0,S,T,False,S480T
tr|A0AB32TSB5|A0AB32TSB5_DANRE,801,480.0,S,T,False,S480T
tr|A0AB32TQV9|A0AB32TQV9_DANRE,801,480.0,S,T,False,S480T
tr|A0AB32TLD3|A0AB32TLD3_DANRE,801,480.0,S,T,False,S480T
tr|A0AC58J6Q5|A0AC58J6Q5_DANRE,801,480.0,S,T,False,S480T
tr|A0AA47MXR6|A0AA47MXR6_MERPO,802,481.0,D,S,False,D481S
tr|A0ABM0GFX0|A0ABM0GFX0_SACKO,802,481.0,D,E,False,D481E
tr|A0AAV9S7N1|A0AAV9S7N1_9TELE,802,481.0,D,E,False,D481E
tr|A0A6P8GSV4|A0A6P8GSV4_CLUHA,802,481.0,D,E,False,D481E
tr|A0AA47MXR6|A0AA47MXR6_MERPO,803,482.0,K,G,False,K482G
tr|A0AA47MXR6|A0AA47MXR6_MERPO,808,483.0,Y,T,False,Y483T
tr|A0ABM0GFX0|A0ABM0GFX0_SACKO,808,483.0,Y,F,False,Y483F
tr|A0ACF8DDW5|A0ACF8DDW5_ARAGI,808,483.0,Y,F,False,Y483F
tr|A0ACF8FNS1|A0ACF8FNS1_ARAGI,808,483.0,Y,F,False,Y483F
tr|A0A6P8GSV4|A0A6P8GSV4_CLUHA,808,483.0,Y,F,False,Y483F
tr|A0AA47MXR6|A0AA47MXR6_MERPO,809,484.0,N,R,False,N484R
tr|A0ABM0GFX0|A0ABM0GFX0_SACKO,809,484.0,N,C,False,N484C
tr|A0A6P8VIH1|A0A6P8VIH1_GYMAC,809,484.0,N,S,False,N484S
tr|A0A2I4BXB8|A0A2I4BXB8_AUSLI,809,484.0,N,S,False,N484S
tr|A0A2I4BXF7|A0A2I4BXF7_AUSLI,809,484.0,N,S,False,N484S
tr|A0A2I4BXC1|A0A2I4BXC1_AUSLI,809,484.0,N,S,False,N484S
tr|A0A2I4BXC7|A0A2I4BXC7_AUSLI,809,484.0,N,S,False,N484S
tr|A0ABV1A463|A0ABV1A463_9TELE,809,484.0,N,S,False,N484S
tr|A0AAV9S7N1|A0AAV9S7N1_9TELE,809,484.0,N,S,False,N484S
tr|A0ABV0TT83|A0ABV0TT83_9TELE,809,484.0,N,S,False,N484S
tr|A0A6P7NA03|A0A6P7NA03_BETSP,809,484.0,N,S,False,N484S
tr|A0A9W2XZU5|A0A9W2XZU5_BETSP,809,484.0,N,S,False,N484S
tr|A0A6P7NFA4|A0A6P7NFA4_BETSP,809,484.0,N,S,False,N484S
tr|A0A9W2XZJ7|A0A9W2XZJ7_BETSP,809,484.0,N,S,False,N484S
tr|A0A6P7NA07|A0A6P7NA07_BETSP,809,484.0,N,S,False,N484S
tr|A0A6P7NE39|A0A6P7NE39_BETSP,809,484.0,N,S,False,N484S
tr|A0A6J2S884|A0A6J2S884_COTGO,809,484.0,N,S,False,N484S
tr|A0A6P7I2Q9|A0A6P7I2Q9_9TELE,809,484.0,N,S,False,N484S
tr|A0A6P7HH59|A0A6P7HH59_9TELE,809,484.0,N,S,False,N484S
tr|A0A6P7HWN0|A0A6P7HWN0_9TELE,809,484.0,N,S,False,N484S
tr|A0A9Y4NB67|A0A9Y4NB67_9TELE,809,484.0,N,S,False,N484S
tr|A0A9Y6LYW8|A0A9Y6LYW8_9CICH,809,484.0,N,S,False,N484S
tr|A0A9Y3R1R7|A0A9Y3R1R7_9CICH,809,484.0,N,S,False,N484S
tr|A0AC36JJL6|A0AC36JJL6_9CICH,809,484.0,N,S,False,N484S
tr|A0ACF8DDW5|A0ACF8DDW5_ARAGI,809,484.0,N,P,False,N484P
tr|A0ACF8FNS1|A0ACF8FNS1_ARAGI,809,484.0,N,S,False,N484S
tr|A0A8U0R0X1|A0A8U0R0X1_SALNM,809,484.0,N,S,False,N484S
tr|A0A6J2V217|A0A6J2V217_CHACN,809,484.0,N,S,False,N484S
tr|A0A6J2V3N9|A0A6J2V3N9_CHACN,809,484.0,N,S,False,N484S
tr|A0A6P8GSV4|A0A6P8GSV4_CLUHA,809,484.0,N,S,False,N484S
tr|A0A979FEC0|A0A979FEC0_ICTPU,809,484.0,N,S,False,N484S
tr|A0A979FF91|A0A979FF91_ICTPU,809,484.0,N,S,False,N484S
tr|A0A979FED5|A0A979FED5_ICTPU,809,484.0,N,S,False,N484S
tr|A0A9F7RNW9|A0A9F7RNW9_ICTPU,809,484.0,N,S,False,N484S
tr|A0A979FDQ7|A0A979FDQ7_ICTPU,809,484.0,N,S,False,N484S
tr|A0A979FDP4|A0A979FDP4_ICTPU,809,484.0,N,S,False,N484S
tr|A0A979FDQ5|A0A979FDQ5_ICTPU,809,484.0,N,S,False,N484S
tr|A0AC58J6Q9|A0AC58J6Q9_DANRE,809,484.0,N,S,False,N484S
tr|A0AC58J6Q2|A0AC58J6Q2_DANRE,809,484.0,N,S,False,N484S
tr|A0AB32TNW7|A0AB32TNW7_DANRE,809,484.0,N,S,False,N484S
tr|A0AC58J6S2|A0AC58J6S2_DANRE,809,484.0,N,S,False,N484S
tr|A0AC58J6R3|A0AC58J6R3_DANRE,809,484.0,N,S,False,N484S
tr|A0ACM8Q842|A0ACM8Q842_DANRE,809,484.0,N,S,False,N484S
tr|A0AB32TSB5|A0AB32TSB5_DANRE,809,484.0,N,S,False,N484S
tr|A0AB32TQV9|A0AB32TQV9_DANRE,809,484.0,N,S,False,N484S
tr|A0AB32TLD3|A0AB32TLD3_DANRE,809,484.0,N,S,False,N484S
tr|A0AC58J6Q5|A0AC58J6Q5_DANRE,809,484.0,N,S,False,N484S
tr|A0A6J2V203|A0A6J2V203_CHACN,809,484.0,N,S,False,N484S
tr|A0AAD8DBY4|A0AAD8DBY4_ACIOX,809,484.0,N,S,False,N484S
tr|A0AAD8DJ01|A0AAD8DJ01_ACIOX,809,484.0,N,S,False,N484S
tr|A0ABM5GG36|A0ABM5GG36_9SAUR,809,484.0,N,H,False,N484H
tr|A0AA47MXR6|A0AA47MXR6_MERPO,810,485.0,I,T,False,I485T
tr|A0ABM0GFX0|A0ABM0GFX0_SACKO,810,485.0,I,L,False,I485L
tr|A0A6P8VIH1|A0A6P8VIH1_GYMAC,810,485.0,I,M,False,I485M
tr|A0A2I4BXB8|A0A2I4BXB8_AUSLI,810,485.0,I,M,False,I485M
tr|A0A2I4BXF7|A0A2I4BXF7_AUSLI,810,485.0,I,M,False,I485M
tr|A0A2I4BXC1|A0A2I4BXC1_AUSLI,810,485.0,I,M,False,I485M
tr|A0A2I4BXC7|A0A2I4BXC7_AUSLI,810,485.0,I,M,False,I485M
tr|A0ABV1A463|A0ABV1A463_9TELE,810,485.0,I,M,False,I485M
tr|A0AAV9S7N1|A0AAV9S7N1_9TELE,810,485.0,I,M,False,I485M
tr|A0ABV0TT83|A0ABV0TT83_9TELE,810,485.0,I,M,False,I485M
tr|A0A6P7NA03|A0A6P7NA03_BETSP,810,485.0,I,M,False,I485M
tr|A0A9W2XZU5|A0A9W2XZU5_BETSP,810,485.0,I,M,False,I485M
tr|A0A6P7NFA4|A0A6P7NFA4_BETSP,810,485.0,I,M,False,I485M
tr|A0A9W2XZJ7|A0A9W2XZJ7_BETSP,810,485.0,I,M,False,I485M
tr|A0A6P7NA07|A0A6P7NA07_BETSP,810,485.0,I,M,False,I485M
tr|A0A6P7NE39|A0A6P7NE39_BETSP,810,485.0,I,M,False,I485M
tr|A0A6J2S884|A0A6J2S884_COTGO,810,485.0,I,M,False,I485M
tr|A0A6P7I2Q9|A0A6P7I2Q9_9TELE,810,485.0,I,M,False,I485M
tr|A0A6P7HH59|A0A6P7HH59_9TELE,810,485.0,I,M,False,I485M
tr|A0A6P7HWN0|A0A6P7HWN0_9TELE,810,485.0,I,M,False,I485M
tr|A0A9Y4NB67|A0A9Y4NB67_9TELE,810,485.0,I,M,False,I485M
tr|A0A9Y6LYW8|A0A9Y6LYW8_9CICH,810,485.0,I,M,False,I485M
tr|A0A9Y3R1R7|A0A9Y3R1R7_9CICH,810,485.0,I,M,False,I485M
tr|A0AC36JJL6|A0AC36JJL6_9CICH,810,485.0,I,M,False,I485M
tr|A0ACF8DDW5|A0ACF8DDW5_ARAGI,810,485.0,I,M,False,I485M
tr|A0ACF8FNS1|A0ACF8FNS1_ARAGI,810,485.0,I,M,False,I485M
tr|A0A8U0R0X1|A0A8U0R0X1_SALNM,810,485.0,I,M,False,I485M
tr|A0A6J2V217|A0A6J2V217_CHACN,810,485.0,I,M,False,I485M
tr|A0A6J2V3N9|A0A6J2V3N9_CHACN,810,485.0,I,M,False,I485M
tr|A0A6P8GSV4|A0A6P8GSV4_CLUHA,810,485.0,I,M,False,I485M
tr|A0A979FEC0|A0A979FEC0_ICTPU,810,485.0,I,M,False,I485M
tr|A0A979FF91|A0A979FF91_ICTPU,810,485.0,I,M,False,I485M
tr|A0A979FED5|A0A979FED5_ICTPU,810,485.0,I,M,False,I485M
tr|A0A9F7RNW9|A0A9F7RNW9_ICTPU,810,485.0,I,M,False,I485M
tr|A0A979FDQ7|A0A979FDQ7_ICTPU,810,485.0,I,M,False,I485M
tr|A0A979FDP4|A0A979FDP4_ICTPU,810,485.0,I,M,False,I485M
tr|A0A979FDQ5|A0A979FDQ5_ICTPU,810,485.0,I,M,False,I485M
tr|A0AC58J6Q9|A0AC58J6Q9_DANRE,810,485.0,I,M,False,I485M
tr|A0AC58J6Q2|A0AC58J6Q2_DANRE,810,485.0,I,M,False,I485M
tr|A0AB32TNW7|A0AB32TNW7_DANRE,810,485.0,I,M,False,I485M
tr|A0AC58J6S2|A0AC58J6S2_DANRE,810,485.0,I,M,False,I485M
tr|A0AC58J6R3|A0AC58J6R3_DANRE,810,485.0,I,M,False,I485M
tr|A0ACM8Q842|A0ACM8Q842_DANRE,810,485.0,I,M,False,I485M
tr|A0AB32TSB5|A0AB32TSB5_DANRE,810,485.0,I,M,False,I485M
tr|A0AB32TQV9|A0AB32TQV9_DANRE,810,485.0,I,M,False,I485M
tr|A0AB32TLD3|A0AB32TLD3_DANRE,810,485.0,I,M,False,I485M
tr|A0AC58J6Q5|A0AC58J6Q5_DANRE,810,485.0,I,M,False,I485M
tr|A0A6J2V203|A0A6J2V203_CHACN,810,485.0,I,M,False,I485M
tr|A0A8C5M8V1|A0A8C5M8V1_9ANUR,810,485.0,I,L,False,I485L
tr|A0ABM0GFX0|A0ABM0GFX0_SACKO,811,486.0,P,S,False,P486S
tr|A0A6P7I2Q9|A0A6P7I2Q9_9TELE,811,486.0,P,S,False,P486S
tr|A0A6P7HH59|A0A6P7HH59_9TELE,811,486.0,P,S,False,P486S
tr|A0A6P7HWN0|A0A6P7HWN0_9TELE,811,486.0,P,S,False,P486S
tr|A0A8U0R0X1|A0A8U0R0X1_SALNM,811,486.0,P,Q,False,P486Q
tr|A0A6P8GSV4|A0A6P8GSV4_CLUHA,811,486.0,P,Q,False,P486Q
tr|A0AC58J6Q9|A0AC58J6Q9_DANRE,811,486.0,P,A,False,P486A
tr|A0AC58J6Q2|A0AC58J6Q2_DANRE,811,486.0,P,A,False,P486A
tr|A0AB32TNW7|A0AB32TNW7_DANRE,811,486.0,P,A,False,P486A
tr|A0AC58J6S2|A0AC58J6S2_DANRE,811,486.0,P,A,False,P486A
tr|A0AC58J6R3|A0AC58J6R3_DANRE,811,486.0,P,A,False,P486A
tr|A0ACM8Q842|A0ACM8Q842_DANRE,811,486.0,P,A,False,P486A
tr|A0AB32TSB5|A0AB32TSB5_DANRE,811,486.0,P,A,False,P486A
tr|A0AB32TQV9|A0AB32TQV9_DANRE,811,486.0,P,A,False,P486A
tr|A0AB32TLD3|A0AB32TLD3_DANRE,811,486.0,P,A,False,P486A
tr|A0AC58J6Q5|A0AC58J6Q5_DANRE,811,486.0,P,A,False,P486A
tr|A0AA47MXR6|A0AA47MXR6_MERPO,812,487.0,M,C,False,M487C
tr|A0ABM0GFX0|A0ABM0GFX0_SACKO,812,487.0,M,L,False,M487L
tr|A0A6P8VIH1|A0A6P8VIH1_GYMAC,812,487.0,M,L,False,M487L
tr|A0A2I4BXB8|A0A2I4BXB8_AUSLI,812,487.0,M,L,False,M487L
tr|A0A2I4BXF7|A0A2I4BXF7_AUSLI,812,487.0,M,L,False,M487L
tr|A0A2I4BXC1|A0A2I4BXC1_AUSLI,812,487.0,M,L,False,M487L
tr|A0A2I4BXC7|A0A2I4BXC7_AUSLI,812,487.0,M,L,False,M487L
tr|A0ABV1A463|A0ABV1A463_9TELE,812,487.0,M,L,False,M487L
tr|A0AAV9S7N1|A0AAV9S7N1_9TELE,812,487.0,M,L,False,M487L
tr|A0ABV0TT83|A0ABV0TT83_9TELE,812,487.0,M,L,False,M487L
tr|A0A6P7NA03|A0A6P7NA03_BETSP,812,487.0,M,L,False,M487L
tr|A0A9W2XZU5|A0A9W2XZU5_BETSP,812,487.0,M,L,False,M487L
tr|A0A6P7NFA4|A0A6P7NFA4_BETSP,812,487.0,M,L,False,M487L
tr|A0A9W2XZJ7|A0A9W2XZJ7_BETSP,812,487.0,M,L,False,M487L
tr|A0A6P7NA07|A0A6P7NA07_BETSP,812,487.0,M,L,False,M487L
tr|A0A6P7NE39|A0A6P7NE39_BETSP,812,487.0,M,L,False,M487L
tr|A0A6J2S884|A0A6J2S884_COTGO,812,487.0,M,L,False,M487L
tr|A0A6P7I2Q9|A0A6P7I2Q9_9TELE,812,487.0,M,L,False,M487L
tr|A0A6P7HH59|A0A6P7HH59_9TELE,812,487.0,M,L,False,M487L
tr|A0A6P7HWN0|A0A6P7HWN0_9TELE,812,487.0,M,L,False,M487L
tr|A0A9Y4NB67|A0A9Y4NB67_9TELE,812,487.0,M,L,False,M487L
tr|A0A9Y6LYW8|A0A9Y6LYW8_9CICH,812,487.0,M,L,False,M487L
tr|A0A9Y3R1R7|A0A9Y3R1R7_9CICH,812,487.0,M,L,False,M487L
tr|A0AC36JJL6|A0AC36JJL6_9CICH,812,487.0,M,L,False,M487L
tr|A0ACF8DDW5|A0ACF8DDW5_ARAGI,812,487.0,M,L,False,M487L
tr|A0ACF8FNS1|A0ACF8FNS1_ARAGI,812,487.0,M,T,False,M487T
tr|A0A8U0R0X1|A0A8U0R0X1_SALNM,812,487.0,M,L,False,M487L
tr|A0A6J2V217|A0A6J2V217_CHACN,812,487.0,M,L,False,M487L
tr|A0A6J2V3N9|A0A6J2V3N9_CHACN,812,487.0,M,L,False,M487L
tr|A0A6P8GSV4|A0A6P8GSV4_CLUHA,812,487.0,M,L,False,M487L
tr|A0A979FEC0|A0A979FEC0_ICTPU,812,487.0,M,L,False,M487L
tr|A0A979FF91|A0A979FF91_ICTPU,812,487.0,M,L,False,M487L
tr|A0A979FED5|A0A979FED5_ICTPU,812,487.0,M,L,False,M487L
tr|A0A9F7RNW9|A0A9F7RNW9_ICTPU,812,487.0,M,L,False,M487L
tr|A0A979FDQ7|A0A979FDQ7_ICTPU,812,487.0,M,L,False,M487L
tr|A0A979FDP4|A0A979FDP4_ICTPU,812,487.0,M,L,False,M487L
tr|A0A979FDQ5|A0A979FDQ5_ICTPU,812,487.0,M,L,False,M487L
tr|A0AC58J6Q9|A0AC58J6Q9_DANRE,812,487.0,M,L,False,M487L
tr|A0AC58J6Q2|A0AC58J6Q2_DANRE,812,487.0,M,L,False,M487L
tr|A0AB32TNW7|A0AB32TNW7_DANRE,812,487.0,M,L,False,M487L
tr|A0AC58J6S2|A0AC58J6S2_DANRE,812,487.0,M,L,False,M487L
tr|A0AC58J6R3|A0AC58J6R3_DANRE,812,487.0,M,L,False,M487L
tr|A0ACM8Q842|A0ACM8Q842_DANRE,812,487.0,M,L,False,M487L
tr|A0AB32TSB5|A0AB32TSB5_DANRE,812,487.0,M,L,False,M487L
tr|A0AB32TQV9|A0AB32TQV9_DANRE,812,487.0,M,L,False,M487L
tr|A0AB32TLD3|A0AB32TLD3_DANRE,812,487.0,M,L,False,M487L
tr|A0AC58J6Q5|A0AC58J6Q5_DANRE,812,487.0,M,L,False,M487L
tr|A0A6J2V203|A0A6J2V203_CHACN,812,487.0,M,L,False,M487L
tr|A0AA47MXR6|A0AA47MXR6_MERPO,813,488.0,S,G,False,S488G
tr|A0ABM0GFX0|A0ABM0GFX0_SACKO,813,488.0,S,G,False,S488G
tr|A0A6P8GSV4|A0A6P8GSV4_CLUHA,813,488.0,S,T,False,S488T
tr|A0AA47MXR6|A0AA47MXR6_MERPO,814,489.0,S,G,False,S489G
tr|A0A8J0Q7P1|A0A8J0Q7P1_XENTR,814,489.0,S,T,False,S489T
tr|A0A8J0SHD1|A0A8J0SHD1_XENTR,814,489.0,S,T,False,S489T
tr|A0A8J0SG76|A0A8J0SG76_XENTR,814,489.0,S,T,False,S489T
tr|F7DTZ3|F7DTZ3_XENTR,814,489.0,S,T,False,S489T
tr|A0A8J0S8T9|A0A8J0S8T9_XENTR,814,489.0,S,T,False,S489T
tr|A0A6I8SNY6|A0A6I8SNY6_XENTR,814,489.0,S,T,False,S489T
tr|A0A8J0SEG3|A0A8J0SEG3_XENTR,814,489.0,S,T,False,S489T
tr|A0AA47MXR6|A0AA47MXR6_MERPO,829,490.0,E,S,False,E490S
tr|A0AA47MXR6|A0AA47MXR6_MERPO,830,491.0,I,Y,False,I491Y
tr|A0AA47MXR6|A0AA47MXR6_MERPO,831,492.0,A,E,False,A492E
tr|A0ABM0GFX0|A0ABM0GFX0_SACKO,831,492.0,A,Q,False,A492Q
tr|A0AA47MXR6|A0AA47MXR6_MERPO,832,493.0,P,E,False,P493E
tr|A0ABM0GFX0|A0ABM0GFX0_SACKO,832,493.0,P,R,False,P493R
tr|A0AA47MXR6|A0AA47MXR6_MERPO,833,494.0,N,E,False,N494E
tr|A0AA47MXR6|A0AA47MXR6_MERPO,834,495.0,Y,F,False,Y495F
tr|A0ABM0GFX0|A0ABM0GFX0_SACKO,834,495.0,Y,C,False,Y495C
tr|A0AA47MXR6|A0AA47MXR6_MERPO,836,497.0,F,L,False,F497L
tr|A0AA47MXR6|A0AA47MXR6_MERPO,838,499.0,K,R,False,K499R
tr|A0ABM0GFX0|A0ABM0GFX0_SACKO,839,500.0,N,T,False,N500T
tr|A0AA47MXR6|A0AA47MXR6_MERPO,840,501.0,A,T,False,A501T
tr|A0AA47MXR6|A0AA47MXR6_MERPO,842,503.0,V,I,False,V503I
tr|A0ABM0GFX0|A0ABM0GFX0_SACKO,850,511.0,T,A,False,T511A
tr|A0ABM0GFX0|A0ABM0GFX0_SACKO,855,516.0,A,S,False,A516S
tr|A0A8U0R0X1|A0A8U0R0X1_SALNM,855,516.0,A,G,False,A516G
tr|A0A6P8GSV4|A0A6P8GSV4_CLUHA,855,516.0,A,S,False,A516S
tr|A0ABM0GFX0|A0ABM0GFX0_SACKO,857,518.0,M,I,False,M518I
tr|A0AA47MXR6|A0AA47MXR6_MERPO,858,519.0,E,A,False,E519A
tr|A0ABM0GFX0|A0ABM0GFX0_SACKO,858,519.0,E,D,False,E519D
tr|A0A6P8VIH1|A0A6P8VIH1_GYMAC,858,519.0,E,D,False,E519D
tr|A0A2I4BXB8|A0A2I4BXB8_AUSLI,858,519.0,E,D,False,E519D
tr|A0A2I4BXF7|A0A2I4BXF7_AUSLI,858,519.0,E,D,False,E519D
tr|A0A2I4BXC1|A0A2I4BXC1_AUSLI,858,519.0,E,D,False,E519D
tr|A0A2I4BXC7|A0A2I4BXC7_AUSLI,858,519.0,E,D,False,E519D
tr|A0ABV1A463|A0ABV1A463_9TELE,858,519.0,E,D,False,E519D
tr|A0AAV9S7N1|A0AAV9S7N1_9TELE,858,519.0,E,D,False,E519D
tr|A0ABV0TT83|A0ABV0TT83_9TELE,858,519.0,E,D,False,E519D
tr|A0A6P7NA03|A0A6P7NA03_BETSP,858,519.0,E,D,False,E519D
tr|A0A9W2XZU5|A0A9W2XZU5_BETSP,858,519.0,E,D,False,E519D
tr|A0A6P7NFA4|A0A6P7NFA4_BETSP,858,519.0,E,D,False,E519D
tr|A0A9W2XZJ7|A0A9W2XZJ7_BETSP,858,519.0,E,D,False,E519D
tr|A0A6P7NA07|A0A6P7NA07_BETSP,858,519.0,E,D,False,E519D
tr|A0A6P7NE39|A0A6P7NE39_BETSP,858,519.0,E,D,False,E519D
tr|A0A6J2S884|A0A6J2S884_COTGO,858,519.0,E,D,False,E519D
tr|A0A6P7I2Q9|A0A6P7I2Q9_9TELE,858,519.0,E,D,False,E519D
tr|A0A6P7HH59|A0A6P7HH59_9TELE,858,519.0,E,D,False,E519D
tr|A0A6P7HWN0|A0A6P7HWN0_9TELE,858,519.0,E,D,False,E519D
tr|A0A9Y4NB67|A0A9Y4NB67_9TELE,858,519.0,E,D,False,E519D
tr|A0A9Y6LYW8|A0A9Y6LYW8_9CICH,858,519.0,E,D,False,E519D
tr|A0A9Y3R1R7|A0A9Y3R1R7_9CICH,858,519.0,E,D,False,E519D
tr|A0AC36JJL6|A0AC36JJL6_9CICH,858,519.0,E,D,False,E519D
tr|A0A6J2V217|A0A6J2V217_CHACN,858,519.0,E,D,False,E519D
tr|A0A6J2V3N9|A0A6J2V3N9_CHACN,858,519.0,E,D,False,E519D
tr|A0A6P8GSV4|A0A6P8GSV4_CLUHA,858,519.0,E,D,False,E519D
tr|A0A979FEC0|A0A979FEC0_ICTPU,858,519.0,E,D,False,E519D
tr|A0A979FF91|A0A979FF91_ICTPU,858,519.0,E,D,False,E519D
tr|A0A979FED5|A0A979FED5_ICTPU,858,519.0,E,D,False,E519D
tr|A0A9F7RNW9|A0A9F7RNW9_ICTPU,858,519.0,E,D,False,E519D
tr|A0A979FDQ7|A0A979FDQ7_ICTPU,858,519.0,E,D,False,E519D
tr|A0A979FDP4|A0A979FDP4_ICTPU,858,519.0,E,D,False,E519D
tr|A0A979FDQ5|A0A979FDQ5_ICTPU,858,519.0,E,D,False,E519D
tr|A0A6J2V203|A0A6J2V203_CHACN,858,519.0,E,D,False,E519D
tr|A0AA47MXR6|A0AA47MXR6_MERPO,859,520.0,S,A,False,S520A
tr|A0ACF8FNS1|A0ACF8FNS1_ARAGI,859,520.0,S,A,False,S520A
tr|A0AAD8DBY4|A0AAD8DBY4_ACIOX,859,520.0,S,A,False,S520A
tr|A0AAD8DJ01|A0AAD8DJ01_ACIOX,859,520.0,S,A,False,S520A
tr|A0A1L8GU65|A0A1L8GU65_XENLA,859,520.0,S,A,False,S520A
tr|A0A8J0UR98|A0A8J0UR98_XENLA,859,520.0,S,A,False,S520A
tr|A0A8J0UXQ2|A0A8J0UXQ2_XENLA,859,520.0,S,A,False,S520A
tr|A0A8J1MTY3|A0A8J1MTY3_XENLA,859,520.0,S,A,False,S520A
tr|A0A8J1MRN8|A0A8J1MRN8_XENLA,859,520.0,S,A,False,S520A
tr|A0ABM0GFX0|A0ABM0GFX0_SACKO,860,521.0,S,P,False,S521P
tr|A0A6P8VIH1|A0A6P8VIH1_GYMAC,860,521.0,S,A,False,S521A
tr|A0A2I4BXB8|A0A2I4BXB8_AUSLI,860,521.0,S,A,False,S521A
tr|A0A2I4BXF7|A0A2I4BXF7_AUSLI,860,521.0,S,A,False,S521A
tr|A0A2I4BXC1|A0A2I4BXC1_AUSLI,860,521.0,S,A,False,S521A
tr|A0A2I4BXC7|A0A2I4BXC7_AUSLI,860,521.0,S,A,False,S521A
tr|A0A6P7NA03|A0A6P7NA03_BETSP,860,521.0,S,A,False,S521A
tr|A0A9W2XZU5|A0A9W2XZU5_BETSP,860,521.0,S,A,False,S521A
tr|A0A6P7NFA4|A0A6P7NFA4_BETSP,860,521.0,S,A,False,S521A
tr|A0A9W2XZJ7|A0A9W2XZJ7_BETSP,860,521.0,S,A,False,S521A
tr|A0A6P7NA07|A0A6P7NA07_BETSP,860,521.0,S,A,False,S521A
tr|A0A6P7NE39|A0A6P7NE39_BETSP,860,521.0,S,A,False,S521A
tr|A0A6J2S884|A0A6J2S884_COTGO,860,521.0,S,A,False,S521A
tr|A0A6P7I2Q9|A0A6P7I2Q9_9TELE,860,521.0,S,P,False,S521P
tr|A0A6P7HH59|A0A6P7HH59_9TELE,860,521.0,S,P,False,S521P
tr|A0A6P7HWN0|A0A6P7HWN0_9TELE,860,521.0,S,P,False,S521P
tr|A0A9Y4NB67|A0A9Y4NB67_9TELE,860,521.0,S,A,False,S521A
tr|A0A9Y6LYW8|A0A9Y6LYW8_9CICH,860,521.0,S,A,False,S521A
tr|A0A9Y3R1R7|A0A9Y3R1R7_9CICH,860,521.0,S,A,False,S521A
tr|A0AC36JJL6|A0AC36JJL6_9CICH,860,521.0,S,A,False,S521A
tr|A0ACF8DDW5|A0ACF8DDW5_ARAGI,860,521.0,S,P,False,S521P
tr|A0A8U0R0X1|A0A8U0R0X1_SALNM,860,521.0,S,G,False,S521G
tr|A0A6P8GSV4|A0A6P8GSV4_CLUHA,860,521.0,S,N,False,S521N
tr|A0A979FEC0|A0A979FEC0_ICTPU,860,521.0,S,K,False,S521K
tr|A0A979FF91|A0A979FF91_ICTPU,860,521.0,S,K,False,S521K
tr|A0A979FED5|A0A979FED5_ICTPU,860,521.0,S,K,False,S521K
tr|A0A9F7RNW9|A0A9F7RNW9_ICTPU,860,521.0,S,K,False,S521K
tr|A0A979FDQ7|A0A979FDQ7_ICTPU,860,521.0,S,K,False,S521K
tr|A0A979FDP4|A0A979FDP4_ICTPU,860,521.0,S,K,False,S521K
tr|A0A979FDQ5|A0A979FDQ5_ICTPU,860,521.0,S,K,False,S521K
tr|A0AAD8DBY4|A0AAD8DBY4_ACIOX,860,521.0,S,A,False,S521A
tr|A0AAD8DJ01|A0AAD8DJ01_ACIOX,860,521.0,S,A,False,S521A
tr|A0A8J0Q7P1|A0A8J0Q7P1_XENTR,860,521.0,S,G,False,S521G
tr|A0A8J0SHD1|A0A8J0SHD1_XENTR,860,521.0,S,G,False,S521G
tr|A0A8J0SG76|A0A8J0SG76_XENTR,860,521.0,S,G,False,S521G
tr|F7DTZ3|F7DTZ3_XENTR,860,521.0,S,G,False,S521G
tr|A0A8J0S8T9|A0A8J0S8T9_XENTR,860,521.0,S,G,False,S521G
tr|T1PTS4|T1PTS4_PARLB,860,521.0,S,T,False,S521T
tr|A0A9F5IXC2|A0A9F5IXC2_PYTBI,860,521.0,S,T,False,S521T
tr|A0A8C6XFH2|A0A8C6XFH2_NAJNA,860,521.0,S,T,False,S521T
tr|G1KFZ6|G1KFZ6_ANOCA,860,521.0,S,G,False,S521G
tr|A0A6I8SNY6|A0A6I8SNY6_XENTR,860,521.0,S,G,False,S521G
tr|A0A8J0SEG3|A0A8J0SEG3_XENTR,860,521.0,S,G,False,S521G
tr|A0A9F5IS39|A0A9F5IS39_PYTBI,860,521.0,S,T,False,S521T
tr|V6F7W6|V6F7W6_ANOCA,860,521.0,S,G,False,S521G
tr|A0A670Z5Y1|A0A670Z5Y1_PSETE,860,521.0,S,T,False,S521T
tr|A0A670Z823|A0A670Z823_PSETE,860,521.0,S,T,False,S521T
tr|A0A6J1U1T0|A0A6J1U1T0_9SAUR,860,521.0,S,T,False,S521T
tr|A0A9F2NWE2|A0A9F2NWE2_PYTBI,860,521.0,S,T,False,S521T
tr|A0AA47MXR6|A0AA47MXR6_MERPO,861,522.0,D,E,False,D522E
tr|A0AA47MXR6|A0AA47MXR6_MERPO,862,523.0,R,M,False,R523M
tr|A0ABM0GFX0|A0ABM0GFX0_SACKO,862,523.0,R,G,False,R523G
tr|A0A6P8VIH1|A0A6P8VIH1_GYMAC,862,523.0,R,M,False,R523M
tr|A0A2I4BXB8|A0A2I4BXB8_AUSLI,862,523.0,R,M,False,R523M
tr|A0A2I4BXF7|A0A2I4BXF7_AUSLI,862,523.0,R,M,False,R523M
tr|A0A2I4BXC1|A0A2I4BXC1_AUSLI,862,523.0,R,M,False,R523M
tr|A0A2I4BXC7|A0A2I4BXC7_AUSLI,862,523.0,R,M,False,R523M
tr|A0ABV1A463|A0ABV1A463_9TELE,862,523.0,R,M,False,R523M
tr|A0AAV9S7N1|A0AAV9S7N1_9TELE,862,523.0,R,M,False,R523M
tr|A0ABV0TT83|A0ABV0TT83_9TELE,862,523.0,R,M,False,R523M
tr|A0A6P7NA03|A0A6P7NA03_BETSP,862,523.0,R,M,False,R523M
tr|A0A9W2XZU5|A0A9W2XZU5_BETSP,862,523.0,R,M,False,R523M
tr|A0A6P7NFA4|A0A6P7NFA4_BETSP,862,523.0,R,M,False,R523M
tr|A0A9W2XZJ7|A0A9W2XZJ7_BETSP,862,523.0,R,M,False,R523M
tr|A0A6P7NA07|A0A6P7NA07_BETSP,862,523.0,R,M,False,R523M
tr|A0A6P7NE39|A0A6P7NE39_BETSP,862,523.0,R,M,False,R523M
tr|A0A6J2S884|A0A6J2S884_COTGO,862,523.0,R,M,False,R523M
tr|A0A6P7I2Q9|A0A6P7I2Q9_9TELE,862,523.0,R,L,False,R523L
tr|A0A6P7HH59|A0A6P7HH59_9TELE,862,523.0,R,L,False,R523L
tr|A0A6P7HWN0|A0A6P7HWN0_9TELE,862,523.0,R,L,False,R523L
tr|A0A9Y4NB67|A0A9Y4NB67_9TELE,862,523.0,R,M,False,R523M
tr|A0A9Y6LYW8|A0A9Y6LYW8_9CICH,862,523.0,R,M,False,R523M
tr|A0A9Y3R1R7|A0A9Y3R1R7_9CICH,862,523.0,R,M,False,R523M
tr|A0AC36JJL6|A0AC36JJL6_9CICH,862,523.0,R,M,False,R523M
tr|A0ACF8DDW5|A0ACF8DDW5_ARAGI,862,523.0,R,M,False,R523M
tr|A0ACF8FNS1|A0ACF8FNS1_ARAGI,862,523.0,R,M,False,R523M
tr|A0A8U0R0X1|A0A8U0R0X1_SALNM,862,523.0,R,M,False,R523M
tr|A0A6J2V217|A0A6J2V217_CHACN,862,523.0,R,M,False,R523M
tr|A0A6J2V3N9|A0A6J2V3N9_CHACN,862,523.0,R,M,False,R523M
tr|A0A6P8GSV4|A0A6P8GSV4_CLUHA,862,523.0,R,M,False,R523M
tr|A0A979FEC0|A0A979FEC0_ICTPU,862,523.0,R,M,False,R523M
tr|A0A979FF91|A0A979FF91_ICTPU,862,523.0,R,M,False,R523M
tr|A0A979FED5|A0A979FED5_ICTPU,862,523.0,R,M,False,R523M
tr|A0A9F7RNW9|A0A9F7RNW9_ICTPU,862,523.0,R,M,False,R523M
tr|A0A979FDQ7|A0A979FDQ7_ICTPU,862,523.0,R,M,False,R523M
tr|A0A979FDP4|A0A979FDP4_ICTPU,862,523.0,R,M,False,R523M
tr|A0A979FDQ5|A0A979FDQ5_ICTPU,862,523.0,R,M,False,R523M
tr|A0AC58J6Q9|A0AC58J6Q9_DANRE,862,523.0,R,M,False,R523M
tr|A0AC58J6Q2|A0AC58J6Q2_DANRE,862,523.0,R,M,False,R523M
tr|A0AB32TNW7|A0AB32TNW7_DANRE,862,523.0,R,M,False,R523M
tr|A0AC58J6S2|A0AC58J6S2_DANRE,862,523.0,R,M,False,R523M
tr|A0AC58J6R3|A0AC58J6R3_DANRE,862,523.0,R,M,False,R523M
tr|A0ACM8Q842|A0ACM8Q842_DANRE,862,523.0,R,M,False,R523M
tr|A0AB32TSB5|A0AB32TSB5_DANRE,862,523.0,R,M,False,R523M
tr|A0AB32TQV9|A0AB32TQV9_DANRE,862,523.0,R,M,False,R523M
tr|A0AB32TLD3|A0AB32TLD3_DANRE,862,523.0,R,M,False,R523M
tr|A0AC58J6Q5|A0AC58J6Q5_DANRE,862,523.0,R,M,False,R523M
tr|A0A6J2V203|A0A6J2V203_CHACN,862,523.0,R,M,False,R523M
tr|A0AAD8DBY4|A0AAD8DBY4_ACIOX,862,523.0,R,M,False,R523M
tr|A0AAD8DJ01|A0AAD8DJ01_ACIOX,862,523.0,R,M,False,R523M
tr|A0A1L8GU65|A0A1L8GU65_XENLA,862,523.0,R,M,False,R523M
tr|A0A8J0UR98|A0A8J0UR98_XENLA,862,523.0,R,M,False,R523M
tr|A0A8J0UXQ2|A0A8J0UXQ2_XENLA,862,523.0,R,M,False,R523M
tr|A0A8J1MTY3|A0A8J1MTY3_XENLA,862,523.0,R,M,False,R523M
tr|A0A8J1MRN8|A0A8J1MRN8_XENLA,862,523.0,R,M,False,R523M
tr|A0AA47MXR6|A0AA47MXR6_MERPO,871,532.0,S,T,False,S532T
tr|A0ABM0GFX0|A0ABM0GFX0_SACKO,871,532.0,S,N,False,S532N
tr|A0AA47MXR6|A0AA47MXR6_MERPO,875,536.0,R,S,False,R536S
tr|A0A6P8GSV4|A0A6P8GSV4_CLUHA,875,536.0,R,T,False,R536T
tr|A0AA47MXR6|A0AA47MXR6_MERPO,882,543.0,R,Q,False,R543Q
tr|A0ABM0GFX0|A0ABM0GFX0_SACKO,917,578.0,V,M,False,V578M
tr|A0A6P8VIH1|A0A6P8VIH1_GYMAC,917,578.0,V,M,False,V578M
tr|A0A2I4BXB8|A0A2I4BXB8_AUSLI,917,578.0,V,M,False,V578M
tr|A0A2I4BXF7|A0A2I4BXF7_AUSLI,917,578.0,V,M,False,V578M
tr|A0A2I4BXC1|A0A2I4BXC1_AUSLI,917,578.0,V,M,False,V578M
tr|A0A2I4BXC7|A0A2I4BXC7_AUSLI,917,578.0,V,M,False,V578M
tr|A0A6J2S884|A0A6J2S884_COTGO,917,578.0,V,M,False,V578M
tr|A0ACF8DDW5|A0ACF8DDW5_ARAGI,917,578.0,V,L,False,V578L
tr|A0A8U0R0X1|A0A8U0R0X1_SALNM,917,578.0,V,M,False,V578M
tr|A0A6J2V217|A0A6J2V217_CHACN,917,578.0,V,M,False,V578M
tr|A0A6J2V3N9|A0A6J2V3N9_CHACN,917,578.0,V,M,False,V578M
tr|A0A6P8GSV4|A0A6P8GSV4_CLUHA,917,578.0,V,M,False,V578M
tr|A0A979FEC0|A0A979FEC0_ICTPU,917,578.0,V,M,False,V578M
tr|A0A979FF91|A0A979FF91_ICTPU,917,578.0,V,M,False,V578M
tr|A0A979FED5|A0A979FED5_ICTPU,917,578.0,V,M,False,V578M
tr|A0A9F7RNW9|A0A9F7RNW9_ICTPU,917,578.0,V,M,False,V578M
tr|A0A979FDQ7|A0A979FDQ7_ICTPU,917,578.0,V,M,False,V578M
tr|A0A979FDP4|A0A979FDP4_ICTPU,917,578.0,V,M,False,V578M
tr|A0A979FDQ5|A0A979FDQ5_ICTPU,917,578.0,V,M,False,V578M
tr|A0AC58J6Q9|A0AC58J6Q9_DANRE,917,578.0,V,M,False,V578M
tr|A0AC58J6Q2|A0AC58J6Q2_DANRE,917,578.0,V,M,False,V578M
tr|A0AB32TNW7|A0AB32TNW7_DANRE,917,578.0,V,M,False,V578M
tr|A0AC58J6S2|A0AC58J6S2_DANRE,917,578.0,V,M,False,V578M
tr|A0AC58J6R3|A0AC58J6R3_DANRE,917,578.0,V,M,False,V578M
tr|A0ACM8Q842|A0ACM8Q842_DANRE,917,578.0,V,M,False,V578M
tr|A0AB32TSB5|A0AB32TSB5_DANRE,917,578.0,V,M,False,V578M
tr|A0AB32TQV9|A0AB32TQV9_DANRE,917,578.0,V,M,False,V578M
tr|A0AB32TLD3|A0AB32TLD3_DANRE,917,578.0,V,M,False,V578M
tr|A0AC58J6Q5|A0AC58J6Q5_DANRE,917,578.0,V,M,False,V578M
tr|A0A6J2V203|A0A6J2V203_CHACN,917,578.0,V,M,False,V578M
tr|A0AAD8DBY4|A0AAD8DBY4_ACIOX,917,578.0,V,M,False,V578M
tr|A0AAD8DJ01|A0AAD8DJ01_ACIOX,917,578.0,V,I,False,V578I
tr|A0A8C2TN39|A0A8C2TN39_COTJA,917,578.0,V,Q,False,V578Q
tr|A0A8C2TN55|A0A8C2TN55_COTJA,917,578.0,V,Q,False,V578Q
tr|A0A8C5M8V1|A0A8C5M8V1_9ANUR,917,578.0,V,A,False,V578A
tr|A0A1L8GU65|A0A1L8GU65_XENLA,917,578.0,V,A,False,V578A
tr|A0A8J0UR98|A0A8J0UR98_XENLA,917,578.0,V,A,False,V578A
tr|A0A8J0UXQ2|A0A8J0UXQ2_XENLA,917,578.0,V,A,False,V578A
tr|A0A8J1MHG6|A0A8J1MHG6_XENLA,917,578.0,V,A,False,V578A
tr|A0A1L8GYY0|A0A1L8GYY0_XENLA,917,578.0,V,A,False,V578A
tr|A0A8J1MIF2|A0A8J1MIF2_XENLA,917,578.0,V,A,False,V578A
tr|A0A8J1MHG1|A0A8J1MHG1_XENLA,917,578.0,V,A,False,V578A
tr|A0A8J1MHG5|A0A8J1MHG5_XENLA,917,578.0,V,A,False,V578A
tr|A0A8J0Q7P1|A0A8J0Q7P1_XENTR,917,578.0,V,A,False,V578A
tr|A0A8J0SHD1|A0A8J0SHD1_XENTR,917,578.0,V,A,False,V578A
tr|A0A8J0SG76|A0A8J0SG76_XENTR,917,578.0,V,A,False,V578A
tr|F7DTZ3|F7DTZ3_XENTR,917,578.0,V,A,False,V578A
tr|A0A8J0S8T9|A0A8J0S8T9_XENTR,917,578.0,V,A,False,V578A
tr|T1PTS4|T1PTS4_PARLB,917,578.0,V,A,False,V578A
tr|A0A6P8S6V4|A0A6P8S6V4_GEOSA,917,578.0,V,A,False,V578A
tr|A0A6P8SBP1|A0A6P8SBP1_GEOSA,917,578.0,V,A,False,V578A
tr|A0A6P8S5P9|A0A6P8S5P9_GEOSA,917,578.0,V,A,False,V578A
tr|A0A6P8S5Q7|A0A6P8S5Q7_GEOSA,917,578.0,V,A,False,V578A
tr|A0A6P7YWZ4|A0A6P7YWZ4_9AMPH,917,578.0,V,A,False,V578A
tr|A0A6P7Z4T0|A0A6P7Z4T0_9AMPH,917,578.0,V,A,False,V578A
tr|A0A6P8S9S5|A0A6P8S9S5_GEOSA,917,578.0,V,A,False,V578A
tr|A0A6P8SBN6|A0A6P8SBN6_GEOSA,917,578.0,V,A,False,V578A
tr|A0A6P8S5P6|A0A6P8S5P6_GEOSA,917,578.0,V,A,False,V578A
tr|A0A6P8S9T4|A0A6P8S9T4_GEOSA,917,578.0,V,A,False,V578A
tr|A0A6P8S6B0|A0A6P8S6B0_GEOSA,917,578.0,V,A,False,V578A
tr|A0A6P8S6A6|A0A6P8S6A6_GEOSA,917,578.0,V,A,False,V578A
tr|A0A6P8S6A3|A0A6P8S6A3_GEOSA,917,578.0,V,A,False,V578A
tr|A0A6P8S5P3|A0A6P8S5P3_GEOSA,917,578.0,V,A,False,V578A
tr|A0A6P8S9T8|A0A6P8S9T8_GEOSA,917,578.0,V,A,False,V578A
tr|A0A6I8ND77|A0A6I8ND77_ORNAN,917,578.0,V,A,False,V578A
tr|A0A8C2TN37|A0A8C2TN37_COTJA,917,578.0,V,Q,False,V578Q
tr|A0A6P7Z2S0|A0A6P7Z2S0_9AMPH,917,578.0,V,A,False,V578A
tr|A0A6P8S6V7|A0A6P8S6V7_GEOSA,917,578.0,V,A,False,V578A
tr|A0A6P8SBP4|A0A6P8SBP4_GEOSA,917,578.0,V,A,False,V578A
tr|A0A6P8S5Q2|A0A6P8S5Q2_GEOSA,917,578.0,V,A,False,V578A
tr|A0A6P8S9T0|A0A6P8S9T0_GEOSA,917,578.0,V,A,False,V578A
tr|A0A8J1MTY3|A0A8J1MTY3_XENLA,917,578.0,V,A,False,V578A
tr|A0A8J1MRN8|A0A8J1MRN8_XENLA,917,578.0,V,A,False,V578A
tr|A0A6I8SNY6|A0A6I8SNY6_XENTR,917,578.0,V,A,False,V578A
tr|A0A8J0SEG3|A0A8J0SEG3_XENTR,917,578.0,V,A,False,V578A
sp|Q4VYS1|FOXP2_XENLA,917,578.0,V,A,False,V578A
tr|A0A8J1MI35|A0A8J1MI35_XENLA,917,578.0,V,A,False,V578A
tr|A0A8C2TQ46|A0A8C2TQ46_COTJA,917,578.0,V,Q,False,V578Q
tr|A0A8C2TQ55|A0A8C2TQ55_COTJA,917,578.0,V,Q,False,V578Q
tr|A0AA47MXR6|A0AA47MXR6_MERPO,919,580.0,Y,F,False,Y580F
tr|A0A8C2TN39|A0A8C2TN39_COTJA,919,580.0,Y,F,False,Y580F
tr|A0A8C2TN55|A0A8C2TN55_COTJA,919,580.0,Y,F,False,Y580F
tr|A0A8C2TN37|A0A8C2TN37_COTJA,919,580.0,Y,F,False,Y580F
tr|A0A8C2TQ46|A0A8C2TQ46_COTJA,919,580.0,Y,F,False,Y580F
tr|A0A8C2TQ55|A0A8C2TQ55_COTJA,919,580.0,Y,F,False,Y580F
tr|G8HZI0|G8HZI0_CHICK,920,581.0,Q,R,False,Q581R
tr|G8HZI1|G8HZI1_CHICK,920,581.0,Q,R,False,Q581R
tr|G8HZH9|G8HZH9_CHICK,920,581.0,Q,R,False,Q581R
tr|G8HZH8|G8HZH8_CHICK,920,581.0,Q,R,False,Q581R
tr|A0A1L8GU65|A0A1L8GU65_XENLA,921,582.0,K,R,False,K582R
tr|A0A8J0UR98|A0A8J0UR98_XENLA,921,582.0,K,R,False,K582R
tr|A0A8J0UXQ2|A0A8J0UXQ2_XENLA,921,582.0,K,R,False,K582R
tr|A0A8J1MTY3|A0A8J1MTY3_XENLA,921,582.0,K,R,False,K582R
tr|A0A8J1MRN8|A0A8J1MRN8_XENLA,921,582.0,K,R,False,K582R
tr|A0ABM0GFX0|A0ABM0GFX0_SACKO,924,585.0,S,P,False,S585P
tr|A0A8C2TN39|A0A8C2TN39_COTJA,924,585.0,S,P,False,S585P
tr|A0A8C2TN55|A0A8C2TN55_COTJA,924,585.0,S,P,False,S585P
tr|A0A8C2TN37|A0A8C2TN37_COTJA,924,585.0,S,P,False,S585P
tr|A0A8C2TQ46|A0A8C2TQ46_COTJA,924,585.0,S,P,False,S585P
tr|A0A8C2TQ55|A0A8C2TQ55_COTJA,924,585.0,S,P,False,S585P
tr|A0AA47MXR6|A0AA47MXR6_MERPO,927,588.0,I,M,False,I588M
tr|A0ACF8DDW5|A0ACF8DDW5_ARAGI,927,588.0,I,M,False,I588M
tr|A0ABM0GFX0|A0ABM0GFX0_SACKO,928,589.0,T,S,False,T589S
sp|Q4VYS1|FOXP2_XENLA,943,590.0,G,A,False,G590A
tr|A0ABM0GFX0|A0ABM0GFX0_SACKO,944,591.0,S,P,False,S591P
tr|A0A2Y9DWJ1|A0A2Y9DWJ1_TRIMA,944,591.0,S,N,False,S591N
tr|A0A6J0HH27|A0A6J0HH27_9PASS,944,591.0,S,L,False,S591L
tr|A0ABM0GFX0|A0ABM0GFX0_SACKO,945,592.0,P,G,False,P592G
tr|A0A6J0HH27|A0A6J0HH27_9PASS,945,592.0,P,H,False,P592H
tr|A0AA47MXR6|A0AA47MXR6_MERPO,946,593.0,T,S,False,T593S
tr|A0A6P8VIH1|A0A6P8VIH1_GYMAC,946,593.0,T,S,False,T593S
tr|A0A2I4BXB8|A0A2I4BXB8_AUSLI,946,593.0,T,S,False,T593S
tr|A0A2I4BXF7|A0A2I4BXF7_AUSLI,946,593.0,T,S,False,T593S
tr|A0A2I4BXC1|A0A2I4BXC1_AUSLI,946,593.0,T,S,False,T593S
tr|A0A2I4BXC7|A0A2I4BXC7_AUSLI,946,593.0,T,S,False,T593S
tr|A0ABV1A463|A0ABV1A463_9TELE,946,593.0,T,S,False,T593S
tr|A0AAV9S7N1|A0AAV9S7N1_9TELE,946,593.0,T,S,False,T593S
tr|A0ABV0TT83|A0ABV0TT83_9TELE,946,593.0,T,S,False,T593S
tr|A0A6P7NA03|A0A6P7NA03_BETSP,946,593.0,T,S,False,T593S
tr|A0A9W2XZU5|A0A9W2XZU5_BETSP,946,593.0,T,S,False,T593S
tr|A0A6P7NFA4|A0A6P7NFA4_BETSP,946,593.0,T,S,False,T593S
tr|A0A9W2XZJ7|A0A9W2XZJ7_BETSP,946,593.0,T,S,False,T593S
tr|A0A6P7NA07|A0A6P7NA07_BETSP,946,593.0,T,S,False,T593S
tr|A0A6P7NE39|A0A6P7NE39_BETSP,946,593.0,T,S,False,T593S
tr|A0A6J2S884|A0A6J2S884_COTGO,946,593.0,T,S,False,T593S
tr|A0A6P7I2Q9|A0A6P7I2Q9_9TELE,946,593.0,T,S,False,T593S
tr|A0A6P7HH59|A0A6P7HH59_9TELE,946,593.0,T,S,False,T593S
tr|A0A6P7HWN0|A0A6P7HWN0_9TELE,946,593.0,T,S,False,T593S
tr|A0A9Y4NB67|A0A9Y4NB67_9TELE,946,593.0,T,S,False,T593S
tr|A0A9Y6LYW8|A0A9Y6LYW8_9CICH,946,593.0,T,S,False,T593S
tr|A0A9Y3R1R7|A0A9Y3R1R7_9CICH,946,593.0,T,S,False,T593S
tr|A0AC36JJL6|A0AC36JJL6_9CICH,946,593.0,T,S,False,T593S
tr|A0ACF8FNS1|A0ACF8FNS1_ARAGI,946,593.0,T,S,False,T593S
tr|A0A6J2V217|A0A6J2V217_CHACN,946,593.0,T,N,False,T593N
tr|A0A6J2V3N9|A0A6J2V3N9_CHACN,946,593.0,T,N,False,T593N
tr|A0A6J2V203|A0A6J2V203_CHACN,946,593.0,T,N,False,T593N
tr|A0A6I9YYB6|A0A6I9YYB6_9SAUR,946,593.0,T,P,False,T593P
tr|A0A6J0HH27|A0A6J0HH27_9PASS,946,593.0,T,W,False,T593W
tr|A0A8C6XFH2|A0A8C6XFH2_NAJNA,946,593.0,T,P,False,T593P
tr|A0A670Z5Y1|A0A670Z5Y1_PSETE,946,593.0,T,P,False,T593P
tr|A0A670Z823|A0A670Z823_PSETE,946,593.0,T,P,False,T593P
tr|A0A6J1U1T0|A0A6J1U1T0_9SAUR,946,593.0,T,P,False,T593P
tr|A0A6I9YXB8|A0A6I9YXB8_9SAUR,946,593.0,T,P,False,T593P
tr|A0AA47MXR6|A0AA47MXR6_MERPO,947,594.0,L,M,False,L594M
tr|A0ABM0GFX0|A0ABM0GFX0_SACKO,947,594.0,L,P,False,L594P
tr|A0A6J0HH27|A0A6J0HH27_9PASS,947,594.0,L,Q,False,L594Q
tr|A0AA47MXR6|A0AA47MXR6_MERPO,948,595.0,V,M,False,V595M
tr|A0ABM0GFX0|A0ABM0GFX0_SACKO,948,595.0,V,M,False,V595M
tr|A0A6J0HH27|A0A6J0HH27_9PASS,948,595.0,V,R,False,V595R
tr|A0A6J0HH27|A0A6J0HH27_9PASS,949,596.0,K,V,False,K596V
tr|A0AA47MXR6|A0AA47MXR6_MERPO,952,597.0,N,H,False,N597H
tr|A0ACF8DDW5|A0ACF8DDW5_ARAGI,952,597.0,N,S,False,N597S
tr|A0A6J0HH27|A0A6J0HH27_9PASS,952,597.0,N,V,False,N597V
tr|A0AA47MXR6|A0AA47MXR6_MERPO,953,598.0,I,V,False,I598V
tr|A0ABM0GFX0|A0ABM0GFX0_SACKO,953,598.0,I,S,False,I598S
tr|A0A6P8VIH1|A0A6P8VIH1_GYMAC,953,598.0,I,L,False,I598L
tr|A0A2I4BXB8|A0A2I4BXB8_AUSLI,953,598.0,I,L,False,I598L
tr|A0A2I4BXF7|A0A2I4BXF7_AUSLI,953,598.0,I,L,False,I598L
tr|A0A2I4BXC1|A0A2I4BXC1_AUSLI,953,598.0,I,L,False,I598L
tr|A0A2I4BXC7|A0A2I4BXC7_AUSLI,953,598.0,I,L,False,I598L
tr|A0ABV1A463|A0ABV1A463_9TELE,953,598.0,I,L,False,I598L
tr|A0AAV9S7N1|A0AAV9S7N1_9TELE,953,598.0,I,L,False,I598L
tr|A0ABV0TT83|A0ABV0TT83_9TELE,953,598.0,I,L,False,I598L
tr|A0A6P7NA03|A0A6P7NA03_BETSP,953,598.0,I,L,False,I598L
tr|A0A9W2XZU5|A0A9W2XZU5_BETSP,953,598.0,I,L,False,I598L
tr|A0A6P7NFA4|A0A6P7NFA4_BETSP,953,598.0,I,L,False,I598L
tr|A0A9W2XZJ7|A0A9W2XZJ7_BETSP,953,598.0,I,L,False,I598L
tr|A0A6P7NA07|A0A6P7NA07_BETSP,953,598.0,I,L,False,I598L
tr|A0A6P7NE39|A0A6P7NE39_BETSP,953,598.0,I,L,False,I598L
tr|A0A6J2S884|A0A6J2S884_COTGO,953,598.0,I,L,False,I598L
tr|A0A6P7I2Q9|A0A6P7I2Q9_9TELE,953,598.0,I,L,False,I598L
tr|A0A6P7HH59|A0A6P7HH59_9TELE,953,598.0,I,L,False,I598L
tr|A0A6P7HWN0|A0A6P7HWN0_9TELE,953,598.0,I,L,False,I598L
tr|A0A9Y4NB67|A0A9Y4NB67_9TELE,953,598.0,I,L,False,I598L
tr|A0A9Y6LYW8|A0A9Y6LYW8_9CICH,953,598.0,I,L,False,I598L
tr|A0A9Y3R1R7|A0A9Y3R1R7_9CICH,953,598.0,I,L,False,I598L
tr|A0AC36JJL6|A0AC36JJL6_9CICH,953,598.0,I,L,False,I598L
tr|A0ACF8DDW5|A0ACF8DDW5_ARAGI,953,598.0,I,L,False,I598L
tr|A0ACF8FNS1|A0ACF8FNS1_ARAGI,953,598.0,I,L,False,I598L
tr|A0A8U0R0X1|A0A8U0R0X1_SALNM,953,598.0,I,L,False,I598L
tr|A0A6J2V217|A0A6J2V217_CHACN,953,598.0,I,L,False,I598L
tr|A0A6J2V3N9|A0A6J2V3N9_CHACN,953,598.0,I,L,False,I598L
tr|A0A6P8GSV4|A0A6P8GSV4_CLUHA,953,598.0,I,L,False,I598L
tr|A0A979FEC0|A0A979FEC0_ICTPU,953,598.0,I,L,False,I598L
tr|A0A979FF91|A0A979FF91_ICTPU,953,598.0,I,L,False,I598L
tr|A0A979FED5|A0A979FED5_ICTPU,953,598.0,I,L,False,I598L
tr|A0A9F7RNW9|A0A9F7RNW9_ICTPU,953,598.0,I,L,False,I598L
tr|A0A979FDQ7|A0A979FDQ7_ICTPU,953,598.0,I,L,False,I598L
tr|A0A979FDP4|A0A979FDP4_ICTPU,953,598.0,I,L,False,I598L
tr|A0A979FDQ5|A0A979FDQ5_ICTPU,953,598.0,I,L,False,I598L
tr|A0AC58J6Q9|A0AC58J6Q9_DANRE,953,598.0,I,L,False,I598L
tr|A0AC58J6Q2|A0AC58J6Q2_DANRE,953,598.0,I,L,False,I598L
tr|A0AB32TNW7|A0AB32TNW7_DANRE,953,598.0,I,L,False,I598L
tr|A0AC58J6S2|A0AC58J6S2_DANRE,953,598.0,I,L,False,I598L
tr|A0AC58J6R3|A0AC58J6R3_DANRE,953,598.0,I,L,False,I598L
tr|A0ACM8Q842|A0ACM8Q842_DANRE,953,598.0,I,L,False,I598L
tr|A0AB32TSB5|A0AB32TSB5_DANRE,953,598.0,I,L,False,I598L
tr|A0AB32TQV9|A0AB32TQV9_DANRE,953,598.0,I,L,False,I598L
tr|A0AB32TLD3|A0AB32TLD3_DANRE,953,598.0,I,L,False,I598L
tr|A0AC58J6Q5|A0AC58J6Q5_DANRE,953,598.0,I,L,False,I598L
tr|A0A6J2V203|A0A6J2V203_CHACN,953,598.0,I,L,False,I598L
tr|A0AAD8DBY4|A0AAD8DBY4_ACIOX,953,598.0,I,L,False,I598L
tr|A0AAD8DJ01|A0AAD8DJ01_ACIOX,953,598.0,I,L,False,I598L
tr|A0A6J0HH27|A0A6J0HH27_9PASS,953,598.0,I,Y,False,I598Y
tr|A0AA47MXR6|A0AA47MXR6_MERPO,954,599.0,P,S,False,P599S
tr|A0A6J0HH27|A0A6J0HH27_9PASS,954,599.0,P,H,False,P599H
tr|A0AA47MXR6|A0AA47MXR6_MERPO,955,600.0,T,S,False,T600S
tr|A0A6P8VIH1|A0A6P8VIH1_GYMAC,955,600.0,T,C,False,T600C
tr|A0A2I4BXB8|A0A2I4BXB8_AUSLI,955,600.0,T,S,False,T600S
tr|A0A2I4BXF7|A0A2I4BXF7_AUSLI,955,600.0,T,S,False,T600S
tr|A0A2I4BXC1|A0A2I4BXC1_AUSLI,955,600.0,T,S,False,T600S
tr|A0A2I4BXC7|A0A2I4BXC7_AUSLI,955,600.0,T,S,False,T600S
tr|A0ABV1A463|A0ABV1A463_9TELE,955,600.0,T,S,False,T600S
tr|A0AAV9S7N1|A0AAV9S7N1_9TELE,955,600.0,T,S,False,T600S
tr|A0ABV0TT83|A0ABV0TT83_9TELE,955,600.0,T,S,False,T600S
tr|A0A6P7NA03|A0A6P7NA03_BETSP,955,600.0,T,S,False,T600S
tr|A0A9W2XZU5|A0A9W2XZU5_BETSP,955,600.0,T,S,False,T600S
tr|A0A6P7NFA4|A0A6P7NFA4_BETSP,955,600.0,T,S,False,T600S
tr|A0A9W2XZJ7|A0A9W2XZJ7_BETSP,955,600.0,T,S,False,T600S
tr|A0A6P7NA07|A0A6P7NA07_BETSP,955,600.0,T,S,False,T600S
tr|A0A6P7NE39|A0A6P7NE39_BETSP,955,600.0,T,S,False,T600S
tr|A0A6J2S884|A0A6J2S884_COTGO,955,600.0,T,S,False,T600S
tr|A0A6P7I2Q9|A0A6P7I2Q9_9TELE,955,600.0,T,S,False,T600S
tr|A0A6P7HH59|A0A6P7HH59_9TELE,955,600.0,T,S,False,T600S
tr|A0A6P7HWN0|A0A6P7HWN0_9TELE,955,600.0,T,S,False,T600S
tr|A0A9Y4NB67|A0A9Y4NB67_9TELE,955,600.0,T,S,False,T600S
tr|A0A9Y6LYW8|A0A9Y6LYW8_9CICH,955,600.0,T,S,False,T600S
tr|A0A9Y3R1R7|A0A9Y3R1R7_9CICH,955,600.0,T,S,False,T600S
tr|A0AC36JJL6|A0AC36JJL6_9CICH,955,600.0,T,S,False,T600S
tr|A0ACF8DDW5|A0ACF8DDW5_ARAGI,955,600.0,T,S,False,T600S
tr|A0ACF8FNS1|A0ACF8FNS1_ARAGI,955,600.0,T,S,False,T600S
tr|A0A8U0R0X1|A0A8U0R0X1_SALNM,955,600.0,T,S,False,T600S
tr|A0A6J2V217|A0A6J2V217_CHACN,955,600.0,T,S,False,T600S
tr|A0A6J2V3N9|A0A6J2V3N9_CHACN,955,600.0,T,S,False,T600S
tr|A0A6P8GSV4|A0A6P8GSV4_CLUHA,955,600.0,T,S,False,T600S
tr|A0A979FEC0|A0A979FEC0_ICTPU,955,600.0,T,P,False,T600P
tr|A0A979FF91|A0A979FF91_ICTPU,955,600.0,T,P,False,T600P
tr|A0A979FED5|A0A979FED5_ICTPU,955,600.0,T,P,False,T600P
tr|A0A9F7RNW9|A0A9F7RNW9_ICTPU,955,600.0,T,P,False,T600P
tr|A0A979FDQ7|A0A979FDQ7_ICTPU,955,600.0,T,P,False,T600P
tr|A0A979FDP4|A0A979FDP4_ICTPU,955,600.0,T,P,False,T600P
tr|A0A979FDQ5|A0A979FDQ5_ICTPU,955,600.0,T,P,False,T600P
tr|A0AC58J6Q9|A0AC58J6Q9_DANRE,955,600.0,T,S,False,T600S
tr|A0AC58J6Q2|A0AC58J6Q2_DANRE,955,600.0,T,S,False,T600S
tr|A0AB32TNW7|A0AB32TNW7_DANRE,955,600.0,T,S,False,T600S
tr|A0AC58J6S2|A0AC58J6S2_DANRE,955,600.0,T,S,False,T600S
tr|A0AC58J6R3|A0AC58J6R3_DANRE,955,600.0,T,S,False,T600S
tr|A0ACM8Q842|A0ACM8Q842_DANRE,955,600.0,T,S,False,T600S
tr|A0AB32TSB5|A0AB32TSB5_DANRE,955,600.0,T,S,False,T600S
tr|A0AB32TQV9|A0AB32TQV9_DANRE,955,600.0,T,S,False,T600S
tr|A0AB32TLD3|A0AB32TLD3_DANRE,955,600.0,T,S,False,T600S
tr|A0AC58J6Q5|A0AC58J6Q5_DANRE,955,600.0,T,S,False,T600S
tr|A0A6J2V203|A0A6J2V203_CHACN,955,600.0,T,S,False,T600S
tr|H3AY31|H3AY31_LATCH,955,600.0,T,A,False,T600A
tr|A0A6J0HH27|A0A6J0HH27_9PASS,955,600.0,T,C,False,T600C
tr|V6F812|V6F812_LATCH,955,600.0,T,A,False,T600A
tr|A0ABM1JYM0|A0ABM1JYM0_GEKJA,955,600.0,T,S,False,T600S
tr|H3AY31|H3AY31_LATCH,956,601.0,S,G,False,S601G
tr|V6F812|V6F812_LATCH,956,601.0,S,G,False,S601G
tr|A0ABM0GFX0|A0ABM0GFX0_SACKO,958,602.0,L,H,False,L602H
tr|A0AA47MXR6|A0AA47MXR6_MERPO,959,603.0,G,A,False,G603A
tr|A0ABM0GFX0|A0ABM0GFX0_SACKO,959,603.0,G,T,False,G603T
tr|A0AA47MXR6|A0AA47MXR6_MERPO,960,604.0,Y,V,False,Y604V
tr|A0ACF8DDW5|A0ACF8DDW5_ARAGI,961,605.0,G,S,False,G605S
tr|A0AA47MXR6|A0AA47MXR6_MERPO,962,606.0,A,S,False,A606S
tr|A0ABM0GFX0|A0ABM0GFX0_SACKO,962,606.0,A,Q,False,A606Q
tr|A0A6P8VIH1|A0A6P8VIH1_GYMAC,962,606.0,A,S,False,A606S
tr|A0A2I4BXB8|A0A2I4BXB8_AUSLI,962,606.0,A,T,False,A606T
tr|A0A2I4BXF7|A0A2I4BXF7_AUSLI,962,606.0,A,T,False,A606T
tr|A0A2I4BXC1|A0A2I4BXC1_AUSLI,962,606.0,A,T,False,A606T
tr|A0A2I4BXC7|A0A2I4BXC7_AUSLI,962,606.0,A,T,False,A606T
tr|A0ABV1A463|A0ABV1A463_9TELE,962,606.0,A,T,False,A606T
tr|A0AAV9S7N1|A0AAV9S7N1_9TELE,962,606.0,A,T,False,A606T
tr|A0ABV0TT83|A0ABV0TT83_9TELE,962,606.0,A,T,False,A606T
tr|A0A6P7NA03|A0A6P7NA03_BETSP,962,606.0,A,T,False,A606T
tr|A0A9W2XZU5|A0A9W2XZU5_BETSP,962,606.0,A,T,False,A606T
tr|A0A6P7NFA4|A0A6P7NFA4_BETSP,962,606.0,A,T,False,A606T
tr|A0A9W2XZJ7|A0A9W2XZJ7_BETSP,962,606.0,A,T,False,A606T
tr|A0A6P7NA07|A0A6P7NA07_BETSP,962,606.0,A,T,False,A606T
tr|A0A6P7NE39|A0A6P7NE39_BETSP,962,606.0,A,T,False,A606T
tr|A0A6J2S884|A0A6J2S884_COTGO,962,606.0,A,T,False,A606T
tr|A0A6P7I2Q9|A0A6P7I2Q9_9TELE,962,606.0,A,T,False,A606T
tr|A0A6P7HH59|A0A6P7HH59_9TELE,962,606.0,A,T,False,A606T
tr|A0A6P7HWN0|A0A6P7HWN0_9TELE,962,606.0,A,T,False,A606T
tr|A0A9Y4NB67|A0A9Y4NB67_9TELE,962,606.0,A,T,False,A606T
tr|A0A9Y6LYW8|A0A9Y6LYW8_9CICH,962,606.0,A,T,False,A606T
tr|A0A9Y3R1R7|A0A9Y3R1R7_9CICH,962,606.0,A,T,False,A606T
tr|A0AC36JJL6|A0AC36JJL6_9CICH,962,606.0,A,T,False,A606T
tr|A0ACF8DDW5|A0ACF8DDW5_ARAGI,962,606.0,A,T,False,A606T
tr|A0AA47MXR6|A0AA47MXR6_MERPO,963,607.0,A,T,False,A607T
tr|A0ABM0GFX0|A0ABM0GFX0_SACKO,963,607.0,A,N,False,A607N
tr|A0A6J0HH27|A0A6J0HH27_9PASS,963,607.0,A,L,False,A607L
tr|A0A6J0HH27|A0A6J0HH27_9PASS,964,608.0,L,V,False,L608V
tr|A0AA47MXR6|A0AA47MXR6_MERPO,965,609.0,N,G,False,N609G
tr|A0A6J0HH27|A0A6J0HH27_9PASS,965,609.0,N,T,False,N609T
tr|A0AA47MXR6|A0AA47MXR6_MERPO,966,610.0,A,V,False,A610V
tr|A0A6J0HH27|A0A6J0HH27_9PASS,966,610.0,A,Q,False,A610Q
tr|A0AA47MXR6|A0AA47MXR6_MERPO,967,611.0,S,A,False,S611A
tr|A0A2I3H895|A0A2I3H895_NOMLE,967,611.0,S,D,False,S611D
tr|A0A6J0HH27|A0A6J0HH27_9PASS,967,611.0,S,D,False,S611D
tr|A0ABM0GFX0|A0ABM0GFX0_SACKO,968,612.0,L,I,False,L612I
tr|A0A2I3H895|A0A2I3H895_NOMLE,968,612.0,L,S,False,L612S
tr|A0A2I3H895|A0A2I3H895_NOMLE,969,613.0,Q,F,False,Q613F
tr|A0ABM4G1M1|A0ABM4G1M1_9AVES,970,614.0,A,T,False,A614T
tr|A0ABM4G1M1|A0ABM4G1M1_9AVES,971,615.0,A,F,False,A615F
tr|A0AA47MXR6|A0AA47MXR6_MERPO,972,616.0,L,V,False,L616V
tr|A0ABM4G1M1|A0ABM4G1M1_9AVES,972,616.0,L,Y,False,L616Y
tr|A0ABM4G1M1|A0ABM4G1M1_9AVES,973,617.0,A,P,False,A617P
tr|A0ABM4G1M1|A0ABM4G1M1_9AVES,974,618.0,E,C,False,E618C
tr|A0AA47MXR6|A0AA47MXR6_MERPO,975,619.0,S,T,False,S619T
tr|A0A6P8VIH1|A0A6P8VIH1_GYMAC,975,619.0,S,T,False,S619T
tr|A0A2I4BXB8|A0A2I4BXB8_AUSLI,975,619.0,S,T,False,S619T
tr|A0A2I4BXF7|A0A2I4BXF7_AUSLI,975,619.0,S,T,False,S619T
tr|A0A2I4BXC1|A0A2I4BXC1_AUSLI,975,619.0,S,T,False,S619T
tr|A0A2I4BXC7|A0A2I4BXC7_AUSLI,975,619.0,S,T,False,S619T
tr|A0ABV1A463|A0ABV1A463_9TELE,975,619.0,S,T,False,S619T
tr|A0AAV9S7N1|A0AAV9S7N1_9TELE,975,619.0,S,T,False,S619T
tr|A0ABV0TT83|A0ABV0TT83_9TELE,975,619.0,S,T,False,S619T
tr|A0A6P7NA03|A0A6P7NA03_BETSP,975,619.0,S,T,False,S619T
tr|A0A9W2XZU5|A0A9W2XZU5_BETSP,975,619.0,S,T,False,S619T
tr|A0A6P7NFA4|A0A6P7NFA4_BETSP,975,619.0,S,T,False,S619T
tr|A0A9W2XZJ7|A0A9W2XZJ7_BETSP,975,619.0,S,T,False,S619T
tr|A0A6P7NA07|A0A6P7NA07_BETSP,975,619.0,S,T,False,S619T
tr|A0A6P7NE39|A0A6P7NE39_BETSP,975,619.0,S,T,False,S619T
tr|A0A6J2S884|A0A6J2S884_COTGO,975,619.0,S,T,False,S619T
tr|A0A6P7I2Q9|A0A6P7I2Q9_9TELE,975,619.0,S,T,False,S619T
tr|A0A6P7HH59|A0A6P7HH59_9TELE,975,619.0,S,T,False,S619T
tr|A0A6P7HWN0|A0A6P7HWN0_9TELE,975,619.0,S,T,False,S619T
tr|A0A9Y4NB67|A0A9Y4NB67_9TELE,975,619.0,S,T,False,S619T
tr|A0A9Y6LYW8|A0A9Y6LYW8_9CICH,975,619.0,S,T,False,S619T
tr|A0A9Y3R1R7|A0A9Y3R1R7_9CICH,975,619.0,S,T,False,S619T
tr|A0AC36JJL6|A0AC36JJL6_9CICH,975,619.0,S,T,False,S619T
tr|A0A8U0R0X1|A0A8U0R0X1_SALNM,975,619.0,S,T,False,S619T
tr|A0A6J2V217|A0A6J2V217_CHACN,975,619.0,S,T,False,S619T
tr|A0A6J2V3N9|A0A6J2V3N9_CHACN,975,619.0,S,T,False,S619T
tr|A0A6P8GSV4|A0A6P8GSV4_CLUHA,975,619.0,S,T,False,S619T
tr|A0A979FEC0|A0A979FEC0_ICTPU,975,619.0,S,T,False,S619T
tr|A0A979FF91|A0A979FF91_ICTPU,975,619.0,S,T,False,S619T
tr|A0A979FED5|A0A979FED5_ICTPU,975,619.0,S,T,False,S619T
tr|A0A9F7RNW9|A0A9F7RNW9_ICTPU,975,619.0,S,T,False,S619T
tr|A0A979FDQ7|A0A979FDQ7_ICTPU,975,619.0,S,T,False,S619T
tr|A0A979FDP4|A0A979FDP4_ICTPU,975,619.0,S,T,False,S619T
tr|A0A979FDQ5|A0A979FDQ5_ICTPU,975,619.0,S,T,False,S619T
tr|A0AC58J6Q9|A0AC58J6Q9_DANRE,975,619.0,S,T,False,S619T
tr|A0AC58J6Q2|A0AC58J6Q2_DANRE,975,619.0,S,T,False,S619T
tr|A0AB32TNW7|A0AB32TNW7_DANRE,975,619.0,S,T,False,S619T
tr|A0AC58J6S2|A0AC58J6S2_DANRE,975,619.0,S,T,False,S619T
tr|A0AC58J6R3|A0AC58J6R3_DANRE,975,619.0,S,T,False,S619T
tr|A0ACM8Q842|A0ACM8Q842_DANRE,975,619.0,S,T,False,S619T
tr|A0AB32TSB5|A0AB32TSB5_DANRE,975,619.0,S,T,False,S619T
tr|A0AB32TQV9|A0AB32TQV9_DANRE,975,619.0,S,T,False,S619T
tr|A0AB32TLD3|A0AB32TLD3_DANRE,975,619.0,S,T,False,S619T
tr|A0AC58J6Q5|A0AC58J6Q5_DANRE,975,619.0,S,T,False,S619T
tr|A0A6J2V203|A0A6J2V203_CHACN,975,619.0,S,T,False,S619T
tr|A0ABM4G1M1|A0ABM4G1M1_9AVES,975,619.0,S,Q,False,S619Q
tr|A0AA47MXR6|A0AA47MXR6_MERPO,976,620.0,S,T,False,S620T
tr|A0ABM0GFX0|A0ABM0GFX0_SACKO,976,620.0,S,N,False,S620N
tr|A0ACF8DDW5|A0ACF8DDW5_ARAGI,976,620.0,S,G,False,S620G
tr|A0AC58J6Q9|A0AC58J6Q9_DANRE,976,620.0,S,T,False,S620T
tr|A0AC58J6Q2|A0AC58J6Q2_DANRE,976,620.0,S,T,False,S620T
tr|A0AB32TNW7|A0AB32TNW7_DANRE,976,620.0,S,T,False,S620T
tr|A0AC58J6S2|A0AC58J6S2_DANRE,976,620.0,S,T,False,S620T
tr|A0AC58J6R3|A0AC58J6R3_DANRE,976,620.0,S,T,False,S620T
tr|A0ACM8Q842|A0ACM8Q842_DANRE,976,620.0,S,T,False,S620T
tr|A0AB32TSB5|A0AB32TSB5_DANRE,976,620.0,S,T,False,S620T
tr|A0AB32TQV9|A0AB32TQV9_DANRE,976,620.0,S,T,False,S620T
tr|A0AB32TLD3|A0AB32TLD3_DANRE,976,620.0,S,T,False,S620T
tr|A0AC58J6Q5|A0AC58J6Q5_DANRE,976,620.0,S,T,False,S620T
tr|A0ABM4G1M1|A0ABM4G1M1_9AVES,976,620.0,S,G,False,S620G
tr|A0ACF8FNS1|A0ACF8FNS1_ARAGI,977,621.0,L,M,False,L621M
tr|A0A6J2V217|A0A6J2V217_CHACN,977,621.0,L,V,False,L621V
tr|A0A6J2V3N9|A0A6J2V3N9_CHACN,977,621.0,L,V,False,L621V
tr|A0A6P8GSV4|A0A6P8GSV4_CLUHA,977,621.0,L,M,False,L621M
tr|A0A6J2V203|A0A6J2V203_CHACN,977,621.0,L,V,False,L621V
tr|A0ABM4G1M1|A0ABM4G1M1_9AVES,977,621.0,L,R,False,L621R
tr|A0ABM4G1M1|A0ABM4G1M1_9AVES,978,622.0,P,T,False,P622T
tr|A0AA47MXR6|A0AA47MXR6_MERPO,980,623.0,L,F,False,L623F
tr|A0A6J2S884|A0A6J2S884_COTGO,980,623.0,L,M,False,L623M
tr|A0ABM4G1M1|A0ABM4G1M1_9AVES,980,623.0,L,S,False,L623S
tr|A0AA47MXR6|A0AA47MXR6_MERPO,981,624.0,L,Q,False,L624Q
tr|A0ACF8FNS1|A0ACF8FNS1_ARAGI,981,624.0,L,M,False,L624M
tr|A0ABM4G1M1|A0ABM4G1M1_9AVES,981,624.0,L,D,False,L624D
tr|A0AA47MXR6|A0AA47MXR6_MERPO,982,625.0,S,C,False,S625C
tr|A0A6P8VIH1|A0A6P8VIH1_GYMAC,982,625.0,S,G,False,S625G
tr|A0A2I4BXB8|A0A2I4BXB8_AUSLI,982,625.0,S,G,False,S625G
tr|A0A2I4BXF7|A0A2I4BXF7_AUSLI,982,625.0,S,G,False,S625G
tr|A0A2I4BXC1|A0A2I4BXC1_AUSLI,982,625.0,S,G,False,S625G
tr|A0A2I4BXC7|A0A2I4BXC7_AUSLI,982,625.0,S,G,False,S625G
tr|A0ABV1A463|A0ABV1A463_9TELE,982,625.0,S,G,False,S625G
tr|A0AAV9S7N1|A0AAV9S7N1_9TELE,982,625.0,S,G,False,S625G
tr|A0ABV0TT83|A0ABV0TT83_9TELE,982,625.0,S,G,False,S625G
tr|A0A6P7NA03|A0A6P7NA03_BETSP,982,625.0,S,G,False,S625G
tr|A0A9W2XZU5|A0A9W2XZU5_BETSP,982,625.0,S,G,False,S625G
tr|A0A6P7NFA4|A0A6P7NFA4_BETSP,982,625.0,S,G,False,S625G
tr|A0A9W2XZJ7|A0A9W2XZJ7_BETSP,982,625.0,S,G,False,S625G
tr|A0A6P7NA07|A0A6P7NA07_BETSP,982,625.0,S,G,False,S625G
tr|A0A6P7NE39|A0A6P7NE39_BETSP,982,625.0,S,G,False,S625G
tr|A0A6J2S884|A0A6J2S884_COTGO,982,625.0,S,G,False,S625G
tr|A0A6P7I2Q9|A0A6P7I2Q9_9TELE,982,625.0,S,G,False,S625G
tr|A0A6P7HH59|A0A6P7HH59_9TELE,982,625.0,S,G,False,S625G
tr|A0A6P7HWN0|A0A6P7HWN0_9TELE,982,625.0,S,G,False,S625G
tr|A0A9Y4NB67|A0A9Y4NB67_9TELE,982,625.0,S,G,False,S625G
tr|A0A9Y6LYW8|A0A9Y6LYW8_9CICH,982,625.0,S,G,False,S625G
tr|A0A9Y3R1R7|A0A9Y3R1R7_9CICH,982,625.0,S,G,False,S625G
tr|A0AC36JJL6|A0AC36JJL6_9CICH,982,625.0,S,G,False,S625G
tr|A0ACF8DDW5|A0ACF8DDW5_ARAGI,982,625.0,S,G,False,S625G
tr|A0ACF8FNS1|A0ACF8FNS1_ARAGI,982,625.0,S,G,False,S625G
tr|A0A8U0R0X1|A0A8U0R0X1_SALNM,982,625.0,S,G,False,S625G
tr|A0A6J2V217|A0A6J2V217_CHACN,982,625.0,S,G,False,S625G
tr|A0A6J2V3N9|A0A6J2V3N9_CHACN,982,625.0,S,G,False,S625G
tr|A0A6P8GSV4|A0A6P8GSV4_CLUHA,982,625.0,S,G,False,S625G
tr|A0A979FEC0|A0A979FEC0_ICTPU,982,625.0,S,G,False,S625G
tr|A0A979FF91|A0A979FF91_ICTPU,982,625.0,S,G,False,S625G
tr|A0A979FED5|A0A979FED5_ICTPU,982,625.0,S,G,False,S625G
tr|A0A9F7RNW9|A0A9F7RNW9_ICTPU,982,625.0,S,G,False,S625G
tr|A0A979FDQ7|A0A979FDQ7_ICTPU,982,625.0,S,G,False,S625G
tr|A0A979FDP4|A0A979FDP4_ICTPU,982,625.0,S,G,False,S625G
tr|A0A979FDQ5|A0A979FDQ5_ICTPU,982,625.0,S,G,False,S625G
tr|A0AC58J6Q9|A0AC58J6Q9_DANRE,982,625.0,S,G,False,S625G
tr|A0AC58J6Q2|A0AC58J6Q2_DANRE,982,625.0,S,G,False,S625G
tr|A0AB32TNW7|A0AB32TNW7_DANRE,982,625.0,S,G,False,S625G
tr|A0AC58J6S2|A0AC58J6S2_DANRE,982,625.0,S,G,False,S625G
tr|A0AC58J6R3|A0AC58J6R3_DANRE,982,625.0,S,G,False,S625G
tr|A0ACM8Q842|A0ACM8Q842_DANRE,982,625.0,S,G,False,S625G
tr|A0AB32TSB5|A0AB32TSB5_DANRE,982,625.0,S,G,False,S625G
tr|A0AB32TQV9|A0AB32TQV9_DANRE,982,625.0,S,G,False,S625G
tr|A0AB32TLD3|A0AB32TLD3_DANRE,982,625.0,S,G,False,S625G
tr|A0AC58J6Q5|A0AC58J6Q5_DANRE,982,625.0,S,G,False,S625G
tr|A0A6J2V203|A0A6J2V203_CHACN,982,625.0,S,G,False,S625G
tr|A0AAD8DBY4|A0AAD8DBY4_ACIOX,982,625.0,S,G,False,S625G
tr|A0AAD8DJ01|A0AAD8DJ01_ACIOX,982,625.0,S,G,False,S625G
tr|T1PTS4|T1PTS4_PARLB,982,625.0,S,G,False,S625G
tr|A0A6I9YYB6|A0A6I9YYB6_9SAUR,982,625.0,S,G,False,S625G
tr|A0A9F5IXC2|A0A9F5IXC2_PYTBI,982,625.0,S,G,False,S625G
tr|A0A8C6XFH2|A0A8C6XFH2_NAJNA,982,625.0,S,G,False,S625G
tr|A0A9F5IS39|A0A9F5IS39_PYTBI,982,625.0,S,G,False,S625G
tr|A0AA97JVF9|A0AA97JVF9_EUBMA,982,625.0,S,G,False,S625G
tr|T1PTW0|T1PTW0_9SAUR,982,625.0,S,G,False,S625G
tr|A0ABM4G1M1|A0ABM4G1M1_9AVES,982,625.0,S,C,False,S625C
tr|A0ABM5GG36|A0ABM5GG36_9SAUR,982,625.0,S,G,False,S625G
tr|A0A670Z5Y1|A0A670Z5Y1_PSETE,982,625.0,S,G,False,S625G
tr|A0A670Z823|A0A670Z823_PSETE,982,625.0,S,G,False,S625G
tr|A0A6J1U1T0|A0A6J1U1T0_9SAUR,982,625.0,S,G,False,S625G
tr|A0A6I9YXB8|A0A6I9YXB8_9SAUR,982,625.0,S,G,False,S625G
tr|A0A9F2NWE2|A0A9F2NWE2_PYTBI,982,625.0,S,G,False,S625G
tr|A0AA47MXR6|A0AA47MXR6_MERPO,983,626.0,N,I,False,N626I
tr|A0A6P8VIH1|A0A6P8VIH1_GYMAC,983,626.0,N,T,False,N626T
tr|A0A2I4BXB8|A0A2I4BXB8_AUSLI,983,626.0,N,T,False,N626T
tr|A0A2I4BXF7|A0A2I4BXF7_AUSLI,983,626.0,N,T,False,N626T
tr|A0A2I4BXC1|A0A2I4BXC1_AUSLI,983,626.0,N,T,False,N626T
tr|A0A2I4BXC7|A0A2I4BXC7_AUSLI,983,626.0,N,T,False,N626T
tr|A0ABV1A463|A0ABV1A463_9TELE,983,626.0,N,T,False,N626T
tr|A0AAV9S7N1|A0AAV9S7N1_9TELE,983,626.0,N,T,False,N626T
tr|A0ABV0TT83|A0ABV0TT83_9TELE,983,626.0,N,T,False,N626T
tr|A0A6P7NA03|A0A6P7NA03_BETSP,983,626.0,N,T,False,N626T
tr|A0A9W2XZU5|A0A9W2XZU5_BETSP,983,626.0,N,T,False,N626T
tr|A0A6P7NFA4|A0A6P7NFA4_BETSP,983,626.0,N,T,False,N626T
tr|A0A9W2XZJ7|A0A9W2XZJ7_BETSP,983,626.0,N,T,False,N626T
tr|A0A6P7NA07|A0A6P7NA07_BETSP,983,626.0,N,T,False,N626T
tr|A0A6P7NE39|A0A6P7NE39_BETSP,983,626.0,N,T,False,N626T
tr|A0A6J2S884|A0A6J2S884_COTGO,983,626.0,N,T,False,N626T
tr|A0A6P7I2Q9|A0A6P7I2Q9_9TELE,983,626.0,N,T,False,N626T
tr|A0A6P7HH59|A0A6P7HH59_9TELE,983,626.0,N,T,False,N626T
tr|A0A6P7HWN0|A0A6P7HWN0_9TELE,983,626.0,N,T,False,N626T
tr|A0A9Y4NB67|A0A9Y4NB67_9TELE,983,626.0,N,T,False,N626T
tr|A0A9Y6LYW8|A0A9Y6LYW8_9CICH,983,626.0,N,T,False,N626T
tr|A0A9Y3R1R7|A0A9Y3R1R7_9CICH,983,626.0,N,T,False,N626T
tr|A0AC36JJL6|A0AC36JJL6_9CICH,983,626.0,N,T,False,N626T
tr|A0ACF8DDW5|A0ACF8DDW5_ARAGI,983,626.0,N,T,False,N626T
tr|A0ACF8FNS1|A0ACF8FNS1_ARAGI,983,626.0,N,S,False,N626S
tr|A0A6P8GSV4|A0A6P8GSV4_CLUHA,983,626.0,N,G,False,N626G
tr|A0AA47MXR6|A0AA47MXR6_MERPO,984,627.0,P,S,False,P627S
tr|A0ABM0GFX0|A0ABM0GFX0_SACKO,984,627.0,P,T,False,P627T
tr|A0A6J2V217|A0A6J2V217_CHACN,984,627.0,P,T,False,P627T
tr|A0A6J2V3N9|A0A6J2V3N9_CHACN,984,627.0,P,T,False,P627T
tr|A0A6P8GSV4|A0A6P8GSV4_CLUHA,984,627.0,P,A,False,P627A
tr|A0A979FEC0|A0A979FEC0_ICTPU,984,627.0,P,T,False,P627T
tr|A0A979FF91|A0A979FF91_ICTPU,984,627.0,P,T,False,P627T
tr|A0A979FED5|A0A979FED5_ICTPU,984,627.0,P,T,False,P627T
tr|A0A9F7RNW9|A0A9F7RNW9_ICTPU,984,627.0,P,T,False,P627T
tr|A0A979FDQ7|A0A979FDQ7_ICTPU,984,627.0,P,T,False,P627T
tr|A0A979FDP4|A0A979FDP4_ICTPU,984,627.0,P,T,False,P627T
tr|A0A979FDQ5|A0A979FDQ5_ICTPU,984,627.0,P,T,False,P627T
tr|A0A6J2V203|A0A6J2V203_CHACN,984,627.0,P,T,False,P627T
tr|A0A8C5M8V1|A0A8C5M8V1_9ANUR,984,627.0,P,T,False,P627T
tr|A0A1L8GU65|A0A1L8GU65_XENLA,984,627.0,P,T,False,P627T
tr|A0A8J0UR98|A0A8J0UR98_XENLA,984,627.0,P,T,False,P627T
tr|A0A8J0UXQ2|A0A8J0UXQ2_XENLA,984,627.0,P,T,False,P627T
tr|A0A8J1MHG6|A0A8J1MHG6_XENLA,984,627.0,P,T,False,P627T
tr|A0A1L8GYY0|A0A1L8GYY0_XENLA,984,627.0,P,T,False,P627T
tr|A0A8J1MIF2|A0A8J1MIF2_XENLA,984,627.0,P,T,False,P627T
tr|A0A8J1MHG1|A0A8J1MHG1_XENLA,984,627.0,P,T,False,P627T
tr|A0A8J1MHG5|A0A8J1MHG5_XENLA,984,627.0,P,T,False,P627T
tr|A0A8J0Q7P1|A0A8J0Q7P1_XENTR,984,627.0,P,T,False,P627T
tr|A0A8J0SHD1|A0A8J0SHD1_XENTR,984,627.0,P,T,False,P627T
tr|A0A8J0SG76|A0A8J0SG76_XENTR,984,627.0,P,T,False,P627T
tr|F7DTZ3|F7DTZ3_XENTR,984,627.0,P,T,False,P627T
tr|A0A8J0S8T9|A0A8J0S8T9_XENTR,984,627.0,P,T,False,P627T
tr|A0A8J1MTY3|A0A8J1MTY3_XENLA,984,627.0,P,T,False,P627T
tr|A0A8J1MRN8|A0A8J1MRN8_XENLA,984,627.0,P,T,False,P627T
tr|A0A6I8SNY6|A0A6I8SNY6_XENTR,984,627.0,P,T,False,P627T
tr|A0A8J0SEG3|A0A8J0SEG3_XENTR,984,627.0,P,T,False,P627T
sp|Q4VYS1|FOXP2_XENLA,984,627.0,P,T,False,P627T
tr|A0A8J1MI35|A0A8J1MI35_XENLA,984,627.0,P,T,False,P627T
tr|A0ABM4G1M1|A0ABM4G1M1_9AVES,984,627.0,P,R,False,P627R
tr|A0AA47MXR6|A0AA47MXR6_MERPO,985,628.0,G,R,False,G628R
tr|A0ABM0GFX0|A0ABM0GFX0_SACKO,985,628.0,G,A,False,G628A
tr|A0A6J2V217|A0A6J2V217_CHACN,985,628.0,G,S,False,G628S
tr|A0A6J2V3N9|A0A6J2V3N9_CHACN,985,628.0,G,S,False,G628S
tr|A0A6J2V203|A0A6J2V203_CHACN,985,628.0,G,S,False,G628S
tr|A0AAD8DBY4|A0AAD8DBY4_ACIOX,985,628.0,G,A,False,G628A
tr|A0AA47MXR6|A0AA47MXR6_MERPO,986,629.0,L,G,False,L629G
tr|A0ABM0GFX0|A0ABM0GFX0_SACKO,986,629.0,L,V,False,L629V
tr|A0AA47MXR6|A0AA47MXR6_MERPO,987,630.0,I,S,False,I630S
tr|A0ABM0GFX0|A0ABM0GFX0_SACKO,987,630.0,I,N,False,I630N
tr|A0A6P8VIH1|A0A6P8VIH1_GYMAC,987,630.0,I,M,False,I630M
tr|A0A2I4BXB8|A0A2I4BXB8_AUSLI,987,630.0,I,M,False,I630M
tr|A0A2I4BXF7|A0A2I4BXF7_AUSLI,987,630.0,I,M,False,I630M
tr|A0A2I4BXC1|A0A2I4BXC1_AUSLI,987,630.0,I,M,False,I630M
tr|A0A2I4BXC7|A0A2I4BXC7_AUSLI,987,630.0,I,M,False,I630M
tr|A0ABV1A463|A0ABV1A463_9TELE,987,630.0,I,M,False,I630M
tr|A0AAV9S7N1|A0AAV9S7N1_9TELE,987,630.0,I,M,False,I630M
tr|A0ABV0TT83|A0ABV0TT83_9TELE,987,630.0,I,M,False,I630M
tr|A0A6P7NA03|A0A6P7NA03_BETSP,987,630.0,I,M,False,I630M
tr|A0A9W2XZU5|A0A9W2XZU5_BETSP,987,630.0,I,M,False,I630M
tr|A0A6P7NFA4|A0A6P7NFA4_BETSP,987,630.0,I,M,False,I630M
tr|A0A9W2XZJ7|A0A9W2XZJ7_BETSP,987,630.0,I,M,False,I630M
tr|A0A6P7NA07|A0A6P7NA07_BETSP,987,630.0,I,M,False,I630M
tr|A0A6P7NE39|A0A6P7NE39_BETSP,987,630.0,I,M,False,I630M
tr|A0A6J2S884|A0A6J2S884_COTGO,987,630.0,I,M,False,I630M
tr|A0A6P7I2Q9|A0A6P7I2Q9_9TELE,987,630.0,I,M,False,I630M
tr|A0A6P7HH59|A0A6P7HH59_9TELE,987,630.0,I,M,False,I630M
tr|A0A6P7HWN0|A0A6P7HWN0_9TELE,987,630.0,I,M,False,I630M
tr|A0A9Y4NB67|A0A9Y4NB67_9TELE,987,630.0,I,M,False,I630M
tr|A0A9Y6LYW8|A0A9Y6LYW8_9CICH,987,630.0,I,M,False,I630M
tr|A0A9Y3R1R7|A0A9Y3R1R7_9CICH,987,630.0,I,M,False,I630M
tr|A0AC36JJL6|A0AC36JJL6_9CICH,987,630.0,I,M,False,I630M
tr|A0ACF8DDW5|A0ACF8DDW5_ARAGI,987,630.0,I,L,False,I630L
tr|A0ACF8FNS1|A0ACF8FNS1_ARAGI,987,630.0,I,A,False,I630A
tr|A0A8U0R0X1|A0A8U0R0X1_SALNM,987,630.0,I,M,False,I630M
tr|A0A6J2V217|A0A6J2V217_CHACN,987,630.0,I,M,False,I630M
tr|A0A6J2V3N9|A0A6J2V3N9_CHACN,987,630.0,I,M,False,I630M
tr|A0A6P8GSV4|A0A6P8GSV4_CLUHA,987,630.0,I,L,False,I630L
tr|A0A979FEC0|A0A979FEC0_ICTPU,987,630.0,I,M,False,I630M
tr|A0A979FF91|A0A979FF91_ICTPU,987,630.0,I,M,False,I630M
tr|A0A979FED5|A0A979FED5_ICTPU,987,630.0,I,M,False,I630M
tr|A0A9F7RNW9|A0A9F7RNW9_ICTPU,987,630.0,I,M,False,I630M
tr|A0A979FDQ7|A0A979FDQ7_ICTPU,987,630.0,I,M,False,I630M
tr|A0A979FDP4|A0A979FDP4_ICTPU,987,630.0,I,M,False,I630M
tr|A0A979FDQ5|A0A979FDQ5_ICTPU,987,630.0,I,M,False,I630M
tr|A0AC58J6Q9|A0AC58J6Q9_DANRE,987,630.0,I,M,False,I630M
tr|A0AC58J6Q2|A0AC58J6Q2_DANRE,987,630.0,I,M,False,I630M
tr|A0AB32TNW7|A0AB32TNW7_DANRE,987,630.0,I,M,False,I630M
tr|A0AC58J6S2|A0AC58J6S2_DANRE,987,630.0,I,M,False,I630M
tr|A0AC58J6R3|A0AC58J6R3_DANRE,987,630.0,I,M,False,I630M
tr|A0ACM8Q842|A0ACM8Q842_DANRE,987,630.0,I,M,False,I630M
tr|A0AB32TSB5|A0AB32TSB5_DANRE,987,630.0,I,M,False,I630M
tr|A0AB32TQV9|A0AB32TQV9_DANRE,987,630.0,I,M,False,I630M
tr|A0AB32TLD3|A0AB32TLD3_DANRE,987,630.0,I,M,False,I630M
tr|A0AC58J6Q5|A0AC58J6Q5_DANRE,987,630.0,I,M,False,I630M
tr|A0A6J2V203|A0A6J2V203_CHACN,987,630.0,I,M,False,I630M
tr|A0A1L8GU65|A0A1L8GU65_XENLA,987,630.0,I,L,False,I630L
tr|A0A8J0UR98|A0A8J0UR98_XENLA,987,630.0,I,L,False,I630L
tr|A0A8J0UXQ2|A0A8J0UXQ2_XENLA,987,630.0,I,L,False,I630L
tr|A0A8J1MHG6|A0A8J1MHG6_XENLA,987,630.0,I,L,False,I630L
tr|A0A1L8GYY0|A0A1L8GYY0_XENLA,987,630.0,I,L,False,I630L
tr|A0A8J1MIF2|A0A8J1MIF2_XENLA,987,630.0,I,L,False,I630L
tr|A0A8J1MHG1|A0A8J1MHG1_XENLA,987,630.0,I,L,False,I630L
tr|A0A8J1MHG5|A0A8J1MHG5_XENLA,987,630.0,I,L,False,I630L
tr|A0A8J0Q7P1|A0A8J0Q7P1_XENTR,987,630.0,I,L,False,I630L
tr|A0A8J0SHD1|A0A8J0SHD1_XENTR,987,630.0,I,L,False,I630L
tr|A0A8J0SG76|A0A8J0SG76_XENTR,987,630.0,I,L,False,I630L
tr|F7DTZ3|F7DTZ3_XENTR,987,630.0,I,L,False,I630L
tr|A0A8J0S8T9|A0A8J0S8T9_XENTR,987,630.0,I,L,False,I630L
tr|T1PTS4|T1PTS4_PARLB,987,630.0,I,L,False,I630L
tr|A0ABM4IA36|A0ABM4IA36_ODOVR,987,630.0,I,V,False,I630V
tr|A0A8B8YAI8|A0A8B8YAI8_BALMU,987,630.0,I,M,False,I630M
tr|A0A8J1MTY3|A0A8J1MTY3_XENLA,987,630.0,I,L,False,I630L
tr|A0A8J1MRN8|A0A8J1MRN8_XENLA,987,630.0,I,L,False,I630L
tr|A0A6I8SNY6|A0A6I8SNY6_XENTR,987,630.0,I,L,False,I630L
tr|A0A8J0SEG3|A0A8J0SEG3_XENTR,987,630.0,I,L,False,I630L
sp|Q4VYS1|FOXP2_XENLA,987,630.0,I,L,False,I630L
tr|A0A8J1MI35|A0A8J1MI35_XENLA,987,630.0,I,L,False,I630L
tr|A0AA47MXR6|A0AA47MXR6_MERPO,988,631.0,N,A,False,N631A
tr|A0ABM0GFX0|A0ABM0GFX0_SACKO,988,631.0,N,A,False,N631A
tr|A0A2I4BXB8|A0A2I4BXB8_AUSLI,988,631.0,N,S,False,N631S
tr|A0A2I4BXF7|A0A2I4BXF7_AUSLI,988,631.0,N,S,False,N631S
tr|A0A2I4BXC1|A0A2I4BXC1_AUSLI,988,631.0,N,S,False,N631S
tr|A0A2I4BXC7|A0A2I4BXC7_AUSLI,988,631.0,N,S,False,N631S
tr|A0ABV1A463|A0ABV1A463_9TELE,988,631.0,N,S,False,N631S
tr|A0AAV9S7N1|A0AAV9S7N1_9TELE,988,631.0,N,S,False,N631S
tr|A0ABV0TT83|A0ABV0TT83_9TELE,988,631.0,N,S,False,N631S
tr|A0A9Y6LYW8|A0A9Y6LYW8_9CICH,988,631.0,N,G,False,N631G
tr|A0A9Y3R1R7|A0A9Y3R1R7_9CICH,988,631.0,N,G,False,N631G
tr|A0AC36JJL6|A0AC36JJL6_9CICH,988,631.0,N,G,False,N631G
tr|A0ACF8DDW5|A0ACF8DDW5_ARAGI,988,631.0,N,Q,False,N631Q
tr|A0ACF8FNS1|A0ACF8FNS1_ARAGI,988,631.0,N,S,False,N631S
tr|A0A6P8GSV4|A0A6P8GSV4_CLUHA,988,631.0,N,T,False,N631T
tr|A0AAD8DBY4|A0AAD8DBY4_ACIOX,988,631.0,N,H,False,N631H
tr|A0AAD8DJ01|A0AAD8DJ01_ACIOX,988,631.0,N,H,False,N631H
tr|A0A1L8GU65|A0A1L8GU65_XENLA,988,631.0,N,S,False,N631S
tr|A0A8J0UR98|A0A8J0UR98_XENLA,988,631.0,N,S,False,N631S
tr|A0A8J0UXQ2|A0A8J0UXQ2_XENLA,988,631.0,N,S,False,N631S
tr|A0A8J1MTY3|A0A8J1MTY3_XENLA,988,631.0,N,S,False,N631S
tr|A0A8J1MRN8|A0A8J1MRN8_XENLA,988,631.0,N,S,False,N631S
tr|A0AA47MXR6|A0AA47MXR6_MERPO,989,632.0,N,G,False,N632G
tr|A0ABM0GFX0|A0ABM0GFX0_SACKO,989,632.0,N,S,False,N632S
tr|A0A6P8VIH1|A0A6P8VIH1_GYMAC,989,632.0,N,S,False,N632S
tr|A0A2I4BXB8|A0A2I4BXB8_AUSLI,989,632.0,N,S,False,N632S
tr|A0A2I4BXF7|A0A2I4BXF7_AUSLI,989,632.0,N,S,False,N632S
tr|A0A2I4BXC1|A0A2I4BXC1_AUSLI,989,632.0,N,S,False,N632S
tr|A0A2I4BXC7|A0A2I4BXC7_AUSLI,989,632.0,N,S,False,N632S
tr|A0ABV1A463|A0ABV1A463_9TELE,989,632.0,N,S,False,N632S
tr|A0AAV9S7N1|A0AAV9S7N1_9TELE,989,632.0,N,S,False,N632S
tr|A0ABV0TT83|A0ABV0TT83_9TELE,989,632.0,N,S,False,N632S
tr|A0A6P7NA03|A0A6P7NA03_BETSP,989,632.0,N,S,False,N632S
tr|A0A9W2XZU5|A0A9W2XZU5_BETSP,989,632.0,N,S,False,N632S
tr|A0A6P7NFA4|A0A6P7NFA4_BETSP,989,632.0,N,S,False,N632S
tr|A0A9W2XZJ7|A0A9W2XZJ7_BETSP,989,632.0,N,S,False,N632S
tr|A0A6P7NA07|A0A6P7NA07_BETSP,989,632.0,N,S,False,N632S
tr|A0A6P7NE39|A0A6P7NE39_BETSP,989,632.0,N,S,False,N632S
tr|A0A6J2S884|A0A6J2S884_COTGO,989,632.0,N,S,False,N632S
tr|A0A6P7I2Q9|A0A6P7I2Q9_9TELE,989,632.0,N,S,False,N632S
tr|A0A6P7HH59|A0A6P7HH59_9TELE,989,632.0,N,S,False,N632S
tr|A0A6P7HWN0|A0A6P7HWN0_9TELE,989,632.0,N,S,False,N632S
tr|A0A9Y4NB67|A0A9Y4NB67_9TELE,989,632.0,N,S,False,N632S
tr|A0A9Y6LYW8|A0A9Y6LYW8_9CICH,989,632.0,N,S,False,N632S
tr|A0A9Y3R1R7|A0A9Y3R1R7_9CICH,989,632.0,N,S,False,N632S
tr|A0AC36JJL6|A0AC36JJL6_9CICH,989,632.0,N,S,False,N632S
tr|A0ACF8FNS1|A0ACF8FNS1_ARAGI,989,632.0,N,G,False,N632G
tr|A0A8U0R0X1|A0A8U0R0X1_SALNM,989,632.0,N,S,False,N632S
tr|A0A6J2V217|A0A6J2V217_CHACN,989,632.0,N,S,False,N632S
tr|A0A6J2V3N9|A0A6J2V3N9_CHACN,989,632.0,N,S,False,N632S
tr|A0A6P8GSV4|A0A6P8GSV4_CLUHA,989,632.0,N,S,False,N632S
tr|A0A979FEC0|A0A979FEC0_ICTPU,989,632.0,N,S,False,N632S
tr|A0A979FF91|A0A979FF91_ICTPU,989,632.0,N,S,False,N632S
tr|A0A979FED5|A0A979FED5_ICTPU,989,632.0,N,S,False,N632S
tr|A0A9F7RNW9|A0A9F7RNW9_ICTPU,989,632.0,N,S,False,N632S
tr|A0A979FDQ7|A0A979FDQ7_ICTPU,989,632.0,N,S,False,N632S
tr|A0A979FDP4|A0A979FDP4_ICTPU,989,632.0,N,S,False,N632S
tr|A0A979FDQ5|A0A979FDQ5_ICTPU,989,632.0,N,S,False,N632S
tr|A0AC58J6Q9|A0AC58J6Q9_DANRE,989,632.0,N,S,False,N632S
tr|A0AC58J6Q2|A0AC58J6Q2_DANRE,989,632.0,N,S,False,N632S
tr|A0AB32TNW7|A0AB32TNW7_DANRE,989,632.0,N,S,False,N632S
tr|A0AC58J6S2|A0AC58J6S2_DANRE,989,632.0,N,S,False,N632S
tr|A0AC58J6R3|A0AC58J6R3_DANRE,989,632.0,N,S,False,N632S
tr|A0ACM8Q842|A0ACM8Q842_DANRE,989,632.0,N,S,False,N632S
tr|A0AB32TSB5|A0AB32TSB5_DANRE,989,632.0,N,S,False,N632S
tr|A0AB32TQV9|A0AB32TQV9_DANRE,989,632.0,N,S,False,N632S
tr|A0AB32TLD3|A0AB32TLD3_DANRE,989,632.0,N,S,False,N632S
tr|A0AC58J6Q5|A0AC58J6Q5_DANRE,989,632.0,N,S,False,N632S
tr|A0A6J2V203|A0A6J2V203_CHACN,989,632.0,N,S,False,N632S
tr|A0AAD8DBY4|A0AAD8DBY4_ACIOX,989,632.0,N,T,False,N632T
tr|A0AAD8DJ01|A0AAD8DJ01_ACIOX,989,632.0,N,T,False,N632T
tr|A9UCN5|A9UCN5_TYLPA,989,632.0,N,T,False,N632T
tr|A0AA47MXR6|A0AA47MXR6_MERPO,990,633.0,A,H,False,A633H
tr|A0ABM0GFX0|A0ABM0GFX0_SACKO,990,633.0,A,N,False,A633N
tr|A0A6P8VIH1|A0A6P8VIH1_GYMAC,990,633.0,A,G,False,A633G
tr|A0A6P7NA03|A0A6P7NA03_BETSP,990,633.0,A,G,False,A633G
tr|A0A9W2XZU5|A0A9W2XZU5_BETSP,990,633.0,A,G,False,A633G
tr|A0A6P7NFA4|A0A6P7NFA4_BETSP,990,633.0,A,G,False,A633G
tr|A0A9W2XZJ7|A0A9W2XZJ7_BETSP,990,633.0,A,G,False,A633G
tr|A0A6P7NA07|A0A6P7NA07_BETSP,990,633.0,A,G,False,A633G
tr|A0A6P7NE39|A0A6P7NE39_BETSP,990,633.0,A,G,False,A633G
tr|A0A6J2S884|A0A6J2S884_COTGO,990,633.0,A,G,False,A633G
tr|A0A6P7I2Q9|A0A6P7I2Q9_9TELE,990,633.0,A,G,False,A633G
tr|A0A6P7HH59|A0A6P7HH59_9TELE,990,633.0,A,G,False,A633G
tr|A0A6P7HWN0|A0A6P7HWN0_9TELE,990,633.0,A,G,False,A633G
tr|A0A9Y4NB67|A0A9Y4NB67_9TELE,990,633.0,A,G,False,A633G
tr|A0A9Y6LYW8|A0A9Y6LYW8_9CICH,990,633.0,A,G,False,A633G
tr|A0A9Y3R1R7|A0A9Y3R1R7_9CICH,990,633.0,A,G,False,A633G
tr|A0AC36JJL6|A0AC36JJL6_9CICH,990,633.0,A,G,False,A633G
tr|A0ACF8FNS1|A0ACF8FNS1_ARAGI,990,633.0,A,T,False,A633T
tr|A0A8U0R0X1|A0A8U0R0X1_SALNM,990,633.0,A,S,False,A633S
tr|A0A6J2V217|A0A6J2V217_CHACN,990,633.0,A,S,False,A633S
tr|A0A6J2V3N9|A0A6J2V3N9_CHACN,990,633.0,A,S,False,A633S
tr|A0A6P8GSV4|A0A6P8GSV4_CLUHA,990,633.0,A,S,False,A633S
tr|A0A979FEC0|A0A979FEC0_ICTPU,990,633.0,A,S,False,A633S
tr|A0A979FF91|A0A979FF91_ICTPU,990,633.0,A,S,False,A633S
tr|A0A979FED5|A0A979FED5_ICTPU,990,633.0,A,S,False,A633S
tr|A0A9F7RNW9|A0A9F7RNW9_ICTPU,990,633.0,A,S,False,A633S
tr|A0A979FDQ7|A0A979FDQ7_ICTPU,990,633.0,A,S,False,A633S
tr|A0A979FDP4|A0A979FDP4_ICTPU,990,633.0,A,S,False,A633S
tr|A0A979FDQ5|A0A979FDQ5_ICTPU,990,633.0,A,S,False,A633S
tr|A0A6J2V203|A0A6J2V203_CHACN,990,633.0,A,S,False,A633S
tr|A0AAD8DBY4|A0AAD8DBY4_ACIOX,990,633.0,A,S,False,A633S
tr|A0AAD8DJ01|A0AAD8DJ01_ACIOX,990,633.0,A,S,False,A633S
tr|T1PTS4|T1PTS4_PARLB,990,633.0,A,T,False,A633T
tr|A0A6P7YWZ4|A0A6P7YWZ4_9AMPH,990,633.0,A,T,False,A633T
tr|A0A6P7Z4T0|A0A6P7Z4T0_9AMPH,990,633.0,A,T,False,A633T
tr|A0A2Y9P5C2|A0A2Y9P5C2_DELLE,990,633.0,A,T,False,A633T
tr|A0A9W2WNZ4|A0A9W2WNZ4_PHYMC,990,633.0,A,T,False,A633T
tr|A0A9W2WNT7|A0A9W2WNT7_PHYMC,990,633.0,A,T,False,A633T
tr|A0A9W2WP90|A0A9W2WP90_PHYMC,990,633.0,A,T,False,A633T
tr|A0A9W2WNJ2|A0A9W2WNJ2_PHYMC,990,633.0,A,T,False,A633T
tr|A0A9W2WPF2|A0A9W2WPF2_PHYMC,990,633.0,A,T,False,A633T
tr|A0A8C2UVV4|A0A8C2UVV4_CHILA,990,633.0,A,S,False,A633S
tr|A0ABM3TVV6|A0ABM3TVV6_BALAC,990,633.0,A,T,False,A633T
tr|A0A8B8YAI8|A0A8B8YAI8_BALMU,990,633.0,A,T,False,A633T
tr|A0ABM3TVW3|A0ABM3TVW3_BALAC,990,633.0,A,T,False,A633T
tr|A0A341CHV5|A0A341CHV5_NEOAA,990,633.0,A,T,False,A633T
tr|A0A341CFW6|A0A341CFW6_NEOAA,990,633.0,A,T,False,A633T
tr|A0A341CG55|A0A341CG55_NEOAA,990,633.0,A,T,False,A633T
tr|A0ACM7FC38|A0ACM7FC38_TURTR,990,633.0,A,T,False,A633T
tr|A0A8C9BRB4|A0A8C9BRB4_PHOSS,990,633.0,A,T,False,A633T
tr|A0A8C6B0W0|A0A8C6B0W0_MONMO,990,633.0,A,T,False,A633T
tr|A0ACM7FC36|A0ACM7FC36_TURTR,990,633.0,A,T,False,A633T
tr|A0A9W2WNW6|A0A9W2WNW6_PHYMC,990,633.0,A,T,False,A633T
tr|A0A6P7Z2S0|A0A6P7Z2S0_9AMPH,990,633.0,A,T,False,A633T
tr|A0A8C6XFH2|A0A8C6XFH2_NAJNA,990,633.0,A,T,False,A633T
tr|A0A341CFH1|A0A341CFH1_NEOAA,990,633.0,A,T,False,A633T
tr|A0A341CFW9|A0A341CFW9_NEOAA,990,633.0,A,T,False,A633T
tr|A0A341CFX6|A0A341CFX6_NEOAA,990,633.0,A,T,False,A633T
tr|A0A341CG67|A0A341CG67_NEOAA,990,633.0,A,T,False,A633T
tr|A0A341CHW5|A0A341CHW5_NEOAA,990,633.0,A,T,False,A633T
tr|A0A670Z5Y1|A0A670Z5Y1_PSETE,990,633.0,A,T,False,A633T
tr|A0A670Z823|A0A670Z823_PSETE,990,633.0,A,T,False,A633T
tr|A0A6J1U1T0|A0A6J1U1T0_9SAUR,990,633.0,A,T,False,A633T
tr|A0ABM3TW40|A0ABM3TW40_BALAC,990,633.0,A,T,False,A633T
tr|A0A9W2WNX7|A0A9W2WNX7_PHYMC,990,633.0,A,T,False,A633T
tr|A0A9W2WNK8|A0A9W2WNK8_PHYMC,990,633.0,A,T,False,A633T
tr|A0A9W2WP01|A0A9W2WP01_PHYMC,990,633.0,A,T,False,A633T
tr|A0A8C6B2U9|A0A8C6B2U9_MONMO,990,633.0,A,T,False,A633T
tr|A0ACM7FC33|A0ACM7FC33_TURTR,990,633.0,A,T,False,A633T
tr|A0ACM7FC46|A0ACM7FC46_TURTR,990,633.0,A,T,False,A633T
tr|A0ABM3TVW1|A0ABM3TVW1_BALAC,990,633.0,A,T,False,A633T
tr|A0ABM3TVX2|A0ABM3TVX2_BALAC,990,633.0,A,T,False,A633T
tr|A0A341CFX1|A0A341CFX1_NEOAA,990,633.0,A,T,False,A633T
tr|A0A341CFX4|A0A341CFX4_NEOAA,990,633.0,A,T,False,A633T
tr|A0A341CHW0|A0A341CHW0_NEOAA,990,633.0,A,T,False,A633T
tr|A0A341CG60|A0A341CG60_NEOAA,990,633.0,A,T,False,A633T
tr|A0ABM0GFX0|A0ABM0GFX0_SACKO,991,634.0,S,E,False,S634E
tr|A0A2I4BXB8|A0A2I4BXB8_AUSLI,991,634.0,S,A,False,S634A
tr|A0A2I4BXF7|A0A2I4BXF7_AUSLI,991,634.0,S,A,False,S634A
tr|A0A2I4BXC1|A0A2I4BXC1_AUSLI,991,634.0,S,A,False,S634A
tr|A0A2I4BXC7|A0A2I4BXC7_AUSLI,991,634.0,S,A,False,S634A
tr|A0ABV1A463|A0ABV1A463_9TELE,991,634.0,S,A,False,S634A
tr|A0AAV9S7N1|A0AAV9S7N1_9TELE,991,634.0,S,A,False,S634A
tr|A0ABV0TT83|A0ABV0TT83_9TELE,991,634.0,S,A,False,S634A
tr|A0A6P7NA03|A0A6P7NA03_BETSP,991,634.0,S,A,False,S634A
tr|A0A9W2XZU5|A0A9W2XZU5_BETSP,991,634.0,S,A,False,S634A
tr|A0A6P7NFA4|A0A6P7NFA4_BETSP,991,634.0,S,A,False,S634A
tr|A0A9W2XZJ7|A0A9W2XZJ7_BETSP,991,634.0,S,A,False,S634A
tr|A0A6P7NA07|A0A6P7NA07_BETSP,991,634.0,S,A,False,S634A
tr|A0A6P7NE39|A0A6P7NE39_BETSP,991,634.0,S,A,False,S634A
tr|A0A9Y6LYW8|A0A9Y6LYW8_9CICH,991,634.0,S,A,False,S634A
tr|A0A9Y3R1R7|A0A9Y3R1R7_9CICH,991,634.0,S,A,False,S634A
tr|A0AC36JJL6|A0AC36JJL6_9CICH,991,634.0,S,A,False,S634A
tr|A0ACF8FNS1|A0ACF8FNS1_ARAGI,991,634.0,S,C,False,S634C
tr|A0A6J2V217|A0A6J2V217_CHACN,991,634.0,S,A,False,S634A
tr|A0A6J2V3N9|A0A6J2V3N9_CHACN,991,634.0,S,A,False,S634A
tr|A0A979FEC0|A0A979FEC0_ICTPU,991,634.0,S,A,False,S634A
tr|A0A979FF91|A0A979FF91_ICTPU,991,634.0,S,A,False,S634A
tr|A0A979FED5|A0A979FED5_ICTPU,991,634.0,S,A,False,S634A
tr|A0A9F7RNW9|A0A9F7RNW9_ICTPU,991,634.0,S,A,False,S634A
tr|A0A979FDQ7|A0A979FDQ7_ICTPU,991,634.0,S,A,False,S634A
tr|A0A979FDP4|A0A979FDP4_ICTPU,991,634.0,S,A,False,S634A
tr|A0A979FDQ5|A0A979FDQ5_ICTPU,991,634.0,S,A,False,S634A
tr|A0AC58J6Q9|A0AC58J6Q9_DANRE,991,634.0,S,A,False,S634A
tr|A0AC58J6Q2|A0AC58J6Q2_DANRE,991,634.0,S,A,False,S634A
tr|A0AB32TNW7|A0AB32TNW7_DANRE,991,634.0,S,A,False,S634A
tr|A0AC58J6S2|A0AC58J6S2_DANRE,991,634.0,S,A,False,S634A
tr|A0AC58J6R3|A0AC58J6R3_DANRE,991,634.0,S,A,False,S634A
tr|A0ACM8Q842|A0ACM8Q842_DANRE,991,634.0,S,A,False,S634A
tr|A0AB32TSB5|A0AB32TSB5_DANRE,991,634.0,S,A,False,S634A
tr|A0AB32TQV9|A0AB32TQV9_DANRE,991,634.0,S,A,False,S634A
tr|A0AB32TLD3|A0AB32TLD3_DANRE,991,634.0,S,A,False,S634A
tr|A0AC58J6Q5|A0AC58J6Q5_DANRE,991,634.0,S,A,False,S634A
tr|A0A6J2V203|A0A6J2V203_CHACN,991,634.0,S,A,False,S634A
tr|A0A8C5M8V1|A0A8C5M8V1_9ANUR,991,634.0,S,T,False,S634T
tr|T1PTS4|T1PTS4_PARLB,991,634.0,S,P,False,S634P
tr|A0AA47MXR6|A0AA47MXR6_MERPO,992,635.0,S,E,False,S635E
tr|A0ABM0GFX0|A0ABM0GFX0_SACKO,992,635.0,S,A,False,S635A
tr|A0A6P8VIH1|A0A6P8VIH1_GYMAC,992,635.0,S,T,False,S635T
tr|A0A2I4BXB8|A0A2I4BXB8_AUSLI,992,635.0,S,A,False,S635A
tr|A0A2I4BXF7|A0A2I4BXF7_AUSLI,992,635.0,S,A,False,S635A
tr|A0A2I4BXC1|A0A2I4BXC1_AUSLI,992,635.0,S,A,False,S635A
tr|A0A2I4BXC7|A0A2I4BXC7_AUSLI,992,635.0,S,A,False,S635A
tr|A0ABV1A463|A0ABV1A463_9TELE,992,635.0,S,T,False,S635T
tr|A0AAV9S7N1|A0AAV9S7N1_9TELE,992,635.0,S,T,False,S635T
tr|A0ABV0TT83|A0ABV0TT83_9TELE,992,635.0,S,T,False,S635T
tr|A0A6P7NA03|A0A6P7NA03_BETSP,992,635.0,S,A,False,S635A
tr|A0A9W2XZU5|A0A9W2XZU5_BETSP,992,635.0,S,A,False,S635A
tr|A0A6P7NFA4|A0A6P7NFA4_BETSP,992,635.0,S,A,False,S635A
tr|A0A9W2XZJ7|A0A9W2XZJ7_BETSP,992,635.0,S,A,False,S635A
tr|A0A6P7NA07|A0A6P7NA07_BETSP,992,635.0,S,A,False,S635A
tr|A0A6P7NE39|A0A6P7NE39_BETSP,992,635.0,S,A,False,S635A
tr|A0A6J2S884|A0A6J2S884_COTGO,992,635.0,S,T,False,S635T
tr|A0A6P7I2Q9|A0A6P7I2Q9_9TELE,992,635.0,S,A,False,S635A
tr|A0A6P7HH59|A0A6P7HH59_9TELE,992,635.0,S,A,False,S635A
tr|A0A6P7HWN0|A0A6P7HWN0_9TELE,992,635.0,S,A,False,S635A
tr|A0A9Y4NB67|A0A9Y4NB67_9TELE,992,635.0,S,T,False,S635T
tr|A0A9Y6LYW8|A0A9Y6LYW8_9CICH,992,635.0,S,T,False,S635T
tr|A0A9Y3R1R7|A0A9Y3R1R7_9CICH,992,635.0,S,T,False,S635T
tr|A0AC36JJL6|A0AC36JJL6_9CICH,992,635.0,S,T,False,S635T
tr|A0ACF8FNS1|A0ACF8FNS1_ARAGI,992,635.0,S,T,False,S635T
tr|A0A6P8GSV4|A0A6P8GSV4_CLUHA,992,635.0,S,A,False,S635A
tr|A0A1L8GU65|A0A1L8GU65_XENLA,992,635.0,S,T,False,S635T
tr|A0A8J0UR98|A0A8J0UR98_XENLA,992,635.0,S,T,False,S635T
tr|A0A8J0UXQ2|A0A8J0UXQ2_XENLA,992,635.0,S,T,False,S635T
tr|A0A8J1MHG6|A0A8J1MHG6_XENLA,992,635.0,S,T,False,S635T
tr|A0A1L8GYY0|A0A1L8GYY0_XENLA,992,635.0,S,T,False,S635T
tr|A0A8J1MIF2|A0A8J1MIF2_XENLA,992,635.0,S,T,False,S635T
tr|A0A8J1MHG1|A0A8J1MHG1_XENLA,992,635.0,S,T,False,S635T
tr|A0A8J1MHG5|A0A8J1MHG5_XENLA,992,635.0,S,T,False,S635T
tr|A0A8J0Q7P1|A0A8J0Q7P1_XENTR,992,635.0,S,P,False,S635P
tr|A0A8J0SHD1|A0A8J0SHD1_XENTR,992,635.0,S,P,False,S635P
tr|A0A8J0SG76|A0A8J0SG76_XENTR,992,635.0,S,P,False,S635P
tr|F7DTZ3|F7DTZ3_XENTR,992,635.0,S,P,False,S635P
tr|A0A8J0S8T9|A0A8J0S8T9_XENTR,992,635.0,S,P,False,S635P
tr|A0A8J1MTY3|A0A8J1MTY3_XENLA,992,635.0,S,T,False,S635T
tr|A0A8J1MRN8|A0A8J1MRN8_XENLA,992,635.0,S,T,False,S635T
tr|A0A6I8SNY6|A0A6I8SNY6_XENTR,992,635.0,S,P,False,S635P
tr|A0A8J0SEG3|A0A8J0SEG3_XENTR,992,635.0,S,P,False,S635P
sp|Q4VYS1|FOXP2_XENLA,992,635.0,S,T,False,S635T
tr|A0A8J1MI35|A0A8J1MI35_XENLA,992,635.0,S,T,False,S635T
tr|A0AA47MXR6|A0AA47MXR6_MERPO,993,636.0,G,R,False,G636R
tr|A0ABM0GFX0|A0ABM0GFX0_SACKO,993,636.0,G,E,False,G636E
tr|A0A6P7I2Q9|A0A6P7I2Q9_9TELE,993,636.0,G,A,False,G636A
tr|A0A6P7HH59|A0A6P7HH59_9TELE,993,636.0,G,A,False,G636A
tr|A0A6P7HWN0|A0A6P7HWN0_9TELE,993,636.0,G,A,False,G636A
tr|A0AC58J6Q9|A0AC58J6Q9_DANRE,993,636.0,G,A,False,G636A
tr|A0AC58J6Q2|A0AC58J6Q2_DANRE,993,636.0,G,A,False,G636A
tr|A0AB32TNW7|A0AB32TNW7_DANRE,993,636.0,G,A,False,G636A
tr|A0AC58J6S2|A0AC58J6S2_DANRE,993,636.0,G,A,False,G636A
tr|A0AC58J6R3|A0AC58J6R3_DANRE,993,636.0,G,A,False,G636A
tr|A0ACM8Q842|A0ACM8Q842_DANRE,993,636.0,G,A,False,G636A
tr|A0AB32TSB5|A0AB32TSB5_DANRE,993,636.0,G,A,False,G636A
tr|A0AB32TQV9|A0AB32TQV9_DANRE,993,636.0,G,A,False,G636A
tr|A0AB32TLD3|A0AB32TLD3_DANRE,993,636.0,G,A,False,G636A
tr|A0AC58J6Q5|A0AC58J6Q5_DANRE,993,636.0,G,A,False,G636A
tr|A0AA47MXR6|A0AA47MXR6_MERPO,994,637.0,L,N,False,L637N
tr|A0ABM0GFX0|A0ABM0GFX0_SACKO,994,637.0,L,N,False,L637N
tr|A0A6P8VIH1|A0A6P8VIH1_GYMAC,994,637.0,L,P,False,L637P
tr|A0A2I4BXB8|A0A2I4BXB8_AUSLI,994,637.0,L,P,False,L637P
tr|A0A2I4BXF7|A0A2I4BXF7_AUSLI,994,637.0,L,P,False,L637P
tr|A0A2I4BXC1|A0A2I4BXC1_AUSLI,994,637.0,L,P,False,L637P
tr|A0A2I4BXC7|A0A2I4BXC7_AUSLI,994,637.0,L,P,False,L637P
tr|A0ABV1A463|A0ABV1A463_9TELE,994,637.0,L,P,False,L637P
tr|A0AAV9S7N1|A0AAV9S7N1_9TELE,994,637.0,L,P,False,L637P
tr|A0ABV0TT83|A0ABV0TT83_9TELE,994,637.0,L,P,False,L637P
tr|A0A6P7NA03|A0A6P7NA03_BETSP,994,637.0,L,P,False,L637P
tr|A0A9W2XZU5|A0A9W2XZU5_BETSP,994,637.0,L,P,False,L637P
tr|A0A6P7NFA4|A0A6P7NFA4_BETSP,994,637.0,L,P,False,L637P
tr|A0A9W2XZJ7|A0A9W2XZJ7_BETSP,994,637.0,L,P,False,L637P
tr|A0A6P7NA07|A0A6P7NA07_BETSP,994,637.0,L,P,False,L637P
tr|A0A6P7NE39|A0A6P7NE39_BETSP,994,637.0,L,P,False,L637P
tr|A0A6J2S884|A0A6J2S884_COTGO,994,637.0,L,P,False,L637P
tr|A0A9Y4NB67|A0A9Y4NB67_9TELE,994,637.0,L,P,False,L637P
tr|A0A9Y6LYW8|A0A9Y6LYW8_9CICH,994,637.0,L,P,False,L637P
tr|A0A9Y3R1R7|A0A9Y3R1R7_9CICH,994,637.0,L,P,False,L637P
tr|A0AC36JJL6|A0AC36JJL6_9CICH,994,637.0,L,P,False,L637P
tr|A0A6P8GSV4|A0A6P8GSV4_CLUHA,994,637.0,L,P,False,L637P
tr|A0AC58J6Q9|A0AC58J6Q9_DANRE,994,637.0,L,M,False,L637M
tr|A0AC58J6Q2|A0AC58J6Q2_DANRE,994,637.0,L,M,False,L637M
tr|A0AB32TNW7|A0AB32TNW7_DANRE,994,637.0,L,M,False,L637M
tr|A0AC58J6S2|A0AC58J6S2_DANRE,994,637.0,L,M,False,L637M
tr|A0AC58J6R3|A0AC58J6R3_DANRE,994,637.0,L,M,False,L637M
tr|A0ACM8Q842|A0ACM8Q842_DANRE,994,637.0,L,M,False,L637M
tr|A0AB32TSB5|A0AB32TSB5_DANRE,994,637.0,L,M,False,L637M
tr|A0AB32TQV9|A0AB32TQV9_DANRE,994,637.0,L,M,False,L637M
tr|A0AB32TLD3|A0AB32TLD3_DANRE,994,637.0,L,M,False,L637M
tr|A0AC58J6Q5|A0AC58J6Q5_DANRE,994,637.0,L,M,False,L637M
tr|A0AA47MXR6|A0AA47MXR6_MERPO,995,638.0,L,M,False,L638M
tr|A0ABM0GFX0|A0ABM0GFX0_SACKO,995,638.0,L,S,False,L638S
tr|A0A6P8VIH1|A0A6P8VIH1_GYMAC,995,638.0,L,M,False,L638M
tr|A0A2I4BXB8|A0A2I4BXB8_AUSLI,995,638.0,L,M,False,L638M
tr|A0A2I4BXF7|A0A2I4BXF7_AUSLI,995,638.0,L,M,False,L638M
tr|A0A2I4BXC1|A0A2I4BXC1_AUSLI,995,638.0,L,M,False,L638M
tr|A0A2I4BXC7|A0A2I4BXC7_AUSLI,995,638.0,L,M,False,L638M
tr|A0ABV1A463|A0ABV1A463_9TELE,995,638.0,L,M,False,L638M
tr|A0AAV9S7N1|A0AAV9S7N1_9TELE,995,638.0,L,M,False,L638M
tr|A0ABV0TT83|A0ABV0TT83_9TELE,995,638.0,L,M,False,L638M
tr|A0A6P7NA03|A0A6P7NA03_BETSP,995,638.0,L,M,False,L638M
tr|A0A9W2XZU5|A0A9W2XZU5_BETSP,995,638.0,L,M,False,L638M
tr|A0A6P7NFA4|A0A6P7NFA4_BETSP,995,638.0,L,M,False,L638M
tr|A0A9W2XZJ7|A0A9W2XZJ7_BETSP,995,638.0,L,M,False,L638M
tr|A0A6P7NA07|A0A6P7NA07_BETSP,995,638.0,L,M,False,L638M
tr|A0A6P7NE39|A0A6P7NE39_BETSP,995,638.0,L,M,False,L638M
tr|A0A6J2S884|A0A6J2S884_COTGO,995,638.0,L,M,False,L638M
tr|A0A6P7I2Q9|A0A6P7I2Q9_9TELE,995,638.0,L,M,False,L638M
tr|A0A6P7HH59|A0A6P7HH59_9TELE,995,638.0,L,M,False,L638M
tr|A0A6P7HWN0|A0A6P7HWN0_9TELE,995,638.0,L,M,False,L638M
tr|A0A9Y4NB67|A0A9Y4NB67_9TELE,995,638.0,L,M,False,L638M
tr|A0A9Y6LYW8|A0A9Y6LYW8_9CICH,995,638.0,L,M,False,L638M
tr|A0A9Y3R1R7|A0A9Y3R1R7_9CICH,995,638.0,L,M,False,L638M
tr|A0AC36JJL6|A0AC36JJL6_9CICH,995,638.0,L,M,False,L638M
tr|A0A979FEC0|A0A979FEC0_ICTPU,995,638.0,L,M,False,L638M
tr|A0A979FF91|A0A979FF91_ICTPU,995,638.0,L,M,False,L638M
tr|A0A979FED5|A0A979FED5_ICTPU,995,638.0,L,M,False,L638M
tr|A0A9F7RNW9|A0A9F7RNW9_ICTPU,995,638.0,L,M,False,L638M
tr|A0A979FDQ7|A0A979FDQ7_ICTPU,995,638.0,L,M,False,L638M
tr|A0A979FDP4|A0A979FDP4_ICTPU,995,638.0,L,M,False,L638M
tr|A0A979FDQ5|A0A979FDQ5_ICTPU,995,638.0,L,M,False,L638M
tr|A0AC58J6Q9|A0AC58J6Q9_DANRE,995,638.0,L,M,False,L638M
tr|A0AC58J6Q2|A0AC58J6Q2_DANRE,995,638.0,L,M,False,L638M
tr|A0AB32TNW7|A0AB32TNW7_DANRE,995,638.0,L,M,False,L638M
tr|A0AC58J6S2|A0AC58J6S2_DANRE,995,638.0,L,M,False,L638M
tr|A0AC58J6R3|A0AC58J6R3_DANRE,995,638.0,L,M,False,L638M
tr|A0ACM8Q842|A0ACM8Q842_DANRE,995,638.0,L,M,False,L638M
tr|A0AB32TSB5|A0AB32TSB5_DANRE,995,638.0,L,M,False,L638M
tr|A0AB32TQV9|A0AB32TQV9_DANRE,995,638.0,L,M,False,L638M
tr|A0AB32TLD3|A0AB32TLD3_DANRE,995,638.0,L,M,False,L638M
tr|A0AC58J6Q5|A0AC58J6Q5_DANRE,995,638.0,L,M,False,L638M
tr|A0ABM0GFX0|A0ABM0GFX0_SACKO,1062,639.0,Q,K,False,Q639K
tr|A0A2I4BXB8|A0A2I4BXB8_AUSLI,1062,639.0,Q,H,False,Q639H
tr|A0A2I4BXF7|A0A2I4BXF7_AUSLI,1062,639.0,Q,H,False,Q639H
tr|A0A2I4BXC1|A0A2I4BXC1_AUSLI,1062,639.0,Q,H,False,Q639H
tr|A0A2I4BXC7|A0A2I4BXC7_AUSLI,1062,639.0,Q,H,False,Q639H
tr|A0ABV1A463|A0ABV1A463_9TELE,1062,639.0,Q,H,False,Q639H
tr|A0AAV9S7N1|A0AAV9S7N1_9TELE,1062,639.0,Q,H,False,Q639H
tr|A0ABV0TT83|A0ABV0TT83_9TELE,1062,639.0,Q,H,False,Q639H
tr|A0A6J2S884|A0A6J2S884_COTGO,1062,639.0,Q,H,False,Q639H
tr|A0A6P7I2Q9|A0A6P7I2Q9_9TELE,1062,639.0,Q,H,False,Q639H
tr|A0A6P7HH59|A0A6P7HH59_9TELE,1062,639.0,Q,H,False,Q639H
tr|A0A6P7HWN0|A0A6P7HWN0_9TELE,1062,639.0,Q,H,False,Q639H
tr|A0A6P8GSV4|A0A6P8GSV4_CLUHA,1062,639.0,Q,P,False,Q639P
tr|A0AAD8DBY4|A0AAD8DBY4_ACIOX,1062,639.0,Q,H,False,Q639H
tr|A0AAD8DJ01|A0AAD8DJ01_ACIOX,1062,639.0,Q,H,False,Q639H
tr|A0ABM0GFX0|A0ABM0GFX0_SACKO,1064,640.0,A,D,False,A640D
tr|A0A6P8VIH1|A0A6P8VIH1_GYMAC,1064,640.0,A,S,False,A640S
tr|A0A2I4BXB8|A0A2I4BXB8_AUSLI,1064,640.0,A,S,False,A640S
tr|A0A2I4BXF7|A0A2I4BXF7_AUSLI,1064,640.0,A,S,False,A640S
tr|A0A2I4BXC1|A0A2I4BXC1_AUSLI,1064,640.0,A,S,False,A640S
tr|A0A2I4BXC7|A0A2I4BXC7_AUSLI,1064,640.0,A,S,False,A640S
tr|A0ABV1A463|A0ABV1A463_9TELE,1064,640.0,A,S,False,A640S
tr|A0AAV9S7N1|A0AAV9S7N1_9TELE,1064,640.0,A,S,False,A640S
tr|A0ABV0TT83|A0ABV0TT83_9TELE,1064,640.0,A,S,False,A640S
tr|A0A6P7NA03|A0A6P7NA03_BETSP,1064,640.0,A,S,False,A640S
tr|A0A9W2XZU5|A0A9W2XZU5_BETSP,1064,640.0,A,S,False,A640S
tr|A0A6P7NFA4|A0A6P7NFA4_BETSP,1064,640.0,A,S,False,A640S
tr|A0A9W2XZJ7|A0A9W2XZJ7_BETSP,1064,640.0,A,S,False,A640S
tr|A0A6P7NA07|A0A6P7NA07_BETSP,1064,640.0,A,S,False,A640S
tr|A0A6P7NE39|A0A6P7NE39_BETSP,1064,640.0,A,S,False,A640S
tr|A0A6P7I2Q9|A0A6P7I2Q9_9TELE,1064,640.0,A,S,False,A640S
tr|A0A6P7HH59|A0A6P7HH59_9TELE,1064,640.0,A,S,False,A640S
tr|A0A6P7HWN0|A0A6P7HWN0_9TELE,1064,640.0,A,S,False,A640S
tr|A0A9Y4NB67|A0A9Y4NB67_9TELE,1064,640.0,A,S,False,A640S
tr|A0A9Y6LYW8|A0A9Y6LYW8_9CICH,1064,640.0,A,S,False,A640S
tr|A0A9Y3R1R7|A0A9Y3R1R7_9CICH,1064,640.0,A,S,False,A640S
tr|A0AC36JJL6|A0AC36JJL6_9CICH,1064,640.0,A,S,False,A640S
tr|A0ACF8DDW5|A0ACF8DDW5_ARAGI,1064,640.0,A,P,False,A640P
tr|A0ACF8FNS1|A0ACF8FNS1_ARAGI,1064,640.0,A,T,False,A640T
tr|A0A8U0R0X1|A0A8U0R0X1_SALNM,1064,640.0,A,L,False,A640L
tr|A0A6J2V217|A0A6J2V217_CHACN,1064,640.0,A,S,False,A640S
tr|A0A6J2V3N9|A0A6J2V3N9_CHACN,1064,640.0,A,S,False,A640S
tr|A0A6P8GSV4|A0A6P8GSV4_CLUHA,1064,640.0,A,P,False,A640P
tr|A0A979FEC0|A0A979FEC0_ICTPU,1064,640.0,A,S,False,A640S
tr|A0A979FF91|A0A979FF91_ICTPU,1064,640.0,A,S,False,A640S
tr|A0A979FED5|A0A979FED5_ICTPU,1064,640.0,A,S,False,A640S
tr|A0A9F7RNW9|A0A9F7RNW9_ICTPU,1064,640.0,A,S,False,A640S
tr|A0A979FDQ7|A0A979FDQ7_ICTPU,1064,640.0,A,S,False,A640S
tr|A0A979FDP4|A0A979FDP4_ICTPU,1064,640.0,A,S,False,A640S
tr|A0A979FDQ5|A0A979FDQ5_ICTPU,1064,640.0,A,S,False,A640S
tr|A0AC58J6Q9|A0AC58J6Q9_DANRE,1064,640.0,A,T,False,A640T
tr|A0AC58J6Q2|A0AC58J6Q2_DANRE,1064,640.0,A,T,False,A640T
tr|A0AB32TNW7|A0AB32TNW7_DANRE,1064,640.0,A,T,False,A640T
tr|A0AC58J6S2|A0AC58J6S2_DANRE,1064,640.0,A,T,False,A640T
tr|A0AC58J6R3|A0AC58J6R3_DANRE,1064,640.0,A,T,False,A640T
tr|A0ACM8Q842|A0ACM8Q842_DANRE,1064,640.0,A,T,False,A640T
tr|A0AB32TSB5|A0AB32TSB5_DANRE,1064,640.0,A,T,False,A640T
tr|A0AB32TQV9|A0AB32TQV9_DANRE,1064,640.0,A,T,False,A640T
tr|A0AB32TLD3|A0AB32TLD3_DANRE,1064,640.0,A,T,False,A640T
tr|A0AC58J6Q5|A0AC58J6Q5_DANRE,1064,640.0,A,T,False,A640T
tr|A0A6J2V203|A0A6J2V203_CHACN,1064,640.0,A,S,False,A640S
tr|A0ABM0GFX0|A0ABM0GFX0_SACKO,1065,641.0,V,I,False,V641I
tr|A0A6P8VIH1|A0A6P8VIH1_GYMAC,1065,641.0,V,A,False,V641A
tr|A0A2I4BXB8|A0A2I4BXB8_AUSLI,1065,641.0,V,A,False,V641A
tr|A0A2I4BXF7|A0A2I4BXF7_AUSLI,1065,641.0,V,A,False,V641A
tr|A0A2I4BXC1|A0A2I4BXC1_AUSLI,1065,641.0,V,A,False,V641A
tr|A0A2I4BXC7|A0A2I4BXC7_AUSLI,1065,641.0,V,A,False,V641A
tr|A0ABV1A463|A0ABV1A463_9TELE,1065,641.0,V,A,False,V641A
tr|A0AAV9S7N1|A0AAV9S7N1_9TELE,1065,641.0,V,A,False,V641A
tr|A0ABV0TT83|A0ABV0TT83_9TELE,1065,641.0,V,A,False,V641A
tr|A0A6P7NA03|A0A6P7NA03_BETSP,1065,641.0,V,A,False,V641A
tr|A0A9W2XZU5|A0A9W2XZU5_BETSP,1065,641.0,V,A,False,V641A
tr|A0A6P7NFA4|A0A6P7NFA4_BETSP,1065,641.0,V,A,False,V641A
tr|A0A9W2XZJ7|A0A9W2XZJ7_BETSP,1065,641.0,V,A,False,V641A
tr|A0A6P7NA07|A0A6P7NA07_BETSP,1065,641.0,V,A,False,V641A
tr|A0A6P7NE39|A0A6P7NE39_BETSP,1065,641.0,V,A,False,V641A
tr|A0A6J2S884|A0A6J2S884_COTGO,1065,641.0,V,M,False,V641M
tr|A0A6P7I2Q9|A0A6P7I2Q9_9TELE,1065,641.0,V,A,False,V641A
tr|A0A6P7HH59|A0A6P7HH59_9TELE,1065,641.0,V,A,False,V641A
tr|A0A6P7HWN0|A0A6P7HWN0_9TELE,1065,641.0,V,A,False,V641A
tr|A0A9Y4NB67|A0A9Y4NB67_9TELE,1065,641.0,V,A,False,V641A
tr|A0A9Y6LYW8|A0A9Y6LYW8_9CICH,1065,641.0,V,A,False,V641A
tr|A0A9Y3R1R7|A0A9Y3R1R7_9CICH,1065,641.0,V,A,False,V641A
tr|A0AC36JJL6|A0AC36JJL6_9CICH,1065,641.0,V,A,False,V641A
tr|A0ACF8DDW5|A0ACF8DDW5_ARAGI,1065,641.0,V,A,False,V641A
tr|A0ACF8FNS1|A0ACF8FNS1_ARAGI,1065,641.0,V,A,False,V641A
tr|A0A8U0R0X1|A0A8U0R0X1_SALNM,1065,641.0,V,L,False,V641L
tr|A0A6J2V217|A0A6J2V217_CHACN,1065,641.0,V,A,False,V641A
tr|A0A6J2V3N9|A0A6J2V3N9_CHACN,1065,641.0,V,A,False,V641A
tr|A0A6P8GSV4|A0A6P8GSV4_CLUHA,1065,641.0,V,T,False,V641T
tr|A0A979FEC0|A0A979FEC0_ICTPU,1065,641.0,V,T,False,V641T
tr|A0A979FF91|A0A979FF91_ICTPU,1065,641.0,V,T,False,V641T
tr|A0A979FED5|A0A979FED5_ICTPU,1065,641.0,V,T,False,V641T
tr|A0A9F7RNW9|A0A9F7RNW9_ICTPU,1065,641.0,V,T,False,V641T
tr|A0A979FDQ7|A0A979FDQ7_ICTPU,1065,641.0,V,T,False,V641T
tr|A0A979FDP4|A0A979FDP4_ICTPU,1065,641.0,V,T,False,V641T
tr|A0A979FDQ5|A0A979FDQ5_ICTPU,1065,641.0,V,T,False,V641T
tr|A0AC58J6Q9|A0AC58J6Q9_DANRE,1065,641.0,V,T,False,V641T
tr|A0AC58J6Q2|A0AC58J6Q2_DANRE,1065,641.0,V,T,False,V641T
tr|A0AB32TNW7|A0AB32TNW7_DANRE,1065,641.0,V,T,False,V641T
tr|A0AC58J6S2|A0AC58J6S2_DANRE,1065,641.0,V,T,False,V641T
tr|A0AC58J6R3|A0AC58J6R3_DANRE,1065,641.0,V,T,False,V641T
tr|A0ACM8Q842|A0ACM8Q842_DANRE,1065,641.0,V,T,False,V641T
tr|A0AB32TSB5|A0AB32TSB5_DANRE,1065,641.0,V,T,False,V641T
tr|A0AB32TQV9|A0AB32TQV9_DANRE,1065,641.0,V,T,False,V641T
tr|A0AB32TLD3|A0AB32TLD3_DANRE,1065,641.0,V,T,False,V641T
tr|A0AC58J6Q5|A0AC58J6Q5_DANRE,1065,641.0,V,T,False,V641T
tr|A0A6J2V203|A0A6J2V203_CHACN,1065,641.0,V,A,False,V641A
tr|A0AAD8DBY4|A0AAD8DBY4_ACIOX,1065,641.0,V,A,False,V641A
tr|A0AAD8DJ01|A0AAD8DJ01_ACIOX,1065,641.0,V,A,False,V641A
tr|A0A8B7A802|A0A8B7A802_ORYAF,1065,641.0,V,A,False,V641A
tr|A0ABM0GFX0|A0ABM0GFX0_SACKO,1066,642.0,H,D,False,H642D
tr|A0ACF8FNS1|A0ACF8FNS1_ARAGI,1066,642.0,H,Q,False,H642Q
tr|A0A8U0R0X1|A0A8U0R0X1_SALNM,1066,642.0,H,Q,False,H642Q
tr|A0ABM0GFX0|A0ABM0GFX0_SACKO,1067,643.0,E,D,False,E643D
tr|A0A2I4BXB8|A0A2I4BXB8_AUSLI,1067,643.0,E,D,False,E643D
tr|A0A2I4BXF7|A0A2I4BXF7_AUSLI,1067,643.0,E,D,False,E643D
tr|A0A2I4BXC1|A0A2I4BXC1_AUSLI,1067,643.0,E,D,False,E643D
tr|A0A2I4BXC7|A0A2I4BXC7_AUSLI,1067,643.0,E,D,False,E643D
tr|A0A6P7I2Q9|A0A6P7I2Q9_9TELE,1067,643.0,E,D,False,E643D
tr|A0A6P7HH59|A0A6P7HH59_9TELE,1067,643.0,E,D,False,E643D
tr|A0A6P7HWN0|A0A6P7HWN0_9TELE,1067,643.0,E,D,False,E643D
tr|A0A9Y4NB67|A0A9Y4NB67_9TELE,1067,643.0,E,D,False,E643D
tr|A0A8U0R0X1|A0A8U0R0X1_SALNM,1067,643.0,E,S,False,E643S
tr|A0A6J2V217|A0A6J2V217_CHACN,1067,643.0,E,D,False,E643D
tr|A0A6J2V3N9|A0A6J2V3N9_CHACN,1067,643.0,E,D,False,E643D
tr|A0A979FEC0|A0A979FEC0_ICTPU,1067,643.0,E,D,False,E643D
tr|A0A979FF91|A0A979FF91_ICTPU,1067,643.0,E,D,False,E643D
tr|A0A979FED5|A0A979FED5_ICTPU,1067,643.0,E,D,False,E643D
tr|A0A9F7RNW9|A0A9F7RNW9_ICTPU,1067,643.0,E,D,False,E643D
tr|A0A979FDQ7|A0A979FDQ7_ICTPU,1067,643.0,E,D,False,E643D
tr|A0A979FDP4|A0A979FDP4_ICTPU,1067,643.0,E,D,False,E643D
tr|A0A979FDQ5|A0A979FDQ5_ICTPU,1067,643.0,E,D,False,E643D
tr|A0A6J2V203|A0A6J2V203_CHACN,1067,643.0,E,D,False,E643D
tr|A0A8C5M8V1|A0A8C5M8V1_9ANUR,1067,643.0,E,D,False,E643D
tr|A0A6P8VIH1|A0A6P8VIH1_GYMAC,1068,644.0,D,G,False,D644G
tr|A0A2I4BXB8|A0A2I4BXB8_AUSLI,1068,644.0,D,E,False,D644E
tr|A0A2I4BXF7|A0A2I4BXF7_AUSLI,1068,644.0,D,E,False,D644E
tr|A0A2I4BXC1|A0A2I4BXC1_AUSLI,1068,644.0,D,E,False,D644E
tr|A0A2I4BXC7|A0A2I4BXC7_AUSLI,1068,644.0,D,E,False,D644E
tr|A0ABV1A463|A0ABV1A463_9TELE,1068,644.0,D,E,False,D644E
tr|A0AAV9S7N1|A0AAV9S7N1_9TELE,1068,644.0,D,E,False,D644E
tr|A0ABV0TT83|A0ABV0TT83_9TELE,1068,644.0,D,E,False,D644E
tr|A0A6P7NA03|A0A6P7NA03_BETSP,1068,644.0,D,E,False,D644E
tr|A0A9W2XZU5|A0A9W2XZU5_BETSP,1068,644.0,D,E,False,D644E
tr|A0A6P7NFA4|A0A6P7NFA4_BETSP,1068,644.0,D,E,False,D644E
tr|A0A9W2XZJ7|A0A9W2XZJ7_BETSP,1068,644.0,D,E,False,D644E
tr|A0A6P7NA07|A0A6P7NA07_BETSP,1068,644.0,D,E,False,D644E
tr|A0A6P7NE39|A0A6P7NE39_BETSP,1068,644.0,D,E,False,D644E
tr|A0A6J2S884|A0A6J2S884_COTGO,1068,644.0,D,G,False,D644G
tr|A0A6P7I2Q9|A0A6P7I2Q9_9TELE,1068,644.0,D,E,False,D644E
tr|A0A6P7HH59|A0A6P7HH59_9TELE,1068,644.0,D,E,False,D644E
tr|A0A6P7HWN0|A0A6P7HWN0_9TELE,1068,644.0,D,E,False,D644E
tr|A0A9Y4NB67|A0A9Y4NB67_9TELE,1068,644.0,D,E,False,D644E
tr|A0A6P8GSV4|A0A6P8GSV4_CLUHA,1068,644.0,D,E,False,D644E
tr|A0A979FEC0|A0A979FEC0_ICTPU,1068,644.0,D,E,False,D644E
tr|A0A979FF91|A0A979FF91_ICTPU,1068,644.0,D,E,False,D644E
tr|A0A979FED5|A0A979FED5_ICTPU,1068,644.0,D,E,False,D644E
tr|A0A9F7RNW9|A0A9F7RNW9_ICTPU,1068,644.0,D,E,False,D644E
tr|A0A979FDQ7|A0A979FDQ7_ICTPU,1068,644.0,D,E,False,D644E
tr|A0A979FDP4|A0A979FDP4_ICTPU,1068,644.0,D,E,False,D644E
tr|A0A979FDQ5|A0A979FDQ5_ICTPU,1068,644.0,D,E,False,D644E
tr|A0AC58J6Q9|A0AC58J6Q9_DANRE,1068,644.0,D,E,False,D644E
tr|A0AC58J6Q2|A0AC58J6Q2_DANRE,1068,644.0,D,E,False,D644E
tr|A0AB32TNW7|A0AB32TNW7_DANRE,1068,644.0,D,E,False,D644E
tr|A0AC58J6S2|A0AC58J6S2_DANRE,1068,644.0,D,E,False,D644E
tr|A0AC58J6R3|A0AC58J6R3_DANRE,1068,644.0,D,E,False,D644E
tr|A0ACM8Q842|A0ACM8Q842_DANRE,1068,644.0,D,E,False,D644E
tr|A0AB32TSB5|A0AB32TSB5_DANRE,1068,644.0,D,E,False,D644E
tr|A0AB32TQV9|A0AB32TQV9_DANRE,1068,644.0,D,E,False,D644E
tr|A0AB32TLD3|A0AB32TLD3_DANRE,1068,644.0,D,E,False,D644E
tr|A0AC58J6Q5|A0AC58J6Q5_DANRE,1068,644.0,D,E,False,D644E
tr|A0ABM0GFX0|A0ABM0GFX0_SACKO,1069,645.0,L,N,False,L645N
tr|A0ACF8DDW5|A0ACF8DDW5_ARAGI,1069,645.0,L,P,False,L645P
tr|A0ABM0GFX0|A0ABM0GFX0_SACKO,1085,646.0,N,E,False,N646E
tr|A0ABM0GFX0|A0ABM0GFX0_SACKO,1086,647.0,G,D,False,G647D
tr|A0ABM0GFX0|A0ABM0GFX0_SACKO,1087,648.0,S,G,False,S648G
tr|A0A6P8VIH1|A0A6P8VIH1_GYMAC,1087,648.0,S,L,False,S648L
tr|A0ACF8FNS1|A0ACF8FNS1_ARAGI,1087,648.0,S,T,False,S648T
tr|A0A6P8GSV4|A0A6P8GSV4_CLUHA,1087,648.0,S,A,False,S648A
tr|A0AC58J6Q9|A0AC58J6Q9_DANRE,1087,648.0,S,T,False,S648T
tr|A0AC58J6Q2|A0AC58J6Q2_DANRE,1087,648.0,S,T,False,S648T
tr|A0AB32TNW7|A0AB32TNW7_DANRE,1087,648.0,S,T,False,S648T
tr|A0AC58J6S2|A0AC58J6S2_DANRE,1087,648.0,S,T,False,S648T
tr|A0AC58J6R3|A0AC58J6R3_DANRE,1087,648.0,S,T,False,S648T
tr|A0ACM8Q842|A0ACM8Q842_DANRE,1087,648.0,S,T,False,S648T
tr|A0AB32TSB5|A0AB32TSB5_DANRE,1087,648.0,S,T,False,S648T
tr|A0AB32TQV9|A0AB32TQV9_DANRE,1087,648.0,S,T,False,S648T
tr|A0AB32TLD3|A0AB32TLD3_DANRE,1087,648.0,S,T,False,S648T
tr|A0AC58J6Q5|A0AC58J6Q5_DANRE,1087,648.0,S,T,False,S648T
tr|A0A8B7A802|A0A8B7A802_ORYAF,1087,648.0,S,C,False,S648C
tr|A0ABM0GFX0|A0ABM0GFX0_SACKO,1088,649.0,L,E,False,L649E
tr|A0A6P8VIH1|A0A6P8VIH1_GYMAC,1088,649.0,L,Y,False,L649Y
tr|A0A6J2S884|A0A6J2S884_COTGO,1088,649.0,L,F,False,L649F
tr|A0A9Y6LYW8|A0A9Y6LYW8_9CICH,1088,649.0,L,V,False,L649V
tr|A0A9Y3R1R7|A0A9Y3R1R7_9CICH,1088,649.0,L,V,False,L649V
tr|A0AC36JJL6|A0AC36JJL6_9CICH,1088,649.0,L,V,False,L649V
tr|A0ACF8FNS1|A0ACF8FNS1_ARAGI,1088,649.0,L,V,False,L649V
tr|T1PV61|T1PV61_GEKGE,1088,649.0,L,M,False,L649M
tr|A0ABM0GFX0|A0ABM0GFX0_SACKO,1089,650.0,D,R,False,D650R
tr|A0A6J2V217|A0A6J2V217_CHACN,1089,650.0,D,E,False,D650E
tr|A0A6J2V3N9|A0A6J2V3N9_CHACN,1089,650.0,D,E,False,D650E
tr|A0A6P8GSV4|A0A6P8GSV4_CLUHA,1089,650.0,D,E,False,D650E
tr|A0A979FEC0|A0A979FEC0_ICTPU,1089,650.0,D,E,False,D650E
tr|A0A979FF91|A0A979FF91_ICTPU,1089,650.0,D,E,False,D650E
tr|A0A979FED5|A0A979FED5_ICTPU,1089,650.0,D,E,False,D650E
tr|A0A9F7RNW9|A0A9F7RNW9_ICTPU,1089,650.0,D,E,False,D650E
tr|A0A979FDQ7|A0A979FDQ7_ICTPU,1089,650.0,D,E,False,D650E
tr|A0A979FDP4|A0A979FDP4_ICTPU,1089,650.0,D,E,False,D650E
tr|A0A979FDQ5|A0A979FDQ5_ICTPU,1089,650.0,D,E,False,D650E
tr|A0A6J2V203|A0A6J2V203_CHACN,1089,650.0,D,E,False,D650E
tr|A0AAD8DJ01|A0AAD8DJ01_ACIOX,1089,650.0,D,E,False,D650E
tr|A0A8C5M8V1|A0A8C5M8V1_9ANUR,1089,650.0,D,E,False,D650E
tr|A0A6I9YYB6|A0A6I9YYB6_9SAUR,1089,650.0,D,E,False,D650E
tr|A0A9F5IXC2|A0A9F5IXC2_PYTBI,1089,650.0,D,E,False,D650E
tr|A0A8B7A802|A0A8B7A802_ORYAF,1089,650.0,D,E,False,D650E
tr|A0A6I8ND77|A0A6I8ND77_ORNAN,1089,650.0,D,E,False,D650E
tr|A0A8C6XFH2|A0A8C6XFH2_NAJNA,1089,650.0,D,E,False,D650E
tr|A0A9F5IS39|A0A9F5IS39_PYTBI,1089,650.0,D,E,False,D650E
tr|A0A670Z5Y1|A0A670Z5Y1_PSETE,1089,650.0,D,E,False,D650E
tr|A0A670Z823|A0A670Z823_PSETE,1089,650.0,D,E,False,D650E
tr|A0A6J1U1T0|A0A6J1U1T0_9SAUR,1089,650.0,D,E,False,D650E
tr|A0A6I9YXB8|A0A6I9YXB8_9SAUR,1089,650.0,D,E,False,D650E
tr|A0A9F2NWE2|A0A9F2NWE2_PYTBI,1089,650.0,D,E,False,D650E
tr|A0ABM0GFX0|A0ABM0GFX0_SACKO,1090,651.0,H,D,False,H651D
tr|A0ACF8DDW5|A0ACF8DDW5_ARAGI,1090,651.0,H,P,False,H651P
tr|A0ABM0GFX0|A0ABM0GFX0_SACKO,1091,652.0,I,V,False,I652V
tr|A0A6P8VIH1|A0A6P8VIH1_GYMAC,1091,652.0,I,L,False,I652L
tr|A0A2I4BXB8|A0A2I4BXB8_AUSLI,1091,652.0,I,L,False,I652L
tr|A0A2I4BXF7|A0A2I4BXF7_AUSLI,1091,652.0,I,L,False,I652L
tr|A0A2I4BXC1|A0A2I4BXC1_AUSLI,1091,652.0,I,L,False,I652L
tr|A0A2I4BXC7|A0A2I4BXC7_AUSLI,1091,652.0,I,L,False,I652L
tr|A0ABV1A463|A0ABV1A463_9TELE,1091,652.0,I,L,False,I652L
tr|A0AAV9S7N1|A0AAV9S7N1_9TELE,1091,652.0,I,L,False,I652L
tr|A0ABV0TT83|A0ABV0TT83_9TELE,1091,652.0,I,L,False,I652L
tr|A0A6P7NA03|A0A6P7NA03_BETSP,1091,652.0,I,L,False,I652L
tr|A0A9W2XZU5|A0A9W2XZU5_BETSP,1091,652.0,I,L,False,I652L
tr|A0A6P7NFA4|A0A6P7NFA4_BETSP,1091,652.0,I,L,False,I652L
tr|A0A9W2XZJ7|A0A9W2XZJ7_BETSP,1091,652.0,I,L,False,I652L
tr|A0A6P7NA07|A0A6P7NA07_BETSP,1091,652.0,I,L,False,I652L
tr|A0A6P7NE39|A0A6P7NE39_BETSP,1091,652.0,I,L,False,I652L
tr|A0A6J2S884|A0A6J2S884_COTGO,1091,652.0,I,L,False,I652L
tr|A0A6P7I2Q9|A0A6P7I2Q9_9TELE,1091,652.0,I,L,False,I652L
tr|A0A6P7HH59|A0A6P7HH59_9TELE,1091,652.0,I,L,False,I652L
tr|A0A6P7HWN0|A0A6P7HWN0_9TELE,1091,652.0,I,L,False,I652L
tr|A0A9Y4NB67|A0A9Y4NB67_9TELE,1091,652.0,I,L,False,I652L
tr|A0A9Y6LYW8|A0A9Y6LYW8_9CICH,1091,652.0,I,L,False,I652L
tr|A0A9Y3R1R7|A0A9Y3R1R7_9CICH,1091,652.0,I,L,False,I652L
tr|A0AC36JJL6|A0AC36JJL6_9CICH,1091,652.0,I,L,False,I652L
tr|A0ACF8DDW5|A0ACF8DDW5_ARAGI,1091,652.0,I,L,False,I652L
tr|A0ACF8FNS1|A0ACF8FNS1_ARAGI,1091,652.0,I,L,False,I652L
tr|A0A8U0R0X1|A0A8U0R0X1_SALNM,1091,652.0,I,L,False,I652L
tr|A0A6J2V217|A0A6J2V217_CHACN,1091,652.0,I,L,False,I652L
tr|A0A6J2V3N9|A0A6J2V3N9_CHACN,1091,652.0,I,L,False,I652L
tr|A0A6P8GSV4|A0A6P8GSV4_CLUHA,1091,652.0,I,L,False,I652L
tr|A0A979FEC0|A0A979FEC0_ICTPU,1091,652.0,I,L,False,I652L
tr|A0A979FF91|A0A979FF91_ICTPU,1091,652.0,I,L,False,I652L
tr|A0A979FED5|A0A979FED5_ICTPU,1091,652.0,I,L,False,I652L
tr|A0A9F7RNW9|A0A9F7RNW9_ICTPU,1091,652.0,I,L,False,I652L
tr|A0A979FDQ7|A0A979FDQ7_ICTPU,1091,652.0,I,L,False,I652L
tr|A0A979FDP4|A0A979FDP4_ICTPU,1091,652.0,I,L,False,I652L
tr|A0A979FDQ5|A0A979FDQ5_ICTPU,1091,652.0,I,L,False,I652L
tr|A0AC58J6Q9|A0AC58J6Q9_DANRE,1091,652.0,I,L,False,I652L
tr|A0AC58J6Q2|A0AC58J6Q2_DANRE,1091,652.0,I,L,False,I652L
tr|A0AB32TNW7|A0AB32TNW7_DANRE,1091,652.0,I,L,False,I652L
tr|A0AC58J6S2|A0AC58J6S2_DANRE,1091,652.0,I,L,False,I652L
tr|A0AC58J6R3|A0AC58J6R3_DANRE,1091,652.0,I,L,False,I652L
tr|A0ACM8Q842|A0ACM8Q842_DANRE,1091,652.0,I,L,False,I652L
tr|A0AB32TSB5|A0AB32TSB5_DANRE,1091,652.0,I,L,False,I652L
tr|A0AB32TQV9|A0AB32TQV9_DANRE,1091,652.0,I,L,False,I652L
tr|A0AB32TLD3|A0AB32TLD3_DANRE,1091,652.0,I,L,False,I652L
tr|A0AC58J6Q5|A0AC58J6Q5_DANRE,1091,652.0,I,L,False,I652L
tr|A0A6J2V203|A0A6J2V203_CHACN,1091,652.0,I,L,False,I652L
tr|A0AAD8DBY4|A0AAD8DBY4_ACIOX,1091,652.0,I,L,False,I652L
tr|A0AAD8DJ01|A0AAD8DJ01_ACIOX,1091,652.0,I,L,False,I652L
tr|A0A8C5M8V1|A0A8C5M8V1_9ANUR,1091,652.0,I,M,False,I652M
tr|A0A8I3WU72|A0A8I3WU72_CALJA,1091,652.0,I,M,False,I652M
tr|G1PTL9|G1PTL9_MYOLU,1091,652.0,I,M,False,I652M
tr|A0ABM5DIL0|A0ABM5DIL0_VICPA,1091,652.0,I,M,False,I652M
tr|A0A8B7A802|A0A8B7A802_ORYAF,1091,652.0,I,V,False,I652V
tr|A0AC55CZE9|A0AC55CZE9_ECHTE,1091,652.0,I,M,False,I652M
tr|A0ABM5DIK9|A0ABM5DIK9_VICPA,1091,652.0,I,M,False,I652M
tr|A0A8B8TCI7|A0A8B8TCI7_CAMFR,1091,652.0,I,M,False,I652M
tr|A0AC58QLX8|A0AC58QLX8_CAMBA,1091,652.0,I,M,False,I652M
tr|A0AC58QLY5|A0AC58QLY5_CAMBA,1091,652.0,I,M,False,I652M
tr|F7IF16|F7IF16_CALJA,1091,652.0,I,M,False,I652M
tr|A9UCM8|A9UCM8_MYOPI,1091,652.0,I,M,False,I652M
tr|F6TAH4|F6TAH4_CALJA,1091,652.0,I,M,False,I652M
tr|A0AC58QLY3|A0AC58QLY3_CAMBA,1091,652.0,I,M,False,I652M
tr|A9UCN5|A9UCN5_TYLPA,1091,652.0,I,M,False,I652M
tr|F7IHC2|F7IHC2_CALJA,1091,652.0,I,M,False,I652M
tr|A0ABM5GG36|A0ABM5GG36_9SAUR,1091,652.0,I,L,False,I652L
tr|A9UCL7|A9UCL7_ASEST,1091,652.0,I,M,False,I652M
tr|A0AC58QLY9|A0AC58QLY9_CAMBA,1091,652.0,I,M,False,I652M
tr|A0ABM5DIK7|A0ABM5DIK7_VICPA,1091,652.0,I,M,False,I652M
tr|A0ABM5DIK8|A0ABM5DIK8_VICPA,1091,652.0,I,M,False,I652M
tr|A0AC58QLX6|A0AC58QLX6_CAMBA,1091,652.0,I,M,False,I652M
tr|A0A9W3FUS5|A0A9W3FUS5_CAMBA,1091,652.0,I,M,False,I652M
tr|H3AY31|H3AY31_LATCH,1092,653.0,D,E,False,D653E
tr|A0AC55CZE9|A0AC55CZE9_ECHTE,1092,653.0,D,H,False,D653H
tr|V6F812|V6F812_LATCH,1092,653.0,D,E,False,D653E
tr|A0A6P8VIH1|A0A6P8VIH1_GYMAC,1093,654.0,S,T,False,S654T
tr|A0A2I4BXB8|A0A2I4BXB8_AUSLI,1093,654.0,S,T,False,S654T
tr|A0A2I4BXF7|A0A2I4BXF7_AUSLI,1093,654.0,S,T,False,S654T
tr|A0A2I4BXC1|A0A2I4BXC1_AUSLI,1093,654.0,S,T,False,S654T
tr|A0A2I4BXC7|A0A2I4BXC7_AUSLI,1093,654.0,S,T,False,S654T
tr|A0ABV1A463|A0ABV1A463_9TELE,1093,654.0,S,T,False,S654T
tr|A0AAV9S7N1|A0AAV9S7N1_9TELE,1093,654.0,S,T,False,S654T
tr|A0ABV0TT83|A0ABV0TT83_9TELE,1093,654.0,S,T,False,S654T
tr|A0A6P7NA03|A0A6P7NA03_BETSP,1093,654.0,S,T,False,S654T
tr|A0A9W2XZU5|A0A9W2XZU5_BETSP,1093,654.0,S,T,False,S654T
tr|A0A6P7NFA4|A0A6P7NFA4_BETSP,1093,654.0,S,T,False,S654T
tr|A0A9W2XZJ7|A0A9W2XZJ7_BETSP,1093,654.0,S,T,False,S654T
tr|A0A6P7NA07|A0A6P7NA07_BETSP,1093,654.0,S,T,False,S654T
tr|A0A6P7NE39|A0A6P7NE39_BETSP,1093,654.0,S,T,False,S654T
tr|A0A6J2S884|A0A6J2S884_COTGO,1093,654.0,S,T,False,S654T
tr|A0A6P7I2Q9|A0A6P7I2Q9_9TELE,1093,654.0,S,T,False,S654T
tr|A0A6P7HH59|A0A6P7HH59_9TELE,1093,654.0,S,T,False,S654T
tr|A0A6P7HWN0|A0A6P7HWN0_9TELE,1093,654.0,S,T,False,S654T
tr|A0A9Y4NB67|A0A9Y4NB67_9TELE,1093,654.0,S,T,False,S654T
tr|A0A9Y6LYW8|A0A9Y6LYW8_9CICH,1093,654.0,S,T,False,S654T
tr|A0A9Y3R1R7|A0A9Y3R1R7_9CICH,1093,654.0,S,T,False,S654T
tr|A0AC36JJL6|A0AC36JJL6_9CICH,1093,654.0,S,T,False,S654T
tr|A0ACF8DDW5|A0ACF8DDW5_ARAGI,1093,654.0,S,T,False,S654T
tr|A0ACF8FNS1|A0ACF8FNS1_ARAGI,1093,654.0,S,T,False,S654T
tr|A0A8U0R0X1|A0A8U0R0X1_SALNM,1093,654.0,S,T,False,S654T
tr|A0A6J2V217|A0A6J2V217_CHACN,1093,654.0,S,T,False,S654T
tr|A0A6J2V3N9|A0A6J2V3N9_CHACN,1093,654.0,S,T,False,S654T
tr|A0A6P8GSV4|A0A6P8GSV4_CLUHA,1093,654.0,S,T,False,S654T
tr|A0A979FEC0|A0A979FEC0_ICTPU,1093,654.0,S,T,False,S654T
tr|A0A979FF91|A0A979FF91_ICTPU,1093,654.0,S,T,False,S654T
tr|A0A979FED5|A0A979FED5_ICTPU,1093,654.0,S,T,False,S654T
tr|A0A9F7RNW9|A0A9F7RNW9_ICTPU,1093,654.0,S,T,False,S654T
tr|A0A979FDQ7|A0A979FDQ7_ICTPU,1093,654.0,S,T,False,S654T
tr|A0A979FDP4|A0A979FDP4_ICTPU,1093,654.0,S,T,False,S654T
tr|A0A979FDQ5|A0A979FDQ5_ICTPU,1093,654.0,S,T,False,S654T
tr|A0AC58J6Q9|A0AC58J6Q9_DANRE,1093,654.0,S,T,False,S654T
tr|A0AC58J6Q2|A0AC58J6Q2_DANRE,1093,654.0,S,T,False,S654T
tr|A0AB32TNW7|A0AB32TNW7_DANRE,1093,654.0,S,T,False,S654T
tr|A0AC58J6S2|A0AC58J6S2_DANRE,1093,654.0,S,T,False,S654T
tr|A0AC58J6R3|A0AC58J6R3_DANRE,1093,654.0,S,T,False,S654T
tr|A0ACM8Q842|A0ACM8Q842_DANRE,1093,654.0,S,T,False,S654T
tr|A0AB32TSB5|A0AB32TSB5_DANRE,1093,654.0,S,T,False,S654T
tr|A0AB32TQV9|A0AB32TQV9_DANRE,1093,654.0,S,T,False,S654T
tr|A0AB32TLD3|A0AB32TLD3_DANRE,1093,654.0,S,T,False,S654T
tr|A0AC58J6Q5|A0AC58J6Q5_DANRE,1093,654.0,S,T,False,S654T
tr|A0A6J2V203|A0A6J2V203_CHACN,1093,654.0,S,T,False,S654T
tr|A0ABM0GFX0|A0ABM0GFX0_SACKO,1096,657.0,N,H,False,N657H
tr|A0A6P8VIH1|A0A6P8VIH1_GYMAC,1096,657.0,N,H,False,N657H
tr|A0A2I4BXB8|A0A2I4BXB8_AUSLI,1096,657.0,N,H,False,N657H
tr|A0A2I4BXF7|A0A2I4BXF7_AUSLI,1096,657.0,N,H,False,N657H
tr|A0A2I4BXC1|A0A2I4BXC1_AUSLI,1096,657.0,N,H,False,N657H
tr|A0A2I4BXC7|A0A2I4BXC7_AUSLI,1096,657.0,N,H,False,N657H
tr|A0ABV1A463|A0ABV1A463_9TELE,1096,657.0,N,H,False,N657H
tr|A0AAV9S7N1|A0AAV9S7N1_9TELE,1096,657.0,N,H,False,N657H
tr|A0ABV0TT83|A0ABV0TT83_9TELE,1096,657.0,N,H,False,N657H
tr|A0A6P7NA03|A0A6P7NA03_BETSP,1096,657.0,N,H,False,N657H
tr|A0A9W2XZU5|A0A9W2XZU5_BETSP,1096,657.0,N,H,False,N657H
tr|A0A6P7NFA4|A0A6P7NFA4_BETSP,1096,657.0,N,H,False,N657H
tr|A0A9W2XZJ7|A0A9W2XZJ7_BETSP,1096,657.0,N,H,False,N657H
tr|A0A6P7NA07|A0A6P7NA07_BETSP,1096,657.0,N,H,False,N657H
tr|A0A6P7NE39|A0A6P7NE39_BETSP,1096,657.0,N,H,False,N657H
tr|A0A6J2S884|A0A6J2S884_COTGO,1096,657.0,N,H,False,N657H
tr|A0A6P7I2Q9|A0A6P7I2Q9_9TELE,1096,657.0,N,H,False,N657H
tr|A0A6P7HH59|A0A6P7HH59_9TELE,1096,657.0,N,H,False,N657H
tr|A0A6P7HWN0|A0A6P7HWN0_9TELE,1096,657.0,N,H,False,N657H
tr|A0A9Y4NB67|A0A9Y4NB67_9TELE,1096,657.0,N,H,False,N657H
tr|A0A9Y6LYW8|A0A9Y6LYW8_9CICH,1096,657.0,N,H,False,N657H
tr|A0A9Y3R1R7|A0A9Y3R1R7_9CICH,1096,657.0,N,H,False,N657H
tr|A0AC36JJL6|A0AC36JJL6_9CICH,1096,657.0,N,H,False,N657H
tr|A0ACF8DDW5|A0ACF8DDW5_ARAGI,1096,657.0,N,H,False,N657H
tr|A0ACF8FNS1|A0ACF8FNS1_ARAGI,1096,657.0,N,H,False,N657H
tr|A0A8U0R0X1|A0A8U0R0X1_SALNM,1096,657.0,N,H,False,N657H
tr|A0A6J2V217|A0A6J2V217_CHACN,1096,657.0,N,H,False,N657H
tr|A0A6J2V3N9|A0A6J2V3N9_CHACN,1096,657.0,N,H,False,N657H
tr|A0A6P8GSV4|A0A6P8GSV4_CLUHA,1096,657.0,N,H,False,N657H
tr|A0A979FEC0|A0A979FEC0_ICTPU,1096,657.0,N,H,False,N657H
tr|A0A979FF91|A0A979FF91_ICTPU,1096,657.0,N,H,False,N657H
tr|A0A979FED5|A0A979FED5_ICTPU,1096,657.0,N,H,False,N657H
tr|A0A9F7RNW9|A0A9F7RNW9_ICTPU,1096,657.0,N,H,False,N657H
tr|A0A979FDQ7|A0A979FDQ7_ICTPU,1096,657.0,N,H,False,N657H
tr|A0A979FDP4|A0A979FDP4_ICTPU,1096,657.0,N,H,False,N657H
tr|A0A979FDQ5|A0A979FDQ5_ICTPU,1096,657.0,N,H,False,N657H
tr|A0AC58J6Q9|A0AC58J6Q9_DANRE,1096,657.0,N,H,False,N657H
tr|A0AC58J6Q2|A0AC58J6Q2_DANRE,1096,657.0,N,H,False,N657H
tr|A0AB32TNW7|A0AB32TNW7_DANRE,1096,657.0,N,H,False,N657H
tr|A0AC58J6S2|A0AC58J6S2_DANRE,1096,657.0,N,H,False,N657H
tr|A0AC58J6R3|A0AC58J6R3_DANRE,1096,657.0,N,H,False,N657H
tr|A0ACM8Q842|A0ACM8Q842_DANRE,1096,657.0,N,H,False,N657H
tr|A0AB32TSB5|A0AB32TSB5_DANRE,1096,657.0,N,H,False,N657H
tr|A0AB32TQV9|A0AB32TQV9_DANRE,1096,657.0,N,H,False,N657H
tr|A0AB32TLD3|A0AB32TLD3_DANRE,1096,657.0,N,H,False,N657H
tr|A0AC58J6Q5|A0AC58J6Q5_DANRE,1096,657.0,N,H,False,N657H
tr|A0A6J2V203|A0A6J2V203_CHACN,1096,657.0,N,H,False,N657H
tr|A0ABM0GFX0|A0ABM0GFX0_SACKO,1097,658.0,S,G,False,S658G
tr|A0A6P8VIH1|A0A6P8VIH1_GYMAC,1097,658.0,S,G,False,S658G
tr|A0A6P8GSV4|A0A6P8GSV4_CLUHA,1097,658.0,S,G,False,S658G
tr|T1PTS4|T1PTS4_PARLB,1097,658.0,S,I,False,S658I
tr|H3AY31|H3AY31_LATCH,1097,658.0,S,T,False,S658T
tr|V6F812|V6F812_LATCH,1097,658.0,S,T,False,S658T
tr|T1PTW0|T1PTW0_9SAUR,1097,658.0,S,T,False,S658T
tr|A0ABM0GFX0|A0ABM0GFX0_SACKO,1098,659.0,S,D,False,S659D
tr|G3X2N2|G3X2N2_SARHA,1098,659.0,S,T,False,S659T
tr|A0ABM0GFX0|A0ABM0GFX0_SACKO,1099,660.0,P,E,False,P660E
tr|A0A8J1MHG6|A0A8J1MHG6_XENLA,1099,660.0,P,A,False,P660A
tr|A0A1L8GYY0|A0A1L8GYY0_XENLA,1099,660.0,P,A,False,P660A
tr|A0A8J1MIF2|A0A8J1MIF2_XENLA,1099,660.0,P,A,False,P660A
tr|A0A8J1MHG1|A0A8J1MHG1_XENLA,1099,660.0,P,A,False,P660A
tr|A0A8J1MHG5|A0A8J1MHG5_XENLA,1099,660.0,P,A,False,P660A
tr|A0A8C2UVV4|A0A8C2UVV4_CHILA,1099,660.0,P,A,False,P660A
sp|Q4VYS1|FOXP2_XENLA,1099,660.0,P,A,False,P660A
tr|A0A8J1MI35|A0A8J1MI35_XENLA,1099,660.0,P,A,False,P660A
tr|T1PTW0|T1PTW0_9SAUR,1099,660.0,P,R,False,P660R
tr|A0ABM0GFX0|A0ABM0GFX0_SACKO,1101,661.0,G,E,False,G661E
tr|A0A9Y6LYW8|A0A9Y6LYW8_9CICH,1101,661.0,G,R,False,G661R
tr|A0A9Y3R1R7|A0A9Y3R1R7_9CICH,1101,661.0,G,R,False,G661R
tr|A0AC36JJL6|A0AC36JJL6_9CICH,1101,661.0,G,R,False,G661R
tr|A0A979FEC0|A0A979FEC0_ICTPU,1101,661.0,G,A,False,G661A
tr|A0A979FF91|A0A979FF91_ICTPU,1101,661.0,G,A,False,G661A
tr|A0A979FED5|A0A979FED5_ICTPU,1101,661.0,G,A,False,G661A
tr|A0A9F7RNW9|A0A9F7RNW9_ICTPU,1101,661.0,G,A,False,G661A
tr|A0A979FDQ7|A0A979FDQ7_ICTPU,1101,661.0,G,A,False,G661A
tr|A0A979FDP4|A0A979FDP4_ICTPU,1101,661.0,G,A,False,G661A
tr|A0A979FDQ5|A0A979FDQ5_ICTPU,1101,661.0,G,A,False,G661A
tr|A0ABM0GFX0|A0ABM0GFX0_SACKO,1102,662.0,C,I,False,C662I
tr|A0A6P8VIH1|A0A6P8VIH1_GYMAC,1102,662.0,C,Y,False,C662Y
tr|A0A2I4BXB8|A0A2I4BXB8_AUSLI,1102,662.0,C,Y,False,C662Y
tr|A0A2I4BXF7|A0A2I4BXF7_AUSLI,1102,662.0,C,Y,False,C662Y
tr|A0A2I4BXC1|A0A2I4BXC1_AUSLI,1102,662.0,C,Y,False,C662Y
tr|A0A2I4BXC7|A0A2I4BXC7_AUSLI,1102,662.0,C,Y,False,C662Y
tr|A0ABV1A463|A0ABV1A463_9TELE,1102,662.0,C,Y,False,C662Y
tr|A0AAV9S7N1|A0AAV9S7N1_9TELE,1102,662.0,C,Y,False,C662Y
tr|A0ABV0TT83|A0ABV0TT83_9TELE,1102,662.0,C,Y,False,C662Y
tr|A0A6P7NA03|A0A6P7NA03_BETSP,1102,662.0,C,Y,False,C662Y
tr|A0A9W2XZU5|A0A9W2XZU5_BETSP,1102,662.0,C,Y,False,C662Y
tr|A0A6P7NFA4|A0A6P7NFA4_BETSP,1102,662.0,C,Y,False,C662Y
tr|A0A9W2XZJ7|A0A9W2XZJ7_BETSP,1102,662.0,C,Y,False,C662Y
tr|A0A6P7NA07|A0A6P7NA07_BETSP,1102,662.0,C,Y,False,C662Y
tr|A0A6P7NE39|A0A6P7NE39_BETSP,1102,662.0,C,Y,False,C662Y
tr|A0A6J2S884|A0A6J2S884_COTGO,1102,662.0,C,Y,False,C662Y
tr|A0A6P7I2Q9|A0A6P7I2Q9_9TELE,1102,662.0,C,Y,False,C662Y
tr|A0A6P7HH59|A0A6P7HH59_9TELE,1102,662.0,C,Y,False,C662Y
tr|A0A6P7HWN0|A0A6P7HWN0_9TELE,1102,662.0,C,Y,False,C662Y
tr|A0A9Y4NB67|A0A9Y4NB67_9TELE,1102,662.0,C,Y,False,C662Y
tr|A0A9Y6LYW8|A0A9Y6LYW8_9CICH,1102,662.0,C,Y,False,C662Y
tr|A0A9Y3R1R7|A0A9Y3R1R7_9CICH,1102,662.0,C,Y,False,C662Y
tr|A0AC36JJL6|A0AC36JJL6_9CICH,1102,662.0,C,Y,False,C662Y
tr|A0ACF8DDW5|A0ACF8DDW5_ARAGI,1102,662.0,C,Y,False,C662Y
tr|A0ACF8FNS1|A0ACF8FNS1_ARAGI,1102,662.0,C,Y,False,C662Y
tr|A0A8U0R0X1|A0A8U0R0X1_SALNM,1102,662.0,C,Y,False,C662Y
tr|A0A6J2V217|A0A6J2V217_CHACN,1102,662.0,C,Y,False,C662Y
tr|A0A6J2V3N9|A0A6J2V3N9_CHACN,1102,662.0,C,Y,False,C662Y
tr|A0A6P8GSV4|A0A6P8GSV4_CLUHA,1102,662.0,C,Y,False,C662Y
tr|A0A979FEC0|A0A979FEC0_ICTPU,1102,662.0,C,Y,False,C662Y
tr|A0A979FF91|A0A979FF91_ICTPU,1102,662.0,C,Y,False,C662Y
tr|A0A979FED5|A0A979FED5_ICTPU,1102,662.0,C,Y,False,C662Y
tr|A0A9F7RNW9|A0A9F7RNW9_ICTPU,1102,662.0,C,Y,False,C662Y
tr|A0A979FDQ7|A0A979FDQ7_ICTPU,1102,662.0,C,Y,False,C662Y
tr|A0A979FDP4|A0A979FDP4_ICTPU,1102,662.0,C,Y,False,C662Y
tr|A0A979FDQ5|A0A979FDQ5_ICTPU,1102,662.0,C,Y,False,C662Y
tr|A0AC58J6Q9|A0AC58J6Q9_DANRE,1102,662.0,C,Y,False,C662Y
tr|A0AC58J6Q2|A0AC58J6Q2_DANRE,1102,662.0,C,Y,False,C662Y
tr|A0AB32TNW7|A0AB32TNW7_DANRE,1102,662.0,C,Y,False,C662Y
tr|A0AC58J6S2|A0AC58J6S2_DANRE,1102,662.0,C,Y,False,C662Y
tr|A0AC58J6R3|A0AC58J6R3_DANRE,1102,662.0,C,Y,False,C662Y
tr|A0ACM8Q842|A0ACM8Q842_DANRE,1102,662.0,C,Y,False,C662Y
tr|A0AB32TSB5|A0AB32TSB5_DANRE,1102,662.0,C,Y,False,C662Y
tr|A0AB32TQV9|A0AB32TQV9_DANRE,1102,662.0,C,Y,False,C662Y
tr|A0AB32TLD3|A0AB32TLD3_DANRE,1102,662.0,C,Y,False,C662Y
tr|A0AC58J6Q5|A0AC58J6Q5_DANRE,1102,662.0,C,Y,False,C662Y
tr|A0A6J2V203|A0A6J2V203_CHACN,1102,662.0,C,Y,False,C662Y
tr|A0AAD8DBY4|A0AAD8DBY4_ACIOX,1102,662.0,C,Y,False,C662Y
tr|A0AAD8DJ01|A0AAD8DJ01_ACIOX,1102,662.0,C,Y,False,C662Y
tr|H3AY31|H3AY31_LATCH,1102,662.0,C,S,False,C662S
tr|A0AC55CZE9|A0AC55CZE9_ECHTE,1102,662.0,C,G,False,C662G
tr|V6F812|V6F812_LATCH,1102,662.0,C,S,False,C662S
tr|A0ABM0GFX0|A0ABM0GFX0_SACKO,1103,663.0,S,R,False,S663R
tr|A0ABM0GFX0|A0ABM0GFX0_SACKO,1104,664.0,P,G,False,P664G
tr|A0ABM0GFX0|A0ABM0GFX0_SACKO,1105,665.0,Q,H,False,Q665H
tr|A0A6P8VIH1|A0A6P8VIH1_GYMAC,1105,665.0,Q,P,False,Q665P
tr|A0A2I4BXB8|A0A2I4BXB8_AUSLI,1105,665.0,Q,P,False,Q665P
tr|A0A2I4BXF7|A0A2I4BXF7_AUSLI,1105,665.0,Q,P,False,Q665P
tr|A0A2I4BXC1|A0A2I4BXC1_AUSLI,1105,665.0,Q,P,False,Q665P
tr|A0A2I4BXC7|A0A2I4BXC7_AUSLI,1105,665.0,Q,P,False,Q665P
tr|A0ABV1A463|A0ABV1A463_9TELE,1105,665.0,Q,P,False,Q665P
tr|A0AAV9S7N1|A0AAV9S7N1_9TELE,1105,665.0,Q,P,False,Q665P
tr|A0ABV0TT83|A0ABV0TT83_9TELE,1105,665.0,Q,P,False,Q665P
tr|A0A6P7NA03|A0A6P7NA03_BETSP,1105,665.0,Q,P,False,Q665P
tr|A0A9W2XZU5|A0A9W2XZU5_BETSP,1105,665.0,Q,P,False,Q665P
tr|A0A6P7NFA4|A0A6P7NFA4_BETSP,1105,665.0,Q,P,False,Q665P
tr|A0A9W2XZJ7|A0A9W2XZJ7_BETSP,1105,665.0,Q,P,False,Q665P
tr|A0A6P7NA07|A0A6P7NA07_BETSP,1105,665.0,Q,P,False,Q665P
tr|A0A6P7NE39|A0A6P7NE39_BETSP,1105,665.0,Q,P,False,Q665P
tr|A0A6J2S884|A0A6J2S884_COTGO,1105,665.0,Q,P,False,Q665P
tr|A0A6P7I2Q9|A0A6P7I2Q9_9TELE,1105,665.0,Q,P,False,Q665P
tr|A0A6P7HH59|A0A6P7HH59_9TELE,1105,665.0,Q,P,False,Q665P
tr|A0A6P7HWN0|A0A6P7HWN0_9TELE,1105,665.0,Q,P,False,Q665P
tr|A0A9Y4NB67|A0A9Y4NB67_9TELE,1105,665.0,Q,P,False,Q665P
tr|A0A9Y6LYW8|A0A9Y6LYW8_9CICH,1105,665.0,Q,P,False,Q665P
tr|A0A9Y3R1R7|A0A9Y3R1R7_9CICH,1105,665.0,Q,P,False,Q665P
tr|A0AC36JJL6|A0AC36JJL6_9CICH,1105,665.0,Q,P,False,Q665P
tr|A0ACF8DDW5|A0ACF8DDW5_ARAGI,1105,665.0,Q,H,False,Q665H
tr|A0A979FEC0|A0A979FEC0_ICTPU,1105,665.0,Q,H,False,Q665H
tr|A0A979FF91|A0A979FF91_ICTPU,1105,665.0,Q,H,False,Q665H
tr|A0A979FED5|A0A979FED5_ICTPU,1105,665.0,Q,H,False,Q665H
tr|A0A9F7RNW9|A0A9F7RNW9_ICTPU,1105,665.0,Q,H,False,Q665H
tr|A0A979FDQ7|A0A979FDQ7_ICTPU,1105,665.0,Q,H,False,Q665H
tr|A0A979FDP4|A0A979FDP4_ICTPU,1105,665.0,Q,H,False,Q665H
tr|A0A979FDQ5|A0A979FDQ5_ICTPU,1105,665.0,Q,H,False,Q665H
tr|A0AC58J6Q9|A0AC58J6Q9_DANRE,1105,665.0,Q,H,False,Q665H
tr|A0AC58J6Q2|A0AC58J6Q2_DANRE,1105,665.0,Q,H,False,Q665H
tr|A0AB32TNW7|A0AB32TNW7_DANRE,1105,665.0,Q,H,False,Q665H
tr|A0AC58J6S2|A0AC58J6S2_DANRE,1105,665.0,Q,H,False,Q665H
tr|A0AC58J6R3|A0AC58J6R3_DANRE,1105,665.0,Q,H,False,Q665H
tr|A0ACM8Q842|A0ACM8Q842_DANRE,1105,665.0,Q,H,False,Q665H
tr|A0AB32TSB5|A0AB32TSB5_DANRE,1105,665.0,Q,H,False,Q665H
tr|A0AB32TQV9|A0AB32TQV9_DANRE,1105,665.0,Q,H,False,Q665H
tr|A0AB32TLD3|A0AB32TLD3_DANRE,1105,665.0,Q,H,False,Q665H
tr|A0AC58J6Q5|A0AC58J6Q5_DANRE,1105,665.0,Q,H,False,Q665H
tr|A0A6P8S6V4|A0A6P8S6V4_GEOSA,1105,665.0,Q,R,False,Q665R
tr|A0A6P8SBP1|A0A6P8SBP1_GEOSA,1105,665.0,Q,R,False,Q665R
tr|A0A6P8S5P9|A0A6P8S5P9_GEOSA,1105,665.0,Q,R,False,Q665R
tr|A0A6P8S5Q7|A0A6P8S5Q7_GEOSA,1105,665.0,Q,R,False,Q665R
tr|A0A6P7YWZ4|A0A6P7YWZ4_9AMPH,1105,665.0,Q,R,False,Q665R
tr|A0A6P7Z4T0|A0A6P7Z4T0_9AMPH,1105,665.0,Q,R,False,Q665R
tr|A0A6P8S9S5|A0A6P8S9S5_GEOSA,1105,665.0,Q,R,False,Q665R
tr|A0A6P8SBN6|A0A6P8SBN6_GEOSA,1105,665.0,Q,R,False,Q665R
tr|A0A6P8S5P6|A0A6P8S5P6_GEOSA,1105,665.0,Q,R,False,Q665R
tr|A0A6P8S9T4|A0A6P8S9T4_GEOSA,1105,665.0,Q,R,False,Q665R
tr|A0A6P8S6B0|A0A6P8S6B0_GEOSA,1105,665.0,Q,R,False,Q665R
tr|A0A6P8S6A6|A0A6P8S6A6_GEOSA,1105,665.0,Q,R,False,Q665R
tr|A0A6P8S6A3|A0A6P8S6A3_GEOSA,1105,665.0,Q,R,False,Q665R
tr|A0A6P8S5P3|A0A6P8S5P3_GEOSA,1105,665.0,Q,R,False,Q665R
tr|A0A6P8S9T8|A0A6P8S9T8_GEOSA,1105,665.0,Q,R,False,Q665R
tr|A0A6P7Z2S0|A0A6P7Z2S0_9AMPH,1105,665.0,Q,R,False,Q665R
tr|A0A6P8S6V7|A0A6P8S6V7_GEOSA,1105,665.0,Q,R,False,Q665R
tr|A0A6P8SBP4|A0A6P8SBP4_GEOSA,1105,665.0,Q,R,False,Q665R
tr|A0A6P8S5Q2|A0A6P8S5Q2_GEOSA,1105,665.0,Q,R,False,Q665R
tr|A0A6P8S9T0|A0A6P8S9T0_GEOSA,1105,665.0,Q,R,False,Q665R
tr|A0ABM0GFX0|A0ABM0GFX0_SACKO,1106,666.0,P,E,False,P666E
tr|A0A6P8VIH1|A0A6P8VIH1_GYMAC,1106,666.0,P,V,False,P666V
tr|A0A2I4BXB8|A0A2I4BXB8_AUSLI,1106,666.0,P,V,False,P666V
tr|A0A2I4BXF7|A0A2I4BXF7_AUSLI,1106,666.0,P,V,False,P666V
tr|A0A2I4BXC1|A0A2I4BXC1_AUSLI,1106,666.0,P,V,False,P666V
tr|A0A2I4BXC7|A0A2I4BXC7_AUSLI,1106,666.0,P,V,False,P666V
tr|A0ABV1A463|A0ABV1A463_9TELE,1106,666.0,P,V,False,P666V
tr|A0AAV9S7N1|A0AAV9S7N1_9TELE,1106,666.0,P,V,False,P666V
tr|A0ABV0TT83|A0ABV0TT83_9TELE,1106,666.0,P,V,False,P666V
tr|A0A6P7NA03|A0A6P7NA03_BETSP,1106,666.0,P,V,False,P666V
tr|A0A9W2XZU5|A0A9W2XZU5_BETSP,1106,666.0,P,V,False,P666V
tr|A0A6P7NFA4|A0A6P7NFA4_BETSP,1106,666.0,P,V,False,P666V
tr|A0A9W2XZJ7|A0A9W2XZJ7_BETSP,1106,666.0,P,V,False,P666V
tr|A0A6P7NA07|A0A6P7NA07_BETSP,1106,666.0,P,V,False,P666V
tr|A0A6P7NE39|A0A6P7NE39_BETSP,1106,666.0,P,V,False,P666V
tr|A0A6J2S884|A0A6J2S884_COTGO,1106,666.0,P,V,False,P666V
tr|A0A6P7I2Q9|A0A6P7I2Q9_9TELE,1106,666.0,P,V,False,P666V
tr|A0A6P7HH59|A0A6P7HH59_9TELE,1106,666.0,P,V,False,P666V
tr|A0A6P7HWN0|A0A6P7HWN0_9TELE,1106,666.0,P,V,False,P666V
tr|A0A9Y4NB67|A0A9Y4NB67_9TELE,1106,666.0,P,V,False,P666V
tr|A0A9Y6LYW8|A0A9Y6LYW8_9CICH,1106,666.0,P,V,False,P666V
tr|A0A9Y3R1R7|A0A9Y3R1R7_9CICH,1106,666.0,P,V,False,P666V
tr|A0AC36JJL6|A0AC36JJL6_9CICH,1106,666.0,P,V,False,P666V
tr|A0ACF8DDW5|A0ACF8DDW5_ARAGI,1106,666.0,P,A,False,P666A
tr|A0ACF8FNS1|A0ACF8FNS1_ARAGI,1106,666.0,P,S,False,P666S
tr|A9UCM2|A9UCM2_CYNSP,1106,666.0,P,S,False,P666S
tr|A0A8U0R0X1|A0A8U0R0X1_SALNM,1106,666.0,P,A,False,P666A
tr|A0A6J2V217|A0A6J2V217_CHACN,1106,666.0,P,T,False,P666T
tr|A0A6J2V3N9|A0A6J2V3N9_CHACN,1106,666.0,P,T,False,P666T
tr|A0A6P8GSV4|A0A6P8GSV4_CLUHA,1106,666.0,P,T,False,P666T
tr|A0A979FEC0|A0A979FEC0_ICTPU,1106,666.0,P,A,False,P666A
tr|A0A979FF91|A0A979FF91_ICTPU,1106,666.0,P,A,False,P666A
tr|A0A979FED5|A0A979FED5_ICTPU,1106,666.0,P,A,False,P666A
tr|A0A9F7RNW9|A0A9F7RNW9_ICTPU,1106,666.0,P,A,False,P666A
tr|A0A979FDQ7|A0A979FDQ7_ICTPU,1106,666.0,P,A,False,P666A
tr|A0A979FDP4|A0A979FDP4_ICTPU,1106,666.0,P,A,False,P666A
tr|A0A979FDQ5|A0A979FDQ5_ICTPU,1106,666.0,P,A,False,P666A
tr|A0AC58J6Q9|A0AC58J6Q9_DANRE,1106,666.0,P,T,False,P666T
tr|A0AC58J6Q2|A0AC58J6Q2_DANRE,1106,666.0,P,T,False,P666T
tr|A0AB32TNW7|A0AB32TNW7_DANRE,1106,666.0,P,T,False,P666T
tr|A0AC58J6S2|A0AC58J6S2_DANRE,1106,666.0,P,T,False,P666T
tr|A0AC58J6R3|A0AC58J6R3_DANRE,1106,666.0,P,T,False,P666T
tr|A0ACM8Q842|A0ACM8Q842_DANRE,1106,666.0,P,T,False,P666T
tr|A0AB32TSB5|A0AB32TSB5_DANRE,1106,666.0,P,T,False,P666T
tr|A0AB32TQV9|A0AB32TQV9_DANRE,1106,666.0,P,T,False,P666T
tr|A0AB32TLD3|A0AB32TLD3_DANRE,1106,666.0,P,T,False,P666T
tr|A0AC58J6Q5|A0AC58J6Q5_DANRE,1106,666.0,P,T,False,P666T
tr|A0A6J2V203|A0A6J2V203_CHACN,1106,666.0,P,T,False,P666T
tr|A0ABM0GFX0|A0ABM0GFX0_SACKO,1107,667.0,H,L,False,H667L
tr|A0ABM0GFX0|A0ABM0GFX0_SACKO,1108,668.0,I,K,False,I668K
tr|A0A6P8VIH1|A0A6P8VIH1_GYMAC,1108,668.0,I,M,False,I668M
tr|A0A2I4BXB8|A0A2I4BXB8_AUSLI,1108,668.0,I,M,False,I668M
tr|A0A2I4BXF7|A0A2I4BXF7_AUSLI,1108,668.0,I,M,False,I668M
tr|A0A2I4BXC1|A0A2I4BXC1_AUSLI,1108,668.0,I,M,False,I668M
tr|A0A2I4BXC7|A0A2I4BXC7_AUSLI,1108,668.0,I,M,False,I668M
tr|A0ABV1A463|A0ABV1A463_9TELE,1108,668.0,I,M,False,I668M
tr|A0AAV9S7N1|A0AAV9S7N1_9TELE,1108,668.0,I,M,False,I668M
tr|A0ABV0TT83|A0ABV0TT83_9TELE,1108,668.0,I,M,False,I668M
tr|A0A6P7NA03|A0A6P7NA03_BETSP,1108,668.0,I,M,False,I668M
tr|A0A9W2XZU5|A0A9W2XZU5_BETSP,1108,668.0,I,M,False,I668M
tr|A0A6P7NFA4|A0A6P7NFA4_BETSP,1108,668.0,I,M,False,I668M
tr|A0A9W2XZJ7|A0A9W2XZJ7_BETSP,1108,668.0,I,M,False,I668M
tr|A0A6P7NA07|A0A6P7NA07_BETSP,1108,668.0,I,M,False,I668M
tr|A0A6P7NE39|A0A6P7NE39_BETSP,1108,668.0,I,M,False,I668M
tr|A0A6J2S884|A0A6J2S884_COTGO,1108,668.0,I,M,False,I668M
tr|A0A6P7I2Q9|A0A6P7I2Q9_9TELE,1108,668.0,I,M,False,I668M
tr|A0A6P7HH59|A0A6P7HH59_9TELE,1108,668.0,I,M,False,I668M
tr|A0A6P7HWN0|A0A6P7HWN0_9TELE,1108,668.0,I,M,False,I668M
tr|A0A9Y4NB67|A0A9Y4NB67_9TELE,1108,668.0,I,M,False,I668M
tr|A0A9Y6LYW8|A0A9Y6LYW8_9CICH,1108,668.0,I,M,False,I668M
tr|A0A9Y3R1R7|A0A9Y3R1R7_9CICH,1108,668.0,I,M,False,I668M
tr|A0AC36JJL6|A0AC36JJL6_9CICH,1108,668.0,I,M,False,I668M
tr|A0ACF8DDW5|A0ACF8DDW5_ARAGI,1108,668.0,I,M,False,I668M
tr|A0ACF8FNS1|A0ACF8FNS1_ARAGI,1108,668.0,I,M,False,I668M
tr|A0A8U0R0X1|A0A8U0R0X1_SALNM,1108,668.0,I,M,False,I668M
tr|A0A6J2V217|A0A6J2V217_CHACN,1108,668.0,I,M,False,I668M
tr|A0A6J2V3N9|A0A6J2V3N9_CHACN,1108,668.0,I,M,False,I668M
tr|A0A6P8GSV4|A0A6P8GSV4_CLUHA,1108,668.0,I,L,False,I668L
tr|A0A979FEC0|A0A979FEC0_ICTPU,1108,668.0,I,M,False,I668M
tr|A0A979FF91|A0A979FF91_ICTPU,1108,668.0,I,M,False,I668M
tr|A0A979FED5|A0A979FED5_ICTPU,1108,668.0,I,M,False,I668M
tr|A0A9F7RNW9|A0A9F7RNW9_ICTPU,1108,668.0,I,M,False,I668M
tr|A0A979FDQ7|A0A979FDQ7_ICTPU,1108,668.0,I,M,False,I668M
tr|A0A979FDP4|A0A979FDP4_ICTPU,1108,668.0,I,M,False,I668M
tr|A0A979FDQ5|A0A979FDQ5_ICTPU,1108,668.0,I,M,False,I668M
tr|A0AC58J6Q9|A0AC58J6Q9_DANRE,1108,668.0,I,L,False,I668L
tr|A0AC58J6Q2|A0AC58J6Q2_DANRE,1108,668.0,I,L,False,I668L
tr|A0AB32TNW7|A0AB32TNW7_DANRE,1108,668.0,I,L,False,I668L
tr|A0AC58J6S2|A0AC58J6S2_DANRE,1108,668.0,I,L,False,I668L
tr|A0AC58J6R3|A0AC58J6R3_DANRE,1108,668.0,I,L,False,I668L
tr|A0ACM8Q842|A0ACM8Q842_DANRE,1108,668.0,I,L,False,I668L
tr|A0AB32TSB5|A0AB32TSB5_DANRE,1108,668.0,I,L,False,I668L
tr|A0AB32TQV9|A0AB32TQV9_DANRE,1108,668.0,I,L,False,I668L
tr|A0AB32TLD3|A0AB32TLD3_DANRE,1108,668.0,I,L,False,I668L
tr|A0AC58J6Q5|A0AC58J6Q5_DANRE,1108,668.0,I,L,False,I668L
tr|A0A6J2V203|A0A6J2V203_CHACN,1108,668.0,I,M,False,I668M
tr|A0AAD8DBY4|A0AAD8DBY4_ACIOX,1108,668.0,I,M,False,I668M
tr|A0AAD8DJ01|A0AAD8DJ01_ACIOX,1108,668.0,I,M,False,I668M
tr|A0A2Y9DWT2|A0A2Y9DWT2_TRIMA,1108,668.0,I,L,False,I668L
tr|A0A2Y9G2K3|A0A2Y9G2K3_TRIMA,1108,668.0,I,L,False,I668L
tr|A0A2Y9DWJ1|A0A2Y9DWJ1_TRIMA,1108,668.0,I,L,False,I668L
tr|H3AY31|H3AY31_LATCH,1108,668.0,I,M,False,I668M
tr|A0A2Y9DWY6|A0A2Y9DWY6_TRIMA,1108,668.0,I,L,False,I668L
tr|A0A2Y9DXW3|A0A2Y9DXW3_TRIMA,1108,668.0,I,L,False,I668L
tr|A0A2Y9DY63|A0A2Y9DY63_TRIMA,1108,668.0,I,L,False,I668L
tr|A0A2Y9G187|A0A2Y9G187_TRIMA,1108,668.0,I,L,False,I668L
tr|A0A2Y9DXW8|A0A2Y9DXW8_TRIMA,1108,668.0,I,L,False,I668L
tr|A0A2Y9FYP5|A0A2Y9FYP5_TRIMA,1108,668.0,I,L,False,I668L
tr|V6F7W6|V6F7W6_ANOCA,1108,668.0,I,M,False,I668M
tr|A0A2Y9DY69|A0A2Y9DY69_TRIMA,1108,668.0,I,L,False,I668L
tr|A0A2Y9DWZ0|A0A2Y9DWZ0_TRIMA,1108,668.0,I,L,False,I668L
tr|A0A6P8VIH1|A0A6P8VIH1_GYMAC,1161,669.0,H,Q,False,H669Q
tr|A0A2I4BXB8|A0A2I4BXB8_AUSLI,1161,669.0,H,P,False,H669P
tr|A0A2I4BXF7|A0A2I4BXF7_AUSLI,1161,669.0,H,P,False,H669P
tr|A0A2I4BXC1|A0A2I4BXC1_AUSLI,1161,669.0,H,P,False,H669P
tr|A0A2I4BXC7|A0A2I4BXC7_AUSLI,1161,669.0,H,P,False,H669P
tr|A0ABV1A463|A0ABV1A463_9TELE,1161,669.0,H,P,False,H669P
tr|A0AAV9S7N1|A0AAV9S7N1_9TELE,1161,669.0,H,P,False,H669P
tr|A0ABV0TT83|A0ABV0TT83_9TELE,1161,669.0,H,P,False,H669P
tr|A0A6J2S884|A0A6J2S884_COTGO,1161,669.0,H,L,False,H669L
tr|A0A6P7I2Q9|A0A6P7I2Q9_9TELE,1161,669.0,H,P,False,H669P
tr|A0A6P7HH59|A0A6P7HH59_9TELE,1161,669.0,H,P,False,H669P
tr|A0A6P7HWN0|A0A6P7HWN0_9TELE,1161,669.0,H,P,False,H669P
tr|A0A9Y4NB67|A0A9Y4NB67_9TELE,1161,669.0,H,P,False,H669P
tr|A0A9Y6LYW8|A0A9Y6LYW8_9CICH,1161,669.0,H,P,False,H669P
tr|A0A9Y3R1R7|A0A9Y3R1R7_9CICH,1161,669.0,H,P,False,H669P
tr|A0AC36JJL6|A0AC36JJL6_9CICH,1161,669.0,H,P,False,H669P
tr|A0ACF8DDW5|A0ACF8DDW5_ARAGI,1161,669.0,H,L,False,H669L
tr|A0ACF8FNS1|A0ACF8FNS1_ARAGI,1161,669.0,H,P,False,H669P
tr|A0A8U0R0X1|A0A8U0R0X1_SALNM,1161,669.0,H,S,False,H669S
tr|A0A6J2V217|A0A6J2V217_CHACN,1161,669.0,H,P,False,H669P
tr|A0A6J2V3N9|A0A6J2V3N9_CHACN,1161,669.0,H,P,False,H669P
tr|A0A6P8GSV4|A0A6P8GSV4_CLUHA,1161,669.0,H,S,False,H669S
tr|A0A979FEC0|A0A979FEC0_ICTPU,1161,669.0,H,P,False,H669P
tr|A0A979FF91|A0A979FF91_ICTPU,1161,669.0,H,P,False,H669P
tr|A0A979FED5|A0A979FED5_ICTPU,1161,669.0,H,P,False,H669P
tr|A0A9F7RNW9|A0A9F7RNW9_ICTPU,1161,669.0,H,P,False,H669P
tr|A0A979FDQ7|A0A979FDQ7_ICTPU,1161,669.0,H,P,False,H669P
tr|A0A979FDP4|A0A979FDP4_ICTPU,1161,669.0,H,P,False,H669P
tr|A0A979FDQ5|A0A979FDQ5_ICTPU,1161,669.0,H,P,False,H669P
tr|A0AC58J6Q9|A0AC58J6Q9_DANRE,1161,669.0,H,P,False,H669P
tr|A0AC58J6Q2|A0AC58J6Q2_DANRE,1161,669.0,H,P,False,H669P
tr|A0AB32TNW7|A0AB32TNW7_DANRE,1161,669.0,H,P,False,H669P
tr|A0AC58J6S2|A0AC58J6S2_DANRE,1161,669.0,H,P,False,H669P
tr|A0AC58J6R3|A0AC58J6R3_DANRE,1161,669.0,H,P,False,H669P
tr|A0ACM8Q842|A0ACM8Q842_DANRE,1161,669.0,H,P,False,H669P
tr|A0AB32TSB5|A0AB32TSB5_DANRE,1161,669.0,H,P,False,H669P
tr|A0AB32TQV9|A0AB32TQV9_DANRE,1161,669.0,H,P,False,H669P
tr|A0AB32TLD3|A0AB32TLD3_DANRE,1161,669.0,H,P,False,H669P
tr|A0AC58J6Q5|A0AC58J6Q5_DANRE,1161,669.0,H,P,False,H669P
tr|A0A6J2V203|A0A6J2V203_CHACN,1161,669.0,H,P,False,H669P
tr|A0A6P8S6V4|A0A6P8S6V4_GEOSA,1161,669.0,H,L,False,H669L
tr|A0A9W2WPF2|A0A9W2WPF2_PHYMC,1161,669.0,H,L,False,H669L
tr|A0A6P8VIH1|A0A6P8VIH1_GYMAC,1162,670.0,S,Q,False,S670Q
tr|A0A2I4BXB8|A0A2I4BXB8_AUSLI,1162,670.0,S,P,False,S670P
tr|A0A2I4BXF7|A0A2I4BXF7_AUSLI,1162,670.0,S,P,False,S670P
tr|A0A2I4BXC1|A0A2I4BXC1_AUSLI,1162,670.0,S,P,False,S670P
tr|A0A2I4BXC7|A0A2I4BXC7_AUSLI,1162,670.0,S,P,False,S670P
tr|A0A6P7NA03|A0A6P7NA03_BETSP,1162,670.0,S,P,False,S670P
tr|A0A9W2XZU5|A0A9W2XZU5_BETSP,1162,670.0,S,P,False,S670P
tr|A0A6P7NFA4|A0A6P7NFA4_BETSP,1162,670.0,S,P,False,S670P
tr|A0A9W2XZJ7|A0A9W2XZJ7_BETSP,1162,670.0,S,P,False,S670P
tr|A0A6P7NA07|A0A6P7NA07_BETSP,1162,670.0,S,P,False,S670P
tr|A0A6P7NE39|A0A6P7NE39_BETSP,1162,670.0,S,P,False,S670P
tr|A0A6J2S884|A0A6J2S884_COTGO,1162,670.0,S,P,False,S670P
tr|A0A6P7I2Q9|A0A6P7I2Q9_9TELE,1162,670.0,S,P,False,S670P
tr|A0A6P7HH59|A0A6P7HH59_9TELE,1162,670.0,S,P,False,S670P
tr|A0A6P7HWN0|A0A6P7HWN0_9TELE,1162,670.0,S,P,False,S670P
tr|A0A9Y4NB67|A0A9Y4NB67_9TELE,1162,670.0,S,P,False,S670P
tr|A0A9Y6LYW8|A0A9Y6LYW8_9CICH,1162,670.0,S,P,False,S670P
tr|A0A9Y3R1R7|A0A9Y3R1R7_9CICH,1162,670.0,S,P,False,S670P
tr|A0AC36JJL6|A0AC36JJL6_9CICH,1162,670.0,S,P,False,S670P
tr|A0ACF8DDW5|A0ACF8DDW5_ARAGI,1162,670.0,S,T,False,S670T
tr|A0ACF8FNS1|A0ACF8FNS1_ARAGI,1162,670.0,S,P,False,S670P
tr|A0A8U0R0X1|A0A8U0R0X1_SALNM,1162,670.0,S,A,False,S670A
tr|A0A979FEC0|A0A979FEC0_ICTPU,1162,670.0,S,P,False,S670P
tr|A0A979FF91|A0A979FF91_ICTPU,1162,670.0,S,P,False,S670P
tr|A0A979FED5|A0A979FED5_ICTPU,1162,670.0,S,P,False,S670P
tr|A0A9F7RNW9|A0A9F7RNW9_ICTPU,1162,670.0,S,P,False,S670P
tr|A0A979FDQ7|A0A979FDQ7_ICTPU,1162,670.0,S,P,False,S670P
tr|A0A979FDP4|A0A979FDP4_ICTPU,1162,670.0,S,P,False,S670P
tr|A0A979FDQ5|A0A979FDQ5_ICTPU,1162,670.0,S,P,False,S670P
tr|A0AC58J6Q9|A0AC58J6Q9_DANRE,1162,670.0,S,P,False,S670P
tr|A0AC58J6Q2|A0AC58J6Q2_DANRE,1162,670.0,S,P,False,S670P
tr|A0AB32TNW7|A0AB32TNW7_DANRE,1162,670.0,S,P,False,S670P
tr|A0AC58J6S2|A0AC58J6S2_DANRE,1162,670.0,S,P,False,S670P
tr|A0AC58J6R3|A0AC58J6R3_DANRE,1162,670.0,S,P,False,S670P
tr|A0ACM8Q842|A0ACM8Q842_DANRE,1162,670.0,S,P,False,S670P
tr|A0AB32TSB5|A0AB32TSB5_DANRE,1162,670.0,S,P,False,S670P
tr|A0AB32TQV9|A0AB32TQV9_DANRE,1162,670.0,S,P,False,S670P
tr|A0AB32TLD3|A0AB32TLD3_DANRE,1162,670.0,S,P,False,S670P
tr|A0AC58J6Q5|A0AC58J6Q5_DANRE,1162,670.0,S,P,False,S670P
tr|A0AAD8DBY4|A0AAD8DBY4_ACIOX,1162,670.0,S,P,False,S670P
tr|A0AAD8DJ01|A0AAD8DJ01_ACIOX,1162,670.0,S,P,False,S670P
tr|A0A6P8S6V4|A0A6P8S6V4_GEOSA,1162,670.0,S,L,False,S670L
tr|A0A9W2WPF2|A0A9W2WPF2_PHYMC,1162,670.0,S,K,False,S670K
tr|V6F812|V6F812_LATCH,1162,670.0,S,P,False,S670P
tr|A0A2I4BXB8|A0A2I4BXB8_AUSLI,1163,671.0,I,V,False,I671V
tr|A0A2I4BXF7|A0A2I4BXF7_AUSLI,1163,671.0,I,V,False,I671V
tr|A0A2I4BXC1|A0A2I4BXC1_AUSLI,1163,671.0,I,V,False,I671V
tr|A0A2I4BXC7|A0A2I4BXC7_AUSLI,1163,671.0,I,V,False,I671V
tr|A0ABV1A463|A0ABV1A463_9TELE,1163,671.0,I,V,False,I671V
tr|A0AAV9S7N1|A0AAV9S7N1_9TELE,1163,671.0,I,V,False,I671V
tr|A0ABV0TT83|A0ABV0TT83_9TELE,1163,671.0,I,V,False,I671V
tr|A0A9Y4NB67|A0A9Y4NB67_9TELE,1163,671.0,I,V,False,I671V
tr|A0ACF8DDW5|A0ACF8DDW5_ARAGI,1163,671.0,I,V,False,I671V
tr|A0ACF8FNS1|A0ACF8FNS1_ARAGI,1163,671.0,I,V,False,I671V
tr|A0A979FEC0|A0A979FEC0_ICTPU,1163,671.0,I,V,False,I671V
tr|A0A979FF91|A0A979FF91_ICTPU,1163,671.0,I,V,False,I671V
tr|A0A979FED5|A0A979FED5_ICTPU,1163,671.0,I,V,False,I671V
tr|A0A9F7RNW9|A0A9F7RNW9_ICTPU,1163,671.0,I,V,False,I671V
tr|A0A979FDQ7|A0A979FDQ7_ICTPU,1163,671.0,I,V,False,I671V
tr|A0A979FDP4|A0A979FDP4_ICTPU,1163,671.0,I,V,False,I671V
tr|A0A979FDQ5|A0A979FDQ5_ICTPU,1163,671.0,I,V,False,I671V
tr|T1PTS4|T1PTS4_PARLB,1163,671.0,I,V,False,I671V
tr|A0A6P8S6V4|A0A6P8S6V4_GEOSA,1163,671.0,I,E,False,I671E
tr|A9UCL8|A9UCL8_COEFR,1163,671.0,I,V,False,I671V
tr|V6F812|V6F812_LATCH,1163,671.0,I,V,False,I671V
tr|A0A6P7I2Q9|A0A6P7I2Q9_9TELE,1164,672.0,H,Q,False,H672Q
tr|A0A6P7HH59|A0A6P7HH59_9TELE,1164,672.0,H,Q,False,H672Q
tr|A0A6P7HWN0|A0A6P7HWN0_9TELE,1164,672.0,H,Q,False,H672Q
tr|A0A6P8S6V4|A0A6P8S6V4_GEOSA,1164,672.0,H,N,False,H672N
tr|A0A6P7YWZ4|A0A6P7YWZ4_9AMPH,1164,672.0,H,L,False,H672L
tr|A0A6P7Z4T0|A0A6P7Z4T0_9AMPH,1164,672.0,H,L,False,H672L
tr|A0A6P7Z2S0|A0A6P7Z2S0_9AMPH,1164,672.0,H,L,False,H672L
tr|V6F812|V6F812_LATCH,1164,672.0,H,L,False,H672L
tr|A0A9Y6LYW8|A0A9Y6LYW8_9CICH,1165,673.0,V,I,False,V673I
tr|A0A9Y3R1R7|A0A9Y3R1R7_9CICH,1165,673.0,V,I,False,V673I
tr|A0AC36JJL6|A0AC36JJL6_9CICH,1165,673.0,V,I,False,V673I
tr|T1PTS4|T1PTS4_PARLB,1165,673.0,V,I,False,V673I
tr|A0A6P8S6V4|A0A6P8S6V4_GEOSA,1165,673.0,V,C,False,V673C
tr|A0A6P8S6V4|A0A6P8S6V4_GEOSA,1166,674.0,K,D,False,K674D
tr|A0A1L8GU65|A0A1L8GU65_XENLA,1167,675.0,E,D,False,E675D
tr|A0A8J0UR98|A0A8J0UR98_XENLA,1167,675.0,E,D,False,E675D
tr|A0A8J0UXQ2|A0A8J0UXQ2_XENLA,1167,675.0,E,D,False,E675D
tr|A0A8J1MTY3|A0A8J1MTY3_XENLA,1167,675.0,E,D,False,E675D
tr|A0A8J1MRN8|A0A8J1MRN8_XENLA,1167,675.0,E,D,False,E675D
tr|A0A6P8S6V4|A0A6P8S6V4_GEOSA,1168,676.0,E,H,False,E676H
tr|A0A6P8VIH1|A0A6P8VIH1_GYMAC,1170,678.0,V,L,False,V678L
tr|A0A2I4BXB8|A0A2I4BXB8_AUSLI,1170,678.0,V,L,False,V678L
tr|A0A2I4BXF7|A0A2I4BXF7_AUSLI,1170,678.0,V,L,False,V678L
tr|A0A2I4BXC1|A0A2I4BXC1_AUSLI,1170,678.0,V,L,False,V678L
tr|A0A2I4BXC7|A0A2I4BXC7_AUSLI,1170,678.0,V,L,False,V678L
tr|A0ABV1A463|A0ABV1A463_9TELE,1170,678.0,V,L,False,V678L
tr|A0AAV9S7N1|A0AAV9S7N1_9TELE,1170,678.0,V,L,False,V678L
tr|A0ABV0TT83|A0ABV0TT83_9TELE,1170,678.0,V,L,False,V678L
tr|A0A6P7NA03|A0A6P7NA03_BETSP,1170,678.0,V,L,False,V678L
tr|A0A9W2XZU5|A0A9W2XZU5_BETSP,1170,678.0,V,L,False,V678L
tr|A0A6P7NFA4|A0A6P7NFA4_BETSP,1170,678.0,V,L,False,V678L
tr|A0A9W2XZJ7|A0A9W2XZJ7_BETSP,1170,678.0,V,L,False,V678L
tr|A0A6P7NA07|A0A6P7NA07_BETSP,1170,678.0,V,L,False,V678L
tr|A0A6P7NE39|A0A6P7NE39_BETSP,1170,678.0,V,L,False,V678L
tr|A0A6J2S884|A0A6J2S884_COTGO,1170,678.0,V,L,False,V678L
tr|A0A6P7I2Q9|A0A6P7I2Q9_9TELE,1170,678.0,V,L,False,V678L
tr|A0A6P7HH59|A0A6P7HH59_9TELE,1170,678.0,V,L,False,V678L
tr|A0A6P7HWN0|A0A6P7HWN0_9TELE,1170,678.0,V,L,False,V678L
tr|A0A9Y4NB67|A0A9Y4NB67_9TELE,1170,678.0,V,L,False,V678L
tr|A0A9Y6LYW8|A0A9Y6LYW8_9CICH,1170,678.0,V,L,False,V678L
tr|A0A9Y3R1R7|A0A9Y3R1R7_9CICH,1170,678.0,V,L,False,V678L
tr|A0AC36JJL6|A0AC36JJL6_9CICH,1170,678.0,V,L,False,V678L
tr|A0ACF8DDW5|A0ACF8DDW5_ARAGI,1170,678.0,V,L,False,V678L
tr|A0ACF8FNS1|A0ACF8FNS1_ARAGI,1170,678.0,V,L,False,V678L
tr|A0A8U0R0X1|A0A8U0R0X1_SALNM,1170,678.0,V,L,False,V678L
tr|A0A6J2V217|A0A6J2V217_CHACN,1170,678.0,V,L,False,V678L
tr|A0A6J2V3N9|A0A6J2V3N9_CHACN,1170,678.0,V,L,False,V678L
tr|A0A6P8GSV4|A0A6P8GSV4_CLUHA,1170,678.0,V,I,False,V678I
tr|A0A979FEC0|A0A979FEC0_ICTPU,1170,678.0,V,L,False,V678L
tr|A0A979FF91|A0A979FF91_ICTPU,1170,678.0,V,L,False,V678L
tr|A0A979FED5|A0A979FED5_ICTPU,1170,678.0,V,L,False,V678L
tr|A0A9F7RNW9|A0A9F7RNW9_ICTPU,1170,678.0,V,L,False,V678L
tr|A0A979FDQ7|A0A979FDQ7_ICTPU,1170,678.0,V,L,False,V678L
tr|A0A979FDP4|A0A979FDP4_ICTPU,1170,678.0,V,L,False,V678L
tr|A0A979FDQ5|A0A979FDQ5_ICTPU,1170,678.0,V,L,False,V678L
tr|A0AC58J6Q9|A0AC58J6Q9_DANRE,1170,678.0,V,L,False,V678L
tr|A0AC58J6Q2|A0AC58J6Q2_DANRE,1170,678.0,V,L,False,V678L
tr|A0AB32TNW7|A0AB32TNW7_DANRE,1170,678.0,V,L,False,V678L
tr|A0AC58J6S2|A0AC58J6S2_DANRE,1170,678.0,V,L,False,V678L
tr|A0AC58J6R3|A0AC58J6R3_DANRE,1170,678.0,V,L,False,V678L
tr|A0ACM8Q842|A0ACM8Q842_DANRE,1170,678.0,V,L,False,V678L
tr|A0AB32TSB5|A0AB32TSB5_DANRE,1170,678.0,V,L,False,V678L
tr|A0AB32TQV9|A0AB32TQV9_DANRE,1170,678.0,V,L,False,V678L
tr|A0AB32TLD3|A0AB32TLD3_DANRE,1170,678.0,V,L,False,V678L
tr|A0AC58J6Q5|A0AC58J6Q5_DANRE,1170,678.0,V,L,False,V678L
tr|A0A6J2V203|A0A6J2V203_CHACN,1170,678.0,V,L,False,V678L
tr|A0AAD8DBY4|A0AAD8DBY4_ACIOX,1170,678.0,V,L,False,V678L
tr|A0AAD8DJ01|A0AAD8DJ01_ACIOX,1170,678.0,V,L,False,V678L
tr|A0A8J1MHG6|A0A8J1MHG6_XENLA,1170,678.0,V,L,False,V678L
tr|A0A1L8GYY0|A0A1L8GYY0_XENLA,1170,678.0,V,L,False,V678L
tr|A0A8J1MIF2|A0A8J1MIF2_XENLA,1170,678.0,V,L,False,V678L
tr|A0A8J1MHG1|A0A8J1MHG1_XENLA,1170,678.0,V,L,False,V678L
tr|A0A8J1MHG5|A0A8J1MHG5_XENLA,1170,678.0,V,L,False,V678L
tr|T1PTS4|T1PTS4_PARLB,1170,678.0,V,M,False,V678M
tr|A0A6P8S6V4|A0A6P8S6V4_GEOSA,1170,678.0,V,R,False,V678R
tr|A0A6P8SBP1|A0A6P8SBP1_GEOSA,1170,678.0,V,A,False,V678A
tr|A0A6P8S5P9|A0A6P8S5P9_GEOSA,1170,678.0,V,A,False,V678A
tr|A0A6P8S5Q7|A0A6P8S5Q7_GEOSA,1170,678.0,V,A,False,V678A
tr|A0A6P8S9S5|A0A6P8S9S5_GEOSA,1170,678.0,V,A,False,V678A
tr|A0A6P8SBN6|A0A6P8SBN6_GEOSA,1170,678.0,V,A,False,V678A
tr|A0A6P8S5P6|A0A6P8S5P6_GEOSA,1170,678.0,V,A,False,V678A
tr|A0A6P8S9T4|A0A6P8S9T4_GEOSA,1170,678.0,V,A,False,V678A
tr|A0A6P8S6B0|A0A6P8S6B0_GEOSA,1170,678.0,V,A,False,V678A
tr|A0A6P8S6A6|A0A6P8S6A6_GEOSA,1170,678.0,V,A,False,V678A
tr|A0A6P8S6A3|A0A6P8S6A3_GEOSA,1170,678.0,V,A,False,V678A
tr|A0A6P8S5P3|A0A6P8S5P3_GEOSA,1170,678.0,V,A,False,V678A
tr|A0A6P8S9T8|A0A6P8S9T8_GEOSA,1170,678.0,V,A,False,V678A
tr|A0AC55CZE9|A0AC55CZE9_ECHTE,1170,678.0,V,G,False,V678G
tr|A0A6P8S6V7|A0A6P8S6V7_GEOSA,1170,678.0,V,A,False,V678A
tr|A0A6P8SBP4|A0A6P8SBP4_GEOSA,1170,678.0,V,A,False,V678A
tr|A0A6P8S5Q2|A0A6P8S5Q2_GEOSA,1170,678.0,V,A,False,V678A
tr|A0A6P8S9T0|A0A6P8S9T0_GEOSA,1170,678.0,V,A,False,V678A
sp|Q4VYS1|FOXP2_XENLA,1170,678.0,V,L,False,V678L
tr|A0A8J1MI35|A0A8J1MI35_XENLA,1170,678.0,V,L,False,V678L
tr|V6F812|V6F812_LATCH,1170,678.0,V,A,False,V678A
tr|T1PTW0|T1PTW0_9SAUR,1170,678.0,V,I,False,V678I
tr|A0A670Z5Y1|A0A670Z5Y1_PSETE,1170,678.0,V,M,False,V678M
tr|A0A670Z823|A0A670Z823_PSETE,1170,678.0,V,M,False,V678M
tr|A0A6J1U1T0|A0A6J1U1T0_9SAUR,1170,678.0,V,M,False,V678M
tr|A0A6P8VIH1|A0A6P8VIH1_GYMAC,1171,679.0,I,N,False,I679N
tr|A0A2I4BXB8|A0A2I4BXB8_AUSLI,1171,679.0,I,N,False,I679N
tr|A0A2I4BXF7|A0A2I4BXF7_AUSLI,1171,679.0,I,N,False,I679N
tr|A0A2I4BXC1|A0A2I4BXC1_AUSLI,1171,679.0,I,N,False,I679N
tr|A0A2I4BXC7|A0A2I4BXC7_AUSLI,1171,679.0,I,N,False,I679N
tr|A0ABV1A463|A0ABV1A463_9TELE,1171,679.0,I,N,False,I679N
tr|A0AAV9S7N1|A0AAV9S7N1_9TELE,1171,679.0,I,N,False,I679N
tr|A0ABV0TT83|A0ABV0TT83_9TELE,1171,679.0,I,N,False,I679N
tr|A0A6P7NA03|A0A6P7NA03_BETSP,1171,679.0,I,N,False,I679N
tr|A0A9W2XZU5|A0A9W2XZU5_BETSP,1171,679.0,I,N,False,I679N
tr|A0A6P7NFA4|A0A6P7NFA4_BETSP,1171,679.0,I,N,False,I679N
tr|A0A9W2XZJ7|A0A9W2XZJ7_BETSP,1171,679.0,I,N,False,I679N
tr|A0A6P7NA07|A0A6P7NA07_BETSP,1171,679.0,I,N,False,I679N
tr|A0A6P7NE39|A0A6P7NE39_BETSP,1171,679.0,I,N,False,I679N
tr|A0A6J2S884|A0A6J2S884_COTGO,1171,679.0,I,N,False,I679N
tr|A0A6P7I2Q9|A0A6P7I2Q9_9TELE,1171,679.0,I,N,False,I679N
tr|A0A6P7HH59|A0A6P7HH59_9TELE,1171,679.0,I,N,False,I679N
tr|A0A6P7HWN0|A0A6P7HWN0_9TELE,1171,679.0,I,N,False,I679N
tr|A0A9Y4NB67|A0A9Y4NB67_9TELE,1171,679.0,I,N,False,I679N
tr|A0A9Y6LYW8|A0A9Y6LYW8_9CICH,1171,679.0,I,N,False,I679N
tr|A0A9Y3R1R7|A0A9Y3R1R7_9CICH,1171,679.0,I,N,False,I679N
tr|A0AC36JJL6|A0AC36JJL6_9CICH,1171,679.0,I,N,False,I679N
tr|A0ACF8DDW5|A0ACF8DDW5_ARAGI,1171,679.0,I,N,False,I679N
tr|A0ACF8FNS1|A0ACF8FNS1_ARAGI,1171,679.0,I,N,False,I679N
tr|A0A8U0R0X1|A0A8U0R0X1_SALNM,1171,679.0,I,N,False,I679N
tr|A0A6J2V217|A0A6J2V217_CHACN,1171,679.0,I,N,False,I679N
tr|A0A6J2V3N9|A0A6J2V3N9_CHACN,1171,679.0,I,N,False,I679N
tr|A0A6P8GSV4|A0A6P8GSV4_CLUHA,1171,679.0,I,N,False,I679N
tr|A0A979FEC0|A0A979FEC0_ICTPU,1171,679.0,I,N,False,I679N
tr|A0A979FF91|A0A979FF91_ICTPU,1171,679.0,I,N,False,I679N
tr|A0A979FED5|A0A979FED5_ICTPU,1171,679.0,I,N,False,I679N
tr|A0A9F7RNW9|A0A9F7RNW9_ICTPU,1171,679.0,I,N,False,I679N
tr|A0A979FDQ7|A0A979FDQ7_ICTPU,1171,679.0,I,N,False,I679N
tr|A0A979FDP4|A0A979FDP4_ICTPU,1171,679.0,I,N,False,I679N
tr|A0A979FDQ5|A0A979FDQ5_ICTPU,1171,679.0,I,N,False,I679N
tr|A0AC58J6Q9|A0AC58J6Q9_DANRE,1171,679.0,I,N,False,I679N
tr|A0AC58J6Q2|A0AC58J6Q2_DANRE,1171,679.0,I,N,False,I679N
tr|A0AB32TNW7|A0AB32TNW7_DANRE,1171,679.0,I,N,False,I679N
tr|A0AC58J6S2|A0AC58J6S2_DANRE,1171,679.0,I,N,False,I679N
tr|A0AC58J6R3|A0AC58J6R3_DANRE,1171,679.0,I,N,False,I679N
tr|A0ACM8Q842|A0ACM8Q842_DANRE,1171,679.0,I,N,False,I679N
tr|A0AB32TSB5|A0AB32TSB5_DANRE,1171,679.0,I,N,False,I679N
tr|A0AB32TQV9|A0AB32TQV9_DANRE,1171,679.0,I,N,False,I679N
tr|A0AB32TLD3|A0AB32TLD3_DANRE,1171,679.0,I,N,False,I679N
tr|A0AC58J6Q5|A0AC58J6Q5_DANRE,1171,679.0,I,N,False,I679N
tr|A0A6J2V203|A0A6J2V203_CHACN,1171,679.0,I,N,False,I679N
tr|A0AAD8DBY4|A0AAD8DBY4_ACIOX,1171,679.0,I,N,False,I679N
tr|A0AAD8DJ01|A0AAD8DJ01_ACIOX,1171,679.0,I,N,False,I679N
tr|A0A8C5M8V1|A0A8C5M8V1_9ANUR,1171,679.0,I,M,False,I679M
tr|T1PTS4|T1PTS4_PARLB,1171,679.0,I,M,False,I679M
tr|A0A6P8S6V4|A0A6P8S6V4_GEOSA,1171,679.0,I,K,False,I679K
tr|A0A6P8SBP1|A0A6P8SBP1_GEOSA,1171,679.0,I,M,False,I679M
tr|A0A6P8S5P9|A0A6P8S5P9_GEOSA,1171,679.0,I,M,False,I679M
tr|A0A6P8S5Q7|A0A6P8S5Q7_GEOSA,1171,679.0,I,M,False,I679M
tr|A0A6P7YWZ4|A0A6P7YWZ4_9AMPH,1171,679.0,I,M,False,I679M
tr|A0A6P7Z4T0|A0A6P7Z4T0_9AMPH,1171,679.0,I,M,False,I679M
tr|A0A6P8S9S5|A0A6P8S9S5_GEOSA,1171,679.0,I,M,False,I679M
tr|A0A6P8SBN6|A0A6P8SBN6_GEOSA,1171,679.0,I,M,False,I679M
tr|A0A6P8S5P6|A0A6P8S5P6_GEOSA,1171,679.0,I,M,False,I679M
tr|A0A6P8S9T4|A0A6P8S9T4_GEOSA,1171,679.0,I,M,False,I679M
tr|A0A6P8S6B0|A0A6P8S6B0_GEOSA,1171,679.0,I,M,False,I679M
tr|A0A6P8S6A6|A0A6P8S6A6_GEOSA,1171,679.0,I,M,False,I679M
tr|A0A6P8S6A3|A0A6P8S6A3_GEOSA,1171,679.0,I,M,False,I679M
tr|A0A6P8S5P3|A0A6P8S5P3_GEOSA,1171,679.0,I,M,False,I679M
tr|A0A6P8S9T8|A0A6P8S9T8_GEOSA,1171,679.0,I,M,False,I679M
tr|A0A6I9YYB6|A0A6I9YYB6_9SAUR,1171,679.0,I,T,False,I679T
tr|A0A9F5IXC2|A0A9F5IXC2_PYTBI,1171,679.0,I,T,False,I679T
tr|G1PTL9|G1PTL9_MYOLU,1171,679.0,I,M,False,I679M
tr|A9UCM8|A9UCM8_MYOPI,1171,679.0,I,M,False,I679M
tr|A0A6P7Z2S0|A0A6P7Z2S0_9AMPH,1171,679.0,I,M,False,I679M
tr|A0A6P8S6V7|A0A6P8S6V7_GEOSA,1171,679.0,I,M,False,I679M
tr|A0A6P8SBP4|A0A6P8SBP4_GEOSA,1171,679.0,I,M,False,I679M
tr|A0A6P8S5Q2|A0A6P8S5Q2_GEOSA,1171,679.0,I,M,False,I679M
tr|A0A6P8S9T0|A0A6P8S9T0_GEOSA,1171,679.0,I,M,False,I679M
tr|A0A8C6XFH2|A0A8C6XFH2_NAJNA,1171,679.0,I,T,False,I679T
tr|A0A9F5IS39|A0A9F5IS39_PYTBI,1171,679.0,I,T,False,I679T
tr|A0AA97JVF9|A0AA97JVF9_EUBMA,1171,679.0,I,T,False,I679T
tr|V6F812|V6F812_LATCH,1171,679.0,I,N,False,I679N
tr|A0A670Z5Y1|A0A670Z5Y1_PSETE,1171,679.0,I,T,False,I679T
tr|A0A670Z823|A0A670Z823_PSETE,1171,679.0,I,T,False,I679T
tr|A0A6J1U1T0|A0A6J1U1T0_9SAUR,1171,679.0,I,T,False,I679T
tr|A0A6I9YXB8|A0A6I9YXB8_9SAUR,1171,679.0,I,T,False,I679T
tr|A0A9F2NWE2|A0A9F2NWE2_PYTBI,1171,679.0,I,T,False,I679T
tr|A0A6P8VIH1|A0A6P8VIH1_GYMAC,1172,680.0,A,M,False,A680M
tr|A0A2I4BXB8|A0A2I4BXB8_AUSLI,1172,680.0,A,M,False,A680M
tr|A0A2I4BXF7|A0A2I4BXF7_AUSLI,1172,680.0,A,M,False,A680M
tr|A0A2I4BXC1|A0A2I4BXC1_AUSLI,1172,680.0,A,M,False,A680M
tr|A0A2I4BXC7|A0A2I4BXC7_AUSLI,1172,680.0,A,M,False,A680M
tr|A0ABV1A463|A0ABV1A463_9TELE,1172,680.0,A,M,False,A680M
tr|A0AAV9S7N1|A0AAV9S7N1_9TELE,1172,680.0,A,M,False,A680M
tr|A0ABV0TT83|A0ABV0TT83_9TELE,1172,680.0,A,M,False,A680M
tr|A0A6P7NA03|A0A6P7NA03_BETSP,1172,680.0,A,M,False,A680M
tr|A0A9W2XZU5|A0A9W2XZU5_BETSP,1172,680.0,A,M,False,A680M
tr|A0A6P7NFA4|A0A6P7NFA4_BETSP,1172,680.0,A,M,False,A680M
tr|A0A9W2XZJ7|A0A9W2XZJ7_BETSP,1172,680.0,A,M,False,A680M
tr|A0A6P7NA07|A0A6P7NA07_BETSP,1172,680.0,A,M,False,A680M
tr|A0A6P7NE39|A0A6P7NE39_BETSP,1172,680.0,A,M,False,A680M
tr|A0A6J2S884|A0A6J2S884_COTGO,1172,680.0,A,M,False,A680M
tr|A0A6P7I2Q9|A0A6P7I2Q9_9TELE,1172,680.0,A,M,False,A680M
tr|A0A6P7HH59|A0A6P7HH59_9TELE,1172,680.0,A,M,False,A680M
tr|A0A6P7HWN0|A0A6P7HWN0_9TELE,1172,680.0,A,M,False,A680M
tr|A0A9Y4NB67|A0A9Y4NB67_9TELE,1172,680.0,A,M,False,A680M
tr|A0A9Y6LYW8|A0A9Y6LYW8_9CICH,1172,680.0,A,M,False,A680M
tr|A0A9Y3R1R7|A0A9Y3R1R7_9CICH,1172,680.0,A,M,False,A680M
tr|A0AC36JJL6|A0AC36JJL6_9CICH,1172,680.0,A,M,False,A680M
tr|A0ACF8DDW5|A0ACF8DDW5_ARAGI,1172,680.0,A,M,False,A680M
tr|A0ACF8FNS1|A0ACF8FNS1_ARAGI,1172,680.0,A,L,False,A680L
tr|A0A8U0R0X1|A0A8U0R0X1_SALNM,1172,680.0,A,M,False,A680M
tr|A0A6J2V217|A0A6J2V217_CHACN,1172,680.0,A,M,False,A680M
tr|A0A6J2V3N9|A0A6J2V3N9_CHACN,1172,680.0,A,M,False,A680M
tr|A0A6P8GSV4|A0A6P8GSV4_CLUHA,1172,680.0,A,M,False,A680M
tr|A0A979FEC0|A0A979FEC0_ICTPU,1172,680.0,A,M,False,A680M
tr|A0A979FF91|A0A979FF91_ICTPU,1172,680.0,A,M,False,A680M
tr|A0A979FED5|A0A979FED5_ICTPU,1172,680.0,A,M,False,A680M
tr|A0A9F7RNW9|A0A9F7RNW9_ICTPU,1172,680.0,A,M,False,A680M
tr|A0A979FDQ7|A0A979FDQ7_ICTPU,1172,680.0,A,M,False,A680M
tr|A0A979FDP4|A0A979FDP4_ICTPU,1172,680.0,A,M,False,A680M
tr|A0A979FDQ5|A0A979FDQ5_ICTPU,1172,680.0,A,M,False,A680M
tr|A0AC58J6Q9|A0AC58J6Q9_DANRE,1172,680.0,A,M,False,A680M
tr|A0AC58J6Q2|A0AC58J6Q2_DANRE,1172,680.0,A,M,False,A680M
tr|A0AB32TNW7|A0AB32TNW7_DANRE,1172,680.0,A,M,False,A680M
tr|A0AC58J6S2|A0AC58J6S2_DANRE,1172,680.0,A,M,False,A680M
tr|A0AC58J6R3|A0AC58J6R3_DANRE,1172,680.0,A,M,False,A680M
tr|A0ACM8Q842|A0ACM8Q842_DANRE,1172,680.0,A,M,False,A680M
tr|A0AB32TSB5|A0AB32TSB5_DANRE,1172,680.0,A,M,False,A680M
tr|A0AB32TQV9|A0AB32TQV9_DANRE,1172,680.0,A,M,False,A680M
tr|A0AB32TLD3|A0AB32TLD3_DANRE,1172,680.0,A,M,False,A680M
tr|A0AC58J6Q5|A0AC58J6Q5_DANRE,1172,680.0,A,M,False,A680M
tr|A0A6J2V203|A0A6J2V203_CHACN,1172,680.0,A,M,False,A680M
tr|A0AAD8DBY4|A0AAD8DBY4_ACIOX,1172,680.0,A,T,False,A680T
tr|A0AAD8DJ01|A0AAD8DJ01_ACIOX,1172,680.0,A,T,False,A680T
tr|A0A6P8VIH1|A0A6P8VIH1_GYMAC,1173,681.0,E,D,False,E681D
tr|A0A2I4BXB8|A0A2I4BXB8_AUSLI,1173,681.0,E,D,False,E681D
tr|A0A2I4BXF7|A0A2I4BXF7_AUSLI,1173,681.0,E,D,False,E681D
tr|A0A2I4BXC1|A0A2I4BXC1_AUSLI,1173,681.0,E,D,False,E681D
tr|A0A2I4BXC7|A0A2I4BXC7_AUSLI,1173,681.0,E,D,False,E681D
tr|A0ABV1A463|A0ABV1A463_9TELE,1173,681.0,E,D,False,E681D
tr|A0AAV9S7N1|A0AAV9S7N1_9TELE,1173,681.0,E,D,False,E681D
tr|A0ABV0TT83|A0ABV0TT83_9TELE,1173,681.0,E,D,False,E681D
tr|A0A6P7NA03|A0A6P7NA03_BETSP,1173,681.0,E,D,False,E681D
tr|A0A9W2XZU5|A0A9W2XZU5_BETSP,1173,681.0,E,D,False,E681D
tr|A0A6P7NFA4|A0A6P7NFA4_BETSP,1173,681.0,E,D,False,E681D
tr|A0A9W2XZJ7|A0A9W2XZJ7_BETSP,1173,681.0,E,D,False,E681D
tr|A0A6P7NA07|A0A6P7NA07_BETSP,1173,681.0,E,D,False,E681D
tr|A0A6P7NE39|A0A6P7NE39_BETSP,1173,681.0,E,D,False,E681D
tr|A0A6J2S884|A0A6J2S884_COTGO,1173,681.0,E,D,False,E681D
tr|A0A6P7I2Q9|A0A6P7I2Q9_9TELE,1173,681.0,E,D,False,E681D
tr|A0A6P7HH59|A0A6P7HH59_9TELE,1173,681.0,E,D,False,E681D
tr|A0A6P7HWN0|A0A6P7HWN0_9TELE,1173,681.0,E,D,False,E681D
tr|A0A9Y4NB67|A0A9Y4NB67_9TELE,1173,681.0,E,D,False,E681D
tr|A0A9Y6LYW8|A0A9Y6LYW8_9CICH,1173,681.0,E,D,False,E681D
tr|A0A9Y3R1R7|A0A9Y3R1R7_9CICH,1173,681.0,E,D,False,E681D
tr|A0AC36JJL6|A0AC36JJL6_9CICH,1173,681.0,E,D,False,E681D
tr|A0ACF8DDW5|A0ACF8DDW5_ARAGI,1173,681.0,E,D,False,E681D
tr|A0ACF8FNS1|A0ACF8FNS1_ARAGI,1173,681.0,E,D,False,E681D
tr|A0A8U0R0X1|A0A8U0R0X1_SALNM,1173,681.0,E,D,False,E681D
tr|A0A6J2V217|A0A6J2V217_CHACN,1173,681.0,E,D,False,E681D
tr|A0A6J2V3N9|A0A6J2V3N9_CHACN,1173,681.0,E,D,False,E681D
tr|A0A6P8GSV4|A0A6P8GSV4_CLUHA,1173,681.0,E,D,False,E681D
tr|A0A979FEC0|A0A979FEC0_ICTPU,1173,681.0,E,D,False,E681D
tr|A0A979FF91|A0A979FF91_ICTPU,1173,681.0,E,D,False,E681D
tr|A0A979FED5|A0A979FED5_ICTPU,1173,681.0,E,D,False,E681D
tr|A0A9F7RNW9|A0A9F7RNW9_ICTPU,1173,681.0,E,D,False,E681D
tr|A0A979FDQ7|A0A979FDQ7_ICTPU,1173,681.0,E,D,False,E681D
tr|A0A979FDP4|A0A979FDP4_ICTPU,1173,681.0,E,D,False,E681D
tr|A0A979FDQ5|A0A979FDQ5_ICTPU,1173,681.0,E,D,False,E681D
tr|A0A6J2V203|A0A6J2V203_CHACN,1173,681.0,E,D,False,E681D
tr|A0A8C5M8V1|A0A8C5M8V1_9ANUR,1173,681.0,E,D,False,E681D
tr|A0A1L8GU65|A0A1L8GU65_XENLA,1173,681.0,E,D,False,E681D
tr|A0A8J0UR98|A0A8J0UR98_XENLA,1173,681.0,E,D,False,E681D
tr|A0A8J0UXQ2|A0A8J0UXQ2_XENLA,1173,681.0,E,D,False,E681D
tr|A0A8J1MHG6|A0A8J1MHG6_XENLA,1173,681.0,E,D,False,E681D
tr|A0A1L8GYY0|A0A1L8GYY0_XENLA,1173,681.0,E,D,False,E681D
tr|A0A8J1MIF2|A0A8J1MIF2_XENLA,1173,681.0,E,D,False,E681D
tr|A0A8J1MHG1|A0A8J1MHG1_XENLA,1173,681.0,E,D,False,E681D
tr|A0A8J1MHG5|A0A8J1MHG5_XENLA,1173,681.0,E,D,False,E681D
tr|A0A8J0Q7P1|A0A8J0Q7P1_XENTR,1173,681.0,E,D,False,E681D
tr|A0A8J0SHD1|A0A8J0SHD1_XENTR,1173,681.0,E,D,False,E681D
tr|A0A8J0SG76|A0A8J0SG76_XENTR,1173,681.0,E,D,False,E681D
tr|F7DTZ3|F7DTZ3_XENTR,1173,681.0,E,D,False,E681D
tr|A0A8J0S8T9|A0A8J0S8T9_XENTR,1173,681.0,E,D,False,E681D
tr|A0A6P8S6V4|A0A6P8S6V4_GEOSA,1173,681.0,E,T,False,E681T
tr|A0A8J1MTY3|A0A8J1MTY3_XENLA,1173,681.0,E,D,False,E681D
tr|A0A8J1MRN8|A0A8J1MRN8_XENLA,1173,681.0,E,D,False,E681D
tr|A0A6I8SNY6|A0A6I8SNY6_XENTR,1173,681.0,E,D,False,E681D
tr|A0A8J0SEG3|A0A8J0SEG3_XENTR,1173,681.0,E,D,False,E681D
sp|Q4VYS1|FOXP2_XENLA,1173,681.0,E,D,False,E681D
tr|A0A8J1MI35|A0A8J1MI35_XENLA,1173,681.0,E,D,False,E681D
tr|A0ACF8DDW5|A0ACF8DDW5_ARAGI,1174,682.0,D,S,False,D682S
tr|A0A6P8S6V4|A0A6P8S6V4_GEOSA,1174,682.0,D,S,False,D682S
tr|A0A2I4BXB8|A0A2I4BXB8_AUSLI,1175,683.0,E,D,False,E683D
tr|A0A2I4BXF7|A0A2I4BXF7_AUSLI,1175,683.0,E,D,False,E683D
tr|A0A2I4BXC1|A0A2I4BXC1_AUSLI,1175,683.0,E,D,False,E683D
tr|A0A2I4BXC7|A0A2I4BXC7_AUSLI,1175,683.0,E,D,False,E683D
tr|A0ABV1A463|A0ABV1A463_9TELE,1175,683.0,E,D,False,E683D
tr|A0AAV9S7N1|A0AAV9S7N1_9TELE,1175,683.0,E,D,False,E683D
tr|A0ABV0TT83|A0ABV0TT83_9TELE,1175,683.0,E,D,False,E683D
tr|A0A6P7NA03|A0A6P7NA03_BETSP,1175,683.0,E,D,False,E683D
tr|A0A9W2XZU5|A0A9W2XZU5_BETSP,1175,683.0,E,D,False,E683D
tr|A0A6P7NFA4|A0A6P7NFA4_BETSP,1175,683.0,E,D,False,E683D
tr|A0A9W2XZJ7|A0A9W2XZJ7_BETSP,1175,683.0,E,D,False,E683D
tr|A0A6P7NA07|A0A6P7NA07_BETSP,1175,683.0,E,D,False,E683D
tr|A0A6P7NE39|A0A6P7NE39_BETSP,1175,683.0,E,D,False,E683D
tr|A0A6J2S884|A0A6J2S884_COTGO,1175,683.0,E,D,False,E683D
tr|A0A6P7I2Q9|A0A6P7I2Q9_9TELE,1175,683.0,E,D,False,E683D
tr|A0A6P7HH59|A0A6P7HH59_9TELE,1175,683.0,E,D,False,E683D
tr|A0A6P7HWN0|A0A6P7HWN0_9TELE,1175,683.0,E,D,False,E683D
tr|A0A9Y4NB67|A0A9Y4NB67_9TELE,1175,683.0,E,D,False,E683D
tr|A0A9Y6LYW8|A0A9Y6LYW8_9CICH,1175,683.0,E,D,False,E683D
tr|A0A9Y3R1R7|A0A9Y3R1R7_9CICH,1175,683.0,E,D,False,E683D
tr|A0AC36JJL6|A0AC36JJL6_9CICH,1175,683.0,E,D,False,E683D
tr|A0A8U0R0X1|A0A8U0R0X1_SALNM,1175,683.0,E,D,False,E683D
tr|A0A6J2V217|A0A6J2V217_CHACN,1175,683.0,E,D,False,E683D
tr|A0A6J2V3N9|A0A6J2V3N9_CHACN,1175,683.0,E,D,False,E683D
tr|A0A6P8GSV4|A0A6P8GSV4_CLUHA,1175,683.0,E,D,False,E683D
tr|A0A979FEC0|A0A979FEC0_ICTPU,1175,683.0,E,D,False,E683D
tr|A0A979FF91|A0A979FF91_ICTPU,1175,683.0,E,D,False,E683D
tr|A0A979FED5|A0A979FED5_ICTPU,1175,683.0,E,D,False,E683D
tr|A0A9F7RNW9|A0A9F7RNW9_ICTPU,1175,683.0,E,D,False,E683D
tr|A0A979FDQ7|A0A979FDQ7_ICTPU,1175,683.0,E,D,False,E683D
tr|A0A979FDP4|A0A979FDP4_ICTPU,1175,683.0,E,D,False,E683D
tr|A0A979FDQ5|A0A979FDQ5_ICTPU,1175,683.0,E,D,False,E683D
tr|A0A6J2V203|A0A6J2V203_CHACN,1175,683.0,E,D,False,E683D
tr|V6F812|V6F812_LATCH,1175,683.0,E,D,False,E683D
tr|A0ACF8FNS1|A0ACF8FNS1_ARAGI,1176,684.0,D,E,False,D684E
tr|A0AAD8DBY4|A0AAD8DBY4_ACIOX,1176,684.0,D,E,False,D684E
tr|A0AAD8DJ01|A0AAD8DJ01_ACIOX,1176,684.0,D,E,False,D684E
tr|A0A6P8S6V4|A0A6P8S6V4_GEOSA,1176,684.0,D,F,False,D684F
tr|T1PTW0|T1PTW0_9SAUR,1176,684.0,D,E,False,D684E
tr|A0A6P8S6V4|A0A6P8S6V4_GEOSA,1178,686.0,P,S,False,P686S
tr|A0A6P8S6V4|A0A6P8S6V4_GEOSA,1179,687.0,M,T,False,M687T
tr|G1PTL9|G1PTL9_MYOLU,1179,687.0,M,V,False,M687V
tr|A9UCL8|A9UCL8_COEFR,1179,687.0,M,I,False,M687I
tr|A9UCM5|A9UCM5_HIPAR,1179,687.0,M,I,False,M687I
tr|A9UCM8|A9UCM8_MYOPI,1179,687.0,M,V,False,M687V
tr|A9UCN5|A9UCN5_TYLPA,1179,687.0,M,V,False,M687V
tr|V6F812|V6F812_LATCH,1179,687.0,M,R,False,M687R
tr|A9UCM1|A9UCM1_9CHIR,1179,687.0,M,V,False,M687V
tr|A9UCL7|A9UCL7_ASEST,1179,687.0,M,I,False,M687I
tr|A0A6P8S6V4|A0A6P8S6V4_GEOSA,1180,688.0,S,N,False,S688N
tr|A0A6P8S6V4|A0A6P8S6V4_GEOSA,1181,689.0,L,P,False,L689P
tr|A0A6P8SBP1|A0A6P8SBP1_GEOSA,1182,690.0,V,I,False,V690I
tr|A0A6P8S5P9|A0A6P8S5P9_GEOSA,1182,690.0,V,I,False,V690I
tr|A0A6P8S5Q7|A0A6P8S5Q7_GEOSA,1182,690.0,V,I,False,V690I
tr|A0A6P7YWZ4|A0A6P7YWZ4_9AMPH,1182,690.0,V,I,False,V690I
tr|A0A6P7Z4T0|A0A6P7Z4T0_9AMPH,1182,690.0,V,I,False,V690I
tr|A0A6P8S9S5|A0A6P8S9S5_GEOSA,1182,690.0,V,I,False,V690I
tr|A0A6P8SBN6|A0A6P8SBN6_GEOSA,1182,690.0,V,I,False,V690I
tr|A0A6P8S5P6|A0A6P8S5P6_GEOSA,1182,690.0,V,I,False,V690I
tr|A0A6P8S9T4|A0A6P8S9T4_GEOSA,1182,690.0,V,I,False,V690I
tr|A0A6P8S6B0|A0A6P8S6B0_GEOSA,1182,690.0,V,I,False,V690I
tr|A0A6P8S6A6|A0A6P8S6A6_GEOSA,1182,690.0,V,I,False,V690I
tr|A0A6P8S6A3|A0A6P8S6A3_GEOSA,1182,690.0,V,I,False,V690I
tr|A0A6P8S5P3|A0A6P8S5P3_GEOSA,1182,690.0,V,I,False,V690I
tr|A0A6P8S9T8|A0A6P8S9T8_GEOSA,1182,690.0,V,I,False,V690I
tr|A0A6P7Z2S0|A0A6P7Z2S0_9AMPH,1182,690.0,V,I,False,V690I
tr|A0A6P8S6V7|A0A6P8S6V7_GEOSA,1182,690.0,V,I,False,V690I
tr|A0A6P8SBP4|A0A6P8SBP4_GEOSA,1182,690.0,V,I,False,V690I
tr|A0A6P8S5Q2|A0A6P8S5Q2_GEOSA,1182,690.0,V,I,False,V690I
tr|A0A6P8S9T0|A0A6P8S9T0_GEOSA,1182,690.0,V,I,False,V690I
tr|A0A1L8GU65|A0A1L8GU65_XENLA,1183,691.0,T,N,False,T691N
tr|A0A8J0UR98|A0A8J0UR98_XENLA,1183,691.0,T,N,False,T691N
tr|A0A8J0UXQ2|A0A8J0UXQ2_XENLA,1183,691.0,T,N,False,T691N
tr|A0A6P8S6V4|A0A6P8S6V4_GEOSA,1183,691.0,T,G,False,T691G
tr|A0A671G4Y2|A0A671G4Y2_RHIFE,1183,691.0,T,A,False,T691A
tr|A0A671G1Q2|A0A671G1Q2_RHIFE,1183,691.0,T,A,False,T691A
tr|A0A8J1MTY3|A0A8J1MTY3_XENLA,1183,691.0,T,N,False,T691N
tr|A0A8J1MRN8|A0A8J1MRN8_XENLA,1183,691.0,T,N,False,T691N
tr|A9UCN1|A9UCN1_9CHIR,1183,691.0,T,A,False,T691A
tr|A0A671G1R6|A0A671G1R6_RHIFE,1183,691.0,T,A,False,T691A
tr|A9UCN0|A9UCN0_RHIFE,1183,691.0,T,A,False,T691A
tr|A0A6P8S6V4|A0A6P8S6V4_GEOSA,1184,692.0,T,A,False,T692A
tr|V6F812|V6F812_LATCH,1185,693.0,A,D,False,A693D
tr|A0A979FEC0|A0A979FEC0_ICTPU,1186,694.0,N,D,False,N694D
tr|A0A979FF91|A0A979FF91_ICTPU,1186,694.0,N,D,False,N694D
tr|A0A979FED5|A0A979FED5_ICTPU,1186,694.0,N,D,False,N694D
tr|A0A9F7RNW9|A0A9F7RNW9_ICTPU,1186,694.0,N,D,False,N694D
tr|A0A979FDQ7|A0A979FDQ7_ICTPU,1186,694.0,N,D,False,N694D
tr|A0A979FDP4|A0A979FDP4_ICTPU,1186,694.0,N,D,False,N694D
tr|A0A979FDQ5|A0A979FDQ5_ICTPU,1186,694.0,N,D,False,N694D
tr|A9UCL8|A9UCL8_COEFR,1186,694.0,N,D,False,N694D
tr|A0ACF8DDW5|A0ACF8DDW5_ARAGI,1190,698.0,E,D,False,E698D
tr|A0A8B7A802|A0A8B7A802_ORYAF,1190,698.0,E,D,False,E698D
tr|A0A6J2V217|A0A6J2V217_CHACN,1191,699.0,L,V,False,L699V
tr|A0A6J2V3N9|A0A6J2V3N9_CHACN,1191,699.0,L,V,False,L699V
tr|A0A6J2V203|A0A6J2V203_CHACN,1191,699.0,L,V,False,L699V
tr|T1PTW0|T1PTW0_9SAUR,1191,699.0,L,M,False,L699M
tr|A0ABM5GG36|A0ABM5GG36_9SAUR,1191,699.0,L,M,False,L699M
tr|A0A6P8VIH1|A0A6P8VIH1_GYMAC,1192,700.0,E,D,False,E700D
tr|A0ABV1A463|A0ABV1A463_9TELE,1192,700.0,E,D,False,E700D
tr|A0AAV9S7N1|A0AAV9S7N1_9TELE,1192,700.0,E,D,False,E700D
tr|A0ABV0TT83|A0ABV0TT83_9TELE,1192,700.0,E,D,False,E700D
tr|A0A6J2S884|A0A6J2S884_COTGO,1192,700.0,E,D,False,E700D
tr|A0A9Y4NB67|A0A9Y4NB67_9TELE,1192,700.0,E,D,False,E700D
tr|A0A8U0R0X1|A0A8U0R0X1_SALNM,1192,700.0,E,D,False,E700D
tr|A0A6P8GSV4|A0A6P8GSV4_CLUHA,1192,700.0,E,D,False,E700D
tr|A0A979FEC0|A0A979FEC0_ICTPU,1192,700.0,E,D,False,E700D
tr|A0A979FF91|A0A979FF91_ICTPU,1192,700.0,E,D,False,E700D
tr|A0A979FED5|A0A979FED5_ICTPU,1192,700.0,E,D,False,E700D
tr|A0A9F7RNW9|A0A9F7RNW9_ICTPU,1192,700.0,E,D,False,E700D
tr|A0A979FDQ7|A0A979FDQ7_ICTPU,1192,700.0,E,D,False,E700D
tr|A0A979FDP4|A0A979FDP4_ICTPU,1192,700.0,E,D,False,E700D
tr|A0A979FDQ5|A0A979FDQ5_ICTPU,1192,700.0,E,D,False,E700D
tr|A0AC58J6Q9|A0AC58J6Q9_DANRE,1192,700.0,E,D,False,E700D
tr|A0AC58J6Q2|A0AC58J6Q2_DANRE,1192,700.0,E,D,False,E700D
tr|A0AB32TNW7|A0AB32TNW7_DANRE,1192,700.0,E,D,False,E700D
tr|A0AC58J6S2|A0AC58J6S2_DANRE,1192,700.0,E,D,False,E700D
tr|A0AC58J6R3|A0AC58J6R3_DANRE,1192,700.0,E,D,False,E700D
tr|A0ACM8Q842|A0ACM8Q842_DANRE,1192,700.0,E,D,False,E700D
tr|A0AB32TSB5|A0AB32TSB5_DANRE,1192,700.0,E,D,False,E700D
tr|A0AB32TQV9|A0AB32TQV9_DANRE,1192,700.0,E,D,False,E700D
tr|A0AB32TLD3|A0AB32TLD3_DANRE,1192,700.0,E,D,False,E700D
tr|A0AC58J6Q5|A0AC58J6Q5_DANRE,1192,700.0,E,D,False,E700D
tr|A0A2Y9DWT2|A0A2Y9DWT2_TRIMA,1192,700.0,E,D,False,E700D
tr|A0A2Y9G2K3|A0A2Y9G2K3_TRIMA,1192,700.0,E,D,False,E700D
tr|A0A8C5M8V1|A0A8C5M8V1_9ANUR,1192,700.0,E,D,False,E700D
tr|A0A2Y9DWJ1|A0A2Y9DWJ1_TRIMA,1192,700.0,E,D,False,E700D
tr|A0A1L8GU65|A0A1L8GU65_XENLA,1192,700.0,E,D,False,E700D
tr|A0A8J0UR98|A0A8J0UR98_XENLA,1192,700.0,E,D,False,E700D
tr|A0A8J0UXQ2|A0A8J0UXQ2_XENLA,1192,700.0,E,D,False,E700D
tr|A0A2Y9DWY6|A0A2Y9DWY6_TRIMA,1192,700.0,E,D,False,E700D
tr|A0A2Y9DXW3|A0A2Y9DXW3_TRIMA,1192,700.0,E,D,False,E700D
tr|A0A2Y9DY63|A0A2Y9DY63_TRIMA,1192,700.0,E,D,False,E700D
tr|A0A2Y9G187|A0A2Y9G187_TRIMA,1192,700.0,E,D,False,E700D
tr|A0A8J1MTY3|A0A8J1MTY3_XENLA,1192,700.0,E,D,False,E700D
tr|A0A8J1MRN8|A0A8J1MRN8_XENLA,1192,700.0,E,D,False,E700D
tr|A0A2Y9DXW8|A0A2Y9DXW8_TRIMA,1192,700.0,E,D,False,E700D
tr|A0A2Y9FYP5|A0A2Y9FYP5_TRIMA,1192,700.0,E,D,False,E700D
tr|A0A7E6CIM9|A0A7E6CIM9_9CHIR,1192,700.0,E,D,False,E700D
tr|A0A2Y9DY69|A0A2Y9DY69_TRIMA,1192,700.0,E,D,False,E700D
tr|A0A2Y9DWZ0|A0A2Y9DWZ0_TRIMA,1192,700.0,E,D,False,E700D
tr|A0A9Y6LYW8|A0A9Y6LYW8_9CICH,1193,701.0,D,E,False,D701E
tr|A0A9Y3R1R7|A0A9Y3R1R7_9CICH,1193,701.0,D,E,False,D701E
tr|A0AC36JJL6|A0AC36JJL6_9CICH,1193,701.0,D,E,False,D701E
tr|A0ACF8DDW5|A0ACF8DDW5_ARAGI,1193,701.0,D,E,False,D701E
tr|A0A6J2V217|A0A6J2V217_CHACN,1193,701.0,D,E,False,D701E
tr|A0A6J2V3N9|A0A6J2V3N9_CHACN,1193,701.0,D,E,False,D701E
tr|A0A979FEC0|A0A979FEC0_ICTPU,1193,701.0,D,E,False,D701E
tr|A0A979FF91|A0A979FF91_ICTPU,1193,701.0,D,E,False,D701E
tr|A0A979FED5|A0A979FED5_ICTPU,1193,701.0,D,E,False,D701E
tr|A0A9F7RNW9|A0A9F7RNW9_ICTPU,1193,701.0,D,E,False,D701E
tr|A0A979FDQ7|A0A979FDQ7_ICTPU,1193,701.0,D,E,False,D701E
tr|A0A979FDP4|A0A979FDP4_ICTPU,1193,701.0,D,E,False,D701E
tr|A0A979FDQ5|A0A979FDQ5_ICTPU,1193,701.0,D,E,False,D701E
tr|A0A6J2V203|A0A6J2V203_CHACN,1193,701.0,D,E,False,D701E
tr|A0AAD8DBY4|A0AAD8DBY4_ACIOX,1193,701.0,D,E,False,D701E
tr|A0AAD8DJ01|A0AAD8DJ01_ACIOX,1193,701.0,D,E,False,D701E
tr|A0A8C5M8V1|A0A8C5M8V1_9ANUR,1193,701.0,D,E,False,D701E
tr|A0A1L8GU65|A0A1L8GU65_XENLA,1193,701.0,D,E,False,D701E
tr|A0A8J0UR98|A0A8J0UR98_XENLA,1193,701.0,D,E,False,D701E
tr|A0A8J0UXQ2|A0A8J0UXQ2_XENLA,1193,701.0,D,E,False,D701E
tr|A0A8J1MHG6|A0A8J1MHG6_XENLA,1193,701.0,D,E,False,D701E
tr|A0A1L8GYY0|A0A1L8GYY0_XENLA,1193,701.0,D,E,False,D701E
tr|A0A8J1MIF2|A0A8J1MIF2_XENLA,1193,701.0,D,E,False,D701E
tr|A0A8J1MHG1|A0A8J1MHG1_XENLA,1193,701.0,D,E,False,D701E
tr|A0A8J1MHG5|A0A8J1MHG5_XENLA,1193,701.0,D,E,False,D701E
tr|A0A8J0Q7P1|A0A8J0Q7P1_XENTR,1193,701.0,D,E,False,D701E
tr|A0A8J0SHD1|A0A8J0SHD1_XENTR,1193,701.0,D,E,False,D701E
tr|A0A8J0SG76|A0A8J0SG76_XENTR,1193,701.0,D,E,False,D701E
tr|F7DTZ3|F7DTZ3_XENTR,1193,701.0,D,E,False,D701E
tr|A0A8J0S8T9|A0A8J0S8T9_XENTR,1193,701.0,D,E,False,D701E
tr|A0A6P8SBP1|A0A6P8SBP1_GEOSA,1193,701.0,D,E,False,D701E
tr|A0A6P8S5P9|A0A6P8S5P9_GEOSA,1193,701.0,D,E,False,D701E
tr|A0A6P8S5Q7|A0A6P8S5Q7_GEOSA,1193,701.0,D,E,False,D701E
tr|A0A6P7YWZ4|A0A6P7YWZ4_9AMPH,1193,701.0,D,E,False,D701E
tr|A0A6P7Z4T0|A0A6P7Z4T0_9AMPH,1193,701.0,D,E,False,D701E
tr|A0A6P8S9S5|A0A6P8S9S5_GEOSA,1193,701.0,D,E,False,D701E
tr|A0A6P8SBN6|A0A6P8SBN6_GEOSA,1193,701.0,D,E,False,D701E
tr|A0A6P8S5P6|A0A6P8S5P6_GEOSA,1193,701.0,D,E,False,D701E
tr|A0A6P8S9T4|A0A6P8S9T4_GEOSA,1193,701.0,D,E,False,D701E
tr|A0A6P8S6B0|A0A6P8S6B0_GEOSA,1193,701.0,D,E,False,D701E
tr|A0A6P8S6A6|A0A6P8S6A6_GEOSA,1193,701.0,D,E,False,D701E
tr|A0A6P8S6A3|A0A6P8S6A3_GEOSA,1193,701.0,D,E,False,D701E
tr|A0A6P8S5P3|A0A6P8S5P3_GEOSA,1193,701.0,D,E,False,D701E
tr|A0A6P8S9T8|A0A6P8S9T8_GEOSA,1193,701.0,D,E,False,D701E
tr|A0A9B0TDN8|A0A9B0TDN8_CHRAS,1193,701.0,D,E,False,D701E
tr|A0A9B0T8U2|A0A9B0T8U2_CHRAS,1193,701.0,D,E,False,D701E
tr|A0A9B0WIY9|A0A9B0WIY9_CHRAS,1193,701.0,D,E,False,D701E
tr|A0A9B0WLM6|A0A9B0WLM6_CHRAS,1193,701.0,D,E,False,D701E
tr|A0A6P7Z2S0|A0A6P7Z2S0_9AMPH,1193,701.0,D,E,False,D701E
tr|A0A6P8S6V7|A0A6P8S6V7_GEOSA,1193,701.0,D,E,False,D701E
tr|A0A6P8SBP4|A0A6P8SBP4_GEOSA,1193,701.0,D,E,False,D701E
tr|A0A6P8S5Q2|A0A6P8S5Q2_GEOSA,1193,701.0,D,E,False,D701E
tr|A0A6P8S9T0|A0A6P8S9T0_GEOSA,1193,701.0,D,E,False,D701E
tr|A0A9B0TEV2|A0A9B0TEV2_CHRAS,1193,701.0,D,E,False,D701E
tr|A0A8J1MTY3|A0A8J1MTY3_XENLA,1193,701.0,D,E,False,D701E
tr|A0A8J1MRN8|A0A8J1MRN8_XENLA,1193,701.0,D,E,False,D701E
tr|A0A6I8SNY6|A0A6I8SNY6_XENTR,1193,701.0,D,E,False,D701E
tr|A0A8J0SEG3|A0A8J0SEG3_XENTR,1193,701.0,D,E,False,D701E
sp|Q4VYS1|FOXP2_XENLA,1193,701.0,D,E,False,D701E
tr|A0A8J1MI35|A0A8J1MI35_XENLA,1193,701.0,D,E,False,D701E
tr|A0AA97JVF9|A0AA97JVF9_EUBMA,1193,701.0,D,G,False,D701G
tr|A0A9B0WKY6|A0A9B0WKY6_CHRAS,1193,701.0,D,E,False,D701E
tr|A0A9B0WLM4|A0A9B0WLM4_CHRAS,1193,701.0,D,E,False,D701E
tr|A0A9B0T7F5|A0A9B0T7F5_CHRAS,1193,701.0,D,E,False,D701E
tr|A0A9B0TBD9|A0A9B0TBD9_CHRAS,1193,701.0,D,E,False,D701E
tr|A0A979FEC0|A0A979FEC0_ICTPU,1194,702.0,D,E,False,D702E
tr|A0A979FF91|A0A979FF91_ICTPU,1194,702.0,D,E,False,D702E
tr|A0A979FED5|A0A979FED5_ICTPU,1194,702.0,D,E,False,D702E
tr|A0A9F7RNW9|A0A9F7RNW9_ICTPU,1194,702.0,D,E,False,D702E
tr|A0A979FDQ7|A0A979FDQ7_ICTPU,1194,702.0,D,E,False,D702E
tr|A0A979FDP4|A0A979FDP4_ICTPU,1194,702.0,D,E,False,D702E
tr|A0A979FDQ5|A0A979FDQ5_ICTPU,1194,702.0,D,E,False,D702E
tr|A0A6P8SBP1|A0A6P8SBP1_GEOSA,1194,702.0,D,E,False,D702E
tr|A0A6P8S5P9|A0A6P8S5P9_GEOSA,1194,702.0,D,E,False,D702E
tr|A0A6P8S5Q7|A0A6P8S5Q7_GEOSA,1194,702.0,D,E,False,D702E
tr|A0A6P7YWZ4|A0A6P7YWZ4_9AMPH,1194,702.0,D,E,False,D702E
tr|A0A6P7Z4T0|A0A6P7Z4T0_9AMPH,1194,702.0,D,E,False,D702E
tr|A0A6P8S9S5|A0A6P8S9S5_GEOSA,1194,702.0,D,E,False,D702E
tr|A0A6P8SBN6|A0A6P8SBN6_GEOSA,1194,702.0,D,E,False,D702E
tr|A0A6P8S5P6|A0A6P8S5P6_GEOSA,1194,702.0,D,E,False,D702E
tr|A0A6P8S9T4|A0A6P8S9T4_GEOSA,1194,702.0,D,E,False,D702E
tr|A0A6P8S6B0|A0A6P8S6B0_GEOSA,1194,702.0,D,E,False,D702E
tr|A0A6P8S6A6|A0A6P8S6A6_GEOSA,1194,702.0,D,E,False,D702E
tr|A0A6P8S6A3|A0A6P8S6A3_GEOSA,1194,702.0,D,E,False,D702E
tr|A0A6P8S5P3|A0A6P8S5P3_GEOSA,1194,702.0,D,E,False,D702E
tr|A0A6P8S9T8|A0A6P8S9T8_GEOSA,1194,702.0,D,E,False,D702E
tr|A0A6I8ND77|A0A6I8ND77_ORNAN,1194,702.0,D,E,False,D702E
tr|A0A6P7Z2S0|A0A6P7Z2S0_9AMPH,1194,702.0,D,E,False,D702E
tr|A0A6P8S6V7|A0A6P8S6V7_GEOSA,1194,702.0,D,E,False,D702E
tr|A0A6P8SBP4|A0A6P8SBP4_GEOSA,1194,702.0,D,E,False,D702E
tr|A0A6P8S5Q2|A0A6P8S5Q2_GEOSA,1194,702.0,D,E,False,D702E
tr|A0A6P8S9T0|A0A6P8S9T0_GEOSA,1194,702.0,D,E,False,D702E
tr|T1PTW0|T1PTW0_9SAUR,1194,702.0,D,E,False,D702E
tr|A0ABM5GG36|A0ABM5GG36_9SAUR,1194,702.0,D,E,False,D702E
tr|A0AA97JVF9|A0AA97JVF9_EUBMA,1195,703.0,R,G,False,R703G
tr|A0A6P8VIH1|A0A6P8VIH1_GYMAC,1197,705.0,I,L,False,I705L
tr|A0A2I4BXB8|A0A2I4BXB8_AUSLI,1197,705.0,I,L,False,I705L
tr|A0A2I4BXF7|A0A2I4BXF7_AUSLI,1197,705.0,I,L,False,I705L
tr|A0A2I4BXC1|A0A2I4BXC1_AUSLI,1197,705.0,I,L,False,I705L
tr|A0A2I4BXC7|A0A2I4BXC7_AUSLI,1197,705.0,I,L,False,I705L
tr|A0ABV1A463|A0ABV1A463_9TELE,1197,705.0,I,L,False,I705L
tr|A0AAV9S7N1|A0AAV9S7N1_9TELE,1197,705.0,I,L,False,I705L
tr|A0ABV0TT83|A0ABV0TT83_9TELE,1197,705.0,I,L,False,I705L
tr|A0A6P7NA03|A0A6P7NA03_BETSP,1197,705.0,I,L,False,I705L
tr|A0A9W2XZU5|A0A9W2XZU5_BETSP,1197,705.0,I,L,False,I705L
tr|A0A6P7NFA4|A0A6P7NFA4_BETSP,1197,705.0,I,L,False,I705L
tr|A0A9W2XZJ7|A0A9W2XZJ7_BETSP,1197,705.0,I,L,False,I705L
tr|A0A6P7NA07|A0A6P7NA07_BETSP,1197,705.0,I,L,False,I705L
tr|A0A6P7NE39|A0A6P7NE39_BETSP,1197,705.0,I,L,False,I705L
tr|A0A6J2S884|A0A6J2S884_COTGO,1197,705.0,I,L,False,I705L
tr|A0A6P7I2Q9|A0A6P7I2Q9_9TELE,1197,705.0,I,L,False,I705L
tr|A0A6P7HH59|A0A6P7HH59_9TELE,1197,705.0,I,L,False,I705L
tr|A0A6P7HWN0|A0A6P7HWN0_9TELE,1197,705.0,I,L,False,I705L
tr|A0A9Y4NB67|A0A9Y4NB67_9TELE,1197,705.0,I,L,False,I705L
tr|A0A9Y6LYW8|A0A9Y6LYW8_9CICH,1197,705.0,I,L,False,I705L
tr|A0A9Y3R1R7|A0A9Y3R1R7_9CICH,1197,705.0,I,L,False,I705L
tr|A0AC36JJL6|A0AC36JJL6_9CICH,1197,705.0,I,L,False,I705L
tr|A0ACF8DDW5|A0ACF8DDW5_ARAGI,1197,705.0,I,L,False,I705L
tr|A0ACF8FNS1|A0ACF8FNS1_ARAGI,1197,705.0,I,L,False,I705L
tr|A0A8U0R0X1|A0A8U0R0X1_SALNM,1197,705.0,I,L,False,I705L
tr|A0A6J2V217|A0A6J2V217_CHACN,1197,705.0,I,L,False,I705L
tr|A0A6J2V3N9|A0A6J2V3N9_CHACN,1197,705.0,I,L,False,I705L
tr|A0A6P8GSV4|A0A6P8GSV4_CLUHA,1197,705.0,I,L,False,I705L
tr|A0A979FEC0|A0A979FEC0_ICTPU,1197,705.0,I,L,False,I705L
tr|A0A979FF91|A0A979FF91_ICTPU,1197,705.0,I,L,False,I705L
tr|A0A979FED5|A0A979FED5_ICTPU,1197,705.0,I,L,False,I705L
tr|A0A9F7RNW9|A0A9F7RNW9_ICTPU,1197,705.0,I,L,False,I705L
tr|A0A979FDQ7|A0A979FDQ7_ICTPU,1197,705.0,I,L,False,I705L
tr|A0A979FDP4|A0A979FDP4_ICTPU,1197,705.0,I,L,False,I705L
tr|A0A979FDQ5|A0A979FDQ5_ICTPU,1197,705.0,I,L,False,I705L
tr|A0AC58J6Q9|A0AC58J6Q9_DANRE,1197,705.0,I,L,False,I705L
tr|A0AC58J6Q2|A0AC58J6Q2_DANRE,1197,705.0,I,L,False,I705L
tr|A0AB32TNW7|A0AB32TNW7_DANRE,1197,705.0,I,L,False,I705L
tr|A0AC58J6S2|A0AC58J6S2_DANRE,1197,705.0,I,L,False,I705L
tr|A0AC58J6R3|A0AC58J6R3_DANRE,1197,705.0,I,L,False,I705L
tr|A0ACM8Q842|A0ACM8Q842_DANRE,1197,705.0,I,L,False,I705L
tr|A0AB32TSB5|A0AB32TSB5_DANRE,1197,705.0,I,L,False,I705L
tr|A0AB32TQV9|A0AB32TQV9_DANRE,1197,705.0,I,L,False,I705L
tr|A0AB32TLD3|A0AB32TLD3_DANRE,1197,705.0,I,L,False,I705L
tr|A0AC58J6Q5|A0AC58J6Q5_DANRE,1197,705.0,I,L,False,I705L
tr|A0A6J2V203|A0A6J2V203_CHACN,1197,705.0,I,L,False,I705L
tr|A0A8C5M8V1|A0A8C5M8V1_9ANUR,1197,705.0,I,L,False,I705L
tr|A0A1L8GU65|A0A1L8GU65_XENLA,1197,705.0,I,L,False,I705L
tr|A0A8J0UR98|A0A8J0UR98_XENLA,1197,705.0,I,L,False,I705L
tr|A0A8J0UXQ2|A0A8J0UXQ2_XENLA,1197,705.0,I,L,False,I705L
tr|A0A8J1MHG6|A0A8J1MHG6_XENLA,1197,705.0,I,L,False,I705L
tr|A0A1L8GYY0|A0A1L8GYY0_XENLA,1197,705.0,I,L,False,I705L
tr|A0A8J1MIF2|A0A8J1MIF2_XENLA,1197,705.0,I,L,False,I705L
tr|A0A8J1MHG1|A0A8J1MHG1_XENLA,1197,705.0,I,L,False,I705L
tr|A0A8J1MHG5|A0A8J1MHG5_XENLA,1197,705.0,I,L,False,I705L
tr|A0A8J0Q7P1|A0A8J0Q7P1_XENTR,1197,705.0,I,L,False,I705L
tr|A0A8J0SHD1|A0A8J0SHD1_XENTR,1197,705.0,I,L,False,I705L
tr|A0A8J0SG76|A0A8J0SG76_XENTR,1197,705.0,I,L,False,I705L
tr|F7DTZ3|F7DTZ3_XENTR,1197,705.0,I,L,False,I705L
tr|A0A8J0S8T9|A0A8J0S8T9_XENTR,1197,705.0,I,L,False,I705L
tr|A9UCL8|A9UCL8_COEFR,1197,705.0,I,M,False,I705M
tr|A0A8J1MTY3|A0A8J1MTY3_XENLA,1197,705.0,I,L,False,I705L
tr|A0A8J1MRN8|A0A8J1MRN8_XENLA,1197,705.0,I,L,False,I705L
tr|A0A6I8SNY6|A0A6I8SNY6_XENTR,1197,705.0,I,L,False,I705L
tr|A0A8J0SEG3|A0A8J0SEG3_XENTR,1197,705.0,I,L,False,I705L
sp|Q4VYS1|FOXP2_XENLA,1197,705.0,I,L,False,I705L
tr|A0A8J1MI35|A0A8J1MI35_XENLA,1197,705.0,I,L,False,I705L
tr|V6F812|V6F812_LATCH,1197,705.0,I,L,False,I705L
tr|A0AA97JVF9|A0AA97JVF9_EUBMA,1198,706.0,E,Q,False,E706Q
tr|A9UCL8|A9UCL8_COEFR,1199,707.0,E,D,False,E707D
tr|A9UCL7|A9UCL7_ASEST,1199,707.0,E,D,False,E707D
tr|A0A6P8VIH1|A0A6P8VIH1_GYMAC,1200,708.0,E,G,False,E708G
tr|A0A2I4BXB8|A0A2I4BXB8_AUSLI,1200,708.0,E,G,False,E708G
tr|A0A2I4BXF7|A0A2I4BXF7_AUSLI,1200,708.0,E,G,False,E708G
tr|A0A2I4BXC1|A0A2I4BXC1_AUSLI,1200,708.0,E,G,False,E708G
tr|A0A2I4BXC7|A0A2I4BXC7_AUSLI,1200,708.0,E,G,False,E708G
tr|A0ABV1A463|A0ABV1A463_9TELE,1200,708.0,E,G,False,E708G
tr|A0AAV9S7N1|A0AAV9S7N1_9TELE,1200,708.0,E,G,False,E708G
tr|A0ABV0TT83|A0ABV0TT83_9TELE,1200,708.0,E,G,False,E708G
tr|A0A6P7NA03|A0A6P7NA03_BETSP,1200,708.0,E,G,False,E708G
tr|A0A9W2XZU5|A0A9W2XZU5_BETSP,1200,708.0,E,G,False,E708G
tr|A0A6P7NFA4|A0A6P7NFA4_BETSP,1200,708.0,E,G,False,E708G
tr|A0A9W2XZJ7|A0A9W2XZJ7_BETSP,1200,708.0,E,G,False,E708G
tr|A0A6P7NA07|A0A6P7NA07_BETSP,1200,708.0,E,G,False,E708G
tr|A0A6P7NE39|A0A6P7NE39_BETSP,1200,708.0,E,G,False,E708G
tr|A0A6J2S884|A0A6J2S884_COTGO,1200,708.0,E,G,False,E708G
tr|A0A6P7I2Q9|A0A6P7I2Q9_9TELE,1200,708.0,E,G,False,E708G
tr|A0A6P7HH59|A0A6P7HH59_9TELE,1200,708.0,E,G,False,E708G
tr|A0A6P7HWN0|A0A6P7HWN0_9TELE,1200,708.0,E,G,False,E708G
tr|A0A9Y4NB67|A0A9Y4NB67_9TELE,1200,708.0,E,G,False,E708G
tr|A0A9Y6LYW8|A0A9Y6LYW8_9CICH,1200,708.0,E,G,False,E708G
tr|A0A9Y3R1R7|A0A9Y3R1R7_9CICH,1200,708.0,E,G,False,E708G
tr|A0AC36JJL6|A0AC36JJL6_9CICH,1200,708.0,E,G,False,E708G
tr|A0ACF8DDW5|A0ACF8DDW5_ARAGI,1200,708.0,E,G,False,E708G
tr|A0ACF8FNS1|A0ACF8FNS1_ARAGI,1200,708.0,E,G,False,E708G
tr|A0A8U0R0X1|A0A8U0R0X1_SALNM,1200,708.0,E,G,False,E708G
tr|A0A6J2V217|A0A6J2V217_CHACN,1200,708.0,E,G,False,E708G
tr|A0A6J2V3N9|A0A6J2V3N9_CHACN,1200,708.0,E,G,False,E708G
tr|A0A6P8GSV4|A0A6P8GSV4_CLUHA,1200,708.0,E,G,False,E708G
tr|A0A979FEC0|A0A979FEC0_ICTPU,1200,708.0,E,G,False,E708G
tr|A0A979FF91|A0A979FF91_ICTPU,1200,708.0,E,G,False,E708G
tr|A0A979FED5|A0A979FED5_ICTPU,1200,708.0,E,G,False,E708G
tr|A0A9F7RNW9|A0A9F7RNW9_ICTPU,1200,708.0,E,G,False,E708G
tr|A0A979FDQ7|A0A979FDQ7_ICTPU,1200,708.0,E,G,False,E708G
tr|A0A979FDP4|A0A979FDP4_ICTPU,1200,708.0,E,G,False,E708G
tr|A0A979FDQ5|A0A979FDQ5_ICTPU,1200,708.0,E,G,False,E708G
tr|A0AC58J6Q9|A0AC58J6Q9_DANRE,1200,708.0,E,G,False,E708G
tr|A0AC58J6Q2|A0AC58J6Q2_DANRE,1200,708.0,E,G,False,E708G
tr|A0AB32TNW7|A0AB32TNW7_DANRE,1200,708.0,E,G,False,E708G
tr|A0AC58J6S2|A0AC58J6S2_DANRE,1200,708.0,E,G,False,E708G
tr|A0AC58J6R3|A0AC58J6R3_DANRE,1200,708.0,E,G,False,E708G
tr|A0ACM8Q842|A0ACM8Q842_DANRE,1200,708.0,E,G,False,E708G
tr|A0AB32TSB5|A0AB32TSB5_DANRE,1200,708.0,E,G,False,E708G
tr|A0AB32TQV9|A0AB32TQV9_DANRE,1200,708.0,E,G,False,E708G
tr|A0AB32TLD3|A0AB32TLD3_DANRE,1200,708.0,E,G,False,E708G
tr|A0AC58J6Q5|A0AC58J6Q5_DANRE,1200,708.0,E,G,False,E708G
tr|A0A6J2V203|A0A6J2V203_CHACN,1200,708.0,E,G,False,E708G
tr|A0A6P8VIH1|A0A6P8VIH1_GYMAC,1201,709.0,P,N,False,P709N
tr|A0A2I4BXB8|A0A2I4BXB8_AUSLI,1201,709.0,P,N,False,P709N
tr|A0A2I4BXF7|A0A2I4BXF7_AUSLI,1201,709.0,P,N,False,P709N
tr|A0A2I4BXC1|A0A2I4BXC1_AUSLI,1201,709.0,P,N,False,P709N
tr|A0A2I4BXC7|A0A2I4BXC7_AUSLI,1201,709.0,P,N,False,P709N
tr|A0ABV1A463|A0ABV1A463_9TELE,1201,709.0,P,N,False,P709N
tr|A0AAV9S7N1|A0AAV9S7N1_9TELE,1201,709.0,P,N,False,P709N
tr|A0ABV0TT83|A0ABV0TT83_9TELE,1201,709.0,P,N,False,P709N
tr|A0A6P7NA03|A0A6P7NA03_BETSP,1201,709.0,P,N,False,P709N
tr|A0A9W2XZU5|A0A9W2XZU5_BETSP,1201,709.0,P,N,False,P709N
tr|A0A6P7NFA4|A0A6P7NFA4_BETSP,1201,709.0,P,N,False,P709N
tr|A0A9W2XZJ7|A0A9W2XZJ7_BETSP,1201,709.0,P,N,False,P709N
tr|A0A6P7NA07|A0A6P7NA07_BETSP,1201,709.0,P,N,False,P709N
tr|A0A6P7NE39|A0A6P7NE39_BETSP,1201,709.0,P,N,False,P709N
tr|A0A6J2S884|A0A6J2S884_COTGO,1201,709.0,P,N,False,P709N
tr|A0A6P7I2Q9|A0A6P7I2Q9_9TELE,1201,709.0,P,N,False,P709N
tr|A0A6P7HH59|A0A6P7HH59_9TELE,1201,709.0,P,N,False,P709N
tr|A0A6P7HWN0|A0A6P7HWN0_9TELE,1201,709.0,P,N,False,P709N
tr|A0A9Y4NB67|A0A9Y4NB67_9TELE,1201,709.0,P,N,False,P709N
tr|A0A9Y6LYW8|A0A9Y6LYW8_9CICH,1201,709.0,P,N,False,P709N
tr|A0A9Y3R1R7|A0A9Y3R1R7_9CICH,1201,709.0,P,N,False,P709N
tr|A0AC36JJL6|A0AC36JJL6_9CICH,1201,709.0,P,N,False,P709N
tr|A0ACF8DDW5|A0ACF8DDW5_ARAGI,1201,709.0,P,N,False,P709N
tr|A0ACF8FNS1|A0ACF8FNS1_ARAGI,1201,709.0,P,N,False,P709N
tr|A0A8U0R0X1|A0A8U0R0X1_SALNM,1201,709.0,P,N,False,P709N
tr|A0A6J2V217|A0A6J2V217_CHACN,1201,709.0,P,N,False,P709N
tr|A0A6J2V3N9|A0A6J2V3N9_CHACN,1201,709.0,P,N,False,P709N
tr|A0A6P8GSV4|A0A6P8GSV4_CLUHA,1201,709.0,P,N,False,P709N
tr|A0A979FEC0|A0A979FEC0_ICTPU,1201,709.0,P,N,False,P709N
tr|A0A979FF91|A0A979FF91_ICTPU,1201,709.0,P,N,False,P709N
tr|A0A979FED5|A0A979FED5_ICTPU,1201,709.0,P,N,False,P709N
tr|A0A9F7RNW9|A0A9F7RNW9_ICTPU,1201,709.0,P,N,False,P709N
tr|A0A979FDQ7|A0A979FDQ7_ICTPU,1201,709.0,P,N,False,P709N
tr|A0A979FDP4|A0A979FDP4_ICTPU,1201,709.0,P,N,False,P709N
tr|A0A979FDQ5|A0A979FDQ5_ICTPU,1201,709.0,P,N,False,P709N
tr|A0AC58J6Q9|A0AC58J6Q9_DANRE,1201,709.0,P,N,False,P709N
tr|A0AC58J6Q2|A0AC58J6Q2_DANRE,1201,709.0,P,N,False,P709N
tr|A0AB32TNW7|A0AB32TNW7_DANRE,1201,709.0,P,N,False,P709N
tr|A0AC58J6S2|A0AC58J6S2_DANRE,1201,709.0,P,N,False,P709N
tr|A0AC58J6R3|A0AC58J6R3_DANRE,1201,709.0,P,N,False,P709N
tr|A0ACM8Q842|A0ACM8Q842_DANRE,1201,709.0,P,N,False,P709N
tr|A0AB32TSB5|A0AB32TSB5_DANRE,1201,709.0,P,N,False,P709N
tr|A0AB32TQV9|A0AB32TQV9_DANRE,1201,709.0,P,N,False,P709N
tr|A0AB32TLD3|A0AB32TLD3_DANRE,1201,709.0,P,N,False,P709N
tr|A0AC58J6Q5|A0AC58J6Q5_DANRE,1201,709.0,P,N,False,P709N
tr|A0A6J2V203|A0A6J2V203_CHACN,1201,709.0,P,N,False,P709N
tr|A0AAD8DBY4|A0AAD8DBY4_ACIOX,1201,709.0,P,H,False,P709H
tr|A0AAD8DJ01|A0AAD8DJ01_ACIOX,1201,709.0,P,H,False,P709H
tr|A0AA97JVF9|A0AA97JVF9_EUBMA,1203,711.0,S,P,False,S711P
tr|A0A8U0R0X1|A0A8U0R0X1_SALNM,1204,712.0,E,D,False,E712D
tr|A0A1S3FH60|A0A1S3FH60_DIPOR,1205,713.0,D,E,False,D713E
tr|A9UCL8|A9UCL8_COEFR,1205,713.0,D,E,False,D713E
tr|A9UCM5|A9UCM5_HIPAR,1205,713.0,D,E,False,D713E
tr|A0A671G4Y2|A0A671G4Y2_RHIFE,1205,713.0,D,E,False,D713E
tr|A0A1S3FGE5|A0A1S3FGE5_DIPOR,1205,713.0,D,E,False,D713E
tr|A0A671G1Q2|A0A671G1Q2_RHIFE,1205,713.0,D,E,False,D713E
tr|A0A1S3FFW0|A0A1S3FFW0_DIPOR,1205,713.0,D,E,False,D713E
tr|A0A1S3FHJ1|A0A1S3FHJ1_DIPOR,1205,713.0,D,E,False,D713E
tr|V6F812|V6F812_LATCH,1205,713.0,D,E,False,D713E
tr|T1PTW0|T1PTW0_9SAUR,1205,713.0,D,G,False,D713G
tr|A0ABM5GG36|A0ABM5GG36_9SAUR,1205,713.0,D,G,False,D713G
tr|A9UCL7|A9UCL7_ASEST,1205,713.0,D,E,False,D713E
tr|A9UCN1|A9UCN1_9CHIR,1205,713.0,D,E,False,D713E
tr|A0A671G1R6|A0A671G1R6_RHIFE,1205,713.0,D,E,False,D713E
tr|A9UCN0|A9UCN0_RHIFE,1205,713.0,D,E,False,D713E
tr|A0A1S3FHI6|A0A1S3FHI6_DIPOR,1205,713.0,D,E,False,D713E
tr|A0A1S3FGE9|A0A1S3FGE9_DIPOR,1205,713.0,D,E,False,D713E
tr|A0A1S3FH55|A0A1S3FH55_DIPOR,1205,713.0,D,E,False,D713E
tr|A0A1S3FFJ5|A0A1S3FFJ5_DIPOR,1205,713.0,D,E,False,D713E
tr|A0A1S3FFK0|A0A1S3FFK0_DIPOR,1205,713.0,D,E,False,D713E
tr|A0ACF8FNS1|A0ACF8FNS1_ARAGI,1207,715.0,E,D,False,E715D
tr|A0ABM5GG36|A0ABM5GG36_9SAUR,1207,715.0,E,A,False,E715A
