Species1,Species2,MedianDistance
9AMPH,9AMPH,0.0178451785
9AMPH,9CHIR,0.0732196155
9AMPH,9PASS,0.2527355295
9AMPH,9PRIM,0.053481627000000004
9AMPH,9SAUR,0.45746481099999997
9AMPH,ACIJB,0.0647057815
9AMPH,AILME,0.0767705065
9AMPH,ARCCL,0.081585508
9AMPH,ASEST,0.0997135
9AMPH,ATHCN,0.246265484
9AMPH,BALAC,0.077990559
9AMPH,BALMU,0.079503735
9AMPH,BISBB,0.08170830400000001
9AMPH,BOSGR,0.06989168550000001
9AMPH,BOSIN,0.06989168800000001
9AMPH,BOVIN,0.0830974985
9AMPH,CALJA,0.106837946
9AMPH,CALUR,0.07512000499999999
9AMPH,CAMBA,0.070899869
9AMPH,CAMFR,0.067132467
9AMPH,CANLF,0.09229752699999999
9AMPH,CASCN,0.085041335
9AMPH,CATUS,0.24006116000000002
9AMPH,CAVPO,0.054468822
9AMPH,CEBIM,0.07316613400000001
9AMPH,CHICK,0.21073634500000002
9AMPH,CHILA,0.07060004
9AMPH,CHRAS,0.078755368
9AMPH,COEFR,0.10828273999999999
9AMPH,COTJA,0.245851917
9AMPH,CRIGR,0.057802133000000006
9AMPH,CYNSP,0.135683735
9AMPH,DELLE,0.11171884
9AMPH,DIPOR,0.10510591500000001
9AMPH,ECHTE,0.09444857200000001
9AMPH,EOSFB,0.061552241
9AMPH,EQUAS,0.0446212095
9AMPH,EQUPR,0.0729606235
9AMPH,ERIEU,0.0710991575
9AMPH,FELCA,0.07144041300000001
9AMPH,GEOSA,0.026140633
9AMPH,GORGO,0.130746197
9AMPH,HETGA,0.130370429
9AMPH,HIPAR,0.10348126199999999
9AMPH,HUMAN,0.0978816685
9AMPH,HYLLA,0.058364506000000003
9AMPH,LEPWE,0.0679306745
9AMPH,LOXAF,0.072589617
9AMPH,MARMA,0.061588912
9AMPH,MICMU,0.0534816165
9AMPH,MICOH,0.054638551
9AMPH,MONMO,0.0693555185
9AMPH,MOUSE,0.0670952465
9AMPH,MUSCR,0.070277254
9AMPH,MUSPF,0.077996835
9AMPH,MYOPI,0.062973854
9AMPH,NEOAA,0.0938864375
9AMPH,NEOSC,0.0806251365
9AMPH,NOMLE,0.06859476549999999
9AMPH,OCTDE,0.0834771785
9AMPH,ODORO,0.07076344600000001
9AMPH,ODOVR,0.078114199
9AMPH,ORYAF,0.072517923
9AMPH,PANGU,0.34339427499999997
9AMPH,PANPR,0.066309321
9AMPH,PANTR,0.0499589585
9AMPH,PHOSS,0.08985189900000001
9AMPH,PHYMC,0.09349707850000001
9AMPH,PONAB,0.051679115
9AMPH,PONPY,0.05167912
9AMPH,PROSS,0.053388011500000006
9AMPH,PTEVA,0.126277507
9AMPH,PUMCO,0.105288324
9AMPH,RAT,0.057924584
9AMPH,RHIFE,0.10755368400000001
9AMPH,RHIRO,0.048835438
9AMPH,SAGOE,0.29616746
9AMPH,SAPAP,0.058366788
9AMPH,SURSU,0.0759866535
9AMPH,TAEGU,0.257023155
9AMPH,TAPME,0.053460698
9AMPH,TRIMA,0.1226607295
9AMPH,TURTR,0.08985190900000001
9AMPH,TYLPA,0.082309621
9AMPH,UROPR,0.061588912
9AMPH,URSMA,0.140074647
9AMPH,VICPA,0.0697577385
9AMPH,VULVU,0.09229752299999999
9AMPH,ZALCA,0.073578328
9ANUR,9AMPH,0.299371921
9ANUR,9AVES,0.2407973915
9ANUR,9CHIR,0.287106327
9ANUR,9CICH,0.660071394
9ANUR,9PASE,0.183952665
9ANUR,9PASS,0.41831651599999997
9ANUR,9PLAT,4.1628110715
9ANUR,9PRIM,0.279034507
9ANUR,9SAUR,0.25713142
9ANUR,9TELE,0.6699346175
9ANUR,ACIJB,0.29053976
9ANUR,ACIOX,0.36338643200000004
9ANUR,AILME,0.303132445
9ANUR,ALLSI,0.232042725
9ANUR,ARAGI,0.9312349974999999
9ANUR,ARCCL,0.309023041
9ANUR,ASEST,0.327151033
9ANUR,ATHCN,0.2891102595
9ANUR,AUSLI,0.6653391055
9ANUR,AYTFU,0.261872837
9ANUR,BALAC,0.3054280945
9ANUR,BALMU,0.306941268
9ANUR,BETSP,0.6542295730000001
9ANUR,BISBB,0.30914583700000003
9ANUR,BOSGR,0.29732921300000004
9ANUR,BOSIN,0.297329226
9ANUR,BOVIN,0.3039321225
9ANUR,CALJA,0.334275479
9ANUR,CALUR,0.30255753799999996
9ANUR,CAMBA,0.29833740249999996
9ANUR,CAMFR,0.29457
9ANUR,CANLF,0.31973505999999996
9ANUR,CASCN,0.31247886799999997
9ANUR,CATUS,0.32596368800000003
9ANUR,CAVPO,0.281906355
9ANUR,CEBIM,0.300603667
9ANUR,CHACN,0.528193618
9ANUR,CHEAB,0.242211073
9ANUR,CHESE,0.242182729
9ANUR,CHICK,0.238786216
9ANUR,CHILA,0.298037573
9ANUR,CHRAS,0.300556031
9ANUR,CLUHA,0.646887055
9ANUR,COEFR,0.33572027299999996
9ANUR,COTCN,3.284204222
9ANUR,COTGO,0.643741676
9ANUR,COTJA,0.47328945
9ANUR,CRIGR,0.285239666
9ANUR,CROPO,0.223009131
9ANUR,CYACU,0.118696642
9ANUR,CYNSP,0.363121268
9ANUR,DANRE,0.6578809705
9ANUR,DELLE,0.339156373
9ANUR,DIPOR,0.32524439099999997
9ANUR,ECHTE,0.321886105
9ANUR,EOSFB,0.28898977400000003
9ANUR,EQUAS,0.270408516
9ANUR,EQUPR,0.270408541
9ANUR,ERIEU,0.2967653195
9ANUR,EUBMA,0.263725201
9ANUR,FELCA,0.297854026
9ANUR,FICAL,0.2274051005
9ANUR,GEKGE,0.254369803
9ANUR,GEOSA,0.3032209715
9ANUR,GORGO,0.343188921
9ANUR,GYMAC,0.6973522809999999
9ANUR,HETGA,0.357807962
9ANUR,HIPAR,0.330918795
9ANUR,HUMAN,0.31515297200000003
9ANUR,HYLLA,0.285802039
9ANUR,ICTPU,0.5565270600000001
9ANUR,LATCH,0.351151879
9ANUR,LEPWE,0.2940803365
9ANUR,LOXAF,0.30002715
9ANUR,MARMA,0.289026445
9ANUR,MELGA,0.221389753
9ANUR,MELUD,0.22158720399999998
9ANUR,MERPO,2.0950870679999998
9ANUR,MICMU,0.279034487
9ANUR,MICOH,0.282076084
9ANUR,MONDO,0.24457642500000001
9ANUR,MONMO,0.2967930515
9ANUR,MOUSE,0.29379408900000004
9ANUR,MUSCR,0.29771478700000004
9ANUR,MUSPF,0.30543436799999996
9ANUR,MYOPI,0.290411387
9ANUR,NEOAA,0.3101228325
9ANUR,NEOSC,0.305994318
9ANUR,NOMLE,0.285802008
9ANUR,OCTDE,0.30997379399999997
9ANUR,ODORO,0.298200977
9ANUR,ODOVR,0.305551732
9ANUR,ORNAN,0.261605203
9ANUR,ORYAF,0.29995545599999995
9ANUR,PANGU,0.570831808
9ANUR,PANPR,0.29053977
9ANUR,PANTR,0.276962469
9ANUR,PARLB,0.322275856
9ANUR,PATFA,0.326315362
9ANUR,PELSI,0.245561333
9ANUR,PHOSS,0.31728943200000004
9ANUR,PHYMC,0.3123536255
9ANUR,PONAB,0.27911664799999997
9ANUR,PONPY,0.279116653
9ANUR,PROSS,0.2799300145
9ANUR,PTEVA,0.35281898
9ANUR,PUMCO,0.305204989
9ANUR,RAT,0.285362117
9ANUR,RHIFE,0.334991217
9ANUR,RHIRO,0.27627297100000003
9ANUR,SACKO,1.8907891060000002
9ANUR,SAGOE,0.523604993
9ANUR,SALNM,0.577799088
9ANUR,SAPAP,0.28580432100000003
9ANUR,SARHA,0.24301277000000002
9ANUR,SCHHA,5.225324125
9ANUR,SURSU,0.30180399999999996
9ANUR,TAEGU,0.246445245
9ANUR,TAPME,0.280898231
9ANUR,TRASC,0.243810768
9ANUR,TRIMA,0.350098265
9ANUR,TURTR,0.310122832
9ANUR,TYLPA,0.30974715399999997
9ANUR,UROPR,0.289026445
9ANUR,URSMA,0.36751217999999997
9ANUR,VICPA,0.3142966865
9ANUR,VULVU,0.2995310905
9ANUR,XENLA,0.33191500150000003
9ANUR,XENTR,0.323298406
9ANUR,ZALCA,0.301015861
9AVES,9AMPH,0.1096130845
9AVES,9AVES,0.056754549
9AVES,9CHIR,0.095903503
9AVES,9CICH,0.456405936
9AVES,9PASS,0.22855768199999998
9AVES,9PLAT,3.9591456160000003
9AVES,9PRIM,0.082857841
9AVES,9SAUR,0.052214203
9AVES,9TELE,0.466269162
9AVES,ACIJB,0.09331352600000001
9AVES,ACIOX,0.1597209765
9AVES,AILME,0.10357023650000001
9AVES,ALLSI,0.027125508000000003
9AVES,ARAGI,0.727569542
9AVES,ARCCL,0.11168501550000001
9AVES,ASEST,0.1298130075
9AVES,ATHCN,0.1290793105
9AVES,AUSLI,0.4625548035
9AVES,AYTFU,0.0582073815
9AVES,BALAC,0.115669248
9AVES,BALMU,0.1096032425
9AVES,BETSP,0.45181586649999994
9AVES,BISBB,0.11180781149999999
9AVES,BOSGR,0.0999911875
9AVES,BOSIN,0.10757038699999999
9AVES,BOVIN,0.106594097
9AVES,CALJA,0.1369374535
9AVES,CALUR,0.1052195125
9AVES,CAMBA,0.106694867
9AVES,CAMFR,0.09723197450000001
9AVES,CANLF,0.1223970345
9AVES,CASCN,0.1223429255
9AVES,CATUS,0.19306573500000002
9AVES,CAVPO,0.08456832950000001
9AVES,CEBIM,0.1032656415
9AVES,CHACN,0.324433611
9AVES,CHEAB,0.036532077499999996
9AVES,CHESE,0.036503733499999996
9AVES,CHICK,0.036981314
9AVES,CHILA,0.1006995475
9AVES,CHRAS,0.1107971895
9AVES,CLUHA,0.44322159949999995
9AVES,COEFR,0.1383822475
9AVES,COTCN,3.0805387665
9AVES,COTGO,0.44007622049999995
9AVES,COTJA,0.2759514245
9AVES,CRIGR,0.0879016405
9AVES,CROPO,0.018091914
9AVES,CYNSP,0.1657832425
9AVES,DANRE,0.45296376
9AVES,DELLE,0.1418183475
9AVES,DIPOR,0.13437353600000002
9AVES,ECHTE,0.12454807949999999
9AVES,EOSFB,0.0916517485
9AVES,EQUAS,0.073895605
9AVES,EQUPR,0.0806497045
9AVES,ERIEU,0.10150394800000001
9AVES,EUBMA,0.0600597455
9AVES,FELCA,0.101312141
9AVES,FICAL,0.1240334455
9AVES,GEKGE,0.050704347500000004
9AVES,GEOSA,0.113462137
9AVES,GORGO,0.1458508955
9AVES,GYMAC,0.4936868255
9AVES,HETGA,0.1604699365
9AVES,HIPAR,0.1335807695
9AVES,HUMAN,0.12360001949999999
9AVES,HYLLA,0.0884640135
9AVES,ICTPU,0.35411335499999996
9AVES,LATCH,0.14748642350000002
9AVES,LEPWE,0.096742311
9AVES,LOXAF,0.1026891245
9AVES,MARMA,0.0916884195
9AVES,MELGA,0.0093381925
9AVES,MERPO,1.8914216125
9AVES,MICMU,0.0835811215
9AVES,MICOH,0.08473805849999999
9AVES,MONDO,0.040910969500000005
9AVES,MONMO,0.099455026
9AVES,MOUSE,0.0964560635
9AVES,MUSCR,0.1003767615
9AVES,MUSPF,0.1075431035
9AVES,MYOPI,0.09307336150000001
9AVES,NEOAA,0.1123722275
9AVES,NEOSC,0.10820417300000001
9AVES,NOMLE,0.09127865299999999
9AVES,OCTDE,0.1126357685
9AVES,ODORO,0.09956613150000002
9AVES,ODOVR,0.1082137065
9AVES,ORNAN,0.0579397475
9AVES,ORYAF,0.1026174305
9AVES,PANGU,0.3734937825
9AVES,PANPR,0.09480929700000001
9AVES,PANTR,0.079713728
9AVES,PARLB,0.12493783050000001
9AVES,PATFA,0.1226499065
9AVES,PELSI,0.039882337500000004
9AVES,PHOSS,0.1199514065
9AVES,PHYMC,0.1225947805
9AVES,PONAB,0.08177862250000001
9AVES,PONPY,0.0817786275
9AVES,PROSS,0.082591989
9AVES,PTEVA,0.14879782549999998
9AVES,PUMCO,0.115446155
9AVES,RAT,0.0880240915
9AVES,RHIFE,0.13504618499999999
9AVES,RHIRO,0.0789349455
9AVES,SACKO,1.6871236505000002
9AVES,SAGOE,0.32626696749999995
9AVES,SALNM,0.3741336325
9AVES,SAPAP,0.0884662955
9AVES,SARHA,0.0393473145
9AVES,SCHHA,5.021658669500001
9AVES,SURSU,0.1027136195
9AVES,TAEGU,0.043263732
9AVES,TAPME,0.0835602055
9AVES,TRASC,0.0381317725
9AVES,TRIMA,0.15864237
9AVES,TURTR,0.1123722275
9AVES,TYLPA,0.11240912850000001
9AVES,UROPR,0.0916884195
9AVES,URSMA,0.1701741545
9AVES,VICPA,0.11695866100000002
9AVES,VULVU,0.108123845
9AVES,XENLA,0.136059697
9AVES,XENTR,0.12754886599999998
9AVES,ZALCA,0.10367783550000001
9CHIR,9CHIR,0.069302646
9CHIR,9PRIM,0.064118806
9CHIR,9SAUR,0.41946268899999994
9CHIR,ACIJB,0.050870162999999996
9CHIR,AILME,0.056863302000000004
9CHIR,ASEST,0.027130375999999998
9CHIR,BALAC,0.039988437
9CHIR,BALMU,0.041501613
9CHIR,BISBB,0.043706181999999996
9CHIR,BOSGR,0.031889558
9CHIR,BOSIN,0.031889565999999994
9CHIR,BOVIN,0.043651389
9CHIR,CALJA,0.06883582399999999
9CHIR,CALUR,0.062887955
9CHIR,CAMBA,0.0549004145
9CHIR,CAMFR,0.054900417
9CHIR,CASCN,0.0728092825
9CHIR,CAVPO,0.066990654
9CHIR,CEBIM,0.035164011999999994
9CHIR,CHILA,0.032597944000000004
9CHIR,CHRAS,0.08564033
9CHIR,COEFR,0.035699615999999997
9CHIR,CRIGR,0.070323965
9CHIR,CYNSP,0.097681613
9CHIR,DELLE,0.073716718
9CHIR,EOSFB,0.023550119
9CHIR,EQUPR,0.035968802499999994
9CHIR,ERIEU,0.03267313249999999
9CHIR,FELCA,0.052425770999999996
9CHIR,GORGO,0.101567253
9CHIR,HETGA,0.092368307
9CHIR,HIPAR,0.030898138
9CHIR,HUMAN,0.059879549
9CHIR,HYLLA,0.020362383999999997
9CHIR,LOXAF,0.034587494999999996
9CHIR,MARMA,0.02358679
9CHIR,MICMU,0.064118786
9CHIR,MICOH,0.067160383
9CHIR,MONMO,0.0313533965
9CHIR,MOUSE,0.028354433999999998
9CHIR,MUSCR,0.032275132
9CHIR,MUSPF,0.06576478499999999
9CHIR,MYOPI,0.021706233999999998
9CHIR,NEOAA,0.058970168
9CHIR,NEOSC,0.07345180700000001
9CHIR,NOMLE,0.018918363
9CHIR,OCTDE,0.057318797000000005
9CHIR,ODORO,0.061346273
9CHIR,ODOVR,0.040112076999999996
9CHIR,ORYAF,0.06847737300000001
9CHIR,PANGU,0.305392153
9CHIR,PANPR,0.047884661999999995
9CHIR,PANTR,0.011522814
9CHIR,PHOSS,0.051849777
9CHIR,PHYMC,0.0575657995
9CHIR,PONAB,0.013677063
9CHIR,PONPY,0.013677068
9CHIR,PROSS,0.0650143135
9CHIR,PTEVA,0.087379325
9CHIR,PUMCO,0.0721692445
9CHIR,RAT,0.019922462000000002
9CHIR,RHIFE,0.01227038
9CHIR,RHIRO,0.06135727
9CHIR,SAPAP,0.020364665999999997
9CHIR,SURSU,0.055389329
9CHIR,TAPME,0.015458601999999998
9CHIR,TRIMA,0.083472835
9CHIR,TURTR,0.0504057995
9CHIR,UROPR,0.02358679
9CHIR,VICPA,0.053511883
9CHIR,VULVU,0.055361303
9CHIR,ZALCA,0.061346278000000004
9CICH,9AMPH,0.508012715
9CICH,9CHIR,0.49574712099999996
9CICH,9CICH,1.5000000000000002e-08
9CICH,9PASS,0.6738190449999999
9CICH,9PLAT,3.8267608049999997
9CICH,9PRIM,0.48767530099999995
9CICH,9SAUR,0.893543138
9CICH,9TELE,0.089449424
9CICH,ACIJB,0.49918055149999996
9CICH,ACIOX,0.37068368349999997
9CICH,AILME,0.511773239
9CICH,ARAGI,0.595184731
9CICH,ARCCL,0.517663835
9CICH,ASEST,0.5357918269999999
9CICH,ATHCN,0.5100903
9CICH,AUSLI,0.084536525
9CICH,AYTFU,0.439218371
9CICH,BALAC,0.514068886
9CICH,BALMU,0.515582062
9CICH,BISBB,0.517786631
9CICH,BOSGR,0.5059700045
9CICH,BOSIN,0.50597002
9CICH,BOVIN,0.5125729139999999
9CICH,CALJA,0.542916273
9CICH,CALUR,0.511198332
9CICH,CAMBA,0.506978196
9CICH,CAMFR,0.503210794
9CICH,CANLF,0.528375854
9CICH,CASCN,0.521119662
9CICH,CATUS,0.589724352
9CICH,CAVPO,0.49054714899999996
9CICH,CEBIM,0.509244461
9CICH,CHACN,0.264505978
9CICH,CHICK,0.42235638
9CICH,CHILA,0.506678367
9CICH,CHRAS,0.509196825
9CICH,COEFR,0.544361067
9CICH,COTCN,2.9481539580000002
9CICH,COTGO,0.079442786
9CICH,COTJA,0.681930244
9CICH,CRIGR,0.49388045999999997
9CICH,CYNSP,0.571762062
9CICH,DANRE,0.346148934
9CICH,DELLE,0.5477971669999999
9CICH,DIPOR,0.533885185
9CICH,ECHTE,0.530526899
9CICH,EOSFB,0.497630568
9CICH,EQUAS,0.47987442199999997
9CICH,EQUPR,0.47904933499999997
9CICH,ERIEU,0.5054061109999999
9CICH,FELCA,0.5064948174999999
9CICH,FICAL,0.505044435
9CICH,GEKGE,0.42299390099999995
9CICH,GEOSA,0.5118617649999999
9CICH,GORGO,0.5518297125
9CICH,GYMAC,0.133053391
9CICH,HETGA,0.566448756
9CICH,HIPAR,0.539559589
9CICH,HUMAN,0.5237937659999999
9CICH,HYLLA,0.49444283299999997
9CICH,ICTPU,0.244795022
9CICH,LEPWE,0.5027211279999999
9CICH,LOXAF,0.5086679439999999
9CICH,MARMA,0.497667239
9CICH,MERPO,1.759036804
9CICH,MICMU,0.48767528099999996
9CICH,MICOH,0.49071687799999997
9CICH,MONMO,0.505433845
9CICH,MOUSE,0.5024348805
9CICH,MUSCR,0.506355581
9CICH,MUSPF,0.514075157
9CICH,MYOPI,0.499052181
9CICH,NEOAA,0.518763624
9CICH,NEOSC,0.514635112
9CICH,NOMLE,0.49444280199999996
9CICH,OCTDE,0.5186145855
9CICH,ODORO,0.50684177
9CICH,ODOVR,0.514192526
9CICH,ORYAF,0.50859625
9CICH,PANGU,0.779472602
9CICH,PANPR,0.499180564
9CICH,PANTR,0.48560326299999995
9CICH,PARLB,0.53091665
9CICH,PATFA,0.503660896
9CICH,PHOSS,0.525930226
9CICH,PHYMC,0.5209944169999999
9CICH,PONAB,0.487757442
9CICH,PONPY,0.487757447
9CICH,PROSS,0.48857080599999997
9CICH,PTEVA,0.5614597714999999
9CICH,PUMCO,0.513845783
9CICH,RAT,0.494002911
9CICH,RHIFE,0.5436320109999999
9CICH,RHIRO,0.484913765
9CICH,SACKO,1.554738842
9CICH,SAGOE,0.732245787
9CICH,SAPAP,0.494445115
9CICH,SARHA,0.420358324
9CICH,SCHHA,4.889273861
9CICH,SURSU,0.510444794
9CICH,TAEGU,0.423790779
9CICH,TAPME,0.48953902499999996
9CICH,TRIMA,0.558739059
9CICH,TURTR,0.5187636234999999
9CICH,TYLPA,0.518387948
9CICH,UROPR,0.497667239
9CICH,URSMA,0.576152974
9CICH,VICPA,0.522937478
9CICH,VULVU,0.508171882
9CICH,XENLA,0.540555793
9CICH,XENTR,0.5319392
9CICH,ZALCA,0.509656655
9PASE,9AMPH,0.11541926599999999
9PASE,9AVES,0.05684473650000001
9PASE,9CHIR,0.10315367199999999
9PASE,9CICH,0.47611873899999996
9PASE,9PASS,0.234363861
9PASE,9PLAT,3.9788584165000005
9PASE,9PRIM,0.095081852
9PASE,9SAUR,0.073178765
9PASE,9TELE,0.4859819625
9PASE,ACIJB,0.10658710499999999
9PASE,ACIOX,0.17943377700000002
9PASE,AILME,0.11917979000000001
9PASE,ALLSI,0.04809007
9PASE,ARAGI,0.7472823425
9PASE,ARCCL,0.125070386
9PASE,ASEST,0.143198378
9PASE,ATHCN,0.1051576045
9PASE,AUSLI,0.48138645049999995
9PASE,AYTFU,0.077920182
9PASE,BALAC,0.12147543949999999
9PASE,BALMU,0.122988613
9PASE,BETSP,0.47027691799999993
9PASE,BISBB,0.125193182
9PASE,BOSGR,0.11337655799999999
9PASE,BOSIN,0.113376571
9PASE,BOVIN,0.11997946749999999
9PASE,CALJA,0.150322824
9PASE,CALUR,0.118604883
9PASE,CAMBA,0.1143847475
9PASE,CAMFR,0.110617345
9PASE,CANLF,0.135782405
9PASE,CASCN,0.128526213
9PASE,CATUS,0.142011033
9PASE,CAVPO,0.0979537
9PASE,CEBIM,0.116651012
9PASE,CHACN,0.34424096299999996
9PASE,CHEAB,0.058258418
9PASE,CHESE,0.058230074
9PASE,CHICK,0.054833560999999996
9PASE,CHILA,0.114084918
9PASE,CHRAS,0.116603376
9PASE,CLUHA,0.46293439999999997
9PASE,COEFR,0.151767618
9PASE,COTCN,3.100251567
9PASE,COTGO,0.45978902099999996
9PASE,COTJA,0.289336795
9PASE,CRIGR,0.101287011
9PASE,CROPO,0.039056476
9PASE,CYNSP,0.17916861299999998
9PASE,DANRE,0.4739283155
9PASE,DELLE,0.155203718
9PASE,DIPOR,0.141291736
9PASE,ECHTE,0.13793345
9PASE,EOSFB,0.105037119
9PASE,EQUAS,0.0872809755
9PASE,EQUPR,0.086455886
9PASE,ERIEU,0.11281266449999999
9PASE,EUBMA,0.079772546
9PASE,FELCA,0.113901371
9PASE,FICAL,0.14374624600000002
9PASE,GEKGE,0.070417148
9PASE,GEOSA,0.1192683165
9PASE,GORGO,0.15923626600000002
9PASE,GYMAC,0.513399626
9PASE,HETGA,0.173855307
9PASE,HIPAR,0.14696614
9PASE,HUMAN,0.13120031699999998
9PASE,HYLLA,0.10184938399999999
9PASE,ICTPU,0.372574405
9PASE,LATCH,0.167199224
9PASE,LEPWE,0.11012768149999999
9PASE,LOXAF,0.116074495
9PASE,MARMA,0.10507379
9PASE,MELGA,0.037805649499999996
9PASE,MELUD,0.037634548999999996
9PASE,MERPO,1.9111344129999999
9PASE,MICMU,0.09508183199999999
9PASE,MICOH,0.098123429
9PASE,MONDO,0.06062377
9PASE,MONMO,0.1128403965
9PASE,MOUSE,0.10984143399999999
9PASE,MUSCR,0.11376213199999999
9PASE,MUSPF,0.12148171299999999
9PASE,MYOPI,0.106458732
9PASE,NEOAA,0.12617017749999998
9PASE,NEOSC,0.122041663
9PASE,NOMLE,0.10184935299999999
9PASE,OCTDE,0.126021139
9PASE,ODORO,0.114248322
9PASE,ODOVR,0.121599077
9PASE,ORNAN,0.077652548
9PASE,ORYAF,0.11600280099999999
9PASE,PANGU,0.386879153
9PASE,PANPR,0.106587115
9PASE,PANTR,0.093009814
9PASE,PARLB,0.138323201
9PASE,PATFA,0.142362707
9PASE,PELSI,0.061608678
9PASE,PHOSS,0.133336777
9PASE,PHYMC,0.1284009705
9PASE,PONAB,0.095163993
9PASE,PONPY,0.095163998
9PASE,PROSS,0.0959773595
9PASE,PTEVA,0.16886632499999998
9PASE,PUMCO,0.12125233399999999
9PASE,RAT,0.10140946199999999
9PASE,RHIFE,0.151038562
9PASE,RHIRO,0.092320316
9PASE,SACKO,1.706836451
9PASE,SAGOE,0.339652338
9PASE,SALNM,0.393846433
9PASE,SAPAP,0.101851666
9PASE,SARHA,0.059060114999999996
9PASE,SCHHA,5.0413714700000005
9PASE,SURSU,0.117851345
9PASE,TAEGU,0.06249259
9PASE,TAPME,0.09694557599999999
9PASE,TRASC,0.059858113000000004
9PASE,TRIMA,0.16614561
9PASE,TURTR,0.126170177
9PASE,TYLPA,0.125794499
9PASE,UROPR,0.10507379
9PASE,URSMA,0.183559525
9PASE,VICPA,0.1303440315
9PASE,VULVU,0.11557843549999999
9PASE,XENLA,0.1479623465
9PASE,XENTR,0.139345751
9PASE,ZALCA,0.117063206
9PASS,9AMPH,0.11825734949999998
9PASS,9ANUR,0.209402903
9PASS,9AVES,0.041469095
9PASS,9CHIR,0.127744078
9PASS,9CICH,0.46396201099999995
9PASS,9PASE,0.025450248
9PASS,9PASS,0.222207133
9PASS,9PLAT,3.9787478255
9PASS,9PRIM,0.119672258
9PASS,9SAUR,0.07554262
9PASS,9TELE,0.481922833
9PASS,ACIJB,0.1296857365
9PASS,ACIOX,0.169159269
9PASS,AILME,0.127834865
9PASS,ALLSI,0.035933342
9PASS,ARAGI,0.7471717515
9PASS,ARCCL,0.131574245
9PASS,ASEST,0.167788784
9PASS,ATHCN,0.148571261
9PASS,AUSLI,0.4701108825
9PASS,AYTFU,0.065763454
9PASS,BALAC,0.1470943585
9PASS,BALMU,0.147579019
9PASS,BETSP,0.45812019499999995
9PASS,BISBB,0.149783588
9PASS,BOSGR,0.137966964
9PASS,BOSIN,0.162047602
9PASS,BOVIN,0.1445698735
9PASS,CALJA,0.17491323
9PASS,CALUR,0.143195289
9PASS,CAMBA,0.137091452
9PASS,CAMFR,0.13520775100000001
9PASS,CANLF,0.123625677
9PASS,CASCN,0.154632305
9PASS,CATUS,0.129854305
9PASS,CAVPO,0.122544106
9PASS,CEBIM,0.141241418
9PASS,CHACN,0.33310576899999994
9PASS,CHEAB,0.04610169
9PASS,CHESE,0.046073346
9PASS,CHICK,0.045789148
9PASS,CHILA,0.138675324
9PASS,CHRAS,0.157525982
9PASS,CLUHA,0.45077767199999996
9PASS,COEFR,0.176358024
9PASS,COTCN,3.088094839
9PASS,COTGO,0.44763229299999996
9PASS,COTJA,0.240461506
9PASS,CRIGR,0.125877417
9PASS,CROPO,0.026899748
9PASS,CYACU,0.098199207
9PASS,CYNSP,0.20375901899999999
9PASS,DANRE,0.46177159399999995
9PASS,DELLE,0.179794124
9PASS,DIPOR,0.156067229
9PASS,ECHTE,0.125776722
9PASS,EOSFB,0.129627525
9PASS,EQUAS,0.0934978145
9PASS,EQUPR,0.105299087
9PASS,ERIEU,0.1374030705
9PASS,EUBMA,0.067615818
9PASS,FELCA,0.13121694450000002
9PASS,FICAL,0.082676643
9PASS,GEKGE,0.05826042
9PASS,GEKJA,0.056091188
9PASS,GEOFO,0.049616527
9PASS,GEOSA,0.137669027
9PASS,GORGO,0.2332678185
9PASS,GYMAC,0.501242898
9PASS,HETGA,0.198445713
9PASS,HIPAR,0.171556546
9PASS,HUMAN,0.155790723
9PASS,HYLLA,0.12643979
9PASS,ICTPU,0.38219027299999997
9PASS,LATCH,0.16103239500000002
9PASS,LEPWE,0.1305803485
9PASS,LOXAF,0.140664901
9PASS,MARMA,0.129664196
9PASS,MELGA,0.026017473
9PASS,MELUD,0.0297454495
9PASS,MERPO,1.898977685
9PASS,MICMU,0.119672238
9PASS,MICOH,0.122713835
9PASS,MONDO,0.048467042
9PASS,MONMO,0.1374308025
9PASS,MOUSE,0.13443184000000002
9PASS,MUSCR,0.138352538
9PASS,MUSPF,0.128260938
9PASS,MYOPI,0.131049138
9PASS,NEOAA,0.1507605835
9PASS,NEOSC,0.141173021
9PASS,NOMLE,0.15650833
9PASS,NOTPE,0.034013073
9PASS,OCTDE,0.150611545
9PASS,ODORO,0.13343021900000002
9PASS,ODOVR,0.146189483
9PASS,ORNAN,0.06549582
9PASS,ORYAF,0.140593207
9PASS,PANGU,0.411469559
9PASS,PANPR,0.125206471
9PASS,PANTR,0.11760022
9PASS,PARLB,0.126166473
9PASS,PATFA,0.130205979
9PASS,PELSI,0.049451949999999995
9PASS,PHOSS,0.157927183
9PASS,PHYMC,0.1529913765
9PASS,PONAB,0.11975439900000001
9PASS,PONPY,0.11975440400000001
9PASS,PROSS,0.12056776550000001
9PASS,PTEVA,0.193456731
9PASS,PUMCO,0.14149952500000001
9PASS,RAT,0.12599986800000001
9PASS,RHIFE,0.175628968
9PASS,RHIRO,0.11691072200000001
9PASS,SACKO,1.6946797230000001
9PASS,SAGOE,0.32749561
9PASS,SALNM,0.381689705
9PASS,SAPAP,0.12644207200000002
9PASS,SARHA,0.046903387
9PASS,SCHHA,5.029214742
9PASS,SURSU,0.135696663
9PASS,TAEGU,0.050335861999999995
9PASS,TAPME,0.121535982
9PASS,TRASC,0.047701385
9PASS,TRIMA,0.189550241
9PASS,TURTR,0.150760583
9PASS,TYLPA,0.113637771
9PASS,UROPR,0.129664196
9PASS,URSMA,0.171402797
9PASS,VICPA,0.1378330195
9PASS,VULVU,0.127583544
9PASS,XENLA,0.13965978
9PASS,XENTR,0.130365999
9PASS,ZALCA,0.141653612
9PLAT,9AMPH,4.0257472015
9PLAT,9CHIR,4.0150723704999995
9PLAT,9PASS,4.176558725
9PLAT,9PLAT,5.596583729
9PLAT,9PRIM,3.991576338
9PLAT,9SAUR,4.396282815499999
9PLAT,ACIJB,4.002032023
9PLAT,ACIOX,3.8734233634999997
9PLAT,AILME,4.0122887335
9PLAT,ARAGI,3.6841051025
9PLAT,ARCCL,4.0204035125
9PLAT,ASEST,4.0385315045
9PLAT,ATHCN,4.0553222264999995
9PLAT,AYTFU,3.9419580485
9PLAT,BALAC,4.0475511325
9PLAT,BALMU,4.0183217395
9PLAT,BISBB,4.0205263085
9PLAT,BOSGR,4.008709684499999
9PLAT,BOSIN,4.039123572
9PLAT,BOVIN,4.015312594
9PLAT,CALJA,4.0456559505
9PLAT,CALUR,4.0139380095
9PLAT,CAMBA,4.045289304
9PLAT,CAMFR,4.0059504715
9PLAT,CANLF,4.0311155315
9PLAT,CASCN,4.052977211
9PLAT,CATUS,4.092464032
9PLAT,CAVPO,3.9932868265
9PLAT,CEBIM,4.0119841385
9PLAT,CHACN,3.767151104
9PLAT,CHICK,4.0373252035
9PLAT,CHILA,4.0094180445
9PLAT,CHRAS,4.0384761625
9PLAT,COEFR,4.0471007445
9PLAT,COTCN,3.3940482139999997
9PLAT,COTJA,4.1846699215
9PLAT,CRIGR,3.9966201375
9PLAT,CYNSP,4.0745017395
9PLAT,DANRE,3.8555896045
9PLAT,DELLE,4.0505368445
9PLAT,DIPOR,4.043092033
9PLAT,ECHTE,4.0332665765
9PLAT,EOSFB,4.0003702455
9PLAT,EQUAS,3.9826141020000003
9PLAT,EQUPR,3.997288962
9PLAT,ERIEU,4.010222445
9PLAT,FELCA,4.010030638
9PLAT,FICAL,4.0077841124999996
9PLAT,GEKGE,3.9257335785
9PLAT,GEOSA,4.053157934
9PLAT,GORGO,4.120656381
9PLAT,HETGA,4.0691884335
9PLAT,HIPAR,4.0422992665
9PLAT,HUMAN,4.0357760945
9PLAT,HYLLA,3.9971825105
9PLAT,ICTPU,3.784593895
9PLAT,LEPWE,4.0054608080000005
9PLAT,LOXAF,4.0114076215
9PLAT,MARMA,4.000406916499999
9PLAT,MICMU,3.9922996184999997
9PLAT,MICOH,3.9934565555
9PLAT,MONMO,4.008173523
9PLAT,MOUSE,4.0051745605
9PLAT,MUSCR,4.0090952585
9PLAT,MUSPF,4.0162616005
9PLAT,MYOPI,4.0017918585
9PLAT,NEOAA,4.0313796645
9PLAT,NEOSC,4.0153907035
9PLAT,NOMLE,4.0878753135
9PLAT,OCTDE,4.021354265499999
9PLAT,ODORO,4.0082846285
9PLAT,ODOVR,4.0169322035
9PLAT,ORYAF,4.0113359275
9PLAT,PANGU,4.2822122794999995
9PLAT,PANPR,4.0062667345000005
9PLAT,PANTR,3.988432225
9PLAT,PARLB,4.033656327499999
9PLAT,PATFA,4.006400573500001
9PLAT,PHOSS,4.0286699035
9PLAT,PHYMC,4.0280179700000005
9PLAT,PONAB,3.9904971194999996
9PLAT,PONPY,3.9904971244999996
9PLAT,PROSS,3.9913104859999997
9PLAT,PTEVA,4.0509469375
9PLAT,PUMCO,4.0274132389999995
9PLAT,RAT,3.9967425885
9PLAT,RHIFE,4.043764682000001
9PLAT,RHIRO,3.9876534425
9PLAT,SACKO,4.1325137995
9PLAT,SAGOE,4.2349854645
9PLAT,SAPAP,3.9971847924999997
9PLAT,SARHA,3.9230980015
9PLAT,SCHHA,5.335168117
9PLAT,SURSU,4.0114321165
9PLAT,TAEGU,4.060417989
9PLAT,TAPME,3.9922787025
9PLAT,TRIMA,4.0673141565
9PLAT,TURTR,4.020613396
9PLAT,TYLPA,4.0211276255
9PLAT,UROPR,4.000406916499999
9PLAT,URSMA,4.0788926515
9PLAT,VICPA,4.0436174925
9PLAT,VULVU,4.0349487135
9PLAT,XENLA,4.044778193999999
9PLAT,XENTR,4.036267362999999
9PLAT,ZALCA,4.0123963325
9PRIM,9CHIR,0.012871595999999999
9PRIM,9PRIM,0.003769321
9PRIM,9SAUR,0.411390909
9PRIM,BALAC,0.031916662
9PRIM,BALMU,0.033429833
9PRIM,BISBB,0.035634402
9PRIM,BOSGR,0.023817778
9PRIM,BOSIN,0.023817786
9PRIM,BOVIN,0.031582047
9PRIM,CALJA,0.060764044
9PRIM,CEBIM,0.027092232
9PRIM,CHILA,0.024526138000000003
9PRIM,CHRAS,0.025290915
9PRIM,CRIGR,0.007651761
9PRIM,CYNSP,0.08960983299999999
9PRIM,DELLE,0.065644938
9PRIM,EOSFB,0.015478339
9PRIM,EQUPR,0.0278970225
9PRIM,ERIEU,0.0246013525
9PRIM,GORGO,0.0708388455
9PRIM,HETGA,0.084296527
9PRIM,HUMAN,0.043804466
9PRIM,HYLLA,0.012290604
9PRIM,LOXAF,0.026515715000000002
9PRIM,MARMA,0.015515010000000001
9PRIM,MICMU,0.001446582
9PRIM,MONMO,0.023281616499999998
9PRIM,MOUSE,0.020298051
9PRIM,MUSCR,0.024203351999999997
9PRIM,MYOPI,0.016899952
9PRIM,NEOAA,0.037772757000000004
9PRIM,NOMLE,0.0086874215
9PRIM,ODOVR,0.032040297
9PRIM,PANGU,0.297320373
9PRIM,PANTR,0.0034510340000000004
9PRIM,PHOSS,0.043777997
9PRIM,PHYMC,0.0426114905
9PRIM,PONAB,0.005605243
9PRIM,PONPY,0.005605248
9PRIM,PROSS,0.0018846655
9PRIM,PTEVA,0.0787570155
9PRIM,PUMCO,0.06409746699999999
9PRIM,RAT,0.011850682000000001
9PRIM,SAPAP,0.012292886
9PRIM,TAPME,0.007386796
9PRIM,TRIMA,0.075401055
9PRIM,TURTR,0.037772756500000004
9PRIM,UROPR,0.015515010000000001
9SAUR,9AMPH,0.135262532
9SAUR,9ANUR,0.314746383
9SAUR,9AVES,0.128403038
9SAUR,9CHIR,0.12261744899999999
9SAUR,9CICH,0.48159193999999994
9SAUR,9PASE,0.13183683599999999
9SAUR,9PASS,0.239952522
9SAUR,9PLAT,4.021620077
9SAUR,9PRIM,0.1082518735
9SAUR,9SAUR,0.138469825
9SAUR,9TELE,0.5368328689999999
9SAUR,ACIJB,0.1187075585
9SAUR,ACIOX,0.18490698049999998
9SAUR,AILME,0.12896426900000002
9SAUR,ALLSI,0.10006048399999999
9SAUR,ANOCA,0.078062675
9SAUR,ARAGI,0.790044003
9SAUR,ARCCL,0.137079048
9SAUR,ASEST,0.15520704
9SAUR,ATHCN,0.19947603800000002
9SAUR,AUSLI,0.4877408075
9SAUR,AYTFU,0.0879938
9SAUR,BALAC,0.14341170949999998
9SAUR,BALMU,0.134997275
9SAUR,BETSP,0.5175453560000001
9SAUR,BISBB,0.137201844
9SAUR,BOSGR,0.12538522
9SAUR,BOSIN,0.137921808
9SAUR,BOVIN,0.1319881295
9SAUR,CALJA,0.17016609
9SAUR,CALUR,0.130613545
9SAUR,CAMBA,0.135759801
9SAUR,CAMFR,0.12262600700000001
9SAUR,CANLF,0.147791067
9SAUR,CASCN,0.1500032685
9SAUR,CATUS,0.20449819
9SAUR,CAVPO,0.10996236200000001
9SAUR,CEBIM,0.128659674
9SAUR,CHACN,0.34961961499999994
9SAUR,CHEAB,0.110228832
9SAUR,CHESE,0.110200488
9SAUR,CHICK,0.11789486299999999
9SAUR,CHILA,0.133928184
9SAUR,CHRAS,0.14114860550000002
9SAUR,CLUHA,0.4684076035
9SAUR,COEFR,0.16377628
9SAUR,COTCN,3.1057247705
9SAUR,COTGO,0.4652622245
9SAUR,COTJA,0.33163798749999995
9SAUR,CRIGR,0.113295673
9SAUR,CROPO,0.096439238
9SAUR,CYACU,0.203542687
9SAUR,CYNSP,0.199011879
9SAUR,DANRE,0.515279505
9SAUR,DELLE,0.16721238
9SAUR,DIPOR,0.1597675685
9SAUR,ECHTE,0.149942112
9SAUR,EOSFB,0.124880385
9SAUR,EQUAS,0.106299127
9SAUR,EQUPR,0.1084281465
9SAUR,ERIEU,0.1268979805
9SAUR,EUBMA,0.12810548500000002
9SAUR,FELCA,0.12670617350000002
9SAUR,FICAL,0.18889210899999997
9SAUR,GEKGE,0.076130048
9SAUR,GEKJA,0.16356367
9SAUR,GEOFO,0.157089009
9SAUR,GEOSA,0.14381355299999998
9SAUR,GORGO,0.210850874
9SAUR,GYMAC,0.5188728295
9SAUR,HETGA,0.19369857299999999
9SAUR,HIPAR,0.158974802
9SAUR,HUMAN,0.149437201
9SAUR,HYLLA,0.12169264999999999
9SAUR,ICTPU,0.4151068
9SAUR,LATCH,0.1726724275
9SAUR,LEPWE,0.12213634350000001
9SAUR,LOXAF,0.128083157
9SAUR,MARMA,0.117082452
9SAUR,MELGA,0.129700926
9SAUR,MELUD,0.14042105900000001
9SAUR,MERPO,1.9166076165
9SAUR,MICMU,0.10897515399999999
9SAUR,MICOH,0.11013209099999999
9SAUR,MONDO,0.108956709
9SAUR,MONMO,0.1248490585
9SAUR,MOUSE,0.121850096
9SAUR,MUSCR,0.125770794
9SAUR,MUSPF,0.132937136
9SAUR,MYOPI,0.118467394
9SAUR,NEOAA,0.13886163099999999
9SAUR,NEOSC,0.1333427905
9SAUR,NOMLE,0.126394595
9SAUR,NOTPE,0.14148555499999999
9SAUR,OCTDE,0.138029801
9SAUR,ODORO,0.124960164
9SAUR,ODOVR,0.133607739
9SAUR,ORNAN,0.125985487
9SAUR,ORYAF,0.128011463
9SAUR,PANGU,0.391053211
9SAUR,PANPR,0.121523243
9SAUR,PANTR,0.1125083395
9SAUR,PARLB,0.150331863
9SAUR,PATFA,0.191760147
9SAUR,PELSI,0.10994161699999999
9SAUR,PHACI,0.09386625400000001
9SAUR,PHOSS,0.145345439
9SAUR,PHYMC,0.146985741
9SAUR,PONAB,0.115007259
9SAUR,PONPY,0.115007264
9SAUR,PROSS,0.1079860215
9SAUR,PTEVA,0.173336477
9SAUR,PUMCO,0.1410956
9SAUR,RAT,0.113418124
9SAUR,RHIFE,0.16044021749999998
9SAUR,RHIRO,0.104328978
9SAUR,SACKO,1.7123096545
9SAUR,SAGOE,0.351661
9SAUR,SALNM,0.39931963649999996
9SAUR,SAPAP,0.113860328
9SAUR,SARHA,0.069133743
9SAUR,SCHHA,5.0468446735
9SAUR,SURSU,0.12810765200000002
9SAUR,TAEGU,0.112927366
9SAUR,TAPME,0.11678884199999999
9SAUR,TRASC,0.111828527
9SAUR,TRIMA,0.18598887849999998
9SAUR,TURTR,0.1375108475
9SAUR,TYLPA,0.137803161
9SAUR,UROPR,0.117082452
9SAUR,URSMA,0.195568187
9SAUR,VICPA,0.160364414
9SAUR,VULVU,0.1357628755
9SAUR,XENLA,0.1614537295
9SAUR,XENTR,0.15294289849999998
9SAUR,ZALCA,0.129071868
9TELE,9AMPH,0.5221188445
9TELE,9CHIR,0.5241886789999999
9TELE,9CICH,0.721212718
9TELE,9PASS,0.719866591
9TELE,9PLAT,4.197906746
9TELE,9PRIM,0.4975385244999999
9TELE,9SAUR,0.9034063614999999
9TELE,9TELE,0.706791785
9TELE,ACIJB,0.509100868
9TELE,ACIOX,0.38242912949999996
9TELE,AILME,0.519568163
9TELE,ARAGI,0.704056483
9TELE,ARCCL,0.5275270585
9TELE,ASEST,0.5456550505
9TELE,ATHCN,0.6183887625
9TELE,AUSLI,0.077800115
9TELE,AYTFU,0.44908159449999996
9TELE,BALAC,0.526712445
9TELE,BALMU,0.5254452855
9TELE,BETSP,0.7153708969999999
9TELE,BISBB,0.5276498544999999
9TELE,BOSGR,0.5158332305
9TELE,BOSIN,0.559180213
9TELE,BOVIN,0.5184876039999999
9TELE,CALJA,0.5527794964999999
9TELE,CALUR,0.5210615555
9TELE,CAMBA,0.5435446485
9TELE,CAMFR,0.5130740174999999
9TELE,CANLF,0.5382390775
9TELE,CASCN,0.5333861225
9TELE,CATUS,0.668521921
9TELE,CAVPO,0.5004103725
9TELE,CEBIM,0.5191076845
9TELE,CHACN,0.275823515
9TELE,CHICK,0.53999861
9TELE,CHILA,0.5165415904999999
9TELE,CHRAS,0.5262457859999999
9TELE,CLUHA,0.7080283789999999
9TELE,COEFR,0.5542242905
9TELE,COTCN,2.9580171815
9TELE,COTGO,0.08380860849999999
9TELE,COTJA,0.6917934674999999
9TELE,CRIGR,0.5037436835
9TELE,CYNSP,0.5816252854999999
9TELE,DANRE,0.389528459
9TELE,DELLE,0.5576603904999999
9TELE,DIPOR,0.546005355
9TELE,ECHTE,0.5403901225000001
9TELE,EOSFB,0.5074937915
9TELE,EQUAS,0.48973764799999997
9TELE,EQUPR,0.50923506
9TELE,ERIEU,0.5152693369999999
9TELE,FELCA,0.5153341235
9TELE,FICAL,0.5149076585
9TELE,GEKGE,0.43285712449999997
9TELE,GEOSA,0.549149946
9TELE,GORGO,0.6398295979999999
9TELE,GYMAC,0.14259923
9TELE,HETGA,0.5763119795
9TELE,HIPAR,0.5494228125
9TELE,HUMAN,0.5348309529999999
9TELE,HYLLA,0.5043060564999999
9TELE,ICTPU,0.30449249700000003
9TELE,LATCH,0.242131886
9TELE,LEPWE,0.5125843539999999
9TELE,LOXAF,0.5185311675
9TELE,MARMA,0.5075304624999999
9TELE,MERPO,1.768582643
9TELE,MICMU,0.4978558839999999
9TELE,MICOH,0.5005801015
9TELE,MONMO,0.515297069
9TELE,MOUSE,0.5122981065
9TELE,MUSCR,0.5162188045
9TELE,MUSPF,0.523621001
9TELE,MYOPI,0.5089154045
9TELE,NEOAA,0.534825901
9TELE,NEOSC,0.5218196445
9TELE,NOMLE,0.611824393
9TELE,OCTDE,0.5284778115
9TELE,ODORO,0.5155031135
9TELE,ODOVR,0.5240557495
9TELE,ORYAF,0.5184594735
9TELE,PANGU,0.7893358255
9TELE,PANPR,0.5105926525
9TELE,PANTR,0.4954664864999999
9TELE,PARLB,0.5407798735
9TELE,PATFA,0.5135241195
9TELE,PHOSS,0.5357934495
9TELE,PHYMC,0.5336379885
9TELE,PONAB,0.4976206655
9TELE,PONPY,0.49762067050000003
9TELE,PROSS,0.49843403199999997
9TELE,PTEVA,0.565825599
9TELE,PUMCO,0.5454354994999999
9TELE,RAT,0.5038661345
9TELE,RHIFE,0.5531778525
9TELE,RHIRO,0.49477698849999996
9TELE,SACKO,1.5661509305
9TELE,SAGOE,0.7421090104999999
9TELE,SALNM,0.638940412
9TELE,SAPAP,0.5043083385
9TELE,SARHA,0.43022154749999997
9TELE,SCHHA,4.8991370845
9TELE,SURSU,0.518166954
9TELE,TAEGU,0.539636732
9TELE,TAPME,0.4994022484999999
9TELE,TRIMA,0.5698944965
9TELE,TURTR,0.5251160445
9TELE,TYLPA,0.5282511715
9TELE,UROPR,0.5075304624999999
9TELE,URSMA,0.5860161975
9TELE,VICPA,0.572315804
9TELE,VULVU,0.52756166
9TELE,XENLA,0.54914905
9TELE,XENTR,0.542119808
9TELE,ZALCA,0.5195198784999999
ACIJB,9CHIR,0.039564934999999996
ACIJB,9PRIM,0.032766266
ACIJB,9SAUR,0.437360952
ACIJB,ACIJB,0.018468069
ACIJB,AILME,0.02744472
ACIJB,ASEST,0.04922706
ACIJB,BALAC,0.0578867025
ACIJB,BALMU,0.059399876000000004
ACIJB,BISBB,0.061604445
ACIJB,BOSGR,0.049787820999999996
ACIJB,BOSIN,0.049787829000000006
ACIJB,BOVIN,0.056502522
ACIJB,CALJA,0.086734087
ACIJB,CALUR,0.023962234
ACIJB,CAMBA,0.015974693499999998
ACIJB,CAMFR,0.015974696
ACIJB,CASCN,0.043013595
ACIJB,CAVPO,0.034364963
ACIJB,CEBIM,0.053062275000000006
ACIJB,CHILA,0.050496181
ACIJB,CHRAS,0.0562217455
ACIJB,COEFR,0.0577963
ACIJB,CRIGR,0.037698274000000004
ACIJB,CYNSP,0.115579876
ACIJB,DELLE,0.091614981
ACIJB,DIPOR,0.031497542
ACIJB,EOSFB,0.041448382000000006
ACIJB,EQUPR,0.053867065500000005
ACIJB,ERIEU,0.050995301
ACIJB,FELCA,0.0082946435
ACIJB,GORGO,0.0957593205
ACIJB,HETGA,0.11026657
ACIJB,HIPAR,0.052994822
ACIJB,HUMAN,0.069212307
ACIJB,HYLLA,0.038260647
ACIJB,LEPWE,0.0060107015
ACIJB,LOXAF,0.052485758
ACIJB,MARMA,0.041485053
ACIJB,MICMU,0.0334895465
ACIJB,MICOH,0.034534692000000006
ACIJB,MONMO,0.0492516595
ACIJB,MOUSE,0.046991376
ACIJB,MUSCR,0.050173394999999996
ACIJB,MUSPF,0.036346203
ACIJB,MYOPI,0.042869995
ACIJB,NEOAA,0.062693232
ACIJB,NEOSC,0.019993036999999998
ACIJB,NOMLE,0.0336078865
ACIJB,OCTDE,0.032049821
ACIJB,ODORO,0.010131346
ACIJB,ODOVR,0.05801034
ACIJB,ORYAF,0.035851681999999996
ACIJB,PANGU,0.32329041599999997
ACIJB,PANPR,0.0059722379999999995
ACIJB,PANTR,0.029855093
ACIJB,PHOSS,0.06974804000000001
ACIJB,PHYMC,0.0680193315
ACIJB,PONAB,0.031575256
ACIJB,PONPY,0.03157526100000001
ACIJB,PROSS,0.033284141
ACIJB,PTEVA,0.104381528
ACIJB,PUMCO,0.09006749
ACIJB,RAT,0.037820725
ACIJB,RHIFE,0.057067244
ACIJB,RHIRO,0.028731579
ACIJB,SAPAP,0.038262929
ACIJB,SURSU,0.011297559
ACIJB,TAPME,0.033356839
ACIJB,TRIMA,0.1025568555
ACIJB,TURTR,0.0626932315
ACIJB,UROPR,0.041485053
ACIJB,VICPA,0.014586162
ACIJB,VULVU,0.025942704
ACIJB,ZALCA,0.022420557
ACIOX,9AMPH,0.2132099705
ACIOX,9CHIR,0.199500389
ACIOX,9PASS,0.3771340855
ACIOX,9PRIM,0.19214926300000001
ACIOX,9SAUR,0.596858176
ACIOX,ACIJB,0.203820481
ACIOX,ACIOX,0.012399186
ACIOX,AILME,0.214281654
ACIOX,ARCCL,0.220978873
ACIOX,ASEST,0.239106865
ACIOX,ATHCN,0.213405338
ACIOX,AYTFU,0.142533409
ACIOX,BALAC,0.219266134
ACIOX,BALMU,0.2188971
ACIOX,BISBB,0.221101669
ACIOX,BOSGR,0.209285045
ACIOX,BOSIN,0.211167273
ACIOX,BOVIN,0.21588795449999998
ACIOX,CALJA,0.246231311
ACIOX,CALUR,0.21451336999999998
ACIOX,CAMBA,0.21029323449999998
ACIOX,CAMFR,0.206525832
ACIOX,CANLF,0.23169089199999998
ACIOX,CASCN,0.22593981149999998
ACIOX,CATUS,0.2930393925
ACIOX,CAVPO,0.19386218700000002
ACIOX,CEBIM,0.21255949899999999
ACIOX,CHICK,0.127553638
ACIOX,CHILA,0.209993405
ACIOX,CHRAS,0.214394083
ACIOX,COEFR,0.24767610499999998
ACIOX,COTJA,0.385245282
ACIOX,CRIGR,0.19719549799999997
ACIOX,CYNSP,0.27507709999999996
ACIOX,DELLE,0.251112205
ACIOX,DIPOR,0.2390824325
ACIOX,ECHTE,0.233841937
ACIOX,EOSFB,0.200945606
ACIOX,EQUAS,0.1831894625
ACIOX,EQUPR,0.18424659049999997
ACIOX,ERIEU,0.20967979050000002
ACIOX,FELCA,0.20980985800000002
ACIOX,FICAL,0.20835947300000002
ACIOX,GEKGE,0.126308939
ACIOX,GEOSA,0.217059023
ACIOX,GORGO,0.255144753
ACIOX,HETGA,0.269763794
ACIOX,HIPAR,0.242874627
ACIOX,HUMAN,0.228187833
ACIOX,HYLLA,0.19775787099999997
ACIOX,LEPWE,0.2060361685
ACIOX,LOXAF,0.211982982
ACIOX,MARMA,0.200982277
ACIOX,MICMU,0.19287253399999998
ACIOX,MICOH,0.19403191600000003
ACIOX,MONMO,0.20874888349999998
ACIOX,MOUSE,0.205749921
ACIOX,MUSCR,0.209670619
ACIOX,MUSPF,0.216836961
ACIOX,MYOPI,0.202367219
ACIOX,NEOAA,0.2220786645
ACIOX,NEOSC,0.21745207
ACIOX,NOMLE,0.19775784000000002
ACIOX,OCTDE,0.221929626
ACIOX,ODORO,0.208274593
ACIOX,ODOVR,0.217507564
ACIOX,ORYAF,0.211911288
ACIOX,PANGU,0.48278763999999996
ACIOX,PANPR,0.20382046850000002
ACIOX,PANTR,0.18900758550000002
ACIOX,PARLB,0.234231688
ACIOX,PATFA,0.20697593399999997
ACIOX,PHOSS,0.229245264
ACIOX,PHYMC,0.2261916715
ACIOX,PONAB,0.19107248
ACIOX,PONPY,0.191072485
ACIOX,PROSS,0.19188584649999998
ACIOX,PTEVA,0.2637886545
ACIOX,PUMCO,0.219043041
ACIOX,RAT,0.197317949
ACIOX,RHIFE,0.245064834
ACIOX,RHIRO,0.188228803
ACIOX,SAGOE,0.435560825
ACIOX,SAPAP,0.197760153
ACIOX,SARHA,0.123673362
ACIOX,SURSU,0.213497801
ACIOX,TAEGU,0.128220218
ACIOX,TAPME,0.19285406300000002
ACIOX,TRIMA,0.26275053950000005
ACIOX,TURTR,0.22207866399999998
ACIOX,TYLPA,0.221702986
ACIOX,UROPR,0.200982277
ACIOX,URSMA,0.279468012
ACIOX,VICPA,0.2262525185
ACIOX,VULVU,0.211720731
ACIOX,XENLA,0.2438708335
ACIOX,XENTR,0.23684272350000002
ACIOX,ZALCA,0.212971693
AILME,9CHIR,0.051789227
AILME,9PRIM,0.0440858
AILME,9SAUR,0.44995363699999996
AILME,ACIJB,0.027853645000000003
AILME,AILME,0.036830296
AILME,ASEST,0.05968823300000001
AILME,BALAC,0.070479385
AILME,BALMU,0.071992561
AILME,BISBB,0.07419713
AILME,BOSGR,0.062380506
AILME,BOSIN,0.062380514
AILME,BOVIN,0.0667592325
AILME,CALJA,0.09932677200000001
AILME,CALUR,0.042854949
AILME,CAMBA,0.0348674085
AILME,CAMFR,0.034867411
AILME,CASCN,0.054550364500000004
AILME,CAVPO,0.046957648
AILME,CEBIM,0.06565496
AILME,CHILA,0.063088866
AILME,CHRAS,0.067758508
AILME,COEFR,0.068257473
AILME,CRIGR,0.050290958999999996
AILME,CYNSP,0.128172561
AILME,DELLE,0.104207666
AILME,DIPOR,0.0430343415
AILME,EOSFB,0.054041067
AILME,EQUPR,0.0664597505
AILME,ERIEU,0.0618166125
AILME,FELCA,0.016667907
AILME,GORGO,0.106016031
AILME,HETGA,0.122859255
AILME,HIPAR,0.063455995
AILME,HUMAN,0.080749077
AILME,HYLLA,0.050853332
AILME,LEPWE,0.0164718745
AILME,LOXAF,0.065078443
AILME,MARMA,0.054077738
AILME,MICMU,0.04408578
AILME,MICOH,0.047127377
AILME,MONMO,0.061844344499999995
AILME,MOUSE,0.058845382
AILME,MUSCR,0.06276608
AILME,MUSPF,0.045731779
AILME,MYOPI,0.05546268
AILME,NEOAA,0.0729499425
AILME,NEOSC,0.029378612999999998
AILME,NOMLE,0.043864597000000005
AILME,OCTDE,0.042510993999999996
AILME,ODORO,0.019516922
AILME,ODOVR,0.070603025
AILME,ORYAF,0.048444367
AILME,PANGU,0.33588310099999996
AILME,PANPR,0.021919348
AILME,PANTR,0.042013762
AILME,PHOSS,0.082340725
AILME,PHYMC,0.07947122300000001
AILME,PONAB,0.044167940999999995
AILME,PONPY,0.044167946
AILME,PROSS,0.0449813075
AILME,PTEVA,0.112166778
AILME,PUMCO,0.09606063000000001
AILME,RAT,0.05041341
AILME,RHIFE,0.066452825
AILME,RHIRO,0.041324264
AILME,SAPAP,0.050855614
AILME,SURSU,0.020683145
AILME,TAPME,0.045949524
AILME,TRIMA,0.11396378300000001
AILME,TURTR,0.07294994199999999
AILME,UROPR,0.054077738
AILME,VICPA,0.033478877000000004
AILME,VULVU,0.036403885500000004
AILME,ZALCA,0.041313272
ALLSI,9AMPH,0.079984046
ALLSI,9AVES,0.029629051
ALLSI,9CHIR,0.067718452
ALLSI,9CICH,0.428028679
ALLSI,9PASS,0.198928641
ALLSI,9PLAT,3.9307683565
ALLSI,9PRIM,0.059646632
ALLSI,9SAUR,0.025088705000000003
ALLSI,9TELE,0.4378919025
ALLSI,ACIJB,0.071151885
ALLSI,ACIOX,0.131343717
ALLSI,AILME,0.08374457
ALLSI,ARAGI,0.6991922825
ALLSI,ARCCL,0.089635166
ALLSI,ASEST,0.107763158
ALLSI,ATHCN,0.100702051
ALLSI,AUSLI,0.4332963905
ALLSI,AYTFU,0.029830122
ALLSI,BALAC,0.0860402195
ALLSI,BALMU,0.087553393
ALLSI,BETSP,0.422186858
ALLSI,BISBB,0.089757962
ALLSI,BOSGR,0.077941338
ALLSI,BOSIN,0.07794135099999999
ALLSI,BOVIN,0.0845442475
ALLSI,CALJA,0.114887604
ALLSI,CALUR,0.083169663
ALLSI,CAMBA,0.0789495275
ALLSI,CAMFR,0.075182125
ALLSI,CANLF,0.100347185
ALLSI,CASCN,0.093090993
ALLSI,CATUS,0.17101589550000001
ALLSI,CAVPO,0.06251848
ALLSI,CEBIM,0.081215792
ALLSI,CHACN,0.296150903
ALLSI,CHEAB,0.010168358
ALLSI,CHESE,0.010140014000000001
ALLSI,CHICK,0.012968131
ALLSI,CHILA,0.07864969799999999
ALLSI,CHRAS,0.08116815599999999
ALLSI,CLUHA,0.41484434000000003
ALLSI,COEFR,0.116332398
ALLSI,COTCN,3.052161507
ALLSI,COTGO,0.41169896100000003
ALLSI,COTJA,0.253901575
ALLSI,CRIGR,0.06585179099999999
ALLSI,CYNSP,0.143733393
ALLSI,DANRE,0.4258382555
ALLSI,DELLE,0.119768498
ALLSI,DIPOR,0.10585651600000001
ALLSI,ECHTE,0.10249823
ALLSI,EOSFB,0.069601899
ALLSI,EQUAS,0.05184575550000001
ALLSI,EQUPR,0.051020666000000006
ALLSI,ERIEU,0.0773774445
ALLSI,EUBMA,0.031682485999999996
ALLSI,FELCA,0.078466151
ALLSI,FICAL,0.095656186
ALLSI,GEKGE,0.022327088000000002
ALLSI,GEOSA,0.0838330965
ALLSI,GORGO,0.123801046
ALLSI,GYMAC,0.465309566
ALLSI,HETGA,0.138420087
ALLSI,HIPAR,0.11153092
ALLSI,HUMAN,0.095765097
ALLSI,HYLLA,0.066414164
ALLSI,ICTPU,0.324484345
ALLSI,LATCH,0.11910916400000002
ALLSI,LEPWE,0.0746924615
ALLSI,LOXAF,0.080639275
ALLSI,MARMA,0.06963857
ALLSI,MERPO,1.863044353
ALLSI,MICMU,0.059646611999999995
ALLSI,MICOH,0.062688209
ALLSI,MONDO,0.01253371
ALLSI,MONMO,0.07740517649999999
ALLSI,MOUSE,0.074406214
ALLSI,MUSCR,0.078326912
ALLSI,MUSPF,0.086046493
ALLSI,MYOPI,0.071023512
ALLSI,NEOAA,0.09073495749999999
ALLSI,NEOSC,0.086606443
ALLSI,NOMLE,0.066414133
ALLSI,OCTDE,0.090585919
ALLSI,ODORO,0.078813102
ALLSI,ODOVR,0.086163857
ALLSI,ORNAN,0.029562488
ALLSI,ORYAF,0.080567581
ALLSI,PANGU,0.351443933
ALLSI,PANPR,0.07115189499999999
ALLSI,PANTR,0.057574594
ALLSI,PARLB,0.102887981
ALLSI,PATFA,0.094272647
ALLSI,PELSI,0.013518618
ALLSI,PHOSS,0.097901557
ALLSI,PHYMC,0.0929657505
ALLSI,PONAB,0.059728773
ALLSI,PONPY,0.059728778
ALLSI,PROSS,0.060542139499999995
ALLSI,PTEVA,0.133431105
ALLSI,PUMCO,0.085817114
ALLSI,RAT,0.065974242
ALLSI,RHIFE,0.115603342
ALLSI,RHIRO,0.056885095999999996
ALLSI,SACKO,1.658746391
ALLSI,SAGOE,0.304217118
ALLSI,SALNM,0.345756373
ALLSI,SAPAP,0.06641644599999999
ALLSI,SARHA,0.010970055000000001
ALLSI,SCHHA,4.993281410000001
ALLSI,SURSU,0.082416125
ALLSI,TAEGU,0.01440253
ALLSI,TAPME,0.061510355999999995
ALLSI,TRASC,0.011768053
ALLSI,TRIMA,0.13071038999999998
ALLSI,TURTR,0.090734957
ALLSI,TYLPA,0.090359279
ALLSI,UROPR,0.06963857
ALLSI,URSMA,0.148124305
ALLSI,VICPA,0.0949088115
ALLSI,VULVU,0.0801432155
ALLSI,XENLA,0.1125271265
ALLSI,XENTR,0.103910531
ALLSI,ZALCA,0.081627986
ANOCA,9AMPH,0.0731797485
ANOCA,9ANUR,0.251854166
ANOCA,9AVES,0.054516140500000004
ANOCA,9CHIR,0.060104721
ANOCA,9CICH,0.4604949575
ANOCA,9PASE,0.067901511
ANOCA,9PASS,0.09249191699999999
ANOCA,9PLAT,3.9632346375
ANOCA,9PRIM,0.05211904099999999
ANOCA,9SAUR,0.0714756005
ANOCA,9TELE,0.4703581835
ANOCA,ACIJB,0.06434757599999999
ANOCA,ACIOX,0.163809998
ANOCA,AILME,0.076130839
ANOCA,ALLSI,0.032466290999999994
ANOCA,ANOCA,0.0016188819999999999
ANOCA,ARAGI,0.7316585634999999
ANOCA,ARCCL,0.082021435
ANOCA,ASEST,0.10014942699999999
ANOCA,ATHCN,0.19102252399999997
ANOCA,AUSLI,0.466572101
ANOCA,AYTFU,0.062296403
ANOCA,BALAC,0.0792359195
ANOCA,BALMU,0.079939662
ANOCA,BETSP,0.45546256249999995
ANOCA,BISBB,0.082144231
ANOCA,BOSGR,0.07032760699999999
ANOCA,BOSIN,0.07113705099999999
ANOCA,BOVIN,0.07693051649999999
ANOCA,CALJA,0.10727387299999999
ANOCA,CALUR,0.07555593199999999
ANOCA,CAMBA,0.07133579649999999
ANOCA,CAMFR,0.067568394
ANOCA,CANLF,0.09273345399999999
ANOCA,CASCN,0.0862351025
ANOCA,CATUS,0.136903997
ANOCA,CAVPO,0.054904748999999996
ANOCA,CEBIM,0.073602061
ANOCA,CHACN,0.3285226325
ANOCA,CHEAB,0.042634639
ANOCA,CHESE,0.042606295
ANOCA,CHICK,0.049491231499999996
ANOCA,CHILA,0.071035967
ANOCA,CHRAS,0.074363861
ANOCA,CLUHA,0.447310621
ANOCA,COEFR,0.10871866699999999
ANOCA,COTCN,3.084627788
ANOCA,COTGO,0.444165242
ANOCA,COTJA,0.278291422
ANOCA,CRIGR,0.058238059999999994
ANOCA,CROPO,0.028845045000000003
ANOCA,CYACU,0.14065046999999997
ANOCA,CYNSP,0.136119662
ANOCA,DANRE,0.457495107
ANOCA,DELLE,0.11215476699999999
ANOCA,DIPOR,0.0990522175
ANOCA,ECHTE,0.09488449900000001
ANOCA,EOSFB,0.061988167999999996
ANOCA,EQUAS,0.045057138999999996
ANOCA,EQUPR,0.044216368500000006
ANOCA,ERIEU,0.06976371349999999
ANOCA,EUBMA,0.064148767
ANOCA,FELCA,0.07085242
ANOCA,FICAL,0.125744827
ANOCA,GEKGE,0.05479336900000001
ANOCA,GEKJA,0.098542451
ANOCA,GEOFO,0.09206779
ANOCA,GEOSA,0.07702880100000001
ANOCA,GORGO,0.116187315
ANOCA,GYMAC,0.497775847
ANOCA,HETGA,0.13080635599999998
ANOCA,HIPAR,0.103917189
ANOCA,HUMAN,0.088157611
ANOCA,HYLLA,0.058800433
ANOCA,ICTPU,0.357760051
ANOCA,LATCH,0.151575445
ANOCA,LEPWE,0.0670787305
ANOCA,LOXAF,0.073025544
ANOCA,MARMA,0.062024839
ANOCA,MELGA,0.048403685
ANOCA,MELUD,0.0625327385
ANOCA,MERPO,1.8955106339999999
ANOCA,MICMU,0.052842311999999995
ANOCA,MICOH,0.055074477999999996
ANOCA,MONDO,0.044999991
ANOCA,MONMO,0.0697914455
ANOCA,MOUSE,0.066792483
ANOCA,MUSCR,0.070713181
ANOCA,MUSPF,0.07786035649999999
ANOCA,MYOPI,0.063409781
ANOCA,NEOAA,0.0831212265
ANOCA,NEOSC,0.079342675
ANOCA,NOMLE,0.058800402
ANOCA,NOTPE,0.076464336
ANOCA,OCTDE,0.082972188
ANOCA,ODORO,0.070389939
ANOCA,ODOVR,0.078550126
ANOCA,ORNAN,0.062028769
ANOCA,ORYAF,0.07295384999999999
ANOCA,PANGU,0.343830202
ANOCA,PANPR,0.0643476
ANOCA,PANTR,0.05005014749999999
ANOCA,PARLB,0.09527425
ANOCA,PATFA,0.1285554555
ANOCA,PELSI,0.045984898999999996
ANOCA,PHACI,0.028845035
ANOCA,PHOSS,0.090287826
ANOCA,PHYMC,0.0861614495
ANOCA,PONAB,0.052115042
ANOCA,PONPY,0.052115047
ANOCA,PROSS,0.052928408499999996
ANOCA,PTEVA,0.12581737399999998
ANOCA,PUMCO,0.079012819
ANOCA,RAT,0.058360511
ANOCA,RHIFE,0.10718018
ANOCA,RHIRO,0.049271365
ANOCA,SACKO,1.6912126719999998
ANOCA,SAGOE,0.296603387
ANOCA,SALNM,0.378222654
ANOCA,SAPAP,0.058802715
ANOCA,SARHA,0.043436336000000006
ANOCA,SCHHA,5.025747690999999
ANOCA,SURSU,0.074802394
ANOCA,TAEGU,0.047678247
ANOCA,TAPME,0.053896625
ANOCA,TRASC,0.044234334
ANOCA,TRIMA,0.12272032
ANOCA,TURTR,0.08312122599999999
ANOCA,TYLPA,0.082745548
ANOCA,UROPR,0.062024839
ANOCA,URSMA,0.140510574
ANOCA,VICPA,0.08729508050000001
ANOCA,VULVU,0.072440301
ANOCA,XENLA,0.1049133955
ANOCA,XENTR,0.0971062335
ANOCA,ZALCA,0.074014255
ARAGI,9AMPH,0.66949037
ARAGI,9ANUR,0.658365853
ARAGI,9AVES,0.46102782749999993
ARAGI,9CHIR,0.6572247760000001
ARAGI,9CICH,0.867006647
ARAGI,9PASE,0.474413198
ARAGI,9PASS,0.632324712
ARAGI,9PLAT,4.054737625
ARAGI,9PRIM,0.649152956
ARAGI,9SAUR,0.49638546599999994
ARAGI,9TELE,0.8796502159999999
ARAGI,ACIJB,0.6606582089999999
ARAGI,ACIOX,0.5703216849999999
ARAGI,AILME,0.673250894
ARAGI,ALLSI,0.43897797799999994
ARAGI,ANOCA,0.431364247
ARAGI,ARAGI,1.028484302
ARAGI,ARCCL,0.67914149
ARAGI,ASEST,0.6972694819999999
ARAGI,ATHCN,0.617015805
ARAGI,AUSLI,0.8722743584999999
ARAGI,AYTFU,0.600696026
ARAGI,BALAC,0.6755465435000001
ARAGI,BALMU,0.677059717
ARAGI,BETSP,0.861164826
ARAGI,BISBB,0.679264286
ARAGI,BOSGR,0.667447662
ARAGI,BOSIN,0.667447675
ARAGI,BOVIN,0.6740505715
ARAGI,CALJA,0.704393928
ARAGI,CALUR,0.672675987
ARAGI,CAMBA,0.6684558515000001
ARAGI,CAMFR,0.664688449
ARAGI,CANLF,0.689853509
ARAGI,CASCN,0.682597317
ARAGI,CATUS,0.604311964
ARAGI,CAVPO,0.652024804
ARAGI,CEBIM,0.670722116
ARAGI,CHACN,0.64535553
ARAGI,CHEAB,0.449146326
ARAGI,CHESE,0.44911798199999997
ARAGI,CHICK,0.5584585989999999
ARAGI,CHILA,0.668156022
ARAGI,CHRAS,0.6706744800000001
ARAGI,CLUHA,0.8538223079999999
ARAGI,COEFR,0.705838722
ARAGI,COTCN,3.1761307755
ARAGI,COTGO,0.850676929
ARAGI,COTJA,0.689424456
ARAGI,CRIGR,0.6553581150000001
ARAGI,CROAD,0.7882272779999999
ARAGI,CROPO,0.43535673199999997
ARAGI,CYACU,0.5471621569999999
ARAGI,CYNSP,0.733239717
ARAGI,DANRE,0.7269984885
ARAGI,DELLE,0.709274822
ARAGI,DIPOR,0.69536284
ARAGI,ECHTE,0.6920045539999999
ARAGI,EOSFB,0.659108223
ARAGI,EQUAS,0.6405269650000001
ARAGI,EQUPR,0.6405269875
ARAGI,ERIEU,0.6668837685
ARAGI,EUBMA,0.47066045399999995
ARAGI,FELCA,0.667972475
ARAGI,FICAL,0.5346341539999999
ARAGI,GEKGE,0.584471556
ARAGI,GEKJA,0.505054138
ARAGI,GEOFO,0.49857947699999994
ARAGI,GEOSA,0.6733394205000001
ARAGI,GORGO,0.71330737
ARAGI,GYMAC,0.9042875339999998
ARAGI,HETGA,0.727926411
ARAGI,HIPAR,0.701037244
ARAGI,HUMAN,0.685271421
ARAGI,HYLLA,0.655920488
ARAGI,ICTPU,0.6256445780000001
ARAGI,LATCH,0.558087132
ARAGI,LEPWE,0.6641987855
ARAGI,LOXAF,0.670145599
ARAGI,MARMA,0.659144894
ARAGI,MELGA,0.454915372
ARAGI,MELUD,0.4690444254999999
ARAGI,MERPO,1.9870136215
ARAGI,MICMU,0.649152936
ARAGI,MICOH,0.652194533
ARAGI,MONDO,0.45151167799999997
ARAGI,MONMO,0.6669115005
ARAGI,MOUSE,0.6639125379999999
ARAGI,MUSCR,0.667833236
ARAGI,MUSPF,0.675552817
ARAGI,MYOPI,0.660529836
ARAGI,NAJNA,0.49612880099999995
ARAGI,NEOAA,0.6802412815000001
ARAGI,NEOSC,0.676112767
ARAGI,NOMLE,0.655920457
ARAGI,NOTPE,0.482976023
ARAGI,OCTDE,0.680092243
ARAGI,ODORO,0.668319426
ARAGI,ODOVR,0.675670181
ARAGI,ORNAN,0.46854045599999994
ARAGI,ORYAF,0.670073905
ARAGI,PANGU,0.940950257
ARAGI,PANPR,0.660658219
ARAGI,PANTR,0.647080918
ARAGI,PARLB,0.692394305
ARAGI,PATFA,0.6010111105
ARAGI,PELSI,0.452496586
ARAGI,PHACI,0.435356722
ARAGI,PHOSS,0.687407881
ARAGI,PHYMC,0.6824720745
ARAGI,PONAB,0.649235097
ARAGI,PONPY,0.649235102
ARAGI,PROSS,0.6500484635000001
ARAGI,PSETE,0.497320624
ARAGI,PTEVA,0.722937429
ARAGI,PUMCO,0.6753234379999999
ARAGI,PYTBI,0.483119025
ARAGI,RAT,0.655480566
ARAGI,RHIFE,0.705109666
ARAGI,RHIRO,0.64639142
ARAGI,SACKO,1.7827156595
ARAGI,SAGOE,0.893723442
ARAGI,SALNM,0.784734341
ARAGI,SAPAP,0.65592277
ARAGI,SARHA,0.581835979
ARAGI,SCHHA,5.1172506785
ARAGI,SURSU,0.671922449
ARAGI,TAEGU,0.5852684340000001
ARAGI,TAPME,0.65101668
ARAGI,TRASC,0.45074602099999994
ARAGI,TRIMA,0.7202167165
ARAGI,TURTR,0.680241281
ARAGI,TYLPA,0.679865603
ARAGI,UROPR,0.659144894
ARAGI,URSMA,0.737630629
ARAGI,VICPA,0.6844151355
ARAGI,VULVU,0.6696495395
ARAGI,XENLA,0.7020334504999999
ARAGI,XENTR,0.6934168549999999
ARAGI,ZALCA,0.67113431
ARCCL,9CHIR,0.058048216
ARCCL,9PRIM,0.049976396
ARCCL,9SAUR,0.455844233
ARCCL,ACIJB,0.0352359925
ARCCL,AILME,0.01854139
ARCCL,ASEST,0.064503232
ARCCL,BALAC,0.076369981
ARCCL,BALMU,0.077883157
ARCCL,BISBB,0.080087726
ARCCL,BOSGR,0.068271102
ARCCL,BOSIN,0.06827111
ARCCL,BOVIN,0.0748740115
ARCCL,CALJA,0.105217368
ARCCL,CALUR,0.048745545
ARCCL,CAMBA,0.0407580045
ARCCL,CAMFR,0.040758007
ARCCL,CASCN,0.058666872499999995
ARCCL,CAVPO,0.052848243999999996
ARCCL,CEBIM,0.071545556
ARCCL,CHILA,0.06897946199999999
ARCCL,CHRAS,0.07149791999999999
ARCCL,COEFR,0.073072472
ARCCL,CRIGR,0.056181554999999994
ARCCL,CYNSP,0.134063157
ARCCL,DELLE,0.110098262
ARCCL,DIPOR,0.046773754
ARCCL,EOSFB,0.059931662999999996
ARCCL,EQUPR,0.0723503465
ARCCL,ERIEU,0.0677072085
ARCCL,FELCA,0.0235708255
ARCCL,GORGO,0.11413081
ARCCL,HETGA,0.128749851
ARCCL,HIPAR,0.068270994
ARCCL,HUMAN,0.086094861
ARCCL,HYLLA,0.056743928
ARCCL,LEPWE,0.021286873499999998
ARCCL,LOXAF,0.070969039
ARCCL,MARMA,0.059968334
ARCCL,MICMU,0.049976375999999996
ARCCL,MICOH,0.053017972999999996
ARCCL,MONMO,0.0677349405
ARCCL,MOUSE,0.064735978
ARCCL,MUSCR,0.068656676
ARCCL,MUSPF,0.028296451
ARCCL,MYOPI,0.061353276
ARCCL,NEOAA,0.08106472149999999
ARCCL,NEOSC,0.033200855
ARCCL,NOMLE,0.051979376
ARCCL,OCTDE,0.047325993
ARCCL,ODORO,0.025407514
ARCCL,ODOVR,0.076493621
ARCCL,ORYAF,0.054334963
ARCCL,PANGU,0.341773697
ARCCL,PANPR,0.030755549
ARCCL,PANTR,0.047904358
ARCCL,PHOSS,0.088231321
ARCCL,PHYMC,0.0832955145
ARCCL,PONAB,0.050058537
ARCCL,PONPY,0.050058542000000004
ARCCL,PROSS,0.050871903499999996
ARCCL,PTEVA,0.123760869
ARCCL,PUMCO,0.040644634
ARCCL,RAT,0.056304006
ARCCL,RHIFE,0.072343416
ARCCL,RHIRO,0.04721486
ARCCL,SAPAP,0.05674621
ARCCL,SURSU,0.026573740999999998
ARCCL,TAPME,0.051840119999999996
ARCCL,TRIMA,0.11985437900000001
ARCCL,TURTR,0.081064721
ARCCL,UROPR,0.059968334
ARCCL,VICPA,0.039369473
ARCCL,VULVU,0.041218876
ARCCL,ZALCA,0.047203867999999996
ASEST,9CHIR,0.07473221799999999
ASEST,9PRIM,0.068104388
ASEST,9SAUR,0.47397222499999997
ASEST,ACIJB,0.054855745
ASEST,AILME,0.060848884000000006
ASEST,BALAC,0.094497973
ASEST,BALMU,0.096011149
ASEST,BISBB,0.09821571800000001
ASEST,BOSGR,0.08639909400000001
ASEST,BOSIN,0.086399102
ASEST,BOVIN,0.0930020035
ASEST,CALJA,0.12334536
ASEST,CALUR,0.066873537
ASEST,CAMBA,0.0588859965
ASEST,CAMFR,0.058885999
ASEST,CASCN,0.0767948645
ASEST,CAVPO,0.070976236
ASEST,CEBIM,0.089673548
ASEST,CHILA,0.087107454
ASEST,CHRAS,0.089625912
ASEST,CRIGR,0.074309547
ASEST,CYNSP,0.152191149
ASEST,DELLE,0.12822625399999998
ASEST,EOSFB,0.078059655
ASEST,EQUPR,0.0904783385
ASEST,ERIEU,0.0858352005
ASEST,FELCA,0.056411353
ASEST,GORGO,0.132258802
ASEST,HETGA,0.146877843
ASEST,HUMAN,0.104222853
ASEST,HYLLA,0.07487192000000001
ASEST,LOXAF,0.089097031
ASEST,MARMA,0.078096326
ASEST,MICMU,0.068104368
ASEST,MICOH,0.07114596499999999
ASEST,MONMO,0.0858629325
ASEST,MOUSE,0.08286397
ASEST,MUSCR,0.086784668
ASEST,MUSPF,0.06975036700000001
ASEST,MYOPI,0.079481268
ASEST,NEOAA,0.0991927135
ASEST,NEOSC,0.077437389
ASEST,NOMLE,0.070107368
ASEST,OCTDE,0.061304379000000006
ASEST,ODORO,0.065331855
ASEST,ODOVR,0.094621613
ASEST,ORYAF,0.072462955
ASEST,PANGU,0.35990168899999997
ASEST,PANPR,0.051870243999999996
ASEST,PANTR,0.06603235
ASEST,PHOSS,0.10635931300000001
ASEST,PHYMC,0.1014235065
ASEST,PONAB,0.06818652900000001
ASEST,PONPY,0.06818653400000001
ASEST,PROSS,0.06899989549999999
ASEST,PTEVA,0.141888861
ASEST,PUMCO,0.12667878049999998
ASEST,RAT,0.074431998
ASEST,RHIRO,0.065342852
ASEST,SAPAP,0.074874202
ASEST,SURSU,0.059374911
ASEST,TAPME,0.069968112
ASEST,TRIMA,0.137982371
ASEST,TURTR,0.099192713
ASEST,UROPR,0.078096326
ASEST,VICPA,0.057497465000000005
ASEST,VULVU,0.059346885
ASEST,ZALCA,0.06533186
ATHCN,9AMPH,0.22460799199999998
ATHCN,9ANUR,0.20838705500000002
ATHCN,9AVES,0.1897065465
ATHCN,9CHIR,0.22272819200000002
ATHCN,9CICH,0.6089805465
ATHCN,9PASE,0.142602617
ATHCN,9PASS,0.3066039565
ATHCN,9PLAT,4.1078750885
ATHCN,9PRIM,0.214656372
ATHCN,9SAUR,0.209620424
ATHCN,9TELE,0.641424066
ATHCN,ACIJB,0.19991596849999999
ATHCN,ACIOX,0.31229558700000004
ATHCN,AILME,0.186597805
ATHCN,ALLSI,0.18095188
ATHCN,ARAGI,0.8372446935
ATHCN,ARCCL,0.190337207
ATHCN,ASEST,0.229183208
ATHCN,ATHCN,0.25449876400000004
ATHCN,AUSLI,0.615129414
ATHCN,AYTFU,0.201041195
ATHCN,BALAC,0.241049962
ATHCN,BALMU,0.24256313300000001
ATHCN,BETSP,0.6128795125
ATHCN,BISBB,0.244767702
ATHCN,BOSGR,0.232951078
ATHCN,BOSIN,0.2347243325
ATHCN,BOVIN,0.2347243225
ATHCN,CALJA,0.269897344
ATHCN,CALUR,0.213425521
ATHCN,CAMBA,0.2337383555
ATHCN,CAMFR,0.205437983
ATHCN,CANLF,0.229976322
ATHCN,CASCN,0.224104694
ATHCN,CATUS,0.261543846
ATHCN,CAVPO,0.21752822000000002
ATHCN,CEBIM,0.23622553200000002
ATHCN,CHACN,0.4770082215
ATHCN,CHEAB,0.191120228
ATHCN,CHESE,0.191091884
ATHCN,CHICK,0.18417920399999999
ATHCN,CHILA,0.233659438
ATHCN,CHRAS,0.236177896
ATHCN,CLUHA,0.59579621
ATHCN,COEFR,0.237752448
ATHCN,COTCN,3.233113377
ATHCN,COTGO,0.592650831
ATHCN,COTJA,0.247258744
ATHCN,CRIGR,0.220861531
ATHCN,CROPO,0.171918286
ATHCN,CYACU,0.097183359
ATHCN,CYNSP,0.298743133
ATHCN,DANRE,0.5970493284999999
ATHCN,DELLE,0.274778238
ATHCN,DIPOR,0.219492921
ATHCN,ECHTE,0.23212736700000003
ATHCN,EOSFB,0.224611639
ATHCN,EQUAS,0.153372911
ATHCN,EQUPR,0.2095768765
ATHCN,ERIEU,0.2323871845
ATHCN,EUBMA,0.212634356
ATHCN,FELCA,0.1889667315
ATHCN,FICAL,0.115999362
ATHCN,GEKGE,0.203278958
ATHCN,GEKJA,0.05507534
ATHCN,GEOFO,0.119655183
ATHCN,GEOSA,0.242389327
ATHCN,GORGO,0.2895001505
ATHCN,GYMAC,0.646261436
ATHCN,HETGA,0.293429827
ATHCN,HIPAR,0.23295096999999998
ATHCN,HUMAN,0.25077483700000003
ATHCN,HYLLA,0.221423904
ATHCN,ICTPU,0.515177001
ATHCN,LATCH,0.300061034
ATHCN,LEPWE,0.1859668495
ATHCN,LOXAF,0.23564901500000002
ATHCN,MARMA,0.22464831000000002
ATHCN,MELGA,0.161295214
ATHCN,MELUD,0.170496359
ATHCN,MERPO,2.0439962229999997
ATHCN,MICMU,0.21465635200000002
ATHCN,MICOH,0.21769794900000003
ATHCN,MONDO,0.19348558
ATHCN,MONMO,0.2324149165
ATHCN,MOUSE,0.22941595400000003
ATHCN,MUSCR,0.233336652
ATHCN,MUSPF,0.18702390000000002
ATHCN,MYOPI,0.22603325200000002
ATHCN,NEOAA,0.239294232
ATHCN,NEOSC,0.197880831
ATHCN,NOMLE,0.23492291799999998
ATHCN,NOTPE,0.032997225
ATHCN,OCTDE,0.21200596900000002
ATHCN,ODORO,0.19008749
ATHCN,ODOVR,0.24117359700000002
ATHCN,ORNAN,0.210514358
ATHCN,ORYAF,0.21901493900000002
ATHCN,PANGU,0.506453673
ATHCN,PANPR,0.195435525
ATHCN,PANTR,0.212584334
ATHCN,PARLB,0.232517118
ATHCN,PATFA,0.19468189949999998
ATHCN,PELSI,0.194470488
ATHCN,PHOSS,0.25291129700000003
ATHCN,PHYMC,0.2479754845
ATHCN,PONAB,0.214738513
ATHCN,PONPY,0.214738518
ATHCN,PROSS,0.2155518795
ATHCN,PTEVA,0.2663781275
ATHCN,PUMCO,0.218923074
ATHCN,RAT,0.22098398200000002
ATHCN,RHIFE,0.237023392
ATHCN,RHIRO,0.211894836
ATHCN,SACKO,1.8396982610000001
ATHCN,SAGOE,0.43384625499999996
ATHCN,SALNM,0.5267082430000001
ATHCN,SAPAP,0.22142618600000002
ATHCN,SARHA,0.137606412
ATHCN,SCHHA,5.17423328
ATHCN,SURSU,0.191253717
ATHCN,TAEGU,0.205095197
ATHCN,TAPME,0.21652009600000002
ATHCN,TRASC,0.19271992300000002
ATHCN,TRIMA,0.284534355
ATHCN,TURTR,0.2394614235
ATHCN,TYLPA,0.219988416
ATHCN,UROPR,0.22464831000000002
ATHCN,URSMA,0.277753442
ATHCN,VICPA,0.236363621
ATHCN,VULVU,0.205898852
ATHCN,XENLA,0.2436389845
ATHCN,XENTR,0.2351281535
ATHCN,ZALCA,0.211883844
AUSLI,9AMPH,0.513280433
AUSLI,9CHIR,0.5010148325
AUSLI,9PASS,0.6799679125
AUSLI,9PLAT,3.8329096724999996
AUSLI,9PRIM,0.49310087649999995
AUSLI,9SAUR,0.8988108494999999
AUSLI,9TELE,1.8260087134999998
AUSLI,ACIJB,0.504448272
AUSLI,ACIOX,0.376832551
AUSLI,AILME,0.5170409505
AUSLI,ARAGI,0.6013335985
AUSLI,ARCCL,0.5229315465
AUSLI,ASEST,0.5410595385
AUSLI,ATHCN,0.5153580114999999
AUSLI,AUSLI,0.000881175
AUSLI,AYTFU,0.4444860825
AUSLI,BALAC,0.5202177525
AUSLI,BALMU,0.5208497735
AUSLI,BISBB,0.5230543424999999
AUSLI,BOSGR,0.51123772
AUSLI,BOSIN,0.5121188864999999
AUSLI,BOVIN,0.5187217815
AUSLI,CALJA,0.5481839844999999
AUSLI,CALUR,0.5164660435
AUSLI,CAMBA,0.5122459079999999
AUSLI,CAMFR,0.5084785055
AUSLI,CANLF,0.5336435655
AUSLI,CASCN,0.5278378159999999
AUSLI,CATUS,0.5958732195
AUSLI,CAVPO,0.4958148605
AUSLI,CEBIM,0.5145121724999999
AUSLI,CHACN,0.270049531
AUSLI,CHICK,0.42850525149999996
AUSLI,CHILA,0.5119460785
AUSLI,CHRAS,0.5162268475
AUSLI,COEFR,0.5496287785
AUSLI,COTCN,2.9534216695
AUSLI,COTGO,0.08471049750000001
AUSLI,COTJA,0.6871979555
AUSLI,CRIGR,0.49914817149999996
AUSLI,CYNSP,0.5770297735
AUSLI,DANRE,0.351416648
AUSLI,DELLE,0.5530648785
AUSLI,DIPOR,0.540865925
AUSLI,ECHTE,0.5357946105
AUSLI,EOSFB,0.5028982795
AUSLI,EQUAS,0.48596724399999996
AUSLI,EQUPR,0.4860793525
AUSLI,ERIEU,0.5115549785
AUSLI,FELCA,0.512643685
AUSLI,FICAL,0.5103121465
AUSLI,GEKGE,0.42826161249999994
AUSLI,GEOSA,0.5188917879999999
AUSLI,GORGO,0.5579785799999999
AUSLI,GYMAC,0.13832110250000001
AUSLI,HETGA,0.5717164674999999
AUSLI,HIPAR,0.5448273005
AUSLI,HUMAN,0.5292174089999999
AUSLI,HYLLA,0.49971054449999996
AUSLI,ICTPU,0.2500627445
AUSLI,LEPWE,0.5088699955
AUSLI,LOXAF,0.5139356555
AUSLI,MARMA,0.5029349504999999
AUSLI,MERPO,1.7643045155000001
AUSLI,MICMU,0.4938241474999999
AUSLI,MICOH,0.4959845895
AUSLI,MONMO,0.510701557
AUSLI,MOUSE,0.508441281
AUSLI,MUSCR,0.5116232924999999
AUSLI,MUSPF,0.5193428735
AUSLI,MYOPI,0.5043198925
AUSLI,NEOAA,0.5249124915
AUSLI,NEOSC,0.5202527865
AUSLI,NOMLE,0.49971051349999995
AUSLI,OCTDE,0.524763453
AUSLI,ODORO,0.51210948
AUSLI,ODOVR,0.5194602374999999
AUSLI,ORYAF,0.5138639615
AUSLI,PANGU,0.7847403135
AUSLI,PANPR,0.5053294355
AUSLI,PANTR,0.49130499949999995
AUSLI,PARLB,0.5361843614999999
AUSLI,PATFA,0.5089286074999999
AUSLI,PHOSS,0.5311979375
AUSLI,PHYMC,0.5271432859999999
AUSLI,PONAB,0.4930251535
AUSLI,PONPY,0.4930251585
AUSLI,PROSS,0.4947196735
AUSLI,PTEVA,0.5676086389999999
AUSLI,PUMCO,0.5199946545
AUSLI,RAT,0.4992706225
AUSLI,RHIFE,0.548899721
AUSLI,RHIRO,0.4901814765
AUSLI,SACKO,1.5600065535
AUSLI,SAGOE,0.7375134984999999
AUSLI,SAPAP,0.4997128265
AUSLI,SARHA,0.4256260355
AUSLI,SCHHA,4.8945415725
AUSLI,SURSU,0.5157125055
AUSLI,TAEGU,0.429058497
AUSLI,TAPME,0.49480673649999996
AUSLI,TRIMA,0.56400677
AUSLI,TURTR,0.524912491
AUSLI,TYLPA,0.5236556595
AUSLI,UROPR,0.5029349504999999
AUSLI,URSMA,0.5814206855
AUSLI,VICPA,0.5290863455
AUSLI,VULVU,0.5135534925
AUSLI,XENLA,0.546668119
AUSLI,XENTR,0.5387585484999999
AUSLI,ZALCA,0.5149243665
AYTFU,9AMPH,0.109814158
AYTFU,9CHIR,0.09754856399999999
AYTFU,9PASS,0.2756204905
AYTFU,9PRIM,0.089476744
AYTFU,9SAUR,0.495344581
AYTFU,ACIJB,0.10098199699999999
AYTFU,AILME,0.11357468200000001
AYTFU,ARCCL,0.11946527800000001
AYTFU,ASEST,0.13759327
AYTFU,ATHCN,0.1807669365
AYTFU,BALAC,0.11587033149999999
AYTFU,BALMU,0.117383505
AYTFU,BISBB,0.11958807399999999
AYTFU,BOSGR,0.10777144999999999
AYTFU,BOSIN,0.107771463
AYTFU,BOVIN,0.1143743595
AYTFU,CALJA,0.144717716
AYTFU,CALUR,0.112999775
AYTFU,CAMBA,0.1087796395
AYTFU,CAMFR,0.10501223700000001
AYTFU,CANLF,0.130177297
AYTFU,CASCN,0.122921105
AYTFU,CATUS,0.1742742355
AYTFU,CAVPO,0.09234859200000001
AYTFU,CEBIM,0.111045904
AYTFU,CHICK,0.020133639000000002
AYTFU,CHILA,0.10847981
AYTFU,CHRAS,0.110998268
AYTFU,COEFR,0.14616251
AYTFU,COTJA,0.283731687
AYTFU,CRIGR,0.095681903
AYTFU,CYNSP,0.173563505
AYTFU,DELLE,0.14959861
AYTFU,DIPOR,0.135686628
AYTFU,ECHTE,0.132328342
AYTFU,EOSFB,0.099432011
AYTFU,EQUAS,0.0816758675
AYTFU,EQUPR,0.080850778
AYTFU,ERIEU,0.1072075565
AYTFU,FELCA,0.108296263
AYTFU,FICAL,0.072342754
AYTFU,GEOSA,0.1136632085
AYTFU,GORGO,0.153631158
AYTFU,HETGA,0.168250199
AYTFU,HIPAR,0.141361032
AYTFU,HUMAN,0.12559520899999999
AYTFU,HYLLA,0.09624427599999999
AYTFU,LEPWE,0.1045225735
AYTFU,LOXAF,0.110469387
AYTFU,MARMA,0.099468682
AYTFU,MICMU,0.089476724
AYTFU,MICOH,0.092518321
AYTFU,MONMO,0.1072352885
AYTFU,MOUSE,0.10423632599999999
AYTFU,MUSCR,0.10815702399999999
AYTFU,MUSPF,0.115876605
AYTFU,MYOPI,0.100853624
AYTFU,NEOAA,0.1205650695
AYTFU,NEOSC,0.116436555
AYTFU,NOMLE,0.09624424499999999
AYTFU,OCTDE,0.12041603099999999
AYTFU,ODORO,0.108643214
AYTFU,ODOVR,0.115993969
AYTFU,ORYAF,0.11039769299999999
AYTFU,PANGU,0.38127404499999995
AYTFU,PANPR,0.100982007
AYTFU,PANTR,0.087404706
AYTFU,PARLB,0.132718093
AYTFU,PATFA,0.07095921499999999
AYTFU,PHOSS,0.127731669
AYTFU,PHYMC,0.12279586249999999
AYTFU,PONAB,0.089558885
AYTFU,PONPY,0.08955889
AYTFU,PROSS,0.0903722515
AYTFU,PTEVA,0.163261217
AYTFU,PUMCO,0.11564722599999999
AYTFU,RAT,0.095804354
AYTFU,RHIFE,0.14543345400000002
AYTFU,RHIRO,0.086715208
AYTFU,SAGOE,0.33404723
AYTFU,SAPAP,0.096246558
AYTFU,SARHA,0.022159767000000004
AYTFU,SURSU,0.112246237
AYTFU,TAEGU,0.294902925
AYTFU,TAPME,0.091340468
AYTFU,TRIMA,0.16054050199999997
AYTFU,TURTR,0.120565069
AYTFU,TYLPA,0.120189391
AYTFU,UROPR,0.099468682
AYTFU,URSMA,0.177954417
AYTFU,VICPA,0.12473892350000002
AYTFU,VULVU,0.1099733275
AYTFU,XENLA,0.14235723849999998
AYTFU,XENTR,0.133740643
AYTFU,ZALCA,0.111458098
BALAC,9AMPH,0.07324204799999999
BALAC,9CHIR,0.127210118
BALAC,9PASS,0.3052820445
BALAC,9PRIM,0.119138298
BALAC,9SAUR,0.4187263965
BALAC,ACIJB,0.130643551
BALAC,AILME,0.14323623600000002
BALAC,ARCCL,0.14912683200000001
BALAC,ASEST,0.167254824
BALAC,ATHCN,0.313806808
BALAC,BALAC,0.002057036
BALAC,BALMU,0.07427913
BALAC,BISBB,0.149249628
BALAC,BOSGR,0.137433004
BALAC,BOSIN,0.137433012
BALAC,BOVIN,0.1440359135
BALAC,CALJA,0.06809953149999999
BALAC,CALUR,0.142661329
BALAC,CAMBA,0.13844119300000002
BALAC,CAMFR,0.13467379100000001
BALAC,CANLF,0.159838851
BALAC,CASCN,0.152582654
BALAC,CATUS,0.307602484
BALAC,CAVPO,0.12201014600000001
BALAC,CEBIM,0.140707458
BALAC,CHICK,0.278277669
BALAC,CHILA,0.050919711500000006
BALAC,CHRAS,0.089516442
BALAC,COEFR,0.175824064
BALAC,COTJA,0.313393241
BALAC,CRIGR,0.125343457
BALAC,CYNSP,0.0969453205
BALAC,DELLE,0.0422316935
BALAC,DIPOR,0.165348182
BALAC,ECHTE,0.16198989600000002
BALAC,EOSFB,0.022813826500000002
BALAC,EQUAS,0.1113374215
BALAC,EQUPR,0.110512332
BALAC,ERIEU,0.0275800125
BALAC,FELCA,0.13795781699999998
BALAC,GEOSA,0.063692334
BALAC,GORGO,0.1066553135
BALAC,HETGA,0.09163201449999998
BALAC,HIPAR,0.171022586
BALAC,HUMAN,0.049427665999999995
BALAC,HYLLA,0.0196260915
BALAC,LEPWE,0.1341841275
BALAC,LOXAF,0.140130941
BALAC,MARMA,0.0228504975
BALAC,MICMU,0.119138278
BALAC,MICOH,0.12217987500000001
BALAC,MONMO,0.01152091
BALAC,MOUSE,0.13389788000000002
BALAC,MUSCR,0.137818578
BALAC,MUSPF,0.145538159
BALAC,MYOPI,0.130515178
BALAC,NEOAA,0.0294244475
BALAC,NEOSC,0.146098109
BALAC,NOMLE,0.030183651500000002
BALAC,OCTDE,0.150077585
BALAC,ODORO,0.13830476800000002
BALAC,ODOVR,0.145655523
BALAC,ORYAF,0.140059247
BALAC,PANGU,0.3046558605
BALAC,PANPR,0.13064356100000002
BALAC,PANTR,0.030712699
BALAC,PHOSS,0.0203647525
BALAC,PHYMC,0.033096619
BALAC,PONAB,0.0319988305
BALAC,PONPY,0.0319988355
BALAC,PROSS,0.12003380550000001
BALAC,PTEVA,0.08753908749999999
BALAC,PUMCO,0.07143296049999999
BALAC,RAT,0.12546590800000001
BALAC,RHIFE,0.175095008
BALAC,RHIRO,0.11637676200000001
BALAC,SAGOE,0.363708784
BALAC,SAPAP,0.0196237835
BALAC,SURSU,0.141907791
BALAC,TAEGU,0.324564479
BALAC,TAPME,0.033780369500000004
BALAC,TRIMA,0.0839223125
BALAC,TURTR,0.020364760000000003
BALAC,TYLPA,0.149850945
BALAC,UROPR,0.0228504975
BALAC,URSMA,0.207615971
BALAC,VICPA,0.1372990595
BALAC,VULVU,0.13963488150000003
BALAC,ZALCA,0.141119652
BALMU,9SAUR,0.42023957
BALMU,BALAC,0.0015132085
BALMU,CALJA,0.069612705
BALMU,CHILA,0.052432885
BALMU,CHRAS,0.0889725915
BALMU,CYNSP,0.098458494
BALMU,DELLE,0.043744867
BALMU,EOSFB,0.024327
BALMU,ERIEU,0.0276407775
BALMU,GORGO,0.07852614699999999
BALMU,HETGA,0.09314518799999999
BALMU,HUMAN,0.049687007
BALMU,HYLLA,0.021139265
BALMU,MARMA,0.024363671
BALMU,MONMO,0.0130340835
BALMU,NEOAA,0.025912467
BALMU,NOMLE,0.030668312
BALMU,PANGU,0.30616903399999995
BALMU,PANTR,0.0314471095
BALMU,PHOSS,0.021877926
BALMU,PHYMC,0.032552769
BALMU,PONAB,0.033512004
BALMU,PONPY,0.033512009
BALMU,PTEVA,0.08815620599999999
BALMU,PUMCO,0.072946128
BALMU,SAPAP,0.021136957
BALMU,TAPME,0.035293543000000004
BALMU,TRIMA,0.084249716
BALMU,TURTR,0.021877936
BALMU,UROPR,0.024363671
BETSP,9AMPH,0.502170899
BETSP,9CHIR,0.48990530499999996
BETSP,9CICH,0.060705508500000005
BETSP,9PASS,0.7124423495
BETSP,9PLAT,3.8653841095
BETSP,9PRIM,0.48183348499999995
BETSP,9SAUR,0.8877013169999999
BETSP,9TELE,0.08607056900000001
BETSP,ACIJB,0.493338738
BETSP,ACIOX,0.36672407249999994
BETSP,AILME,0.505931423
BETSP,ARAGI,0.6338080355
BETSP,ARCCL,0.511822014
BETSP,ASEST,0.529950006
BETSP,ATHCN,0.504248484
BETSP,AUSLI,0.0786947065
BETSP,AYTFU,0.43337654999999997
BETSP,BALAC,0.5082270725
BETSP,BALMU,0.509740241
BETSP,BETSP,2.5e-08
BETSP,BISBB,0.5119448099999999
BETSP,BOSGR,0.5001281835
BETSP,BOSIN,0.500128204
BETSP,BOVIN,0.5133339945
BETSP,CALJA,0.5370744519999999
BETSP,CALUR,0.505356511
BETSP,CAMBA,0.50113638
BETSP,CAMFR,0.49736897300000005
BETSP,CANLF,0.522534033
BETSP,CASCN,0.5167935145
BETSP,CATUS,0.6283476565
BETSP,CAVPO,0.484705328
BETSP,CEBIM,0.50340264
BETSP,CHACN,0.258664162
BETSP,CHICK,0.416514564
BETSP,CHILA,0.5008365459999999
BETSP,CHRAS,0.5081959205
BETSP,COEFR,0.538519246
BETSP,COTCN,2.942312137
BETSP,COTGO,0.073600965
BETSP,COTJA,0.6760884229999999
BETSP,CRIGR,0.488038639
BETSP,CYNSP,0.5659202409999999
BETSP,DANRE,0.340307122
BETSP,DELLE,0.541955346
BETSP,DIPOR,0.5297071165
BETSP,ECHTE,0.5246850780000001
BETSP,EOSFB,0.49178874699999997
BETSP,EQUAS,0.47485770549999995
BETSP,EQUPR,0.5042074105
BETSP,ERIEU,0.50048786
BETSP,FELCA,0.5016769114999999
BETSP,FICAL,0.499202614
BETSP,GEKGE,0.4171520799999999
BETSP,GEOSA,0.50601995
BETSP,GORGO,0.5756302339999999
BETSP,GYMAC,0.12721157
BETSP,HETGA,0.560606935
BETSP,HIPAR,0.533717768
BETSP,HUMAN,0.528118162
BETSP,HYLLA,0.48860101199999995
BETSP,ICTPU,0.2389532055
BETSP,LEPWE,0.4981671705
BETSP,LOXAF,0.502826123
BETSP,MARMA,0.491825418
BETSP,MERPO,1.7531949830000002
BETSP,MICMU,0.48183346499999996
BETSP,MICOH,0.484875057
BETSP,MONMO,0.49959202449999995
BETSP,MOUSE,0.49733174249999995
BETSP,MUSCR,0.50051376
BETSP,MUSPF,0.508233336
BETSP,MYOPI,0.49321035999999996
BETSP,NEOAA,0.520088415
BETSP,NEOSC,0.509493222
BETSP,NOMLE,0.48860098599999996
BETSP,OCTDE,0.5137136744999999
BETSP,ODORO,0.5009999445
BETSP,ODOVR,0.508350705
BETSP,ORYAF,0.502754429
BETSP,PANGU,0.773630781
BETSP,PANPR,0.4965458145
BETSP,PANTR,0.47976144699999995
BETSP,PARLB,0.525074829
BETSP,PATFA,0.49781907499999994
BETSP,PHOSS,0.520088405
BETSP,PHYMC,0.515152607
BETSP,PONAB,0.481915621
BETSP,PONPY,0.48191562600000004
BETSP,PROSS,0.48362450749999997
BETSP,PTEVA,0.556514003
BETSP,PUMCO,0.5404078575
BETSP,RAT,0.48816108999999996
BETSP,RHIFE,0.5377901875
BETSP,RHIRO,0.47907194399999997
BETSP,SACKO,1.5488970210000002
BETSP,SAGOE,0.7264039659999999
BETSP,SAPAP,0.488603294
BETSP,SARHA,0.414516503
BETSP,SCHHA,4.883432040000001
BETSP,SURSU,0.504602978
BETSP,TAEGU,0.417948963
BETSP,TAPME,0.48369720399999994
BETSP,TRIMA,0.552897236
BETSP,TURTR,0.520088405
BETSP,TYLPA,0.512546127
BETSP,UROPR,0.491825418
BETSP,URSMA,0.570311153
BETSP,VICPA,0.534197072
BETSP,VULVU,0.513152293
BETSP,XENLA,0.5385681185
BETSP,XENTR,0.5276490035
BETSP,ZALCA,0.5038148339999999
BISBB,9SAUR,0.422444139
BISBB,BALAC,0.034937645
BISBB,BALMU,0.036450820999999994
BISBB,CALJA,0.071817274
BISBB,CHILA,0.054637454
BISBB,CHRAS,0.0911771605
BISBB,CYNSP,0.100663063
BISBB,DELLE,0.068665926
BISBB,EOSFB,0.026531569
BISBB,ERIEU,0.0298453465
BISBB,GORGO,0.080730716
BISBB,HETGA,0.095349757
BISBB,HUMAN,0.051891575999999995
BISBB,HYLLA,0.023343834
BISBB,MARMA,0.02656824
BISBB,MONMO,0.0263026045
BISBB,NEOAA,0.0396323855
BISBB,NOMLE,0.032872881
BISBB,PANGU,0.308373603
BISBB,PANTR,0.0336516785
BISBB,PHOSS,0.046798985
BISBB,PHYMC,0.0418631785
BISBB,PONAB,0.035716572999999995
BISBB,PONPY,0.035716578
BISBB,PTEVA,0.090360775
BISBB,PUMCO,0.075150697
BISBB,SAPAP,0.023341526
BISBB,TAPME,0.037498112
BISBB,TRIMA,0.086454285
BISBB,TURTR,0.039632385
BISBB,UROPR,0.02656824
BOSGR,9SAUR,0.410627515
BOSGR,BALAC,0.023121021
BOSGR,BALMU,0.024634197
BOSGR,BISBB,0.011816634
BOSGR,BOSGR,2.6e-08
BOSGR,BOSIN,2.1000000000000003e-08
BOSGR,BOVIN,0.013205823
BOSGR,CALJA,0.06000065
BOSGR,CHILA,0.042820830000000004
BOSGR,CHRAS,0.0793605365
BOSGR,CYNSP,0.088846439
BOSGR,DELLE,0.056849302000000004
BOSGR,EOSFB,0.014714945
BOSGR,ERIEU,0.0180287225
BOSGR,GORGO,0.068914092
BOSGR,HETGA,0.08353313299999998
BOSGR,HUMAN,0.040074952
BOSGR,HYLLA,0.01152721
BOSGR,MARMA,0.014751616
BOSGR,MONMO,0.0144859805
BOSGR,NEOAA,0.0278157615
BOSGR,NOMLE,0.021056257000000002
BOSGR,PANGU,0.296556979
BOSGR,PANTR,0.0218350545
BOSGR,PHOSS,0.034982361000000003
BOSGR,PHYMC,0.030046556500000002
BOSGR,PONAB,0.023899949
BOSGR,PONPY,0.023899954
BOSGR,PTEVA,0.07854415099999999
BOSGR,PUMCO,0.06333407349999999
BOSGR,SAPAP,0.011524902
BOSGR,TAPME,0.025681488
BOSGR,TRIMA,0.074637669
BOSGR,TURTR,0.027815761
BOSGR,UROPR,0.014751616
BOSIN,9AMPH,0.077736432
BOSIN,9ANUR,0.30517396999999996
BOSIN,9AVES,0.1078359445
BOSIN,9CHIR,0.1029120835
BOSIN,9CICH,0.513814764
BOSIN,9PASE,0.121221315
BOSIN,9PASS,0.185409354
BOSIN,9PLAT,4.0165544415
BOSIN,9PRIM,0.079416051
BOSIN,9SAUR,0.14448007
BOSIN,9TELE,0.5236779874999999
BOSIN,ACIJB,0.08987173600000001
BOSIN,ACIOX,0.217129802
BOSIN,AILME,0.1001284465
BOSIN,ALLSI,0.085786095
BOSIN,ANOCA,0.078172364
BOSIN,ARAGI,0.675292419
BOSIN,ARCCL,0.1082432255
BOSIN,ASEST,0.1263712175
BOSIN,ATHCN,0.2425690915
BOSIN,AUSLI,0.5190824755
BOSIN,AYTFU,0.115616207
BOSIN,BALAC,0.0488494875
BOSIN,BALMU,0.049334158
BOSIN,BETSP,0.507972943
BOSIN,BISBB,0.044027653
BOSIN,BOSGR,0.064422059
BOSIN,BOSIN,0.0965494055
BOSIN,BOVIN,0.0710249605
BOSIN,CALJA,0.08068449
BOSIN,CALUR,0.10177772249999999
BOSIN,CAMBA,0.0956738835
BOSIN,CAMFR,0.0937901845
BOSIN,CANLF,0.11895524449999999
BOSIN,CASCN,0.112716152
BOSIN,CATUS,0.212407666
BOSIN,CAVPO,0.08112653950000001
BOSIN,CEBIM,0.0998238515
BOSIN,CHACN,0.381936988
BOSIN,CHEAB,0.095954443
BOSIN,CHESE,0.095926099
BOSIN,CHICK,0.10362047149999999
BOSIN,CHILA,0.053975627
BOSIN,CHRAS,0.1000443765
BOSIN,CLUHA,0.500630425
BOSIN,COEFR,0.1349404575
BOSIN,COTCN,3.137947592
BOSIN,COTGO,0.497485046
BOSIN,COTJA,0.31971458649999995
BOSIN,CRIGR,0.0844598505
BOSIN,CROAD,0.435035395
BOSIN,CROPO,0.082164849
BOSIN,CYACU,0.193970274
BOSIN,CYNSP,0.109530279
BOSIN,DANRE,0.5116243405
BOSIN,DELLE,0.081549263
BOSIN,DIPOR,0.13093174600000002
BOSIN,ECHTE,0.1211062895
BOSIN,EOSFB,0.035398785
BOSIN,EQUAS,0.101756047
BOSIN,EQUPR,0.068501308
BOSIN,ERIEU,0.0430201005
BOSIN,EUBMA,0.117468571
BOSIN,FELCA,0.097870351
BOSIN,FICAL,0.17844771
BOSIN,GEKGE,0.108113173
BOSIN,GEKJA,0.151862255
BOSIN,GEOFO,0.145387594
BOSIN,GEOSA,0.08158548700000001
BOSIN,GORGO,0.12851390699999998
BOSIN,GYMAC,0.5510956509999999
BOSIN,HETGA,0.10421697299999999
BOSIN,HIPAR,0.1301389795
BOSIN,HUMAN,0.081442619
BOSIN,HYLLA,0.03221105
BOSIN,ICTPU,0.41027042999999996
BOSIN,LATCH,0.204895249
BOSIN,LEPWE,0.093300521
BOSIN,LOXAF,0.09924733449999999
BOSIN,MARMA,0.035435456
BOSIN,MELGA,0.101723489
BOSIN,MELUD,0.11585254249999999
BOSIN,MERPO,1.948830438
BOSIN,MICMU,0.0801393315
BOSIN,MICOH,0.0812962685
BOSIN,MONDO,0.098319795
BOSIN,MONMO,0.0391859415
BOSIN,MOUSE,0.0930142735
BOSIN,MUSCR,0.0969349715
BOSIN,MUSPF,0.10410131350000001
BOSIN,MYOLU,0.069133201
BOSIN,MYOPI,0.08963157149999999
BOSIN,NAJNA,0.142936918
BOSIN,NEOAA,0.062392083
BOSIN,NEOSC,0.1032304165
BOSIN,NOMLE,0.08025767149999999
BOSIN,NOTPE,0.12978414
BOSIN,OCTDE,0.10919397850000001
BOSIN,ODORO,0.0961243415
BOSIN,ODOVR,0.10477191649999999
BOSIN,ORNAN,0.11534857300000001
BOSIN,ORYAF,0.0991756405
BOSIN,PANGU,0.317240819
BOSIN,PANPR,0.0941064475
BOSIN,PANTR,0.0437105665
BOSIN,PARLB,0.100640372
BOSIN,PATFA,0.1818752595
BOSIN,PELSI,0.099304703
BOSIN,PHACI,0.082164839
BOSIN,PHOSS,0.059682322
BOSIN,PHYMC,0.048165815
BOSIN,PONAB,0.035054723999999995
BOSIN,PONPY,0.035054729
BOSIN,PROSS,0.047022852500000004
BOSIN,PSETE,0.144128741
BOSIN,PTEVA,0.085975477
BOSIN,PUMCO,0.088499781
BOSIN,PYTBI,0.129927142
BOSIN,RAT,0.0845823015
BOSIN,RHIFE,0.13160439499999999
BOSIN,RHIRO,0.0754931555
BOSIN,SACKO,1.744532476
BOSIN,SAGOE,0.32282517749999995
BOSIN,SALNM,0.43154245799999996
BOSIN,SAPAP,0.032211037
BOSIN,SARHA,0.09675613999999999
BOSIN,SCHHA,5.079067495
BOSIN,SURSU,0.0992718295
BOSIN,TAEGU,0.1013032185
BOSIN,TAPME,0.036836284999999996
BOSIN,TRASC,0.097554138
BOSIN,TRIMA,0.11540062
BOSIN,TURTR,0.0516258145
BOSIN,TYLPA,0.1089673385
BOSIN,UROPR,0.035435456
BOSIN,URSMA,0.1667323645
BOSIN,VICPA,0.111509967
BOSIN,VULVU,0.1227884265
BOSIN,XENLA,0.11027951750000001
BOSIN,XENTR,0.10166292199999999
BOSIN,ZALCA,0.1002360455
BOVIN,9SAUR,0.4172304245
BOVIN,BALAC,0.030752436
BOVIN,BALMU,0.0312371065
BOVIN,BISBB,0.0066029215
BOVIN,BOSGR,2e-08
BOVIN,BOSIN,2e-08
BOVIN,BOVIN,0.013205833
BOVIN,CALJA,0.06660355949999999
BOVIN,CHILA,0.0494237395
BOVIN,CHRAS,0.085963446
BOVIN,CYNSP,0.0954493485
BOVIN,DELLE,0.0634522115
BOVIN,EOSFB,0.0213178545
BOVIN,ERIEU,0.026708285999999998
BOVIN,GORGO,0.0755170015
BOVIN,HETGA,0.09013604249999999
BOVIN,HUMAN,0.052477581999999995
BOVIN,HYLLA,0.0181301195
BOVIN,MARMA,0.0213545255
BOVIN,MONMO,0.02108889
BOVIN,NEOAA,0.034418671
BOVIN,NOMLE,0.0276591665
BOVIN,PANGU,0.3031598885
BOVIN,PANTR,0.028437964
BOVIN,PHOSS,0.04158527049999999
BOVIN,PHYMC,0.0432523645
BOVIN,PONAB,0.0305028585
BOVIN,PONPY,0.030502863499999998
BOVIN,PTEVA,0.0794402115
BOVIN,PUMCO,0.069936983
BOVIN,SAPAP,0.0181278115
BOVIN,TAPME,0.0322843975
BOVIN,TRIMA,0.08153110699999999
BOVIN,TURTR,0.0344186705
BOVIN,UROPR,0.0213545255
CALJA,9AMPH,0.051681633000000005
CALJA,9ANUR,0.279119166
CALJA,9AVES,0.08178113749999999
CALJA,9CHIR,0.013679581
CALJA,9CICH,0.48775995499999997
CALJA,9PASE,0.09516651100000001
CALJA,9PASS,0.119756917
CALJA,9PLAT,3.9904996345
CALJA,9PRIM,0.005607761
CALJA,9SAUR,0.11500977700000001
CALJA,9TELE,0.4976231805
CALJA,ACIJB,0.031577771000000004
CALJA,ACIOX,0.191074995
CALJA,AILME,0.044170459
CALJA,ALLSI,0.059731291
CALJA,ANOCA,0.052117556999999995
CALJA,ARAGI,0.6492376150000001
CALJA,ARCCL,0.050061055
CALJA,ASEST,0.068189047
CALJA,ATHCN,0.214741031
CALJA,AUSLI,0.49302766849999996
CALJA,AYTFU,0.08956140300000001
CALJA,BALAC,0.032001346
CALJA,BALMU,0.033514522
CALJA,BETSP,0.481918136
CALJA,BISBB,0.035719091
CALJA,BOSGR,0.023902464
CALJA,BOSIN,0.035057239000000004
CALJA,BOVIN,0.030505373500000002
CALJA,CALJA,0.0304243715
CALJA,CALUR,0.043595552
CALJA,CAMBA,0.039375416
CALJA,CAMFR,0.035608014
CALJA,CANLF,0.060773073999999996
CALJA,CAPHI,0.046212004
CALJA,CASCN,0.053516882
CALJA,CATUS,0.16416899699999998
CALJA,CAVPO,0.008479635000000001
CALJA,CEBIM,0.027176921
CALJA,CHACN,0.355882184
CALJA,CHEAB,0.069899639
CALJA,CHESE,0.069871295
CALJA,CHICK,0.07756566399999999
CALJA,CHILA,0.024610827
CALJA,CHRAS,0.027129285
CALJA,CLUHA,0.47457562099999995
CALJA,COEFR,0.07675828700000001
CALJA,COTCN,3.111892788
CALJA,COTGO,0.471430242
CALJA,COTJA,0.305556422
CALJA,CRIGR,0.01181292
CALJA,CROAD,0.408980591
CALJA,CROPO,0.056110045
CALJA,CYACU,0.16791546999999998
CALJA,CYNSP,0.089694519
CALJA,DANRE,0.4855695335
CALJA,DELLE,0.06572962700000001
CALJA,DIPOR,0.066282405
CALJA,ECHTE,0.062924119
CALJA,EOSFB,0.015563028
CALJA,EQUAS,0.013096769
CALJA,EQUPR,0.011446559
CALJA,ERIEU,0.0233385705
CALJA,EUBMA,0.091413767
CALJA,FELCA,0.038892037000000004
CALJA,FICAL,0.152392906
CALJA,GALVR,0.006679814
CALJA,GEKGE,0.082058369
CALJA,GEKJA,0.125807451
CALJA,GEOFO,0.11933279000000001
CALJA,GEOSA,0.055530683000000004
CALJA,GORGO,0.048519305
CALJA,GYMAC,0.525040847
CALJA,HETGA,0.08438121300000001
CALJA,HIPAR,0.07195680900000001
CALJA,HUMAN,0.041726223
CALJA,HYLLA,0.012375292999999999
CALJA,ICTPU,0.384215621
CALJA,LATCH,0.178840442
CALJA,LEPWE,0.0351183475
CALJA,LOXAF,0.026600403999999998
CALJA,MARMA,0.015599699
CALJA,MELGA,0.075668685
CALJA,MELUD,0.0897977355
CALJA,MERPO,1.922775634
CALJA,MESAU,0.011836885
CALJA,MICMU,0.005607740999999999
CALJA,MICOH,0.008649364
CALJA,MONDO,0.072264991
CALJA,MONMO,0.023366305
CALJA,MOUSE,0.020367339999999998
CALJA,MUSCR,0.024288041
CALJA,MUSPF,0.046472376
CALJA,MYOLU,0.08922463700000001
CALJA,MYOPI,0.016984640999999998
CALJA,NAJNA,0.11688211400000001
CALJA,NEOAA,0.036696083500000004
CALJA,NEOSC,0.047032332
CALJA,NOMLE,0.012375262
CALJA,NOTPE,0.103729336
CALJA,OCTDE,0.05101180500000001
CALJA,ODORO,0.039238989
CALJA,ODOVR,0.032124986
CALJA,ORNAN,0.08929376900000001
CALJA,ORYAF,0.04099347
CALJA,PANGU,0.297405062
CALJA,PANPR,0.031577784000000005
CALJA,PANTR,0.002846188
CALJA,PARLB,0.074585568
CALJA,PATFA,0.15582045249999998
CALJA,PELSI,0.07324989900000001
CALJA,PHACI,0.056110035
CALJA,PHOSS,0.043862686
CALJA,PHYMC,0.038926883
CALJA,PONAB,0.0025748179999999996
CALJA,PONPY,0.0025748229999999995
CALJA,PROSS,0.030261260999999998
CALJA,PSETE,0.118073934
CALJA,PTEVA,0.078496174
CALJA,PUMCO,0.046243003
CALJA,PYTBI,0.10387233800000001
CALJA,RAT,0.011935371
CALJA,RHIFE,0.07602922999999999
CALJA,RHIRO,0.002846225
CALJA,SACKO,1.718477672
CALJA,SAGOE,0.264643007
CALJA,SALNM,0.405487654
CALJA,SAPAP,0.012377575
CALJA,SARHA,0.070701336
CALJA,SCHHA,5.053012691
CALJA,SURSU,0.042842014
CALJA,TAEGU,0.07413381100000001
CALJA,TAPME,0.007471485
CALJA,TRASC,0.07149933400000001
CALJA,TRIMA,0.07548574400000001
CALJA,TURTR,0.036696083000000004
CALJA,TYLPA,0.050785168
CALJA,UROPR,0.015599699
CALJA,URSMA,0.108550194
CALJA,VICPA,0.0553346975
CALJA,VULVU,0.040569102
CALJA,XENLA,0.0842247105
CALJA,XENTR,0.075608118
CALJA,ZALCA,0.042053875
CALUR,9CHIR,0.050138723
CALUR,9PRIM,0.043510893
CALUR,9SAUR,0.44937873
CALUR,BALAC,0.069904478
CALUR,BALMU,0.071417654
CALUR,BISBB,0.073622223
CALUR,BOSGR,0.061805599
CALUR,BOSIN,0.061805607
CALUR,BOVIN,0.06840850849999999
CALUR,CALJA,0.098751865
CALUR,CAMBA,0.0196194195
CALUR,CAMFR,0.019619422
CALUR,CAVPO,0.046382741
CALUR,CEBIM,0.065080053
CALUR,CHILA,0.06251395900000001
CALUR,CHRAS,0.06503241700000001
CALUR,CRIGR,0.049716052
CALUR,CYNSP,0.127597654
CALUR,DELLE,0.10363275899999999
CALUR,EOSFB,0.05346616
CALUR,EQUPR,0.0658848435
CALUR,ERIEU,0.0612417055
CALUR,GORGO,0.107665307
CALUR,HETGA,0.12228434799999999
CALUR,HUMAN,0.079629358
CALUR,HYLLA,0.050278425
CALUR,LOXAF,0.064503536
CALUR,MARMA,0.053502831
CALUR,MICMU,0.043510873
CALUR,MICOH,0.04655247
CALUR,MONMO,0.061269437499999996
CALUR,MOUSE,0.058270475
CALUR,MUSCR,0.062191173
CALUR,MYOPI,0.054887773
CALUR,NEOAA,0.07459921850000001
CALUR,NOMLE,0.045513873
CALUR,ODOVR,0.070028118
CALUR,ORYAF,0.04786946
CALUR,PANGU,0.335308194
CALUR,PANPR,0.017990006
CALUR,PANTR,0.041438855000000004
CALUR,PHOSS,0.081765818
CALUR,PHYMC,0.0768300115
CALUR,PONAB,0.043593033999999996
CALUR,PONPY,0.043593039
CALUR,PROSS,0.0444064005
CALUR,PTEVA,0.117295366
CALUR,PUMCO,0.102085288
CALUR,RAT,0.049838503
CALUR,RHIRO,0.040749357
CALUR,SAPAP,0.050280707
CALUR,TAPME,0.045374617
CALUR,TRIMA,0.113388876
CALUR,TURTR,0.074599218
CALUR,UROPR,0.053502831
CALUR,VICPA,0.018230888
CAMBA,9AMPH,0.079576473
CAMBA,9CHIR,0.047362578
CAMBA,9PASS,0.2257692395
CAMBA,9PRIM,0.0392917095
CAMBA,9SAUR,0.44515859449999995
CAMBA,ACIJB,0.0260421235
CAMBA,AILME,0.032035253
CAMBA,ARCCL,0.02275229
CAMBA,ASEST,0.053817594
CAMBA,ATHCN,0.18743226600000001
CAMBA,BALAC,0.065684342
CAMBA,BALMU,0.0671975185
CAMBA,BISBB,0.0694020875
CAMBA,BOSGR,0.0575854635
CAMBA,BOSIN,0.0575854715
CAMBA,BOVIN,0.06890758300000001
CAMBA,CALJA,0.09453172950000001
CAMBA,CALUR,0.038059907
CAMBA,CAMBA,0.0300723685
CAMBA,CAMFR,0.030072368999999998
CAMBA,CANLF,0.033464309
CAMBA,CASCN,0.049496922
CAMBA,CATUS,0.181227942
CAMBA,CAVPO,0.0421626055
CAMBA,CEBIM,0.0608599175
CAMBA,CHICK,0.151903127
CAMBA,CHILA,0.0582938235
CAMBA,CHRAS,0.0656532055
CAMBA,COEFR,0.062386834
CAMBA,COTJA,0.187018699
CAMBA,CRIGR,0.0454959165
CAMBA,CYNSP,0.12337751849999999
CAMBA,DELLE,0.0994126235
CAMBA,DIPOR,0.051907998999999996
CAMBA,ECHTE,0.029668532
CAMBA,EOSFB,0.0492460245
CAMBA,EQUAS,0.1176718465
CAMBA,EQUPR,0.061664720000000006
CAMBA,ERIEU,0.057945132499999996
CAMBA,FELCA,0.023265975
CAMBA,GEOSA,0.070026759
CAMBA,GORGO,0.13308751149999998
CAMBA,HETGA,0.1180642125
CAMBA,HIPAR,0.057585356
CAMBA,HUMAN,0.083691753
CAMBA,HYLLA,0.0460582895
CAMBA,LEPWE,0.011889108499999999
CAMBA,LOXAF,0.0602834005
CAMBA,MARMA,0.0492826955
CAMBA,MICMU,0.039291699
CAMBA,MICOH,0.0423323345
CAMBA,MONMO,0.057049301999999996
CAMBA,MOUSE,0.0540503395
CAMBA,MUSCR,0.0579710375
CAMBA,MUSPF,0.040936736
CAMBA,MYOPI,0.0506676375
CAMBA,NEOAA,0.07969651999999999
CAMBA,NEOSC,0.024583571
CAMBA,NOMLE,0.046058259000000004
CAMBA,OCTDE,0.0375812745
CAMBA,ODORO,0.01472188
CAMBA,ODOVR,0.0658079825
CAMBA,ORYAF,0.0436493245
CAMBA,PANGU,0.3310880585
CAMBA,PANPR,0.0230566135
CAMBA,PANTR,0.037218719500000004
CAMBA,PHOSS,0.0775456825
CAMBA,PHYMC,0.079307163
CAMBA,PONAB,0.039372898499999996
CAMBA,PONPY,0.0393729035
CAMBA,PROSS,0.040186265
CAMBA,PTEVA,0.1130752305
CAMBA,PUMCO,0.0978651475
CAMBA,RAT,0.0456183675
CAMBA,RHIFE,0.061657782
CAMBA,RHIRO,0.0365292215
CAMBA,SAGOE,0.237334242
CAMBA,SAPAP,0.0460605715
CAMBA,SURSU,0.03056128
CAMBA,TAEGU,0.198189937
CAMBA,TAPME,0.0411544815
CAMBA,TRIMA,0.10916874050000001
CAMBA,TURTR,0.0756619935
CAMBA,TYLPA,0.014508553
CAMBA,UROPR,0.0492826955
CAMBA,URSMA,0.081241429
CAMBA,VICPA,0.028683834499999998
CAMBA,VULVU,0.0342488845
CAMBA,ZALCA,0.03651823
CAMFR,9CHIR,0.042151185
CAMFR,9PRIM,0.035523355
CAMFR,9SAUR,0.441391192
CAMFR,BALAC,0.061916940000000004
CAMFR,BALMU,0.063430116
CAMFR,BISBB,0.065634685
CAMFR,BOSGR,0.053818061
CAMFR,BOSIN,0.053818068999999996
CAMFR,BOVIN,0.060420970500000004
CAMFR,CALJA,0.090764327
CAMFR,CAMBA,1e-08
CAMFR,CAVPO,0.038395202999999996
CAMFR,CEBIM,0.057092514999999996
CAMFR,CHILA,0.054526421
CAMFR,CHRAS,0.057044879
CAMFR,CRIGR,0.041728513999999994
CAMFR,CYNSP,0.11961011599999999
CAMFR,DELLE,0.095645221
CAMFR,EOSFB,0.045478621999999996
CAMFR,EQUPR,0.057897305499999996
CAMFR,ERIEU,0.0532541675
CAMFR,GORGO,0.099677769
CAMFR,HETGA,0.11429681
CAMFR,HUMAN,0.07164182
CAMFR,HYLLA,0.042290887
CAMFR,LOXAF,0.056515998
CAMFR,MARMA,0.045515293
CAMFR,MICMU,0.035523334999999996
CAMFR,MICOH,0.038564931999999996
CAMFR,MONMO,0.05328189949999999
CAMFR,MOUSE,0.050282937
CAMFR,MUSCR,0.054203635
CAMFR,MYOPI,0.046900235
CAMFR,NEOAA,0.06661168049999999
CAMFR,NOMLE,0.037526335
CAMFR,ODOVR,0.06204058
CAMFR,ORYAF,0.039881922
CAMFR,PANGU,0.327320656
CAMFR,PANPR,0.010002468
CAMFR,PANTR,0.033451317
CAMFR,PHOSS,0.07377828
CAMFR,PHYMC,0.0688424735
CAMFR,PONAB,0.035605496
CAMFR,PONPY,0.035605501000000005
CAMFR,PROSS,0.036418862499999996
CAMFR,PTEVA,0.109307828
CAMFR,PUMCO,0.09409775
CAMFR,RAT,0.041850965
CAMFR,RHIRO,0.032761819
CAMFR,SAPAP,0.042293169
CAMFR,TAPME,0.037387079
CAMFR,TRIMA,0.10540133800000001
CAMFR,TURTR,0.06661168
CAMFR,UROPR,0.045515293
CANLF,9CHIR,0.068760235
CANLF,9PASS,0.1454432335
CANLF,9PRIM,0.060688415
CANLF,9SAUR,0.466556252
CANLF,ACIJB,0.045948011500000004
CANLF,AILME,0.029253409
CANLF,ARCCL,0.032992789
CANLF,ASEST,0.07521525100000001
CANLF,ATHCN,0.153967997
CANLF,BALAC,0.087082
CANLF,BALMU,0.088595176
CANLF,BISBB,0.090799745
CANLF,BOSGR,0.07898312099999999
CANLF,BOSIN,0.078983129
CANLF,BOVIN,0.0855860305
CANLF,CALJA,0.115929387
CANLF,CALUR,0.059457564000000004
CANLF,CAMBA,0.0514700235
CANLF,CAMFR,0.051470026
CANLF,CASCN,0.0693788915
CANLF,CATUS,0.14776367299999998
CANLF,CAVPO,0.063560263
CANLF,CEBIM,0.082257575
CANLF,CHICK,0.11843885800000001
CANLF,CHILA,0.07969148100000001
CANLF,CHRAS,0.08220993900000001
CANLF,COEFR,0.083784491
CANLF,COTJA,0.15355443
CANLF,CRIGR,0.066893574
CANLF,CYNSP,0.144775176
CANLF,DELLE,0.12081028099999999
CANLF,DIPOR,0.057485773
CANLF,EOSFB,0.070643682
CANLF,EQUPR,0.0830623655
CANLF,ERIEU,0.0784192275
CANLF,FELCA,0.0342828445
CANLF,GORGO,0.124842829
CANLF,HETGA,0.13946187
CANLF,HIPAR,0.07898301299999999
CANLF,HUMAN,0.09680688
CANLF,HYLLA,0.067455947
CANLF,LEPWE,0.0319988925
CANLF,LOXAF,0.081681058
CANLF,MARMA,0.070680353
CANLF,MICMU,0.060688395
CANLF,MICOH,0.063729992
CANLF,MONMO,0.0784469595
CANLF,MOUSE,0.075447997
CANLF,MUSCR,0.079368695
CANLF,MUSPF,0.029679482
CANLF,MYOPI,0.072065295
CANLF,NEOAA,0.09177674050000001
CANLF,NEOSC,0.043912874
CANLF,NOMLE,0.067455916
CANLF,OCTDE,0.058038012
CANLF,ODORO,0.036119532999999995
CANLF,ODOVR,0.08720564
CANLF,ORYAF,0.065046982
CANLF,PANGU,0.352485716
CANLF,PANPR,0.041467568
CANLF,PANTR,0.058616377000000004
CANLF,PHOSS,0.09894334
CANLF,PHYMC,0.0940075335
CANLF,PONAB,0.060770555999999996
CANLF,PONPY,0.060770561
CANLF,PROSS,0.0615839225
CANLF,PTEVA,0.134472888
CANLF,PUMCO,0.051356653
CANLF,RAT,0.067016025
CANLF,RHIFE,0.08305543500000001
CANLF,RHIRO,0.057926879
CANLF,SAGOE,0.20386997299999998
CANLF,SAPAP,0.06745822900000001
CANLF,SURSU,0.03728576
CANLF,TAEGU,0.164725668
CANLF,TAPME,0.062552139
CANLF,TRIMA,0.130566398
CANLF,TURTR,0.09177674
CANLF,UROPR,0.070680353
CANLF,URSMA,0.047777160000000006
CANLF,VICPA,0.050081492000000005
CANLF,VULVU,0.032370605000000004
CANLF,ZALCA,0.057915887
CAPHI,9AMPH,0.077736437
CAPHI,9ANUR,0.30517396999999996
CAPHI,9AVES,0.1078359445
CAPHI,9CHIR,0.054199165
CAPHI,9CICH,0.513814764
CAPHI,9PASE,0.121221315
CAPHI,9PASS,0.145811721
CAPHI,9PLAT,4.0165544415
CAPHI,9PRIM,0.046127345
CAPHI,9SAUR,0.141064581
CAPHI,9TELE,0.5236779874999999
CAPHI,ACIJB,0.05763259799999999
CAPHI,ACIOX,0.217129802
CAPHI,AILME,0.070225283
CAPHI,ALLSI,0.085786095
CAPHI,ANOCA,0.078172364
CAPHI,ARAGI,0.675292419
CAPHI,ARCCL,0.076115879
CAPHI,ASEST,0.09424387099999999
CAPHI,ATHCN,0.240795855
CAPHI,AUSLI,0.5190824755
CAPHI,AYTFU,0.115616207
CAPHI,BALAC,0.0725209325
CAPHI,BALMU,0.074034106
CAPHI,BETSP,0.507972943
CAPHI,BISBB,0.076238675
CAPHI,BOSGR,0.06442205100000001
CAPHI,BOSIN,0.064422059
CAPHI,BOVIN,0.0710249605
CAPHI,CALJA,0.101368317
CAPHI,CALUR,0.06965037599999999
CAPHI,CAMBA,0.0654302405
CAPHI,CAMFR,0.061662838
CAPHI,CANLF,0.08682789799999999
CAPHI,CASCN,0.07957170599999999
CAPHI,CATUS,0.190223801
CAPHI,CAVPO,0.048999192999999996
CAPHI,CEBIM,0.067696505
CAPHI,CHACN,0.381936988
CAPHI,CHEAB,0.095954443
CAPHI,CHESE,0.095926099
CAPHI,CHICK,0.10362046899999999
CAPHI,CHILA,0.065130411
CAPHI,CHRAS,0.067648869
CAPHI,CLUHA,0.500630425
CAPHI,COEFR,0.10281311099999998
CAPHI,COTCN,3.137947592
CAPHI,COTGO,0.497485046
CAPHI,COTJA,0.331611226
CAPHI,CRIGR,0.052332504
CAPHI,CROAD,0.435035395
CAPHI,CROPO,0.082164849
CAPHI,CYACU,0.193970274
CAPHI,CYNSP,0.130214106
CAPHI,DANRE,0.5116243405
CAPHI,DELLE,0.106249211
CAPHI,DIPOR,0.09233722899999999
CAPHI,ECHTE,0.088978943
CAPHI,EOSFB,0.056082612
CAPHI,EQUAS,0.039151583
CAPHI,EQUPR,0.0375013765
CAPHI,ERIEU,0.0638581575
CAPHI,EUBMA,0.117468571
CAPHI,FELCA,0.06494686399999999
CAPHI,FICAL,0.17844771
CAPHI,GEKGE,0.108113173
CAPHI,GEKJA,0.151862255
CAPHI,GEOFO,0.145387594
CAPHI,GEOSA,0.08158548750000001
CAPHI,GORGO,0.110281759
CAPHI,GYMAC,0.5510956509999999
CAPHI,HETGA,0.12490079999999999
CAPHI,HIPAR,0.09801163299999999
CAPHI,HUMAN,0.08224581
CAPHI,HYLLA,0.052894877
CAPHI,ICTPU,0.41027042999999996
CAPHI,LATCH,0.204895249
CAPHI,LEPWE,0.0611731745
CAPHI,LOXAF,0.06711998799999999
CAPHI,MARMA,0.056119283
CAPHI,MELGA,0.101723489
CAPHI,MELUD,0.11585254249999999
CAPHI,MERPO,1.948830438
CAPHI,MICMU,0.046127325
CAPHI,MICOH,0.049168922
CAPHI,MONDO,0.098319795
CAPHI,MONMO,0.0638858895
CAPHI,MOUSE,0.060886926999999993
CAPHI,MUSCR,0.064807625
CAPHI,MUSPF,0.072527206
CAPHI,MYOLU,0.069133201
CAPHI,MYOPI,0.057504225
CAPHI,NAJNA,0.142936918
CAPHI,NEOAA,0.0772156705
CAPHI,NEOSC,0.073087156
CAPHI,NOMLE,0.052894845999999995
CAPHI,NOTPE,0.12978414
CAPHI,OCTDE,0.077066632
CAPHI,ODORO,0.065293815
CAPHI,ODOVR,0.07264456999999999
CAPHI,ORNAN,0.11534857300000001
CAPHI,ORYAF,0.067048294
CAPHI,PANGU,0.337924646
CAPHI,PANPR,0.057632607999999995
CAPHI,PANTR,0.044055307
CAPHI,PARLB,0.100640372
CAPHI,PATFA,0.1818752595
CAPHI,PELSI,0.099304703
CAPHI,PHACI,0.082164839
CAPHI,PHOSS,0.08438227000000001
CAPHI,PHYMC,0.07944646
CAPHI,PONAB,0.046209485999999994
CAPHI,PONPY,0.046209491
CAPHI,PROSS,0.042169396
CAPHI,PSETE,0.144128741
CAPHI,PTEVA,0.119911818
CAPHI,PUMCO,0.072297827
CAPHI,PYTBI,0.129927142
CAPHI,RAT,0.052454955
CAPHI,RHIFE,0.102084055
CAPHI,RHIRO,0.043365809
CAPHI,SACKO,1.744532476
CAPHI,SAGOE,0.29069783099999996
CAPHI,SALNM,0.43154245799999996
CAPHI,SAPAP,0.052897159
CAPHI,SARHA,0.09675613999999999
CAPHI,SCHHA,5.079067495
CAPHI,SURSU,0.06889683799999999
CAPHI,TAEGU,0.10018861500000001
CAPHI,TAPME,0.047991069
CAPHI,TRASC,0.097554138
CAPHI,TRIMA,0.1171911055
CAPHI,TURTR,0.07721567
CAPHI,TYLPA,0.076839992
CAPHI,UROPR,0.056119283
CAPHI,URSMA,0.134605018
CAPHI,VICPA,0.0813895245
CAPHI,VULVU,0.0666239285
CAPHI,XENLA,0.11027951750000001
CAPHI,XENTR,0.10166292199999999
CAPHI,ZALCA,0.068108699
CASCN,9AMPH,0.07742052299999999
CASCN,9CHIR,0.061126935
CASCN,9PASS,0.3094605195
CASCN,9PRIM,0.054947909
CASCN,9SAUR,0.45930006
CASCN,ACIJB,0.022696975
CASCN,AILME,0.020465721
CASCN,ARCCL,0.153305307
CASCN,ASEST,0.171433299
CASCN,ATHCN,0.317985283
CASCN,BALAC,0.081341489
CASCN,BALMU,0.081338984
CASCN,BISBB,0.08354355299999999
CASCN,BOSGR,0.0717269345
CASCN,BOSIN,0.0717269395
CASCN,BOVIN,0.0845556415
CASCN,CALJA,0.108673195
CASCN,CALUR,0.045901342
CASCN,CAMBA,0.0394294875
CASCN,CAMFR,0.037913803999999995
CASCN,CANLF,0.16401732600000002
CASCN,CASCN,0.002411318
CASCN,CATUS,0.311780959
CASCN,CAVPO,0.056304071
CASCN,CEBIM,0.075001383
CASCN,CHICK,0.282456144
CASCN,CHILA,0.072435289
CASCN,CHRAS,0.079417563
CASCN,COEFR,0.18000253900000002
CASCN,COTJA,0.317571716
CASCN,CRIGR,0.059637382
CASCN,CYNSP,0.137518984
CASCN,DELLE,0.113554089
CASCN,DIPOR,0.16952665700000003
CASCN,ECHTE,0.166168371
CASCN,EOSFB,0.06338749
CASCN,EQUAS,0.11551589649999999
CASCN,EQUPR,0.077321842
CASCN,ERIEU,0.0726507665
CASCN,FELCA,0.022347021
CASCN,GEOSA,0.067870809
CASCN,GORGO,0.1470404205
CASCN,HETGA,0.132205678
CASCN,HIPAR,0.175201061
CASCN,HUMAN,0.099339811
CASCN,HYLLA,0.060199755
CASCN,LEPWE,0.13836260250000001
CASCN,LOXAF,0.074424866
CASCN,MARMA,0.063424161
CASCN,MICMU,0.055843501000000004
CASCN,MICOH,0.0564738
CASCN,MONMO,0.0711907675
CASCN,MOUSE,0.0689304955
CASCN,MUSCR,0.072112503
CASCN,MUSPF,0.029367204
CASCN,MYOPI,0.064809103
CASCN,NEOAA,0.09168715799999999
CASCN,NEOSC,0.058876497
CASCN,NOMLE,0.059822615999999995
CASCN,OCTDE,0.15425606000000003
CASCN,ODORO,0.137074724
CASCN,ODOVR,0.079949448
CASCN,ORYAF,0.057790789999999995
CASCN,PANGU,0.34522952399999995
CASCN,PANPR,0.027534238
CASCN,PANTR,0.05218639
CASCN,PHOSS,0.091687148
CASCN,PHYMC,0.0891626435
CASCN,PONAB,0.053514364
CASCN,PONPY,0.053514369
CASCN,PROSS,0.055085571
CASCN,PTEVA,0.127735653
CASCN,PUMCO,0.113522299
CASCN,RAT,0.059759833
CASCN,RHIFE,0.179273483
CASCN,RHIRO,0.050670687
CASCN,SAGOE,0.36788725899999997
CASCN,SAPAP,0.060202037
CASCN,SURSU,0.021933772
CASCN,TAEGU,0.328742954
CASCN,TAPME,0.055295947
CASCN,TRIMA,0.12449597599999998
CASCN,TURTR,0.091310052
CASCN,TYLPA,0.15402942
CASCN,UROPR,0.063424161
CASCN,URSMA,0.21179444600000003
CASCN,VICPA,0.038488767
CASCN,VULVU,0.021948240499999997
CASCN,ZALCA,0.044359665
CATUS,9AMPH,0.1844217495
CATUS,9ANUR,0.21440079799999998
CATUS,9AVES,0.12584722250000002
CATUS,9CHIR,0.197698539
CATUS,9CICH,0.5451212249999999
CATUS,9PASE,0.099450636
CATUS,9PASS,0.303366347
CATUS,9PLAT,4.0344060465
CATUS,9PRIM,0.164084338
CATUS,9SAUR,0.1715751915
CATUS,9TELE,0.5832770174999999
CATUS,ACIJB,0.174670726
CATUS,ACIOX,0.248436263
CATUS,AILME,0.17981672699999998
CATUS,ALLSI,0.117092556
CATUS,ARAGI,0.8028299725
CATUS,ARCCL,0.18355612899999998
CATUS,ASEST,0.212200864
CATUS,ATHCN,0.2007086495
CATUS,AUSLI,0.5503889365
CATUS,AYTFU,0.146922668
CATUS,BALAC,0.190477928
CATUS,BALMU,0.191991099
CATUS,BETSP,0.5392794089999999
CATUS,BISBB,0.194195668
CATUS,BOSGR,0.182379044
CATUS,BOSIN,0.204562907
CATUS,BOVIN,0.1903264935
CATUS,CALJA,0.21932531
CATUS,CALUR,0.18760736899999997
CATUS,CAMBA,0.18338723299999998
CATUS,CAMFR,0.17961983099999998
CATUS,CANLF,0.19952651949999997
CATUS,CASCN,0.19828654199999998
CATUS,CATUS,0.23787802550000003
CATUS,CAVPO,0.166956186
CATUS,CEBIM,0.185653498
CATUS,CHACN,0.413243449
CATUS,CHEAB,0.127260904
CATUS,CHESE,0.12723256
CATUS,CHICK,0.126948362
CATUS,CHILA,0.183087404
CATUS,CHRAS,0.192038683
CATUS,CLUHA,0.531936886
CATUS,COEFR,0.22077010399999997
CATUS,COTCN,3.169254053
CATUS,COTGO,0.528791507
CATUS,COTJA,0.2935143415
CATUS,CRIGR,0.17028949699999998
CATUS,CROPO,0.108058962
CATUS,CYACU,0.103197102
CATUS,CYNSP,0.248171099
CATUS,DANRE,0.541208656
CATUS,DELLE,0.224206204
CATUS,DIPOR,0.210294201
CATUS,ECHTE,0.2016775645
CATUS,EOSFB,0.174039605
CATUS,EQUAS,0.15102509
CATUS,EQUPR,0.1759415405
CATUS,ERIEU,0.1818151505
CATUS,EUBMA,0.148775032
CATUS,FELCA,0.179310514
CATUS,FICAL,0.145324124
CATUS,GEKGE,0.13941963400000001
CATUS,GEOFO,0.140882193
CATUS,GEOSA,0.188270802
CATUS,GORGO,0.2526227205
CATUS,GYMAC,0.5824021119999999
CATUS,HETGA,0.242857793
CATUS,HIPAR,0.215968626
CATUS,HUMAN,0.210153217
CATUS,HYLLA,0.17085187
CATUS,ICTPU,0.441576891
CATUS,LATCH,0.23620171
CATUS,LEPWE,0.17815847299999998
CATUS,LOXAF,0.185076981
CATUS,MARMA,0.174076276
CATUS,MELGA,0.1068081355
CATUS,MELUD,0.106637035
CATUS,MERPO,1.980136899
CATUS,MICMU,0.164084318
CATUS,MICOH,0.167125915
CATUS,MONDO,0.129626256
CATUS,MONMO,0.1818428825
CATUS,MOUSE,0.17884392
CATUS,MUSCR,0.182764618
CATUS,MUSPF,0.180242822
CATUS,MYOPI,0.175461218
CATUS,NEOAA,0.206373804
CATUS,NEOSC,0.18765447799999999
CATUS,NOMLE,0.205690507
CATUS,OCTDE,0.19502362499999998
CATUS,ODORO,0.178474657
CATUS,ODOVR,0.190601563
CATUS,ORNAN,0.14665503400000002
CATUS,ORYAF,0.185005287
CATUS,PANGU,0.455881639
CATUS,PANPR,0.17558960099999998
CATUS,PANTR,0.1620123
CATUS,PARLB,0.20206731549999998
CATUS,PATFA,0.211365193
CATUS,PELSI,0.130611164
CATUS,PHOSS,0.202339263
CATUS,PHYMC,0.20249736299999999
CATUS,PONAB,0.16416647899999998
CATUS,PONPY,0.16416648399999997
CATUS,PROSS,0.1649798455
CATUS,PTEVA,0.23786881099999999
CATUS,PUMCO,0.19025482
CATUS,RAT,0.170411948
CATUS,RHIFE,0.220041048
CATUS,RHIRO,0.161322802
CATUS,SACKO,1.775838937
CATUS,SAGOE,0.4033964525
CATUS,SALNM,0.462848919
CATUS,SAPAP,0.17085415199999998
CATUS,SARHA,0.1071566095
CATUS,SCHHA,5.110373956
CATUS,SURSU,0.18180901500000002
CATUS,TAEGU,0.148702269
CATUS,TAPME,0.165948062
CATUS,TRASC,0.128860599
CATUS,TRIMA,0.235148102
CATUS,TURTR,0.197080904
CATUS,TYLPA,0.18953861349999998
CATUS,UROPR,0.174076276
CATUS,URSMA,0.24730363949999998
CATUS,VICPA,0.197845125
CATUS,VULVU,0.182932513
CATUS,XENLA,0.212914518
CATUS,XENTR,0.20467835099999998
CATUS,ZALCA,0.18606569199999998
CAVPO,9CHIR,0.015022806
CAVPO,9PRIM,0.008394976
CAVPO,9SAUR,0.414262813
CAVPO,BALAC,0.034788561
CAVPO,BALMU,0.036301737
CAVPO,BISBB,0.038506306
CAVPO,BOSGR,0.026689682
CAVPO,BOSIN,0.026689690000000002
CAVPO,BOVIN,0.033292591499999996
CAVPO,CALJA,0.063635948
CAVPO,CAVPO,1e-08
CAVPO,CEBIM,0.029964136000000002
CAVPO,CHILA,0.027398042
CAVPO,CHRAS,0.029916500000000002
CAVPO,CRIGR,0.014600135
CAVPO,CYNSP,0.092481737
CAVPO,DELLE,0.068516842
CAVPO,EOSFB,0.018350243
CAVPO,EQUPR,0.0307689265
CAVPO,ERIEU,0.0261257885
CAVPO,GORGO,0.07254938999999999
CAVPO,HETGA,0.08716843099999999
CAVPO,HUMAN,0.044513440999999994
CAVPO,HYLLA,0.015162508000000002
CAVPO,LOXAF,0.029387619
CAVPO,MARMA,0.018386914
CAVPO,MICMU,0.008394956
CAVPO,MONMO,0.0261535205
CAVPO,MOUSE,0.023154558
CAVPO,MUSCR,0.027075256
CAVPO,MYOPI,0.019771856
CAVPO,NEOAA,0.0394833015
CAVPO,NOMLE,0.010397956
CAVPO,ODOVR,0.034912201
CAVPO,PANGU,0.300192277
CAVPO,PANTR,0.006322938
CAVPO,PHOSS,0.046649901
CAVPO,PHYMC,0.04171409449999999
CAVPO,PONAB,0.008477117
CAVPO,PONPY,0.008477122
CAVPO,PROSS,0.009290483499999998
CAVPO,PTEVA,0.08217944899999999
CAVPO,PUMCO,0.066969371
CAVPO,RAT,0.014722586
CAVPO,RHIRO,0.00563344
CAVPO,SAPAP,0.015164790000000001
CAVPO,TAPME,0.010258699999999999
CAVPO,TRIMA,0.078272959
CAVPO,TURTR,0.039483301
CAVPO,UROPR,0.018386914
CEBIM,9SAUR,0.413901969
CEBIM,BALAC,0.029965959
CEBIM,BALMU,0.031479135000000005
CEBIM,BISBB,0.033683703999999995
CEBIM,BOSGR,0.02186708
CEBIM,BOSIN,0.021867088
CEBIM,BOVIN,0.0284699895
CEBIM,CALJA,0.063275104
CEBIM,CHILA,0.046095284
CEBIM,CHRAS,0.0826349905
CEBIM,CYNSP,0.092120893
CEBIM,DELLE,0.06369424
CEBIM,EOSFB,0.017989399
CEBIM,ERIEU,0.0213031865
CEBIM,GORGO,0.07218854599999999
CEBIM,HETGA,0.08680758699999999
CEBIM,HUMAN,0.04334940599999999
CEBIM,HYLLA,0.014801663999999999
CEBIM,MARMA,0.018026069999999998
CEBIM,MONMO,0.0213309185
CEBIM,NEOAA,0.034660699499999996
CEBIM,NOMLE,0.024330711
CEBIM,PANGU,0.299831433
CEBIM,PANTR,0.025109508500000002
CEBIM,PHOSS,0.041827299
CEBIM,PHYMC,0.0368914925
CEBIM,PONAB,0.027174403
CEBIM,PONPY,0.027174408
CEBIM,PTEVA,0.08181860499999999
CEBIM,PUMCO,0.066608527
CEBIM,SAPAP,0.014799356000000001
CEBIM,TAPME,0.028955942
CEBIM,TRIMA,0.077912115
CEBIM,TURTR,0.034660699
CEBIM,UROPR,0.018026069999999998
CHACN,9AMPH,0.37664570349999993
CHACN,9CHIR,0.36386934499999996
CHACN,9PASS,0.54184672
CHACN,9PRIM,0.35579752499999995
CHACN,9SAUR,0.761665362
CHACN,ACIJB,0.367813536
CHACN,ACIOX,0.2387113585
CHACN,AILME,0.379895463
CHACN,ARCCL,0.385786059
CHACN,ASEST,0.403914051
CHACN,ATHCN,0.378212524
CHACN,AYTFU,0.307340595
CHACN,BALAC,0.38312506399999996
CHACN,BALMU,0.38370428599999995
CHACN,BISBB,0.385908855
CHACN,BOSGR,0.374092231
CHACN,BOSIN,0.37511376799999996
CHACN,BOVIN,0.380600589
CHACN,CALJA,0.41103849699999995
CHACN,CALUR,0.379320556
CHACN,CAMBA,0.37510042050000003
CHACN,CAMFR,0.371333018
CHACN,CANLF,0.396498078
CHACN,CASCN,0.389886312
CHACN,CATUS,0.45775202699999995
CHACN,CAVPO,0.358669373
CHACN,CEBIM,0.377366685
CHACN,CHACN,0.004350441
CHACN,CHICK,0.29150013799999996
CHACN,CHILA,0.37480059099999996
CHACN,CHRAS,0.37834058299999995
CHACN,COEFR,0.412483291
CHACN,COTJA,0.550052468
CHACN,CRIGR,0.36200268399999996
CHACN,CYNSP,0.43988428599999996
CHACN,DELLE,0.41591939099999997
CHACN,DIPOR,0.403028929
CHACN,ECHTE,0.398649123
CHACN,EOSFB,0.365752792
CHACN,EQUAS,0.34790209699999997
CHACN,EQUPR,0.348193088
CHACN,ERIEU,0.37362630249999995
CHACN,FELCA,0.3745224925
CHACN,FICAL,0.373166659
CHACN,GEKGE,0.29111612499999995
CHACN,GEOSA,0.38100552299999996
CHACN,GORGO,0.41985738749999996
CHACN,HETGA,0.43457097999999994
CHACN,HIPAR,0.407681813
CHACN,HUMAN,0.39191599
CHACN,HYLLA,0.36256505699999997
CHACN,LEPWE,0.37074880299999996
CHACN,LOXAF,0.376790168
CHACN,MARMA,0.365789463
CHACN,MICMU,0.35681902899999995
CHACN,MICOH,0.358839102
CHACN,MONMO,0.3735560695
CHACN,MOUSE,0.37046255549999996
CHACN,MUSCR,0.374477805
CHACN,MUSPF,0.381837076
CHACN,MYOPI,0.367174405
CHACN,NEOAA,0.386791299
CHACN,NEOSC,0.382757336
CHACN,NOMLE,0.36256502599999996
CHACN,OCTDE,0.38664226049999995
CHACN,ODORO,0.373762114
CHACN,ODOVR,0.38231475
CHACN,ORYAF,0.37671847399999997
CHACN,PANGU,0.647594826
CHACN,PANPR,0.368324322
CHACN,PANTR,0.35372548699999995
CHACN,PARLB,0.399038874
CHACN,PATFA,0.37178312
CHACN,PHOSS,0.39405245
CHACN,PHYMC,0.3901381665
CHACN,PONAB,0.355879666
CHACN,PONPY,0.355879671
CHACN,PROSS,0.35659848099999997
CHACN,PTEVA,0.4292674234999999
CHACN,PUMCO,0.382989541
CHACN,RAT,0.362125135
CHACN,RHIFE,0.41175423
CHACN,RHIRO,0.353035989
CHACN,SAGOE,0.600368011
CHACN,SAPAP,0.362567339
CHACN,SARHA,0.288480548
CHACN,SURSU,0.378567018
CHACN,TAEGU,0.291913003
CHACN,TAPME,0.35766124899999996
CHACN,TRIMA,0.42669704199999997
CHACN,TURTR,0.38679129849999994
CHACN,TYLPA,0.386510172
CHACN,UROPR,0.365789463
CHACN,URSMA,0.444275198
CHACN,VICPA,0.390965153
CHACN,VULVU,0.3762941085
CHACN,XENLA,0.408583468
CHACN,XENTR,0.40108295299999996
CHACN,ZALCA,0.377778879
CHEAB,9AMPH,0.090152394
CHEAB,9CHIR,0.07788679999999999
CHEAB,9CICH,0.438197007
CHEAB,9PASS,0.2559587265
CHEAB,9PLAT,3.9409366845
CHEAB,9PRIM,0.06981498
CHEAB,9SAUR,0.02679732
CHEAB,9TELE,0.4480602305
CHEAB,ACIJB,0.08132023299999999
CHEAB,ACIOX,0.14151204499999998
CHEAB,AILME,0.09391291800000001
CHEAB,ARAGI,0.7093606105000001
CHEAB,ARCCL,0.09980351400000001
CHEAB,ASEST,0.11793150599999999
CHEAB,ATHCN,0.11087037899999999
CHEAB,AUSLI,0.4434647185
CHEAB,AYTFU,0.039998450000000005
CHEAB,BALAC,0.0962085675
CHEAB,BALMU,0.097721741
CHEAB,BETSP,0.432355186
CHEAB,BISBB,0.09992630999999999
CHEAB,BOSGR,0.08810968599999999
CHEAB,BOSIN,0.088109699
CHEAB,BOVIN,0.0947125955
CHEAB,CALJA,0.125055952
CHEAB,CALUR,0.093338011
CHEAB,CAMBA,0.0891178755
CHEAB,CAMFR,0.08535047300000001
CHEAB,CANLF,0.110515533
CHEAB,CASCN,0.103259341
CHEAB,CATUS,0.1811842335
CHEAB,CAVPO,0.07268682800000001
CHEAB,CEBIM,0.09138414
CHEAB,CHACN,0.306319231
CHEAB,CHESE,0.003388916
CHEAB,CHICK,0.023136458999999998
CHEAB,CHILA,0.088818046
CHEAB,CHRAS,0.091336504
CHEAB,CLUHA,0.425012668
CHEAB,COEFR,0.126500746
CHEAB,COTCN,3.0623298350000003
CHEAB,COTGO,0.421867289
CHEAB,COTJA,0.264069923
CHEAB,CRIGR,0.076020139
CHEAB,CYNSP,0.15390174099999998
CHEAB,DANRE,0.4360065835
CHEAB,DELLE,0.129936846
CHEAB,DIPOR,0.116024864
CHEAB,ECHTE,0.112666578
CHEAB,EOSFB,0.079770247
CHEAB,EQUAS,0.0620141035
CHEAB,EQUPR,0.061189014
CHEAB,ERIEU,0.0875457925
CHEAB,EUBMA,0.041850814
CHEAB,FELCA,0.088634499
CHEAB,FICAL,0.105824514
CHEAB,GEKGE,0.032495416
CHEAB,GEOSA,0.09400144449999999
CHEAB,GORGO,0.13396939400000002
CHEAB,GYMAC,0.475477894
CHEAB,HETGA,0.148588435
CHEAB,HIPAR,0.121699268
CHEAB,HUMAN,0.10593344499999999
CHEAB,HYLLA,0.07658251199999999
CHEAB,ICTPU,0.334652673
CHEAB,LATCH,0.129277492
CHEAB,LEPWE,0.0848608095
CHEAB,LOXAF,0.090807623
CHEAB,MARMA,0.079806918
CHEAB,MERPO,1.873212681
CHEAB,MICMU,0.06981496
CHEAB,MICOH,0.072856557
CHEAB,MONDO,0.022702038
CHEAB,MONMO,0.0875735245
CHEAB,MOUSE,0.08457456199999999
CHEAB,MUSCR,0.08849525999999999
CHEAB,MUSPF,0.096214841
CHEAB,MYOPI,0.08119186
CHEAB,NEOAA,0.1009033055
CHEAB,NEOSC,0.096774791
CHEAB,NOMLE,0.076582481
CHEAB,OCTDE,0.100754267
CHEAB,ODORO,0.08898145
CHEAB,ODOVR,0.096332205
CHEAB,ORNAN,0.039730816
CHEAB,ORYAF,0.09073592899999999
CHEAB,PANGU,0.361612281
CHEAB,PANPR,0.081320243
CHEAB,PANTR,0.067742942
CHEAB,PARLB,0.113056329
CHEAB,PATFA,0.10444097499999999
CHEAB,PELSI,0.00676756
CHEAB,PHOSS,0.108069905
CHEAB,PHYMC,0.1031340985
CHEAB,PONAB,0.069897121
CHEAB,PONPY,0.069897126
CHEAB,PROSS,0.0707104875
CHEAB,PTEVA,0.143599453
CHEAB,PUMCO,0.095985462
CHEAB,RAT,0.07614259
CHEAB,RHIFE,0.12577169
CHEAB,RHIRO,0.067053444
CHEAB,SACKO,1.668914719
CHEAB,SAGOE,0.314385466
CHEAB,SALNM,0.355924701
CHEAB,SAPAP,0.076584794
CHEAB,SARHA,0.021138383
CHEAB,SCHHA,5.0034497380000005
CHEAB,SURSU,0.092584473
CHEAB,TAEGU,0.024570858
CHEAB,TAPME,0.071678704
CHEAB,TRASC,0.005016955
CHEAB,TRIMA,0.140878738
CHEAB,TURTR,0.100903305
CHEAB,TYLPA,0.10052762700000001
CHEAB,UROPR,0.079806918
CHEAB,URSMA,0.158292653
CHEAB,VICPA,0.10507715950000002
CHEAB,VULVU,0.0903115635
CHEAB,XENLA,0.1226954745
CHEAB,XENTR,0.114078879
CHEAB,ZALCA,0.09179633400000001
CHESE,9AMPH,0.09012405
CHESE,9CHIR,0.07785845599999999
CHESE,9CICH,0.438168663
CHESE,9PASS,0.2559303825
CHESE,9PLAT,3.9409083405
CHESE,9PRIM,0.069786636
CHESE,9SAUR,0.026768965999999998
CHESE,9TELE,0.44803188650000003
CHESE,ACIJB,0.081291889
CHESE,ACIOX,0.14148370100000002
CHESE,AILME,0.093884574
CHESE,ARAGI,0.7093322664999999
CHESE,ARCCL,0.09977517
CHESE,ASEST,0.117903162
CHESE,ATHCN,0.11084203499999999
CHESE,AUSLI,0.44343637449999995
CHESE,AYTFU,0.039970106000000005
CHESE,BALAC,0.0961802235
CHESE,BALMU,0.097693397
CHESE,BETSP,0.432326842
CHESE,BISBB,0.099897966
CHESE,BOSGR,0.088081342
CHESE,BOSIN,0.088081355
CHESE,BOVIN,0.0946842515
CHESE,CALJA,0.125027608
CHESE,CALUR,0.093309667
CHESE,CAMBA,0.0890895315
CHESE,CAMFR,0.085322129
CHESE,CANLF,0.110487189
CHESE,CASCN,0.10323099699999999
CHESE,CATUS,0.18115588950000003
CHESE,CAVPO,0.07265848400000001
CHESE,CEBIM,0.091355796
CHESE,CHACN,0.306290887
CHESE,CHICK,0.023108115
CHESE,CHILA,0.088789702
CHESE,CHRAS,0.09130816
CHESE,CLUHA,0.42498432399999997
CHESE,COEFR,0.12647240199999998
CHESE,COTCN,3.0623014910000004
CHESE,COTGO,0.42183894499999997
CHESE,COTJA,0.264041579
CHESE,CRIGR,0.075991795
CHESE,CYNSP,0.153873397
CHESE,DANRE,0.43597823950000003
CHESE,DELLE,0.12990850199999998
CHESE,DIPOR,0.11599652
CHESE,ECHTE,0.112638234
CHESE,EOSFB,0.079741903
CHESE,EQUAS,0.0619857595
CHESE,EQUPR,0.06116067
CHESE,ERIEU,0.0875174485
CHESE,EUBMA,0.04182247
CHESE,FELCA,0.088606155
CHESE,FICAL,0.10579617
CHESE,GEKGE,0.032467072
CHESE,GEOSA,0.0939731005
CHESE,GORGO,0.13394105
CHESE,GYMAC,0.47544955
CHESE,HETGA,0.148560091
CHESE,HIPAR,0.121670924
CHESE,HUMAN,0.105905101
CHESE,HYLLA,0.076554168
CHESE,ICTPU,0.334624329
CHESE,LATCH,0.129249148
CHESE,LEPWE,0.08483246550000001
CHESE,LOXAF,0.09077927899999999
CHESE,MARMA,0.07977857399999999
CHESE,MERPO,1.873184337
CHESE,MICMU,0.069786616
CHESE,MICOH,0.072828213
CHESE,MONDO,0.022673694
CHESE,MONMO,0.0875451805
CHESE,MOUSE,0.08454621799999999
CHESE,MUSCR,0.08846691599999999
CHESE,MUSPF,0.09618649700000001
CHESE,MYOPI,0.08116351599999999
CHESE,NEOAA,0.1008749615
CHESE,NEOSC,0.09674644700000001
CHESE,NOMLE,0.076554137
CHESE,OCTDE,0.10072592300000001
CHESE,ODORO,0.088953106
CHESE,ODOVR,0.09630386099999999
CHESE,ORNAN,0.039702472
CHESE,ORYAF,0.09070758500000001
CHESE,PANGU,0.36158393699999997
CHESE,PANPR,0.081291899
CHESE,PANTR,0.067714598
CHESE,PARLB,0.113027985
CHESE,PATFA,0.10441263099999999
CHESE,PELSI,0.006739216
CHESE,PHOSS,0.10804156100000001
CHESE,PHYMC,0.1031057545
CHESE,PONAB,0.069868777
CHESE,PONPY,0.069868782
CHESE,PROSS,0.07068214349999999
CHESE,PTEVA,0.143571109
CHESE,PUMCO,0.09595711800000001
CHESE,RAT,0.076114246
CHESE,RHIFE,0.125743346
CHESE,RHIRO,0.0670251
CHESE,SACKO,1.668886375
CHESE,SAGOE,0.314357122
CHESE,SALNM,0.355896357
CHESE,SAPAP,0.07655645
CHESE,SARHA,0.021110039
CHESE,SCHHA,5.003421394
CHESE,SURSU,0.092556129
CHESE,TAEGU,0.024542514
CHESE,TAPME,0.07165036
CHESE,TRASC,0.0049885910000000006
CHESE,TRIMA,0.140850394
CHESE,TURTR,0.100874961
CHESE,TYLPA,0.100499283
CHESE,UROPR,0.07977857399999999
CHESE,URSMA,0.158264309
CHESE,VICPA,0.1050488155
CHESE,VULVU,0.0902832195
CHESE,XENLA,0.1226671305
CHESE,XENTR,0.114050535
CHESE,ZALCA,0.09176799
CHICK,9AMPH,0.0978184225
CHICK,9ANUR,0.21219798650000002
CHICK,9AVES,0.06011827
CHICK,9CHIR,0.10495259000000001
CHICK,9CICH,0.458517893
CHICK,9PASE,0.1949123715
CHICK,9PASS,0.21676302
CHICK,9PLAT,4.0779935455
CHICK,9PRIM,0.076384064
CHICK,9SAUR,0.07009850200000001
CHICK,9TELE,0.5600681114999999
CHICK,ACIJB,0.08898624100000001
CHICK,ACIOX,0.1608844435
CHICK,AILME,0.09968196400000001
CHICK,ALLSI,0.0304892265
CHICK,ARAGI,0.826837742
CHICK,ARCCL,0.10746954
CHICK,ASEST,0.12559753199999998
CHICK,ATHCN,0.20604098650000002
CHICK,AUSLI,0.463785603
CHICK,AYTFU,0.0603193385
CHICK,BALAC,0.103874596
CHICK,BALMU,0.10538776700000001
CHICK,BETSP,0.45267607449999997
CHICK,BISBB,0.10759233600000001
CHICK,BOSGR,0.0957757065
CHICK,BOSIN,0.117859927
CHICK,BOVIN,0.10411528
CHICK,CALJA,0.13272197800000002
CHICK,CALUR,0.10100403699999999
CHICK,CAMBA,0.096783906
CHICK,CAMFR,0.093016499
CHICK,CANLF,0.117233069
CHICK,CASCN,0.110925367
CHICK,CATUS,0.257545146
CHICK,CAVPO,0.080352854
CHICK,CEBIM,0.09905016600000001
CHICK,CHACN,0.32620239399999995
CHICK,CHEAB,0.0406575745
CHICK,CHESE,0.0406292305
CHICK,CHICK,0.04345735
CHICK,CHILA,0.096484072
CHICK,CHRAS,0.10353837099999999
CHICK,CLUHA,0.44533355649999995
CHICK,COEFR,0.134166772
CHICK,COTCN,3.0826507234999996
CHICK,COTGO,0.44218817749999995
CHICK,COTJA,0.266869696
CHICK,CRIGR,0.083686165
CHICK,CROPO,0.021455632500000002
CHICK,CYACU,0.1296563485
CHICK,CYNSP,0.161567767
CHICK,DANRE,0.456580104
CHICK,DELLE,0.137602872
CHICK,DIPOR,0.125354655
CHICK,ECHTE,0.119384114
CHICK,EOSFB,0.08743627300000001
CHICK,EQUAS,0.06885501749999999
CHICK,EQUPR,0.094988686
CHICK,ERIEU,0.094288252
CHICK,EUBMA,0.062171702499999995
CHICK,FELCA,0.09535203750000001
CHICK,FICAL,0.1261454025
CHICK,GEKGE,0.052816304499999994
CHICK,GEOSA,0.11543510300000001
CHICK,GORGO,0.1997441015
CHICK,GYMAC,0.4957987825
CHICK,HETGA,0.156254461
CHICK,HIPAR,0.129365294
CHICK,HUMAN,0.11889945
CHICK,HYLLA,0.08424853800000001
CHICK,ICTPU,0.3549735645
CHICK,LATCH,0.150439764
CHICK,LEPWE,0.091238967
CHICK,LOXAF,0.098473649
CHICK,MARMA,0.087472944
CHICK,MELGA,0.19509990849999997
CHICK,MELUD,0.23254691049999998
CHICK,MERPO,1.8935335695
CHICK,MICMU,0.077480981
CHICK,MICOH,0.080522583
CHICK,MONDO,0.0430229265
CHICK,MONMO,0.0952395505
CHICK,MOUSE,0.0915018975
CHICK,MUSCR,0.096161286
CHICK,MUSPF,0.102499028
CHICK,MYOPI,0.088857886
CHICK,NEOAA,0.115735956
CHICK,NEOSC,0.10444082200000002
CHICK,NOMLE,0.13385043800000002
CHICK,OCTDE,0.1074793755
CHICK,ODORO,0.0947505
CHICK,ODOVR,0.103998231
CHICK,ORNAN,0.0600517045
CHICK,ORYAF,0.09840195499999999
CHICK,PANGU,0.369278307
CHICK,PANPR,0.088986274
CHICK,PANTR,0.074719492
CHICK,PARLB,0.11977386500000001
CHICK,PATFA,0.1247618635
CHICK,PELSI,0.044007834499999995
CHICK,PHOSS,0.11573593100000001
CHICK,PHYMC,0.11274796349999999
CHICK,PONAB,0.077563147
CHICK,PONPY,0.077563152
CHICK,PROSS,0.0774809835
CHICK,PTEVA,0.149368499
CHICK,PUMCO,0.131189143
CHICK,RAT,0.083808616
CHICK,RHIFE,0.13154074100000002
CHICK,RHIRO,0.07471947000000001
CHICK,SACKO,1.6892356075000001
CHICK,SAGOE,0.320154512
CHICK,SALNM,0.3762455895
CHICK,SAPAP,0.08425082
CHICK,SARHA,0.040510779
CHICK,SCHHA,5.0237706265
CHICK,SURSU,0.09862462400000001
CHICK,TAEGU,0.04628682
CHICK,TAPME,0.07934473
CHICK,TRASC,0.0422572695
CHICK,TRIMA,0.147951879
CHICK,TURTR,0.1108696905
CHICK,TYLPA,0.107245163
CHICK,UROPR,0.087472944
CHICK,URSMA,0.165010189
CHICK,VICPA,0.129844603
CHICK,VULVU,0.109781513
CHICK,XENLA,0.1293292715
CHICK,XENTR,0.12174490249999999
CHICK,ZALCA,0.09946236
CHILA,NOMLE,0.021764617
CHILA,PANTR,0.0225434145
CHILA,PONAB,0.024608309000000002
CHILA,PONPY,0.024608314
CHILA,TAPME,0.023279138
CHRAS,9CHIR,0.0351164085
CHRAS,9SAUR,0.43291243300000004
CHRAS,BALAC,0.053438181
CHRAS,BALMU,0.054951357
CHRAS,BISBB,0.057155925999999996
CHRAS,BOSGR,0.0453393025
CHRAS,BOSIN,0.045339307499999995
CHRAS,BOVIN,0.0551586145
CHRAS,CALJA,0.082285563
CHRAS,CEBIM,0.048613755999999994
CHRAS,CHILA,0.046047662
CHRAS,CHRAS,0.0064328605
CHRAS,CYNSP,0.11113135199999999
CHRAS,DELLE,0.087166462
CHRAS,EOSFB,0.036999863
CHRAS,EQUPR,0.049418549
CHRAS,ERIEU,0.046546779499999996
CHRAS,GORGO,0.06798948399999999
CHRAS,HETGA,0.105818046
CHRAS,HUMAN,0.06798950000000001
CHRAS,HYLLA,0.033812128
CHRAS,LOXAF,0.048037238999999995
CHRAS,MARMA,0.037036533999999996
CHRAS,MONMO,0.04480314
CHRAS,MOUSE,0.0425428635
CHRAS,MUSCR,0.045724876
CHRAS,MYOPI,0.038421475999999996
CHRAS,NEOAA,0.0613493245
CHRAS,NOMLE,0.033812084500000006
CHRAS,ODOVR,0.053561820999999996
CHRAS,PANGU,0.31884189700000004
CHRAS,PANTR,0.025840633000000002
CHRAS,PHOSS,0.065299521
CHRAS,PHYMC,0.0652046275
CHRAS,PONAB,0.027126772
CHRAS,PONPY,0.027126772
CHRAS,PTEVA,0.1008290615
CHRAS,PUMCO,0.08561898700000001
CHRAS,RAT,0.033372206
CHRAS,SAPAP,0.033814409999999996
CHRAS,TAPME,0.028908319999999998
CHRAS,TRIMA,0.098108344
CHRAS,TURTR,0.061349324000000004
CHRAS,UROPR,0.037036533999999996
CLUHA,9AMPH,0.49482837599999996
CLUHA,9CHIR,0.48256278199999997
CLUHA,9CICH,0.262192733
CLUHA,9PASS,0.6606347085
CLUHA,9PLAT,3.8135764685
CLUHA,9PRIM,0.47449096199999996
CLUHA,9SAUR,0.8803587989999999
CLUHA,9TELE,0.272373341
CLUHA,ACIJB,0.485996215
CLUHA,ACIOX,0.35749934699999997
CLUHA,AILME,0.4985889
CLUHA,ARAGI,0.5820003945
CLUHA,ARCCL,0.504479496
CLUHA,ASEST,0.522607488
CLUHA,ATHCN,0.49690596099999995
CLUHA,AUSLI,0.26746044449999995
CLUHA,AYTFU,0.42603403199999995
CLUHA,BALAC,0.5008845495
CLUHA,BALMU,0.502397723
CLUHA,BETSP,0.25635091200000004
CLUHA,BISBB,0.504602292
CLUHA,BOSGR,0.492785668
CLUHA,BOSIN,0.492785681
CLUHA,BOVIN,0.4993885775
CLUHA,CALJA,0.529731934
CLUHA,CALUR,0.498013993
CLUHA,CAMBA,0.49379385750000004
CLUHA,CAMFR,0.490026455
CLUHA,CANLF,0.515191515
CLUHA,CASCN,0.507935323
CLUHA,CATUS,0.5765400155
CLUHA,CAVPO,0.47736280999999997
CLUHA,CEBIM,0.496060122
CLUHA,CHACN,0.251321639
CLUHA,CHICK,0.40917204099999993
CLUHA,CHILA,0.493494028
CLUHA,CHRAS,0.496012486
CLUHA,COEFR,0.531176728
CLUHA,COTCN,2.9349696190000003
CLUHA,COTGO,0.245863015
CLUHA,COTJA,0.668745905
CLUHA,CRIGR,0.480696121
CLUHA,CYNSP,0.558577723
CLUHA,DANRE,0.33296459749999996
CLUHA,DELLE,0.534612828
CLUHA,DIPOR,0.520700846
CLUHA,ECHTE,0.51734256
CLUHA,EOSFB,0.484446229
CLUHA,EQUAS,0.46669008549999996
CLUHA,EQUPR,0.465864996
CLUHA,ERIEU,0.4922217745
CLUHA,FELCA,0.493310481
CLUHA,FICAL,0.49186009599999997
CLUHA,GEKGE,0.40980956199999996
CLUHA,GEOSA,0.49867742649999997
CLUHA,GORGO,0.538645376
CLUHA,GYMAC,0.29947362
CLUHA,HETGA,0.553264417
CLUHA,HIPAR,0.52637525
CLUHA,HUMAN,0.510609427
CLUHA,HYLLA,0.481258494
CLUHA,ICTPU,0.231610687
CLUHA,LEPWE,0.4895367915
CLUHA,LOXAF,0.495483605
CLUHA,MARMA,0.4844829
CLUHA,MERPO,1.745852465
CLUHA,MICMU,0.47449094199999997
CLUHA,MICOH,0.477532539
CLUHA,MONMO,0.4922495065
CLUHA,MOUSE,0.489250544
CLUHA,MUSCR,0.493171242
CLUHA,MUSPF,0.500890823
CLUHA,MYOPI,0.485867842
CLUHA,NEOAA,0.5055792875
CLUHA,NEOSC,0.501450773
CLUHA,NOMLE,0.48125846299999997
CLUHA,OCTDE,0.505430249
CLUHA,ODORO,0.493657432
CLUHA,ODOVR,0.5010081869999999
CLUHA,ORYAF,0.495411911
CLUHA,PANGU,0.766288263
CLUHA,PANPR,0.485996225
CLUHA,PANTR,0.47241892399999996
CLUHA,PARLB,0.517732311
CLUHA,PATFA,0.4904765569999999
CLUHA,PHOSS,0.512745887
CLUHA,PHYMC,0.5078100805
CLUHA,PONAB,0.474573103
CLUHA,PONPY,0.474573108
CLUHA,PROSS,0.47538646949999996
CLUHA,PTEVA,0.548275435
CLUHA,PUMCO,0.500661444
CLUHA,RAT,0.480818572
CLUHA,RHIFE,0.530447672
CLUHA,RHIRO,0.471729426
CLUHA,SACKO,1.541554503
CLUHA,SAGOE,0.7190614479999999
CLUHA,SALNM,0.179920427
CLUHA,SAPAP,0.481260776
CLUHA,SARHA,0.407173985
CLUHA,SCHHA,4.876089522
CLUHA,SURSU,0.497260455
CLUHA,TAEGU,0.41060643999999996
CLUHA,TAPME,0.47635468599999997
CLUHA,TRIMA,0.5455547199999999
CLUHA,TURTR,0.505579287
CLUHA,TYLPA,0.505203609
CLUHA,UROPR,0.4844829
CLUHA,URSMA,0.562968635
CLUHA,VICPA,0.5097531415000001
CLUHA,VULVU,0.4949875455
CLUHA,XENLA,0.5273714565000001
CLUHA,XENTR,0.518754861
CLUHA,ZALCA,0.496472316
COEFR,9CHIR,0.083301458
COEFR,9PRIM,0.076673628
COEFR,9SAUR,0.48254146499999995
COEFR,ACIJB,0.06342498499999999
COEFR,AILME,0.069418124
COEFR,ASEST,0.011614902
COEFR,BALAC,0.10306721299999999
COEFR,BALMU,0.104580389
COEFR,BISBB,0.10678495799999999
COEFR,BOSGR,0.09496833399999999
COEFR,BOSIN,0.09496834199999998
COEFR,BOVIN,0.10157124349999999
COEFR,CALJA,0.1319146
COEFR,CALUR,0.075442777
COEFR,CAMBA,0.0674552365
COEFR,CAMFR,0.067455239
COEFR,CASCN,0.0853641045
COEFR,CAVPO,0.079545476
COEFR,CEBIM,0.098242788
COEFR,CHILA,0.09567669399999999
COEFR,CHRAS,0.098195152
COEFR,CRIGR,0.082878787
COEFR,CYNSP,0.160760389
COEFR,DELLE,0.136795494
COEFR,EOSFB,0.086628895
COEFR,EQUPR,0.0990475785
COEFR,ERIEU,0.09440444049999999
COEFR,FELCA,0.064980593
COEFR,GORGO,0.140828042
COEFR,HETGA,0.15544708299999999
COEFR,HUMAN,0.11279209299999998
COEFR,HYLLA,0.08344115999999999
COEFR,LOXAF,0.097666271
COEFR,MARMA,0.086665566
COEFR,MICMU,0.07667360799999999
COEFR,MICOH,0.079715205
COEFR,MONMO,0.0944321725
COEFR,MOUSE,0.09143320999999999
COEFR,MUSCR,0.09535390799999999
COEFR,MUSPF,0.078319607
COEFR,MYOPI,0.088050508
COEFR,NEOAA,0.1077619535
COEFR,NEOSC,0.086006629
COEFR,NOMLE,0.07867660799999998
COEFR,OCTDE,0.069873619
COEFR,ODORO,0.073901095
COEFR,ODOVR,0.103190853
COEFR,ORYAF,0.081032195
COEFR,PANGU,0.368470929
COEFR,PANPR,0.060439484
COEFR,PANTR,0.07460159
COEFR,PHOSS,0.11492855299999999
COEFR,PHYMC,0.10999274649999999
COEFR,PONAB,0.076755769
COEFR,PONPY,0.076755774
COEFR,PROSS,0.0775691355
COEFR,PTEVA,0.15045810099999998
COEFR,PUMCO,0.1352480205
COEFR,RAT,0.08300123799999999
COEFR,RHIRO,0.073912092
COEFR,SAPAP,0.08344344199999999
COEFR,SURSU,0.06794415100000001
COEFR,TAPME,0.07853735199999999
COEFR,TRIMA,0.146551611
COEFR,TURTR,0.107761953
COEFR,UROPR,0.086665566
COEFR,VICPA,0.066066705
COEFR,VULVU,0.067916125
COEFR,ZALCA,0.0739011
COTCN,9AMPH,3.132145543
COTCN,9CHIR,3.119879949
COTCN,9PASS,3.2979518755
COTCN,9PLAT,5.257197801
COTCN,9PRIM,3.111808129
COTCN,9SAUR,3.517675966
COTCN,ACIJB,3.123313382
COTCN,ACIOX,2.994816514
COTCN,AILME,3.135906067
COTCN,ARAGI,2.805498253
COTCN,ARCCL,3.141796663
COTCN,ASEST,3.159924655
COTCN,ATHCN,3.134223128
COTCN,AYTFU,3.063351199
COTCN,BALAC,3.1382017165000002
COTCN,BALMU,3.13971489
COTCN,BISBB,3.141919459
COTCN,BOSGR,3.1301028349999998
COTCN,BOSIN,3.130102848
COTCN,BOVIN,3.1367057445
COTCN,CALJA,3.167049101
COTCN,CALUR,3.1353311600000002
COTCN,CAMBA,3.1311110245
COTCN,CAMFR,3.127343622
COTCN,CANLF,3.152508682
COTCN,CASCN,3.14525249
COTCN,CATUS,3.2138571825
COTCN,CAVPO,3.1146799769999998
COTCN,CEBIM,3.1333772890000002
COTCN,CHACN,2.8886388060000003
COTCN,CHICK,3.0464892079999997
COTCN,CHILA,3.130811195
COTCN,CHRAS,3.133329653
COTCN,COEFR,3.168493895
COTCN,COTJA,3.306063072
COTCN,CRIGR,3.118013288
COTCN,CYNSP,3.19589489
COTCN,DANRE,2.9702817645
COTCN,DELLE,3.171929995
COTCN,DIPOR,3.158018013
COTCN,ECHTE,3.154659727
COTCN,EOSFB,3.121763396
COTCN,EQUAS,3.1040072525
COTCN,EQUPR,3.103182163
COTCN,ERIEU,3.1295389415
COTCN,FELCA,3.130627648
COTCN,FICAL,3.129177263
COTCN,GEKGE,3.047126729
COTCN,GEOSA,3.1359945935
COTCN,GORGO,3.175962543
COTCN,HETGA,3.1905815840000002
COTCN,HIPAR,3.163692417
COTCN,HUMAN,3.147926594
COTCN,HYLLA,3.118575661
COTCN,ICTPU,2.868927854
COTCN,LEPWE,3.1268539585
COTCN,LOXAF,3.132800772
COTCN,MARMA,3.121800067
COTCN,MICMU,3.111808109
COTCN,MICOH,3.1148497059999998
COTCN,MONMO,3.1295666735000003
COTCN,MOUSE,3.126567711
COTCN,MUSCR,3.1304884090000002
COTCN,MUSPF,3.13820799
COTCN,MYOPI,3.123185009
COTCN,NEOAA,3.1428964545
COTCN,NEOSC,3.13876794
COTCN,NOMLE,3.11857563
COTCN,OCTDE,3.1427474159999997
COTCN,ODORO,3.130974599
COTCN,ODOVR,3.138325354
COTCN,ORYAF,3.132729078
COTCN,PANGU,3.40360543
COTCN,PANPR,3.123313392
COTCN,PANTR,3.1097360910000003
COTCN,PARLB,3.155049478
COTCN,PATFA,3.127793724
COTCN,PHOSS,3.150063054
COTCN,PHYMC,3.1451272475
COTCN,PONAB,3.11189027
COTCN,PONPY,3.111890275
COTCN,PROSS,3.1127036365
COTCN,PTEVA,3.185592602
COTCN,PUMCO,3.137978611
COTCN,RAT,3.118135739
COTCN,RHIFE,3.167764839
COTCN,RHIRO,3.109046593
COTCN,SACKO,3.25390695
COTCN,SAGOE,3.356378615
COTCN,SAPAP,3.118577943
COTCN,SARHA,3.044491152
COTCN,SCHHA,4.995782189
COTCN,SURSU,3.134577622
COTCN,TAEGU,3.047923607
COTCN,TAPME,3.113671853
COTCN,TRIMA,3.182871887
COTCN,TURTR,3.142896454
COTCN,TYLPA,3.142520776
COTCN,UROPR,3.121800067
COTCN,URSMA,3.2002858020000002
COTCN,VICPA,3.1470703085
COTCN,VULVU,3.1323047125
COTCN,XENLA,3.1646886235
COTCN,XENTR,3.156072028
COTCN,ZALCA,3.133789483
COTGO,9AMPH,0.49168299699999996
COTGO,9CHIR,0.47941740299999996
COTGO,9PASS,0.6574893294999999
COTGO,9PLAT,3.8104310894999998
COTGO,9PRIM,0.47134558299999996
COTGO,9SAUR,0.8772134199999999
COTGO,9TELE,1.8035301305
COTGO,ACIJB,0.482850836
COTGO,ACIOX,0.35435396799999996
COTGO,AILME,0.495443521
COTGO,ARAGI,0.5788550155
COTGO,ARCCL,0.501334117
COTGO,ASEST,0.519462109
COTGO,ATHCN,0.49376058199999995
COTGO,AYTFU,0.42288865299999995
COTGO,BALAC,0.4977391705
COTGO,BALMU,0.49925234399999996
COTGO,BISBB,0.501456913
COTGO,BOSGR,0.489640289
COTGO,BOSIN,0.48964030199999997
COTGO,BOVIN,0.4962431985
COTGO,CALJA,0.526586555
COTGO,CALUR,0.494868614
COTGO,CAMBA,0.49064847850000004
COTGO,CAMFR,0.486881076
COTGO,CANLF,0.512046136
COTGO,CASCN,0.504789944
COTGO,CATUS,0.5733946365
COTGO,CAVPO,0.47421743099999997
COTGO,CEBIM,0.492914743
COTGO,CHACN,0.24817625999999998
COTGO,CHICK,0.4060266619999999
COTGO,CHILA,0.49034864899999997
COTGO,CHRAS,0.49286710699999997
COTGO,COEFR,0.528031349
COTGO,COTCN,2.93182424
COTGO,COTJA,0.665600526
COTGO,CRIGR,0.477550742
COTGO,CYNSP,0.555432344
COTGO,DANRE,0.32981921849999996
COTGO,DELLE,0.531467449
COTGO,DIPOR,0.517555467
COTGO,ECHTE,0.514197181
COTGO,EOSFB,0.48130085
COTGO,EQUAS,0.46354470649999996
COTGO,EQUPR,0.46271961699999997
COTGO,ERIEU,0.4890763955
COTGO,FELCA,0.490165102
COTGO,FICAL,0.48871471699999997
COTGO,GEKGE,0.40666418299999996
COTGO,GEOSA,0.49553204749999996
COTGO,GORGO,0.535499997
COTGO,GYMAC,0.103277077
COTGO,HETGA,0.550119038
COTGO,HIPAR,0.523229871
COTGO,HUMAN,0.507464048
COTGO,HYLLA,0.478113115
COTGO,ICTPU,0.228465308
COTGO,LEPWE,0.4863914125
COTGO,LOXAF,0.492338226
COTGO,MARMA,0.481337521
COTGO,MERPO,1.742707086
COTGO,MICMU,0.47134556299999997
COTGO,MICOH,0.47438716
COTGO,MONMO,0.4891041275
COTGO,MOUSE,0.486105165
COTGO,MUSCR,0.490025863
COTGO,MUSPF,0.497745444
COTGO,MYOPI,0.482722463
COTGO,NEOAA,0.5024339085
COTGO,NEOSC,0.498305394
COTGO,NOMLE,0.47811308399999997
COTGO,OCTDE,0.50228487
COTGO,ODORO,0.490512053
COTGO,ODOVR,0.497862808
COTGO,ORYAF,0.492266532
COTGO,PANGU,0.763142884
COTGO,PANPR,0.482850846
COTGO,PANTR,0.46927354499999996
COTGO,PARLB,0.5145869319999999
COTGO,PATFA,0.4873311779999999
COTGO,PHOSS,0.509600508
COTGO,PHYMC,0.5046647015
COTGO,PONAB,0.471427724
COTGO,PONPY,0.471427729
COTGO,PROSS,0.47224109049999996
COTGO,PTEVA,0.545130056
COTGO,PUMCO,0.497516065
COTGO,RAT,0.477673193
COTGO,RHIFE,0.527302293
COTGO,RHIRO,0.468584047
COTGO,SACKO,1.538409124
COTGO,SAGOE,0.7159160689999999
COTGO,SAPAP,0.478115397
COTGO,SARHA,0.404028606
COTGO,SCHHA,4.872944143000001
COTGO,SURSU,0.494115076
COTGO,TAEGU,0.40746106099999996
COTGO,TAPME,0.47320930699999997
COTGO,TRIMA,0.5424093409999999
COTGO,TURTR,0.502433908
COTGO,TYLPA,0.50205823
COTGO,UROPR,0.481337521
COTGO,URSMA,0.559823256
COTGO,VICPA,0.5066077625000001
COTGO,VULVU,0.4918421665
COTGO,XENLA,0.5242260775
COTGO,XENTR,0.515609482
COTGO,ZALCA,0.493326937
COTJA,9AMPH,0.330430524
COTJA,9ANUR,0.3172262655
COTJA,9AVES,0.2615552245
COTJA,9CHIR,0.31527695
COTJA,9CICH,0.688819321
COTJA,9PASE,0.2127005945
COTJA,9PASS,0.4328571325
COTJA,9PLAT,4.1835689045
COTJA,9PRIM,0.30547176299999995
COTJA,9SAUR,0.282682463
COTJA,9TELE,0.6981288889999999
COTJA,ACIJB,0.316977016
COTJA,ACIOX,0.3921343615
COTJA,AILME,0.327591488
COTJA,ALLSI,0.2607906545
COTJA,ARAGI,0.9519928304999999
COTJA,ARCCL,0.335460297
COTJA,ASEST,0.353588289
COTJA,ATHCN,0.336760505
COTJA,AUSLI,0.6949681885
COTJA,AYTFU,0.2906207665
COTJA,BALAC,0.33392237399999997
COTJA,BALMU,0.33337852399999995
COTJA,BETSP,0.6852881685000001
COTJA,BISBB,0.335583093
COTJA,BOSGR,0.32376646899999995
COTJA,BOSIN,0.328387824
COTJA,BOVIN,0.32607714050000003
COTJA,CALJA,0.360712735
COTJA,CALUR,0.328994794
COTJA,CAMBA,0.329396005
COTJA,CAMFR,0.321007256
COTJA,CANLF,0.3484829895
COTJA,CASCN,0.340879621
COTJA,CATUS,0.328607665
COTJA,CAVPO,0.308343611
COTJA,CEBIM,0.327040923
COTJA,CHACN,0.556846996
COTJA,CHEAB,0.2709590025
COTJA,CHESE,0.2709306585
COTJA,CHICK,0.26724066299999993
COTJA,CHILA,0.32447482899999996
COTJA,CHRAS,0.33161462399999997
COTJA,CLUHA,0.6756349845
COTJA,COEFR,0.362157529
COTJA,COTCN,3.3129521515
COTJA,COTGO,0.6724896055
COTJA,COTJA,0.4355249245
COTJA,CRIGR,0.31167692199999997
COTJA,CROPO,0.2517570605
COTJA,CYACU,0.2203535985
COTJA,CYNSP,0.38955852399999996
COTJA,DANRE,0.6849774064999999
COTJA,DELLE,0.365593629
COTJA,DIPOR,0.351681647
COTJA,ECHTE,0.35063403449999997
COTJA,EOSFB,0.31542703
COTJA,EQUAS,0.29998156
COTJA,EQUPR,0.3040524295
COTJA,ERIEU,0.3232025755
COTJA,EUBMA,0.2924731305
COTJA,FELCA,0.3232106595
COTJA,FICAL,0.2522992235
COTJA,GEKGE,0.2831177325
COTJA,GEOFO,0.2236840115
COTJA,GEOSA,0.33925752099999995
COTJA,GORGO,0.352418263
COTJA,GYMAC,0.7261002105
COTJA,HETGA,0.384245218
COTJA,HIPAR,0.357356051
COTJA,HUMAN,0.341590228
COTJA,HYLLA,0.312239295
COTJA,ICTPU,0.5875856575
COTJA,LATCH,0.37989980850000005
COTJA,LEPWE,0.3205175925
COTJA,LOXAF,0.326464406
COTJA,MARMA,0.315463701
COTJA,MELGA,0.2365385575
COTJA,MELUD,0.2503351335
COTJA,MERPO,2.1238349975
COTJA,MICMU,0.30547174299999996
COTJA,MICOH,0.30851334
COTJA,MONDO,0.2733243545
COTJA,MONMO,0.3232303075
COTJA,MOUSE,0.32023134499999995
COTJA,MUSCR,0.324152043
COTJA,MUSPF,0.331871624
COTJA,MYOPI,0.316848643
COTJA,NEOAA,0.33190062099999995
COTJA,NEOSC,0.331593873
COTJA,NOMLE,0.31223926399999996
COTJA,OCTDE,0.33641105
COTJA,ODORO,0.323851061
COTJA,ODOVR,0.331988988
COTJA,ORNAN,0.2903531325
COTJA,ORYAF,0.326392712
COTJA,PANGU,0.597269064
COTJA,PANPR,0.315627323
COTJA,PANTR,0.30339972499999995
COTJA,PARLB,0.3510237855
COTJA,PATFA,0.3550632915
COTJA,PELSI,0.2743092625
COTJA,PHOSS,0.343726688
COTJA,PHYMC,0.3387908755
COTJA,PONAB,0.305553904
COTJA,PONPY,0.305553909
COTJA,PROSS,0.3063672705
COTJA,PTEVA,0.35825905449999995
COTJA,PUMCO,0.333328316
COTJA,RAT,0.311799373
COTJA,RHIFE,0.361428468
COTJA,RHIRO,0.302710227
COTJA,SACKO,1.9195370355
COTJA,SAGOE,0.550042249
COTJA,SALNM,0.6065470175000001
COTJA,SAPAP,0.312241577
COTJA,SARHA,0.2717606995
COTJA,SCHHA,5.2540720545
COTJA,SURSU,0.32611751499999997
COTJA,TAEGU,0.272882501
COTJA,TAPME,0.30733548699999996
COTJA,TRASC,0.2725586975
COTJA,TRIMA,0.3765355265
COTJA,TURTR,0.33081424149999994
COTJA,TYLPA,0.3384950835
COTJA,UROPR,0.315463701
COTJA,URSMA,0.3962601095
COTJA,VICPA,0.33606695200000003
COTJA,VULVU,0.327408849
COTJA,XENLA,0.360662931
COTJA,XENTR,0.353634821
COTJA,ZALCA,0.327453117
CRIGR,9CHIR,0.018356061
CRIGR,9SAUR,0.41759606800000004
CRIGR,BALAC,0.038121816
CRIGR,BALMU,0.039634992
CRIGR,BISBB,0.041839561
CRIGR,BOSGR,0.030022937
CRIGR,BOSIN,0.030022945000000002
CRIGR,BOVIN,0.0366258465
CRIGR,CALJA,0.066969203
CRIGR,CEBIM,0.033297390999999996
CRIGR,CHILA,0.030731297
CRIGR,CHRAS,0.027726763
CRIGR,CYNSP,0.09581499199999999
CRIGR,DELLE,0.071850097
CRIGR,EOSFB,0.021683498000000002
CRIGR,EQUPR,0.034102181499999995
CRIGR,ERIEU,0.0294590435
CRIGR,GORGO,0.075882645
CRIGR,HETGA,0.090501686
CRIGR,HUMAN,0.047846695999999994
CRIGR,HYLLA,0.018495763
CRIGR,LOXAF,0.032720874
CRIGR,MARMA,0.021720169
CRIGR,MICMU,0.006205194
CRIGR,MONMO,0.0294867755
CRIGR,MOUSE,0.026487813
CRIGR,MUSCR,0.030408511
CRIGR,MYOPI,0.023105110999999998
CRIGR,NEOAA,0.0428165565
CRIGR,NOMLE,0.013731221000000002
CRIGR,ODOVR,0.038245456
CRIGR,PANGU,0.30352553200000004
CRIGR,PANTR,0.009656193
CRIGR,PHOSS,0.049983156
CRIGR,PHYMC,0.0450473495
CRIGR,PONAB,0.011810402
CRIGR,PONPY,0.011810406999999998
CRIGR,PROSS,0.006205194
CRIGR,PTEVA,0.085512704
CRIGR,PUMCO,0.070302626
CRIGR,RAT,0.018055841000000003
CRIGR,SAPAP,0.018498044999999998
CRIGR,TAPME,0.013591955
CRIGR,TRIMA,0.081606214
CRIGR,TURTR,0.042816556
CRIGR,UROPR,0.021720169
CROAD,9AMPH,0.42923334599999996
CROAD,9ANUR,0.608717197
CROAD,9AVES,0.41137917150000003
CROAD,9CHIR,0.41696775199999997
CROAD,9CICH,0.817357991
CROAD,9PASE,0.424764542
CROAD,9PASS,0.449354948
CROAD,9PLAT,4.3200976685
CROAD,9PRIM,0.40889593199999996
CROAD,9SAUR,0.43279671399999997
CROAD,9TELE,0.8272212145
CROAD,ACIJB,0.420401185
CROAD,ACIOX,0.520673029
CROAD,AILME,0.43299387
CROAD,ALLSI,0.38932932200000003
CROAD,ANOCA,0.369904497
CROAD,ARAGI,1.0885215945
CROAD,ARCCL,0.43888446600000003
CROAD,ASEST,0.457012458
CROAD,ATHCN,0.547885555
CROAD,AUSLI,0.8226257025
CROAD,AYTFU,0.419159434
CROAD,BALAC,0.4352895195
CROAD,BALMU,0.43680269299999996
CROAD,BETSP,0.81151617
CROAD,BISBB,0.439007262
CROAD,BOSGR,0.427190638
CROAD,BOSIN,0.427190651
CROAD,BOVIN,0.4337935475
CROAD,CALJA,0.46413690399999996
CROAD,CALUR,0.432418963
CROAD,CAMBA,0.42819882750000005
CROAD,CAMFR,0.42443142500000003
CROAD,CANLF,0.449596485
CROAD,CASCN,0.442340293
CROAD,CATUS,0.493767028
CROAD,CAVPO,0.41176778
CROAD,CEBIM,0.430465092
CROAD,CHACN,0.685480215
CROAD,CHEAB,0.39949767
CROAD,CHESE,0.399469326
CROAD,CHICK,0.407163696
CROAD,CHILA,0.427898998
CROAD,CHRAS,0.430417456
CROAD,CLUHA,0.804173652
CROAD,COEFR,0.465581698
CROAD,COTCN,3.441490819
CROAD,COTGO,0.801028273
CROAD,COTJA,0.635154453
CROAD,CRIGR,0.415101091
CROAD,CROPO,0.385708076
CROAD,CYACU,0.497513501
CROAD,CYNSP,0.49298269299999997
CROAD,DANRE,0.8151675675
CROAD,DELLE,0.469017798
CROAD,DIPOR,0.455105816
CROAD,ECHTE,0.45174753
CROAD,EOSFB,0.418851199
CROAD,EQUAS,0.40192016999999997
CROAD,EQUPR,0.400269966
CROAD,ERIEU,0.4266267445
CROAD,EUBMA,0.421011798
CROAD,FELCA,0.427715451
CROAD,FICAL,0.481990937
CROAD,GEKGE,0.41165640000000003
CROAD,GEKJA,0.45540548200000003
CROAD,GEOFO,0.44893082100000004
CROAD,GEOSA,0.43308239649999997
CROAD,GORGO,0.47305034599999995
CROAD,GYMAC,0.854638878
CROAD,HETGA,0.48766938699999995
CROAD,HIPAR,0.46078022
CROAD,HUMAN,0.445014397
CROAD,HYLLA,0.415663464
CROAD,ICTPU,0.713813657
CROAD,LATCH,0.508438476
CROAD,LEPWE,0.4239417615
CROAD,LOXAF,0.429888575
CROAD,MARMA,0.41888787
CROAD,MELGA,0.405266716
CROAD,MELUD,0.4193957695
CROAD,MERPO,2.252373665
CROAD,MICMU,0.408895912
CROAD,MICOH,0.41193750900000004
CROAD,MONDO,0.401863022
CROAD,MONMO,0.4266544765
CROAD,MOUSE,0.423655514
CROAD,MUSCR,0.427576212
CROAD,MUSPF,0.435295793
CROAD,MYOPI,0.420272812
CROAD,NAJNA,0.434669051
CROAD,NEOAA,0.4399842575
CROAD,NEOSC,0.435855743
CROAD,NOMLE,0.41566343299999997
CROAD,NOTPE,0.433327367
CROAD,OCTDE,0.439835219
CROAD,ODORO,0.428062402
CROAD,ODOVR,0.435413157
CROAD,ORNAN,0.41889180000000004
CROAD,ORYAF,0.429816881
CROAD,PANGU,0.700693233
CROAD,PANPR,0.420401195
CROAD,PANTR,0.40682389399999996
CROAD,PARLB,0.452137281
CROAD,PATFA,0.4854184865
CROAD,PELSI,0.40284793
CROAD,PHACI,0.385708066
CROAD,PHOSS,0.447150857
CROAD,PHYMC,0.4422150505
CROAD,PONAB,0.408978073
CROAD,PONPY,0.408978078
CROAD,PROSS,0.40979143949999997
CROAD,PSETE,0.43586087399999995
CROAD,PTEVA,0.482680405
CROAD,PUMCO,0.435066414
CROAD,PYTBI,0.421659275
CROAD,RAT,0.415223542
CROAD,RHIFE,0.464852642
CROAD,RHIRO,0.406134396
CROAD,SACKO,2.048075703
CROAD,SAGOE,0.653466418
CROAD,SALNM,0.735085685
CROAD,SAPAP,0.415665746
CROAD,SARHA,0.400299367
CROAD,SCHHA,5.382610722
CROAD,SURSU,0.431665425
CROAD,TAEGU,0.403731842
CROAD,TAPME,0.410759656
CROAD,TRASC,0.40109736500000004
CROAD,TRIMA,0.47995969250000003
CROAD,TURTR,0.439984257
CROAD,TYLPA,0.439608579
CROAD,UROPR,0.41888787
CROAD,URSMA,0.497373605
CROAD,VICPA,0.4441581115
CROAD,VULVU,0.4293925155
CROAD,XENLA,0.4617764265
CROAD,XENTR,0.45315983099999996
CROAD,ZALCA,0.430877286
CROPO,9AMPH,0.07636280000000001
CROPO,9AVES,0.038662645
CROPO,9CHIR,0.064097206
CROPO,9CICH,0.43706227299999995
CROPO,9PASS,0.195307395
CROPO,9PLAT,3.9398019504999997
CROPO,9PRIM,0.056025386
CROPO,9SAUR,0.034122299
CROPO,9TELE,0.44692549649999996
CROPO,ACIJB,0.067530639
CROPO,ACIOX,0.140377311
CROPO,AILME,0.080123324
CROPO,ALLSI,0.009033604
CROPO,ARAGI,0.7082258765
CROPO,ARCCL,0.08601392
CROPO,ASEST,0.104141912
CROPO,ATHCN,0.109735645
CROPO,AUSLI,0.44232998449999994
CROPO,AYTFU,0.038863716000000006
CROPO,BALAC,0.0824189735
CROPO,BALMU,0.083932147
CROPO,BETSP,0.4312204519999999
CROPO,BISBB,0.086136716
CROPO,BOSGR,0.074320092
CROPO,BOSIN,0.074320105
CROPO,BOVIN,0.08092300150000001
CROPO,CALJA,0.11126635800000001
CROPO,CALUR,0.079548417
CROPO,CAMBA,0.0753282815
CROPO,CAMFR,0.071560879
CROPO,CANLF,0.096725939
CROPO,CASCN,0.08946974699999999
CROPO,CATUS,0.17372206950000002
CROPO,CAVPO,0.058897234
CROPO,CEBIM,0.077594546
CROPO,CHACN,0.30518449699999994
CROPO,CHEAB,0.019201951999999998
CROPO,CHESE,0.019173607999999998
CROPO,CHICK,0.022001725
CROPO,CHILA,0.075028452
CROPO,CHRAS,0.07754691
CROPO,CLUHA,0.42387793399999996
CROPO,COEFR,0.112711152
CROPO,COTCN,3.061195101
CROPO,COTGO,0.42073255499999995
CROPO,COTJA,0.25028032899999997
CROPO,CRIGR,0.062230545
CROPO,CYNSP,0.140112147
CROPO,DANRE,0.43487184949999996
CROPO,DELLE,0.116147252
CROPO,DIPOR,0.10223527
CROPO,ECHTE,0.098876984
CROPO,EOSFB,0.065980653
CROPO,EQUAS,0.0482245095
CROPO,EQUPR,0.047399420000000005
CROPO,ERIEU,0.07375619850000001
CROPO,EUBMA,0.04071608
CROPO,FELCA,0.074844905
CROPO,FICAL,0.10468978000000001
CROPO,GEKGE,0.031360682
CROPO,GEOSA,0.0802118505
CROPO,GORGO,0.1201798
CROPO,GYMAC,0.47434315999999993
CROPO,HETGA,0.134798841
CROPO,HIPAR,0.107909674
CROPO,HUMAN,0.092143851
CROPO,HYLLA,0.062792918
CROPO,ICTPU,0.333517939
CROPO,LATCH,0.12814275800000002
CROPO,LEPWE,0.0710712155
CROPO,LOXAF,0.077018029
CROPO,MARMA,0.066017324
CROPO,MERPO,1.872077947
CROPO,MICMU,0.056025366
CROPO,MICOH,0.059066963
CROPO,MONDO,0.021567304
CROPO,MONMO,0.0737839305
CROPO,MOUSE,0.070784968
CROPO,MUSCR,0.074705666
CROPO,MUSPF,0.08242524700000001
CROPO,MYOPI,0.067402266
CROPO,NEOAA,0.0871137115
CROPO,NEOSC,0.08298519700000001
CROPO,NOMLE,0.062792887
CROPO,OCTDE,0.086964673
CROPO,ODORO,0.075191856
CROPO,ODOVR,0.082542611
CROPO,ORNAN,0.038596082000000004
CROPO,ORYAF,0.076946335
CROPO,PANGU,0.34782268699999996
CROPO,PANPR,0.067530649
CROPO,PANTR,0.053953348000000005
CROPO,PARLB,0.099266735
CROPO,PATFA,0.10330624100000001
CROPO,PELSI,0.022552212
CROPO,PHOSS,0.094280311
CROPO,PHYMC,0.0893445045
CROPO,PONAB,0.056107527
CROPO,PONPY,0.056107532
CROPO,PROSS,0.0569208935
CROPO,PTEVA,0.129809859
CROPO,PUMCO,0.082195868
CROPO,RAT,0.062352996
CROPO,RHIFE,0.111982096
CROPO,RHIRO,0.05326385
CROPO,SACKO,1.6677799850000001
CROPO,SAGOE,0.300595872
CROPO,SALNM,0.354789967
CROPO,SAPAP,0.0627952
CROPO,SARHA,0.020003649
CROPO,SCHHA,5.002315004
CROPO,SURSU,0.078794879
CROPO,TAEGU,0.023436124
CROPO,TAPME,0.05788911
CROPO,TRASC,0.020801647
CROPO,TRIMA,0.127089144
CROPO,TURTR,0.08711371100000001
CROPO,TYLPA,0.08673803299999999
CROPO,UROPR,0.066017324
CROPO,URSMA,0.144503059
CROPO,VICPA,0.0912875655
CROPO,VULVU,0.0765219695
CROPO,XENLA,0.1089058805
CROPO,XENTR,0.100289285
CROPO,ZALCA,0.07800673999999999
CYACU,9AMPH,0.188168225
CYACU,9AVES,0.1295936955
CYACU,9CHIR,0.175902631
CYACU,9CICH,0.548867698
CYACU,9PASE,0.072748969
CYACU,9PASS,0.30711281999999995
CYACU,9PLAT,4.0516073755
CYACU,9PRIM,0.167830811
CYACU,9SAUR,0.14592772399999998
CYACU,9TELE,0.5587309215
CYACU,ACIJB,0.179336064
CYACU,ACIOX,0.252182736
CYACU,AILME,0.19192874899999998
CYACU,ALLSI,0.120839029
CYACU,ARAGI,0.8200313015
CYACU,ARCCL,0.19781934499999998
CYACU,ASEST,0.215947337
CYACU,ATHCN,0.1779065635
CYACU,AUSLI,0.5541354095
CYACU,AYTFU,0.150669141
CYACU,BALAC,0.1942243985
CYACU,BALMU,0.195737572
CYACU,BETSP,0.543025877
CYACU,BISBB,0.197942141
CYACU,BOSGR,0.186125517
CYACU,BOSIN,0.18612552999999998
CYACU,BOVIN,0.1927284265
CYACU,CALJA,0.223071783
CYACU,CALUR,0.191353842
CYACU,CAMBA,0.1871337065
CYACU,CAMFR,0.18336630399999998
CYACU,CANLF,0.208531364
CYACU,CASCN,0.20127517199999997
CYACU,CATUS,0.214759992
CYACU,CAVPO,0.170702659
CYACU,CEBIM,0.189399971
CYACU,CHACN,0.41698992199999996
CYACU,CHEAB,0.131007377
CYACU,CHESE,0.130979033
CYACU,CHICK,0.12758251999999998
CYACU,CHILA,0.18683387699999998
CYACU,CHRAS,0.18935233499999998
CYACU,CLUHA,0.535683359
CYACU,COEFR,0.224516577
CYACU,COTCN,3.173000526
CYACU,COTGO,0.53253798
CYACU,COTJA,0.362085754
CYACU,CRIGR,0.17403596999999998
CYACU,CROPO,0.111805435
CYACU,CYNSP,0.251917572
CYACU,DANRE,0.5466772745
CYACU,DELLE,0.227952677
CYACU,DIPOR,0.214040695
CYACU,ECHTE,0.210682409
CYACU,EOSFB,0.177786078
CYACU,EQUAS,0.1600299345
CYACU,EQUPR,0.15920484499999998
CYACU,ERIEU,0.1855616235
CYACU,EUBMA,0.152521505
CYACU,FELCA,0.18665032999999998
CYACU,FICAL,0.11620140450000001
CYACU,GEKGE,0.14316610700000001
CYACU,GEOSA,0.19201727549999997
CYACU,GORGO,0.23198522500000002
CYACU,GYMAC,0.586148585
CYACU,HETGA,0.246604266
CYACU,HIPAR,0.21971509899999997
CYACU,HUMAN,0.20394927599999998
CYACU,HYLLA,0.174598343
CYACU,ICTPU,0.445323364
CYACU,LATCH,0.239948183
CYACU,LEPWE,0.1828766405
CYACU,LOXAF,0.188823454
CYACU,MARMA,0.177822749
CYACU,MELGA,0.110186057
CYACU,MELUD,0.110383508
CYACU,MERPO,1.983883372
CYACU,MICMU,0.167830791
CYACU,MICOH,0.17087238800000001
CYACU,MONDO,0.133372729
CYACU,MONMO,0.1855893555
CYACU,MOUSE,0.18259039300000002
CYACU,MUSCR,0.186511091
CYACU,MUSPF,0.194230672
CYACU,MYOPI,0.179207691
CYACU,NEOAA,0.19891913649999998
CYACU,NEOSC,0.194790622
CYACU,NOMLE,0.174598312
CYACU,OCTDE,0.198770098
CYACU,ODORO,0.186997281
CYACU,ODOVR,0.194348036
CYACU,ORNAN,0.150401507
CYACU,ORYAF,0.18875176
CYACU,PANGU,0.459628112
CYACU,PANPR,0.17933607399999998
CYACU,PANTR,0.165758773
CYACU,PARLB,0.21107215999999998
CYACU,PATFA,0.215111666
CYACU,PELSI,0.134357637
CYACU,PHOSS,0.206085736
CYACU,PHYMC,0.2011499295
CYACU,PONAB,0.16791295199999998
CYACU,PONPY,0.16791295699999997
CYACU,PROSS,0.16872631849999997
CYACU,PTEVA,0.24161528399999999
CYACU,PUMCO,0.194001293
CYACU,RAT,0.174158421
CYACU,RHIFE,0.223787521
CYACU,RHIRO,0.165069275
CYACU,SACKO,1.7795854100000001
CYACU,SAGOE,0.41240129699999994
CYACU,SALNM,0.466595392
CYACU,SAPAP,0.174600625
CYACU,SARHA,0.131809074
CYACU,SCHHA,5.114120429
CYACU,SURSU,0.190600304
CYACU,TAEGU,0.13524154900000002
CYACU,TAPME,0.169694535
CYACU,TRASC,0.132607072
CYACU,TRIMA,0.238894569
CYACU,TURTR,0.198919136
CYACU,TYLPA,0.19854345799999998
CYACU,UROPR,0.177822749
CYACU,URSMA,0.256308484
CYACU,VICPA,0.2030929905
CYACU,VULVU,0.18832739449999997
CYACU,XENLA,0.2207113055
CYACU,XENTR,0.21209471
CYACU,ZALCA,0.18981216499999998
CYNSP,CHILA,0.10861288499999999
CYNSP,EOSFB,0.080506948
CYNSP,GORGO,0.077365094
CYNSP,HYLLA,0.077319239
CYNSP,NOMLE,0.086848312
CYNSP,PANTR,0.0876271095
CYNSP,PONAB,0.089692004
CYNSP,PONPY,0.089692009
CYNSP,PTEVA,0.0495962475
CYNSP,TAPME,0.09147354299999999
CYNSP,TRIMA,0.071308286
DANRE,9AMPH,0.505822298
DANRE,9CHIR,0.49355670399999996
DANRE,9PASS,0.64422766
DANRE,9PRIM,0.48548488399999995
DANRE,9SAUR,0.8913527145
DANRE,ACIJB,0.49699011649999997
DANRE,ACIOX,0.367072489
DANRE,AILME,0.5090069125
DANRE,ARCCL,0.5154734114999999
DANRE,ASEST,0.5336014035
DANRE,ATHCN,0.5080977205
DANRE,AYTFU,0.43702794749999996
DANRE,BALAC,0.5118784665
DANRE,BALMU,0.5133916384999999
DANRE,BISBB,0.5155962075
DANRE,BOSGR,0.503779582
DANRE,BOSIN,0.503779603
DANRE,BOVIN,0.513682411
DANRE,CALJA,0.5407258495
DANRE,CALUR,0.5090079085
DANRE,CAMBA,0.5051115534999999
DANRE,CAMFR,0.5010203705
DANRE,CANLF,0.5261854305
DANRE,CASCN,0.51892924
DANRE,CATUS,0.5942349215
DANRE,CAVPO,0.4883567255
DANRE,CEBIM,0.5070540374999999
DANRE,CHACN,0.261710236
DANRE,CHICK,0.43733057649999996
DANRE,CHILA,0.5044879435
DANRE,CHRAS,0.5093402805
DANRE,COEFR,0.5421706435
DANRE,COTJA,0.6797398205
DANRE,CRIGR,0.4916900365
DANRE,CYNSP,0.5695716385
DANRE,DANRE,0.07426273
DANRE,DELLE,0.5456067434999999
DANRE,DIPOR,0.5325266415000001
DANRE,ECHTE,0.5283364755
DANRE,EOSFB,0.49544014449999996
DANRE,EQUAS,0.47685889299999995
DANRE,EQUPR,0.4940235065
DANRE,ERIEU,0.5022921275
DANRE,FELCA,0.5043043965
DANRE,FICAL,0.5028540115
DANRE,GEKGE,0.42080347749999997
DANRE,GEOSA,0.512521628
DANRE,GORGO,0.5792816315
DANRE,HETGA,0.5642583324999999
DANRE,HIPAR,0.5373691654999999
DANRE,HUMAN,0.528466581
DANRE,HYLLA,0.49225240949999993
DANRE,ICTPU,0.20112075750000002
DANRE,LEPWE,0.49924283999999997
DANRE,LOXAF,0.5064775205
DANRE,MARMA,0.4954768155
DANRE,MICMU,0.48548486399999996
DANRE,MICOH,0.4885264545
DANRE,MONMO,0.5032434219999999
DANRE,MOUSE,0.499505773
DANRE,MUSCR,0.5041651574999999
DANRE,MUSPF,0.510502906
DANRE,MYOPI,0.49686175749999995
DANRE,NEOAA,0.523739814
DANRE,NEOSC,0.512444695
DANRE,NOMLE,0.5046524775
DANRE,OCTDE,0.515483251
DANRE,ODORO,0.503806353
DANRE,ODOVR,0.5120021024999999
DANRE,ORYAF,0.5064058265
DANRE,PANGU,0.7772821784999999
DANRE,PANPR,0.496990147
DANRE,PANTR,0.483068099
DANRE,PARLB,0.5287262265
DANRE,PATFA,0.5014704725
DANRE,PHOSS,0.5237398025
DANRE,PHYMC,0.518804006
DANRE,PONAB,0.4855670185
DANRE,PONPY,0.48556702350000003
DANRE,PROSS,0.485484859
DANRE,PTEVA,0.5568624195
DANRE,PUMCO,0.5180716175
DANRE,RAT,0.49181248749999995
DANRE,RHIFE,0.5414415834999999
DANRE,RHIRO,0.48272334149999996
DANRE,SAGOE,0.7300553635
DANRE,SAPAP,0.4922546915
DANRE,SARHA,0.41816790049999997
DANRE,SURSU,0.5082230595
DANRE,TAEGU,0.4294148485
DANRE,TAPME,0.4873486014999999
DANRE,TRIMA,0.5565486314999999
DANRE,TURTR,0.5204368214999999
DANRE,TYLPA,0.5161975245
DANRE,UROPR,0.4954768155
DANRE,URSMA,0.5739625505
DANRE,VICPA,0.5208102535
DANRE,VULVU,0.5130339085
DANRE,XENLA,0.53891654
DANRE,XENTR,0.529748778
DANRE,ZALCA,0.5074662315
DELLE,9SAUR,0.452454675
DELLE,CALJA,0.10182780999999999
DELLE,CHILA,0.08464798999999999
DELLE,CHRAS,0.12118769650000001
DELLE,CYNSP,0.130673599
DELLE,EOSFB,0.056542105
DELLE,ERIEU,0.0598558825
DELLE,GORGO,0.110741252
DELLE,HETGA,0.12536029299999998
DELLE,HUMAN,0.081902112
DELLE,HYLLA,0.05335437
DELLE,MARMA,0.056578776
DELLE,MONMO,0.0452491885
DELLE,NEOAA,0.018990000500000003
DELLE,NOMLE,0.062883417
DELLE,PANGU,0.338384139
DELLE,PANTR,0.0636622145
DELLE,PONAB,0.065727109
DELLE,PONPY,0.065727114
DELLE,PTEVA,0.120371311
DELLE,PUMCO,0.10516123299999999
DELLE,SAPAP,0.053352062
DELLE,TAPME,0.06750864799999999
DELLE,TRIMA,0.116464821
DELLE,TURTR,0.037979991000000005
DELLE,UROPR,0.056578776
DIPOR,9CHIR,0.076738979
DIPOR,9PRIM,0.069967036
DIPOR,9SAUR,0.472065583
DIPOR,ACIJB,0.052949098
DIPOR,AILME,0.058942242000000006
DIPOR,ASEST,0.080724582
DIPOR,BALAC,0.094255091
DIPOR,BALMU,0.094104507
DIPOR,BISBB,0.096309076
DIPOR,BOSGR,0.08449245650000001
DIPOR,BOSIN,0.0844924615
DIPOR,BOVIN,0.09756253200000001
DIPOR,CALJA,0.121438718
DIPOR,CALUR,0.064966895
DIPOR,CAMBA,0.0569793545
DIPOR,CAMFR,0.056979357
DIPOR,CASCN,0.07647794549999999
DIPOR,CAVPO,0.06906959400000001
DIPOR,CEBIM,0.087766906
DIPOR,CHILA,0.085200812
DIPOR,CHRAS,0.094223954
DIPOR,COEFR,0.089293822
DIPOR,CRIGR,0.072402905
DIPOR,CYNSP,0.150284507
DIPOR,DELLE,0.126319612
DIPOR,DIPOR,0.007299097500000001
DIPOR,EOSFB,0.076153013
DIPOR,EQUPR,0.088571702
DIPOR,ERIEU,0.0858090815
DIPOR,FELCA,0.049563012999999996
DIPOR,GORGO,0.1368193305
DIPOR,HETGA,0.144971201
DIPOR,HIPAR,0.084492344
DIPOR,HUMAN,0.112482436
DIPOR,HYLLA,0.072965278
DIPOR,LEPWE,0.0387960865
DIPOR,LOXAF,0.08719038900000001
DIPOR,MARMA,0.07618968400000001
DIPOR,MICMU,0.069967035
DIPOR,MICOH,0.069239323
DIPOR,MONMO,0.0839562905
DIPOR,MOUSE,0.08169601750000001
DIPOR,MUSCR,0.084878026
DIPOR,MUSPF,0.067843725
DIPOR,MYOPI,0.07757462600000001
DIPOR,NEOAA,0.10375324200000001
DIPOR,NEOSC,0.051490559000000005
DIPOR,NOMLE,0.0729652365
DIPOR,OCTDE,0.0644882525
DIPOR,ODORO,0.041628868
DIPOR,ODOVR,0.09271497100000001
DIPOR,ORYAF,0.07055631300000001
DIPOR,PANGU,0.35799504699999996
DIPOR,PANPR,0.052949113000000006
DIPOR,PANTR,0.064993751
DIPOR,PHOSS,0.104452671
DIPOR,PHYMC,0.1080978425
DIPOR,PONAB,0.06627988700000001
DIPOR,PONPY,0.066279892
DIPOR,PROSS,0.0679887755
DIPOR,PTEVA,0.140878261
DIPOR,PUMCO,0.09728623049999999
DIPOR,RAT,0.072525356
DIPOR,RHIFE,0.08856476399999999
DIPOR,RHIRO,0.06343621
DIPOR,SAPAP,0.07296756
DIPOR,SURSU,0.052489067
DIPOR,TAPME,0.06806147
DIPOR,TRIMA,0.137261502
DIPOR,TURTR,0.10375324150000001
DIPOR,UROPR,0.07618968400000001
DIPOR,VICPA,0.055590823000000004
DIPOR,VULVU,0.061940428
DIPOR,ZALCA,0.063425218
ECHTE,9CHIR,0.07091128
ECHTE,9PASS,0.20245620450000001
ECHTE,9PRIM,0.06283946
ECHTE,9SAUR,0.46870729699999997
ECHTE,ACIJB,0.0480990565
ECHTE,AILME,0.042561589999999996
ECHTE,ARCCL,0.046300992
ECHTE,ASEST,0.077366296
ECHTE,ATHCN,0.21098096800000002
ECHTE,BALAC,0.089233045
ECHTE,BALMU,0.090746221
ECHTE,BISBB,0.09295079
ECHTE,BOSGR,0.08113416600000001
ECHTE,BOSIN,0.081134174
ECHTE,BOVIN,0.0877370755
ECHTE,CALJA,0.118080432
ECHTE,CALUR,0.061608608999999995
ECHTE,CAMBA,0.0536210685
ECHTE,CAMFR,0.053621071
ECHTE,CANLF,0.057013011
ECHTE,CASCN,0.0715299365
ECHTE,CATUS,0.204776644
ECHTE,CAVPO,0.065711308
ECHTE,CEBIM,0.08440862
ECHTE,CHICK,0.175451829
ECHTE,CHILA,0.081842526
ECHTE,CHRAS,0.084360984
ECHTE,COEFR,0.085935536
ECHTE,COTJA,0.21056740100000002
ECHTE,CRIGR,0.069044619
ECHTE,CYNSP,0.146926221
ECHTE,DELLE,0.122961326
ECHTE,DIPOR,0.062522342
ECHTE,EOSFB,0.072794727
ECHTE,EQUPR,0.0852134105
ECHTE,ERIEU,0.0805702725
ECHTE,FELCA,0.0393194135
ECHTE,GORGO,0.126993874
ECHTE,HETGA,0.141612915
ECHTE,HIPAR,0.081134058
ECHTE,HUMAN,0.098957925
ECHTE,HYLLA,0.069606992
ECHTE,LEPWE,0.0341499375
ECHTE,LOXAF,0.08383210299999999
ECHTE,MARMA,0.07283139799999999
ECHTE,MICMU,0.06283944
ECHTE,MICOH,0.065881037
ECHTE,MONMO,0.0805980045
ECHTE,MOUSE,0.077599042
ECHTE,MUSCR,0.08151974
ECHTE,MUSPF,0.042987685
ECHTE,MYOPI,0.07421633999999999
ECHTE,NEOAA,0.0939277855
ECHTE,NEOSC,0.046063919
ECHTE,NOMLE,0.069606961
ECHTE,OCTDE,0.060189057000000004
ECHTE,ODORO,0.038270578
ECHTE,ODOVR,0.08935668499999999
ECHTE,ORYAF,0.067198027
ECHTE,PANGU,0.35463676099999997
ECHTE,PANPR,0.043618613
ECHTE,PANTR,0.060767422
ECHTE,PHOSS,0.10109438500000001
ECHTE,PHYMC,0.0961585785
ECHTE,PONAB,0.06292160100000001
ECHTE,PONPY,0.062921606
ECHTE,PROSS,0.06373496749999999
ECHTE,PTEVA,0.136623933
ECHTE,PUMCO,0.053507698
ECHTE,RAT,0.06916707
ECHTE,RHIFE,0.08520648
ECHTE,RHIRO,0.060077924
ECHTE,SAGOE,0.260882944
ECHTE,SAPAP,0.069609274
ECHTE,SURSU,0.042322329
ECHTE,TAEGU,0.22173863900000002
ECHTE,TAPME,0.064703184
ECHTE,TRIMA,0.132717443
ECHTE,TURTR,0.093927785
ECHTE,UROPR,0.07283139799999999
ECHTE,URSMA,0.104790131
ECHTE,VICPA,0.038461694500000004
ECHTE,VULVU,0.055547487500000006
ECHTE,ZALCA,0.060066932
EOSFB,CHILA,0.034481391
EOSFB,GORGO,0.0032336
EOSFB,HYLLA,0.003187745
EOSFB,NOMLE,0.012716818000000001
EOSFB,PANTR,0.0134956155
EOSFB,PONAB,0.01556051
EOSFB,PONPY,0.015560515
EOSFB,TAPME,0.017342049000000002
EQUAS,9AMPH,0.21722241
EQUAS,9AVES,0.1586478805
EQUAS,9CHIR,0.055492825
EQUAS,9CICH,0.5779218829999999
EQUAS,9PASE,0.10180315399999999
EQUAS,9PASS,0.244367365
EQUAS,9PLAT,4.0806615605
EQUAS,9PRIM,0.015131192
EQUAS,9SAUR,0.1889025235
EQUAS,9TELE,0.5877851064999999
EQUAS,ACIJB,0.026074243
EQUAS,ACIOX,0.28123692100000003
EQUAS,AILME,0.037611013
EQUAS,ALLSI,0.149893214
EQUAS,ARAGI,0.8490854865
EQUAS,ARCCL,0.043000644000000005
EQUAS,ASEST,0.061128636
EQUAS,ATHCN,0.2068555055
EQUAS,AUSLI,0.5831895945
EQUAS,AYTFU,0.17972332600000002
EQUAS,BALAC,0.039609096
EQUAS,BALMU,0.040918870999999996
EQUAS,BETSP,0.572080062
EQUAS,BISBB,0.04312344
EQUAS,BOSGR,0.031306816
EQUAS,BOSIN,0.031306828999999994
EQUAS,BOVIN,0.043687522500000006
EQUAS,CALJA,0.06825308199999999
EQUAS,CALUR,0.036535141
EQUAS,CAMBA,0.0323150055
EQUAS,CAMFR,0.028547603
EQUAS,CANLF,0.053712663
EQUAS,CASCN,0.04721755
EQUAS,CATUS,0.20147629600000003
EQUAS,CAVPO,0.015883958
EQUAS,CEBIM,0.03458127
EQUAS,CHACN,0.44604410699999997
EQUAS,CHEAB,0.160061562
EQUAS,CHESE,0.160033218
EQUAS,CHICK,0.156636705
EQUAS,CHILA,0.032015176
EQUAS,CHRAS,0.040966455
EQUAS,CLUHA,0.564737544
EQUAS,COEFR,0.06969787599999999
EQUAS,COTCN,3.202054711
EQUAS,COTGO,0.561592165
EQUAS,COTJA,0.207267053
EQUAS,CRIGR,0.019217269
EQUAS,CROPO,0.14085962
EQUAS,CYACU,0.036547131000000004
EQUAS,CYNSP,0.097098871
EQUAS,DANRE,0.5757314594999999
EQUAS,DELLE,0.07313397599999999
EQUAS,DIPOR,0.07050612900000001
EQUAS,ECHTE,0.055863708000000005
EQUAS,EOSFB,0.022967376999999997
EQUAS,EQUAS,0.188259005
EQUAS,EQUPR,0.035386068
EQUAS,ERIEU,0.032090390499999996
EQUAS,EUBMA,0.18157569
EQUAS,FELCA,0.035193951
EQUAS,FICAL,0.1452555895
EQUAS,GEKGE,0.172220292
EQUAS,GEOSA,0.22107146049999998
EQUAS,GORGO,0.215435116
EQUAS,GYMAC,0.61520277
EQUAS,HETGA,0.09178556499999999
EQUAS,HIPAR,0.064896398
EQUAS,HUMAN,0.059296807
EQUAS,HYLLA,0.019779642
EQUAS,ICTPU,0.474377549
EQUAS,LATCH,0.269002368
EQUAS,LEPWE,0.028520698500000004
EQUAS,LOXAF,0.034004753
EQUAS,MARMA,0.023004048
EQUAS,MELGA,0.139240242
EQUAS,MELUD,0.13943769299999997
EQUAS,MERPO,2.012937557
EQUAS,MICMU,0.015131190999999999
EQUAS,MICOH,0.016053686999999997
EQUAS,MONDO,0.162426914
EQUAS,MONMO,0.0307706545
EQUAS,MOUSE,0.027771692
EQUAS,MUSCR,0.03169239
EQUAS,MUSPF,0.039411971000000004
EQUAS,MYOPI,0.02438899
EQUAS,NEOAA,0.0590063015
EQUAS,NEOSC,0.042040275
EQUAS,NOMLE,0.194123455
EQUAS,OCTDE,0.0440672025
EQUAS,ODORO,0.032178584
EQUAS,ODOVR,0.039529335
EQUAS,ORNAN,0.179455692
EQUAS,ORYAF,0.033933059
EQUAS,PANGU,0.304809411
EQUAS,PANPR,0.027724457
EQUAS,PANTR,0.010940071999999999
EQUAS,PARLB,0.240126345
EQUAS,PATFA,0.244165851
EQUAS,PELSI,0.16341182199999998
EQUAS,PHOSS,0.051267035
EQUAS,PHYMC,0.057601933
EQUAS,PONAB,0.013094251
EQUAS,PONPY,0.013094255999999999
EQUAS,PROSS,0.0139780355
EQUAS,PTEVA,0.086867531
EQUAS,PUMCO,0.069936282
EQUAS,RAT,0.019339719999999998
EQUAS,RHIFE,0.06896882
EQUAS,RHIRO,0.010250574
EQUAS,SACKO,1.808639595
EQUAS,SAGOE,0.257582596
EQUAS,SALNM,0.495649577
EQUAS,SAPAP,0.019781924
EQUAS,SARHA,0.160863259
EQUAS,SCHHA,5.143174614
EQUAS,SURSU,0.037371752
EQUAS,TAEGU,0.164295734
EQUAS,TAPME,0.014875834
EQUAS,TRASC,0.161661257
EQUAS,TRIMA,0.084075868
EQUAS,TURTR,0.050441933
EQUAS,TYLPA,0.043724757
EQUAS,UROPR,0.023004048
EQUAS,URSMA,0.101489783
EQUAS,VICPA,0.0645505875
EQUAS,VULVU,0.0537126615
EQUAS,XENLA,0.24976549050000002
EQUAS,XENTR,0.241148895
EQUAS,ZALCA,0.034993464
EQUPR,9AMPH,0.041603071500000005
EQUPR,9ANUR,0.2690406005
EQUPR,9AVES,0.07170257499999999
EQUPR,9CHIR,0.019433700999999998
EQUPR,9CICH,0.477681392
EQUPR,9PASE,0.08508794550000001
EQUPR,9PASS,0.15064390249999998
EQUPR,9PLAT,3.9804210719999995
EQUPR,9PRIM,0.011361881
EQUPR,9SAUR,0.216924778
EQUPR,9TELE,0.487544618
EQUPR,ACIJB,0.022867137500000002
EQUPR,ACIOX,0.18099643250000003
EQUPR,AILME,0.035459819000000004
EQUPR,ALLSI,0.049652725499999995
EQUPR,ANOCA,0.042038994499999996
EQUPR,ARAGI,0.639159056
EQUPR,ARCCL,0.041350415
EQUPR,ASEST,0.059478407
EQUPR,ATHCN,0.206030391
EQUPR,AUSLI,0.48294910599999996
EQUPR,AYTFU,0.07948283750000001
EQUPR,BALAC,0.037755446
EQUPR,BALMU,0.037900743
EQUPR,BETSP,0.471839572
EQUPR,BISBB,0.040105312
EQUPR,BOSGR,0.028288689500000002
EQUPR,BOSIN,0.029656585
EQUPR,BOVIN,0.032767142
EQUPR,CALJA,0.065234954
EQUPR,CALUR,0.034884912
EQUPR,CAMBA,0.030664772
EQUPR,CAMFR,0.026897374
EQUPR,CANLF,0.052062434
EQUPR,CAPHI,0.036133385999999997
EQUPR,CASCN,0.044806241999999996
EQUPR,CATUS,0.19982606200000003
EQUPR,CAVPO,0.014233729
EQUPR,CEBIM,0.031563142
EQUPR,CHACN,0.34580361849999997
EQUPR,CHEAB,0.0598210735
EQUPR,CHESE,0.0597927295
EQUPR,CHICK,0.067487111
EQUPR,CHILA,0.030364967
EQUPR,CHRAS,0.037724324000000004
EQUPR,CLUHA,0.4644970555
EQUPR,COEFR,0.068047647
EQUPR,COTCN,3.1018142225
EQUPR,COTGO,0.4613516765
EQUPR,COTJA,0.205616844
EQUPR,CRIGR,0.01756704
EQUPR,CROAD,0.3989020255
EQUPR,CROPO,0.0460314795
EQUPR,CYACU,0.15783690449999999
EQUPR,CYNSP,0.094080743
EQUPR,DANRE,0.475490971
EQUPR,DELLE,0.070115848
EQUPR,DIPOR,0.057571776000000005
EQUPR,ECHTE,0.054213479
EQUPR,EOSFB,0.019949249
EQUPR,EQUAS,0.0016502315
EQUPR,EQUPR,0.032367912
EQUPR,ERIEU,0.028169109999999997
EQUPR,EUBMA,0.08133520150000001
EQUPR,FELCA,0.0294974565
EQUPR,FICAL,0.14231434050000003
EQUPR,GEKGE,0.0719798035
EQUPR,GEKJA,0.11572888550000002
EQUPR,GEOFO,0.1092542245
EQUPR,GEOSA,0.045452124
EQUPR,GORGO,0.07425481949999999
EQUPR,GYMAC,0.5149622814999999
EQUPR,HETGA,0.08876743699999999
EQUPR,HIPAR,0.063246169
EQUPR,HUMAN,0.045873959
EQUPR,HYLLA,0.016761514
EQUPR,ICTPU,0.37413705599999997
EQUPR,LATCH,0.16876187950000002
EQUPR,LEPWE,0.025723767
EQUPR,LOXAF,0.032354523999999996
EQUPR,MARMA,0.01998592
EQUPR,MELGA,0.06559011950000002
EQUPR,MELUD,0.079719173
EQUPR,MERPO,1.9126970685
EQUPR,MICMU,0.011361870999999999
EQUPR,MICOH,0.014403458
EQUPR,MONDO,0.0621864255
EQUPR,MONMO,0.0277525265
EQUPR,MOUSE,0.0254375195
EQUPR,MUSCR,0.030042160999999998
EQUPR,MUSPF,0.036669209
EQUPR,MYOLU,0.079146019
EQUPR,MYOPI,0.022738761
EQUPR,NAJNA,0.10680354850000001
EQUPR,NEOAA,0.038957852
EQUPR,NEOSC,0.038321702000000006
EQUPR,NOMLE,0.018129402
EQUPR,NOTPE,0.09365077050000001
EQUPR,OCTDE,0.0416172245
EQUPR,ODORO,0.029326495
EQUPR,ODOVR,0.037879105999999996
EQUPR,ORNAN,0.0792152035
EQUPR,ORYAF,0.03228283
EQUPR,PANGU,0.30179128299999997
EQUPR,PANPR,0.022867158999999998
EQUPR,PANTR,0.010157888
EQUPR,PARLB,0.0645070025
EQUPR,PATFA,0.14574188999999999
EQUPR,PELSI,0.06317133350000001
EQUPR,PHACI,0.046031469500000005
EQUPR,PHOSS,0.048248907
EQUPR,PHYMC,0.044681001
EQUPR,PONAB,0.011444042000000001
EQUPR,PONPY,0.011444046999999999
EQUPR,PROSS,0.011785015499999999
EQUPR,PSETE,0.10799537149999999
EQUPR,PTEVA,0.08351945300000001
EQUPR,PUMCO,0.06741330999999999
EQUPR,PYTBI,0.09379377250000001
EQUPR,RAT,0.017689491
EQUPR,RHIFE,0.067318591
EQUPR,RHIRO,0.008600345
EQUPR,SACKO,1.7083991065
EQUPR,SAGOE,0.255932367
EQUPR,SALNM,0.3954090885
EQUPR,SAPAP,0.016763796
EQUPR,SARHA,0.06062277049999999
EQUPR,SCHHA,5.0429341255
EQUPR,SURSU,0.034131374
EQUPR,TAEGU,0.215420163
EQUPR,TAPME,0.013225625
EQUPR,TRASC,0.0614207685
EQUPR,TRIMA,0.080635166
EQUPR,TURTR,0.0389578515
EQUPR,TYLPA,0.042074528
EQUPR,UROPR,0.01998592
EQUPR,URSMA,0.09983955400000001
EQUPR,VICPA,0.029522648000000002
EQUPR,VULVU,0.031858467
EQUPR,XENLA,0.074146148
EQUPR,XENTR,0.065529559
EQUPR,ZALCA,0.033343235
ERIEU,9SAUR,0.4100636215
ERIEU,CALJA,0.05943675649999999
ERIEU,CHILA,0.042256936499999995
ERIEU,CHRAS,0.078796643
ERIEU,CYNSP,0.0882825455
ERIEU,EOSFB,0.014151051500000001
ERIEU,ERIEU,0.0027495555
ERIEU,GORGO,0.0704268525
ERIEU,HETGA,0.08296923949999999
ERIEU,HUMAN,0.040533824499999996
ERIEU,HYLLA,0.0109633165
ERIEU,MARMA,0.0141877225
ERIEU,NOMLE,0.0204923635
ERIEU,PANGU,0.29599308550000003
ERIEU,PANTR,0.021271161
ERIEU,PONAB,0.0233360555
ERIEU,PONPY,0.0233360605
ERIEU,PTEVA,0.0779527405
ERIEU,PUMCO,0.06277018
ERIEU,SAPAP,0.010961008500000001
ERIEU,TAPME,0.0251175945
ERIEU,TRIMA,0.07436430399999999
ERIEU,UROPR,0.0141877225
EUBMA,9AMPH,0.11166652199999999
EUBMA,9CHIR,0.099400928
EUBMA,9CICH,0.42307836899999995
EUBMA,9PASS,0.2774728545
EUBMA,9PLAT,3.9258180465
EUBMA,9PRIM,0.091329108
EUBMA,9SAUR,0.030112402
EUBMA,9TELE,0.43294159249999997
EUBMA,ACIJB,0.10283436099999999
EUBMA,ACIOX,0.126393407
EUBMA,AILME,0.115427046
EUBMA,ARAGI,0.6942419725000001
EUBMA,ARCCL,0.121317642
EUBMA,ASEST,0.13944563399999998
EUBMA,ATHCN,0.113744107
EUBMA,AUSLI,0.4283460805
EUBMA,AYTFU,0.042872178
EUBMA,BALAC,0.1177226955
EUBMA,BALMU,0.11923586900000001
EUBMA,BETSP,0.417236548
EUBMA,BISBB,0.12144043800000001
EUBMA,BOSGR,0.10962381400000001
EUBMA,BOSIN,0.10962382700000001
EUBMA,BOVIN,0.1162267235
EUBMA,CALJA,0.14657008
EUBMA,CALUR,0.11485213899999999
EUBMA,CAMBA,0.11063200349999999
EUBMA,CAMFR,0.106864601
EUBMA,CANLF,0.132029661
EUBMA,CASCN,0.124773469
EUBMA,CATUS,0.1933781615
EUBMA,CAVPO,0.094200956
EUBMA,CEBIM,0.11289826800000001
EUBMA,CHACN,0.291200593
EUBMA,CHICK,0.026010187
EUBMA,CHILA,0.110332174
EUBMA,CHRAS,0.112850632
EUBMA,CLUHA,0.40989402999999996
EUBMA,COEFR,0.148014874
EUBMA,COTCN,3.047211197
EUBMA,COTGO,0.40674865099999996
EUBMA,COTJA,0.285584051
EUBMA,CRIGR,0.09753426700000001
EUBMA,CYNSP,0.175415869
EUBMA,DANRE,0.42088794549999997
EUBMA,DELLE,0.15145097400000002
EUBMA,DIPOR,0.137538992
EUBMA,ECHTE,0.13418070599999998
EUBMA,EOSFB,0.10128437500000001
EUBMA,EQUAS,0.0835282315
EUBMA,EQUPR,0.082703142
EUBMA,ERIEU,0.1090599205
EUBMA,FELCA,0.110148627
EUBMA,FICAL,0.108698242
EUBMA,GEKGE,0.026647708
EUBMA,GEOSA,0.1155155725
EUBMA,GORGO,0.15548352199999999
EUBMA,GYMAC,0.460359256
EUBMA,HETGA,0.17010256299999998
EUBMA,HIPAR,0.143213396
EUBMA,HUMAN,0.127447573
EUBMA,HYLLA,0.09809664000000001
EUBMA,ICTPU,0.319534035
EUBMA,LATCH,0.114158854
EUBMA,LEPWE,0.10637493749999999
EUBMA,LOXAF,0.112321751
EUBMA,MARMA,0.101321046
EUBMA,MERPO,1.858094043
EUBMA,MICMU,0.091329088
EUBMA,MICOH,0.094370685
EUBMA,MONMO,0.1090876525
EUBMA,MOUSE,0.10608869
EUBMA,MUSCR,0.110009388
EUBMA,MUSPF,0.11772896899999999
EUBMA,MYOPI,0.102705988
EUBMA,NEOAA,0.1224174335
EUBMA,NEOSC,0.11828891899999999
EUBMA,NOMLE,0.098096609
EUBMA,OCTDE,0.12226839499999999
EUBMA,ODORO,0.110495578
EUBMA,ODOVR,0.117846333
EUBMA,ORYAF,0.11225005699999999
EUBMA,PANGU,0.383126409
EUBMA,PANPR,0.102834371
EUBMA,PANTR,0.08925707000000001
EUBMA,PARLB,0.134570457
EUBMA,PATFA,0.107314703
EUBMA,PHOSS,0.12958403300000002
EUBMA,PHYMC,0.1246482265
EUBMA,PONAB,0.091411249
EUBMA,PONPY,0.091411254
EUBMA,PROSS,0.0922246155
EUBMA,PTEVA,0.165113581
EUBMA,PUMCO,0.11749958999999999
EUBMA,RAT,0.097656718
EUBMA,RHIFE,0.147285818
EUBMA,RHIRO,0.08856757200000001
EUBMA,SACKO,1.6537960809999999
EUBMA,SAGOE,0.33589959399999997
EUBMA,SALNM,0.340806063
EUBMA,SAPAP,0.098098922
EUBMA,SARHA,0.024012131000000003
EUBMA,SCHHA,4.9883311
EUBMA,SURSU,0.114098601
EUBMA,TAEGU,0.027444586
EUBMA,TAPME,0.093192832
EUBMA,TRIMA,0.162392866
EUBMA,TURTR,0.122417433
EUBMA,TYLPA,0.122041755
EUBMA,UROPR,0.101321046
EUBMA,URSMA,0.179806781
EUBMA,VICPA,0.1265912875
EUBMA,VULVU,0.11182569149999999
EUBMA,XENLA,0.14420960249999998
EUBMA,XENTR,0.135593007
EUBMA,ZALCA,0.113310462
FELCA,9CHIR,0.047903121
FELCA,9PRIM,0.039108005
FELCA,9SAUR,0.444675218
FELCA,ACIJB,0.024534832
FELCA,AILME,0.032575797000000004
FELCA,ASEST,0.054358137
FELCA,BALAC,0.06622487599999999
FELCA,BALMU,0.066714142
FELCA,BISBB,0.06891871100000001
FELCA,BOSGR,0.057102087
FELCA,BOSIN,0.057102095000000005
FELCA,BOVIN,0.06450113700000001
FELCA,CALJA,0.094048353
FELCA,CALUR,0.03757653
FELCA,CAMBA,0.029588989500000003
FELCA,CAMFR,0.029588992
FELCA,CASCN,0.048703513999999996
FELCA,CAVPO,0.041679229
FELCA,CEBIM,0.060376541000000006
FELCA,CHILA,0.057810447
FELCA,CHRAS,0.0649418575
FELCA,COEFR,0.062927377
FELCA,CRIGR,0.045012540000000004
FELCA,CYNSP,0.122894142
FELCA,DELLE,0.098929247
FELCA,DIPOR,0.034580779
FELCA,EOSFB,0.048762648
FELCA,EQUPR,0.061181329
FELCA,ERIEU,0.0566385445
FELCA,FELCA,0.0203159115
FELCA,GORGO,0.1037579355
FELCA,HETGA,0.117580836
FELCA,HIPAR,0.058125898999999995
FELCA,HUMAN,0.079814175
FELCA,HYLLA,0.045574913
FELCA,LEPWE,0.011405732000000002
FELCA,LOXAF,0.059800024
FELCA,MARMA,0.048799319
FELCA,MICMU,0.039831276
FELCA,MICOH,0.041848958
FELCA,MONMO,0.0565659255
FELCA,MOUSE,0.053566962999999995
FELCA,MUSCR,0.057487660999999995
FELCA,MUSPF,0.04147728
FELCA,MYOPI,0.050184261
FELCA,NEOAA,0.070691847
FELCA,NEOSC,0.0239237565
FELCA,NOMLE,0.041606501500000004
FELCA,OCTDE,0.037180898000000004
FELCA,ODORO,0.015262423
FELCA,ODOVR,0.065324606
FELCA,ORYAF,0.043165947999999996
FELCA,PANGU,0.330604682
FELCA,PANPR,0.020611631999999998
FELCA,PANTR,0.0368246275
FELCA,PHOSS,0.07706230600000001
FELCA,PHYMC,0.0740496195
FELCA,PONAB,0.038889522
FELCA,PONPY,0.03888952700000001
FELCA,PROSS,0.039702888500000005
FELCA,PTEVA,0.1092005605
FELCA,PUMCO,0.096357851
FELCA,RAT,0.045134991
FELCA,RHIFE,0.062198321
FELCA,RHIRO,0.036045845
FELCA,SAPAP,0.045577195
FELCA,SURSU,0.014380796
FELCA,TAPME,0.040671105
FELCA,TRIMA,0.1089759005
FELCA,TURTR,0.0706918465
FELCA,UROPR,0.048799319
FELCA,VICPA,0.028200458
FELCA,VULVU,0.0335261625
FELCA,ZALCA,0.036034853000000006
FICAL,9AMPH,0.174142939
FICAL,9ANUR,0.175457862
FICAL,9AVES,0.1078655885
FICAL,9CHIR,0.161568717
FICAL,9CICH,0.5331526165
FICAL,9PASE,0.05703388999999999
FICAL,9PASS,0.29308753649999997
FICAL,9PLAT,4.025497140500001
FICAL,9PRIM,0.15385621600000002
FICAL,9SAUR,0.139543902
FICAL,9TELE,0.550735387
FICAL,ACIJB,0.16523005699999999
FICAL,ACIOX,0.236467657
FICAL,AILME,0.176406185
FICAL,ALLSI,0.10512395
FICAL,ARAGI,0.7939210665
FICAL,ARCCL,0.182296781
FICAL,ASEST,0.200424773
FICAL,ATHCN,0.171148032
FICAL,AUSLI,0.538612839
FICAL,AYTFU,0.13495406199999999
FICAL,BALAC,0.18169638300000002
FICAL,BALMU,0.180215008
FICAL,BETSP,0.527503313
FICAL,BISBB,0.182419577
FICAL,BOSGR,0.170602953
FICAL,BOSIN,0.182699133
FICAL,BOVIN,0.178510628
FICAL,CALJA,0.207549219
FICAL,CALUR,0.17583127799999998
FICAL,CAMBA,0.1746057035
FICAL,CAMFR,0.16784374
FICAL,CANLF,0.19300879999999998
FICAL,CASCN,0.18837006
FICAL,CATUS,0.15378512700000002
FICAL,CAVPO,0.155180095
FICAL,CEBIM,0.173877407
FICAL,CHACN,0.401274843
FICAL,CHEAB,0.11529229799999999
FICAL,CHESE,0.115263954
FICAL,CHICK,0.11789955599999999
FICAL,CHILA,0.17131131300000002
FICAL,CHRAS,0.178285665
FICAL,CLUHA,0.5199682800000001
FICAL,COEFR,0.20899401299999998
FICAL,COTCN,3.157285447
FICAL,COTGO,0.5168229010000001
FICAL,COTJA,0.271379273
FICAL,CRIGR,0.158513406
FICAL,CROPO,0.09609035599999999
FICAL,CYACU,0.064254166
FICAL,CYNSP,0.23639500800000002
FICAL,DANRE,0.5293106955
FICAL,DELLE,0.212430113
FICAL,DIPOR,0.201512671
FICAL,ECHTE,0.195159845
FICAL,EOSFB,0.162263514
FICAL,EQUAS,0.144947455
FICAL,EQUPR,0.146676837
FICAL,ERIEU,0.17167250150000002
FICAL,EUBMA,0.13680642599999998
FICAL,FELCA,0.171959171
FICAL,FICAL,0.107138562
FICAL,GEKGE,0.127451028
FICAL,GEOFO,0.093217641
FICAL,GEOSA,0.185070556
FICAL,GORGO,0.21280554200000001
FICAL,GYMAC,0.5704335059999999
FICAL,HETGA,0.231081702
FICAL,HIPAR,0.204192535
FICAL,HUMAN,0.189814891
FICAL,HYLLA,0.159075779
FICAL,ICTPU,0.42980080049999997
FICAL,LATCH,0.22423310400000002
FICAL,LEPWE,0.16844943499999998
FICAL,LOXAF,0.17330089
FICAL,MARMA,0.162300185
FICAL,MELGA,0.092101547
FICAL,MELUD,0.094668429
FICAL,MERPO,1.968168293
FICAL,MICMU,0.155302778
FICAL,MICOH,0.155349824
FICAL,MONDO,0.11765765
FICAL,MONMO,0.1700667915
FICAL,MOUSE,0.167614007
FICAL,MUSCR,0.170988527
FICAL,MUSPF,0.178708108
FICAL,MYOPI,0.163685127
FICAL,NEOAA,0.184701338
FICAL,NEOSC,0.179582954
FICAL,NOMLE,0.172006094
FICAL,OCTDE,0.183995939
FICAL,ODORO,0.171089691
FICAL,ODOVR,0.178825472
FICAL,ORNAN,0.134686428
FICAL,ORYAF,0.173229196
FICAL,PANGU,0.444105548
FICAL,PANPR,0.16663556399999999
FICAL,PANTR,0.15071922899999998
FICAL,PARLB,0.195549596
FICAL,PATFA,0.19939658700000001
FICAL,PELSI,0.118642558
FICAL,PHOSS,0.190563172
FICAL,PHYMC,0.18862191550000001
FICAL,PONAB,0.152390388
FICAL,PONPY,0.15239039299999999
FICAL,PROSS,0.153906772
FICAL,PTEVA,0.225004145
FICAL,PUMCO,0.18147329
FICAL,RAT,0.15863585700000002
FICAL,RHIFE,0.208264952
FICAL,RHIRO,0.149546711
FICAL,SACKO,1.7638703310000001
FICAL,SAGOE,0.396878733
FICAL,SALNM,0.45088031300000003
FICAL,SAPAP,0.159078061
FICAL,SARHA,0.11590147999999999
FICAL,SCHHA,5.09840535
FICAL,SURSU,0.17507773999999998
FICAL,TAEGU,0.11933395499999999
FICAL,TAPME,0.15417197100000002
FICAL,TRASC,0.116891993
FICAL,TRIMA,0.2251807885
FICAL,TURTR,0.1847013375
FICAL,TYLPA,0.183020894
FICAL,UROPR,0.162300185
FICAL,URSMA,0.24078592
FICAL,VICPA,0.19492309000000002
FICAL,VULVU,0.174198158
FICAL,XENLA,0.205840845
FICAL,XENTR,0.199364092
FICAL,ZALCA,0.174289601
GALVR,9AMPH,0.049290159
GALVR,9ANUR,0.276727692
GALVR,9AVES,0.0793896665
GALVR,9CHIR,0.014666974999999999
GALVR,9CICH,0.485368486
GALVR,9PASE,0.092775037
GALVR,9PASS,0.117365443
GALVR,9PLAT,3.9881081634999997
GALVR,9PRIM,0.006595155
GALVR,9SAUR,0.112618303
GALVR,9TELE,0.49523170949999995
GALVR,ACIJB,0.029186300000000002
GALVR,ACIOX,0.188683524
GALVR,AILME,0.041778985000000005
GALVR,ALLSI,0.057339817
GALVR,ANOCA,0.049726086
GALVR,ARAGI,0.646846141
GALVR,ARCCL,0.047669581
GALVR,ASEST,0.065797573
GALVR,ATHCN,0.212349557
GALVR,AUSLI,0.4906361975
GALVR,AYTFU,0.08716992900000001
GALVR,BALAC,0.0329887425
GALVR,BALMU,0.034501916
GALVR,BETSP,0.47952666499999996
GALVR,BISBB,0.036706485
GALVR,BOSGR,0.024889861
GALVR,BOSIN,0.034355202
GALVR,BOVIN,0.0314927705
GALVR,CALJA,0.061836127
GALVR,CALUR,0.041204078
GALVR,CAMBA,0.0369839425
GALVR,CAMFR,0.03321654
GALVR,CANLF,0.0583816
GALVR,CAPHI,0.043820529999999996
GALVR,CASCN,0.051125408
GALVR,CATUS,0.161777523
GALVR,CAVPO,0.009467003
GALVR,CEBIM,0.028164315000000002
GALVR,CHACN,0.35349071
GALVR,CHEAB,0.067508165
GALVR,CHESE,0.067479821
GALVR,CHICK,0.075174191
GALVR,CHILA,0.025598221
GALVR,CHRAS,0.028116679000000002
GALVR,CLUHA,0.472184147
GALVR,COEFR,0.074366813
GALVR,COTCN,3.1095013139999996
GALVR,COTGO,0.469038768
GALVR,COTJA,0.303164948
GALVR,CRIGR,0.012800314
GALVR,CROAD,0.406589117
GALVR,CROPO,0.053718571
GALVR,CYACU,0.165523996
GALVR,CYNSP,0.090681916
GALVR,DANRE,0.48317806249999995
GALVR,DELLE,0.066717021
GALVR,DIPOR,0.063890931
GALVR,ECHTE,0.060532645
GALVR,EOSFB,0.016550422
GALVR,EQUAS,0.010705295
GALVR,EQUPR,0.009055086
GALVR,ERIEU,0.0243259675
GALVR,EUBMA,0.089022293
GALVR,FELCA,0.036500566
GALVR,FICAL,0.150001432
GALVR,GEKGE,0.079666895
GALVR,GEKJA,0.123415977
GALVR,GEOFO,0.116941316
GALVR,GEOSA,0.053139209500000006
GALVR,GORGO,0.070749569
GALVR,GYMAC,0.522649373
GALVR,HETGA,0.08536861
GALVR,HIPAR,0.069565335
GALVR,HUMAN,0.042713619999999994
GALVR,HYLLA,0.013362687000000002
GALVR,ICTPU,0.38182415199999997
GALVR,LATCH,0.176448971
GALVR,LEPWE,0.0327268765
GALVR,LOXAF,0.027587798
GALVR,MARMA,0.016587093
GALVR,MELGA,0.073277211
GALVR,MELUD,0.0874062645
GALVR,MERPO,1.92038416
GALVR,MESAU,0.005157081
GALVR,MICMU,0.006595135
GALVR,MICOH,0.009636731999999999
GALVR,MONDO,0.069873517
GALVR,MONMO,0.0243536995
GALVR,MOUSE,0.021354737
GALVR,MUSCR,0.025275435
GALVR,MUSPF,0.044080908
GALVR,MYOLU,0.086833163
GALVR,MYOPI,0.017972035
GALVR,NAJNA,0.11449063999999999
GALVR,NEOAA,0.0376834805
GALVR,NEOSC,0.044640858000000005
GALVR,NOMLE,0.013362656
GALVR,NOTPE,0.101337862
GALVR,OCTDE,0.048620334
GALVR,ODORO,0.036847517
GALVR,ODOVR,0.03311238
GALVR,ORNAN,0.086902295
GALVR,ORYAF,0.038601996
GALVR,PANGU,0.298392456
GALVR,PANPR,0.02918631
GALVR,PANTR,0.004523117
GALVR,PARLB,0.072194094
GALVR,PATFA,0.1534289815
GALVR,PELSI,0.070858425
GALVR,PHACI,0.053718561
GALVR,PHOSS,0.04485008
GALVR,PHYMC,0.039914277
GALVR,PONAB,0.006677296
GALVR,PONPY,0.006677301
GALVR,PROSS,0.029559224
GALVR,PSETE,0.115682463
GALVR,PTEVA,0.08037962800000001
GALVR,PUMCO,0.043851529
GALVR,PYTBI,0.10148086399999999
GALVR,RAT,0.012922765
GALVR,RHIFE,0.073637757
GALVR,RHIRO,0.00576038
GALVR,SACKO,1.716086198
GALVR,SAGOE,0.262251533
GALVR,SALNM,0.40309617999999997
GALVR,SAPAP,0.013364969
GALVR,SARHA,0.068309862
GALVR,SCHHA,5.050621217000001
GALVR,SURSU,0.04045054
GALVR,TAEGU,0.071742337
GALVR,TAPME,0.008458878999999999
GALVR,TRASC,0.06910786
GALVR,TRIMA,0.07765891550000001
GALVR,TURTR,0.03768348
GALVR,TYLPA,0.048393694
GALVR,UROPR,0.016587093
GALVR,URSMA,0.10615872
GALVR,VICPA,0.0529432265
GALVR,VULVU,0.038177630500000004
GALVR,XENLA,0.0818332395
GALVR,XENTR,0.073216644
GALVR,ZALCA,0.039662401
GEKGE,9AMPH,0.102311124
GEKGE,9CHIR,0.09004553
GEKGE,9PASS,0.2681174565
GEKGE,9PRIM,0.08197371
GEKGE,9SAUR,0.487841547
GEKGE,ACIJB,0.093478963
GEKGE,AILME,0.10607164800000002
GEKGE,ARCCL,0.11196224400000002
GEKGE,ASEST,0.130090236
GEKGE,ATHCN,0.104388709
GEKGE,AYTFU,0.03351678
GEKGE,BALAC,0.1083672975
GEKGE,BALMU,0.10988047100000001
GEKGE,BISBB,0.11208504
GEKGE,BOSGR,0.100268416
GEKGE,BOSIN,0.100268429
GEKGE,BOVIN,0.1068713255
GEKGE,CALJA,0.137214682
GEKGE,CALUR,0.105496741
GEKGE,CAMBA,0.1012766055
GEKGE,CAMFR,0.09750920300000002
GEKGE,CANLF,0.122674263
GEKGE,CASCN,0.11541807100000001
GEKGE,CATUS,0.18402276350000002
GEKGE,CAVPO,0.084845558
GEKGE,CEBIM,0.10354287000000001
GEKGE,CHICK,0.016654789000000003
GEKGE,CHILA,0.100976776
GEKGE,CHRAS,0.103495234
GEKGE,COEFR,0.138659476
GEKGE,COTJA,0.276228653
GEKGE,CRIGR,0.08817886900000001
GEKGE,CYNSP,0.166060471
GEKGE,DELLE,0.142095576
GEKGE,DIPOR,0.128183594
GEKGE,ECHTE,0.12482530800000001
GEKGE,EOSFB,0.09192897700000001
GEKGE,EQUAS,0.0741728335
GEKGE,EQUPR,0.07334774399999999
GEKGE,ERIEU,0.0997045225
GEKGE,FELCA,0.10079322900000001
GEKGE,FICAL,0.099342844
GEKGE,GEOSA,0.1061601745
GEKGE,GORGO,0.14612812400000003
GEKGE,HETGA,0.160747165
GEKGE,HIPAR,0.133857998
GEKGE,HUMAN,0.118092175
GEKGE,HYLLA,0.088741242
GEKGE,LEPWE,0.0970195395
GEKGE,LOXAF,0.10296635300000001
GEKGE,MARMA,0.09196564800000001
GEKGE,MICMU,0.08197369
GEKGE,MICOH,0.085015287
GEKGE,MONMO,0.0997322545
GEKGE,MOUSE,0.096733292
GEKGE,MUSCR,0.10065399
GEKGE,MUSPF,0.108373571
GEKGE,MYOPI,0.09335059000000001
GEKGE,NEOAA,0.1130620355
GEKGE,NEOSC,0.108933521
GEKGE,NOMLE,0.088741211
GEKGE,OCTDE,0.112912997
GEKGE,ODORO,0.10114018000000001
GEKGE,ODOVR,0.10849093500000001
GEKGE,ORYAF,0.102894659
GEKGE,PANGU,0.373771011
GEKGE,PANPR,0.093478973
GEKGE,PANTR,0.079901672
GEKGE,PARLB,0.125215059
GEKGE,PATFA,0.097959305
GEKGE,PHOSS,0.120228635
GEKGE,PHYMC,0.1152928285
GEKGE,PONAB,0.082055851
GEKGE,PONPY,0.082055856
GEKGE,PROSS,0.08286921750000001
GEKGE,PTEVA,0.155758183
GEKGE,PUMCO,0.108144192
GEKGE,RAT,0.08830132
GEKGE,RHIFE,0.13793042
GEKGE,RHIRO,0.07921217400000001
GEKGE,SAGOE,0.326544196
GEKGE,SAPAP,0.088743524
GEKGE,SARHA,0.014656733000000002
GEKGE,SURSU,0.10474320300000001
GEKGE,TAEGU,0.018089188000000003
GEKGE,TAPME,0.083837434
GEKGE,TRIMA,0.153037468
GEKGE,TURTR,0.113062035
GEKGE,TYLPA,0.11268635700000001
GEKGE,UROPR,0.09196564800000001
GEKGE,URSMA,0.170451383
GEKGE,VICPA,0.11723588950000002
GEKGE,VULVU,0.1024702935
GEKGE,XENLA,0.13485420450000002
GEKGE,XENTR,0.126237609
GEKGE,ZALCA,0.10395506400000001
GEKJA,9AMPH,0.146060206
GEKJA,9ANUR,0.214593591
GEKJA,9AVES,0.08748567650000001
GEKJA,9CHIR,0.133794612
GEKJA,9CICH,0.506759679
GEKJA,9PASE,0.030640950000000004
GEKJA,9PASS,0.265004801
GEKJA,9PLAT,4.0094993565
GEKJA,9PRIM,0.125722792
GEKJA,9SAUR,0.11774031950000001
GEKJA,9TELE,0.5166229025
GEKJA,ACIJB,0.137228045
GEKJA,ACIOX,0.21007471700000002
GEKJA,AILME,0.14982073
GEKJA,ALLSI,0.07873101
GEKJA,ARAGI,0.7779232825
GEKJA,ARCCL,0.155711326
GEKJA,ASEST,0.173839318
GEKJA,ATHCN,0.176338297
GEKJA,AUSLI,0.5120273905
GEKJA,AYTFU,0.10856112200000001
GEKJA,BALAC,0.1521163795
GEKJA,BALMU,0.153629553
GEKJA,BETSP,0.500917858
GEKJA,BISBB,0.155834122
GEKJA,BOSGR,0.144017498
GEKJA,BOSIN,0.144017511
GEKJA,BOVIN,0.1506204075
GEKJA,CALJA,0.180963764
GEKJA,CALUR,0.149245823
GEKJA,CAMBA,0.1450256875
GEKJA,CAMFR,0.141258285
GEKJA,CANLF,0.166423345
GEKJA,CASCN,0.159167153
GEKJA,CATUS,0.135885466
GEKJA,CAVPO,0.12859464
GEKJA,CEBIM,0.147291952
GEKJA,CHACN,0.37488190299999996
GEKJA,CHEAB,0.08889935800000001
GEKJA,CHESE,0.088871014
GEKJA,CHICK,0.085474501
GEKJA,CHILA,0.14472585799999999
GEKJA,CHRAS,0.147244316
GEKJA,CLUHA,0.49357534
GEKJA,COEFR,0.182408558
GEKJA,COTCN,3.130892507
GEKJA,COTGO,0.49042996099999997
GEKJA,COTJA,0.220997958
GEKJA,CRIGR,0.131927951
GEKJA,CROPO,0.069697416
GEKJA,CYACU,0.10338989500000001
GEKJA,CYNSP,0.20980955299999998
GEKJA,DANRE,0.5045692555
GEKJA,DELLE,0.185844658
GEKJA,DIPOR,0.171932676
GEKJA,ECHTE,0.16857439000000002
GEKJA,EOSFB,0.135678059
GEKJA,EQUAS,0.11874703
GEKJA,EQUPR,0.117096826
GEKJA,ERIEU,0.1434536045
GEKJA,EUBMA,0.110413486
GEKJA,FELCA,0.14454231099999998
GEKJA,FICAL,0.087482301
GEKJA,GEKGE,0.101058088
GEKJA,GEOFO,0.041624367
GEKJA,GEOSA,0.1499092565
GEKJA,GORGO,0.18987720600000002
GEKJA,GYMAC,0.544040566
GEKJA,HETGA,0.204496247
GEKJA,HIPAR,0.17760708
GEKJA,HUMAN,0.161841257
GEKJA,HYLLA,0.132490324
GEKJA,ICTPU,0.403215345
GEKJA,LATCH,0.197840164
GEKJA,LEPWE,0.1407686215
GEKJA,LOXAF,0.146715435
GEKJA,MARMA,0.13571473
GEKJA,MELGA,0.06807803800000001
GEKJA,MELUD,0.06827548900000001
GEKJA,MERPO,1.941775353
GEKJA,MICMU,0.125722772
GEKJA,MICOH,0.12876436900000002
GEKJA,MONDO,0.09126471
GEKJA,MONMO,0.1434813365
GEKJA,MOUSE,0.14048237400000002
GEKJA,MUSCR,0.144403072
GEKJA,MUSPF,0.152122653
GEKJA,MYOPI,0.137099672
GEKJA,NEOAA,0.15681111749999999
GEKJA,NEOSC,0.152682603
GEKJA,NOMLE,0.132490293
GEKJA,OCTDE,0.156662079
GEKJA,ODORO,0.14488926200000002
GEKJA,ODOVR,0.152240017
GEKJA,ORNAN,0.10829348800000001
GEKJA,ORYAF,0.146643741
GEKJA,PANGU,0.417520093
GEKJA,PANPR,0.13722805500000002
GEKJA,PANTR,0.123650754
GEKJA,PARLB,0.168964141
GEKJA,PATFA,0.12073040950000001
GEKJA,PELSI,0.092249618
GEKJA,PHOSS,0.163977717
GEKJA,PHYMC,0.1590419105
GEKJA,PONAB,0.125804933
GEKJA,PONPY,0.125804938
GEKJA,PROSS,0.12661829949999998
GEKJA,PTEVA,0.199507265
GEKJA,PUMCO,0.151893274
GEKJA,RAT,0.132050402
GEKJA,RHIFE,0.181679502
GEKJA,RHIRO,0.122961256
GEKJA,SACKO,1.737477391
GEKJA,SAGOE,0.370293278
GEKJA,SALNM,0.424487373
GEKJA,SAPAP,0.132492606
GEKJA,SARHA,0.089701055
GEKJA,SCHHA,5.07201241
GEKJA,SURSU,0.148492285
GEKJA,TAEGU,0.09313353
GEKJA,TAPME,0.127586516
GEKJA,TRASC,0.09049905300000001
GEKJA,TRIMA,0.1967865525
GEKJA,TURTR,0.156811117
GEKJA,TYLPA,0.156435439
GEKJA,UROPR,0.13571473
GEKJA,URSMA,0.214200465
GEKJA,VICPA,0.16098497150000002
GEKJA,VULVU,0.14621937550000003
GEKJA,XENLA,0.1786032865
GEKJA,XENTR,0.169986691
GEKJA,ZALCA,0.147704146
GEOFO,9AMPH,0.139585545
GEOFO,9ANUR,0.20811892999999998
GEOFO,9AVES,0.08101101549999999
GEOFO,9CHIR,0.12731995100000001
GEOFO,9CICH,0.500285018
GEOFO,9PASE,0.024166289000000004
GEOFO,9PASS,0.25853013999999996
GEOFO,9PLAT,4.0030246955
GEOFO,9PRIM,0.11924813100000001
GEOFO,9SAUR,0.1112656585
GEOFO,9TELE,0.5101482415
GEOFO,ACIJB,0.130753384
GEOFO,ACIOX,0.203600056
GEOFO,AILME,0.143346069
GEOFO,ALLSI,0.072256349
GEOFO,ARAGI,0.7714486214999999
GEOFO,ARCCL,0.149236665
GEOFO,ASEST,0.167364657
GEOFO,ATHCN,0.166768882
GEOFO,AUSLI,0.5055527295
GEOFO,AYTFU,0.102086461
GEOFO,BALAC,0.14564171850000002
GEOFO,BALMU,0.147154892
GEOFO,BETSP,0.49444319699999995
GEOFO,BISBB,0.149359461
GEOFO,BOSGR,0.137542837
GEOFO,BOSIN,0.13754285
GEOFO,BOVIN,0.1441457465
GEOFO,CALJA,0.174489103
GEOFO,CALUR,0.142771162
GEOFO,CAMBA,0.1385510265
GEOFO,CAMFR,0.134783624
GEOFO,CANLF,0.159948684
GEOFO,CASCN,0.15269249199999999
GEOFO,CATUS,0.1296730365
GEOFO,CAVPO,0.122119979
GEOFO,CEBIM,0.140817291
GEOFO,CHACN,0.36840724199999997
GEOFO,CHEAB,0.08242469699999999
GEOFO,CHESE,0.082396353
GEOFO,CHICK,0.07899984
GEOFO,CHILA,0.138251197
GEOFO,CHRAS,0.140769655
GEOFO,CLUHA,0.487100679
GEOFO,COEFR,0.175933897
GEOFO,COTCN,3.124417846
GEOFO,COTGO,0.4839553
GEOFO,COTJA,0.24699061900000002
GEOFO,CRIGR,0.12545329
GEOFO,CROPO,0.063222755
GEOFO,CYACU,0.096915234
GEOFO,CYNSP,0.203334892
GEOFO,DANRE,0.4980945945
GEOFO,DELLE,0.179369997
GEOFO,DIPOR,0.165458015
GEOFO,ECHTE,0.162099729
GEOFO,EOSFB,0.129203398
GEOFO,EQUAS,0.112272369
GEOFO,EQUPR,0.110622165
GEOFO,ERIEU,0.1369789435
GEOFO,EUBMA,0.103938825
GEOFO,FELCA,0.13806765
GEOFO,FICAL,0.08100763999999999
GEOFO,GEKGE,0.094583427
GEOFO,GEOSA,0.14343459549999998
GEOFO,GORGO,0.18340254500000003
GEOFO,GYMAC,0.5375659049999999
GEOFO,HETGA,0.198021586
GEOFO,HIPAR,0.17113241899999998
GEOFO,HUMAN,0.155366596
GEOFO,HYLLA,0.126015663
GEOFO,ICTPU,0.396740684
GEOFO,LATCH,0.19136550300000002
GEOFO,LEPWE,0.1342939605
GEOFO,LOXAF,0.140240774
GEOFO,MARMA,0.129240069
GEOFO,MELGA,0.061603377
GEOFO,MELUD,0.061800827999999995
GEOFO,MERPO,1.935300692
GEOFO,MICMU,0.119248111
GEOFO,MICOH,0.122289708
GEOFO,MONDO,0.084790049
GEOFO,MONMO,0.1370066755
GEOFO,MOUSE,0.13400771300000003
GEOFO,MUSCR,0.137928411
GEOFO,MUSPF,0.145647992
GEOFO,MYOPI,0.130625011
GEOFO,NEOAA,0.1503364565
GEOFO,NEOSC,0.146207942
GEOFO,NOMLE,0.12601563200000002
GEOFO,OCTDE,0.15018741800000002
GEOFO,ODORO,0.138414601
GEOFO,ODOVR,0.145765356
GEOFO,ORNAN,0.101818827
GEOFO,ORYAF,0.14016908
GEOFO,PANGU,0.411045432
GEOFO,PANPR,0.130753394
GEOFO,PANTR,0.11717609300000001
GEOFO,PARLB,0.16248948
GEOFO,PATFA,0.166528986
GEOFO,PELSI,0.085774957
GEOFO,PHOSS,0.157503056
GEOFO,PHYMC,0.1525672495
GEOFO,PONAB,0.119330272
GEOFO,PONPY,0.119330277
GEOFO,PROSS,0.12014363850000001
GEOFO,PTEVA,0.193032604
GEOFO,PUMCO,0.145418613
GEOFO,RAT,0.12557574100000002
GEOFO,RHIFE,0.175204841
GEOFO,RHIRO,0.11648659500000001
GEOFO,SACKO,1.7310027300000002
GEOFO,SAGOE,0.36381861699999996
GEOFO,SALNM,0.418012712
GEOFO,SAPAP,0.12601794500000002
GEOFO,SARHA,0.083226394
GEOFO,SCHHA,5.065537749
GEOFO,SURSU,0.142017624
GEOFO,TAEGU,0.086658869
GEOFO,TAPME,0.121111855
GEOFO,TRASC,0.084024392
GEOFO,TRIMA,0.1903118915
GEOFO,TURTR,0.150336456
GEOFO,TYLPA,0.149960778
GEOFO,UROPR,0.129240069
GEOFO,URSMA,0.20772580400000001
GEOFO,VICPA,0.1545103105
GEOFO,VULVU,0.13974471449999998
GEOFO,XENLA,0.17212862550000002
GEOFO,XENTR,0.16351203
GEOFO,ZALCA,0.141229485
GEOSA,9AMPH,0.009549774
GEOSA,9CHIR,0.093944837
GEOSA,9PASS,0.28014626200000003
GEOSA,9PRIM,0.059215335
GEOSA,9SAUR,0.4613138615
GEOSA,ACIJB,0.070158386
GEOSA,AILME,0.081695156
GEOSA,ARCCL,0.08543455850000001
GEOSA,ASEST,0.1035625505
GEOSA,ATHCN,0.2501145345
GEOSA,BALAC,0.08389663
GEOSA,BALMU,0.0833527855
GEOSA,BISBB,0.0855573545
GEOSA,BOSGR,0.073740738
GEOSA,BOSIN,0.073740743
GEOSA,BOVIN,0.08694655100000001
GEOSA,CALJA,0.11068699650000001
GEOSA,CALUR,0.07896905550000001
GEOSA,CAMBA,0.07474892000000001
GEOSA,CAMFR,0.07098151750000001
GEOSA,CANLF,0.09614657750000001
GEOSA,CASCN,0.090406072
GEOSA,CATUS,0.2439102105
GEOSA,CAVPO,0.0583178725
GEOSA,CEBIM,0.0770151845
GEOSA,CHICK,0.2145853955
GEOSA,CHILA,0.0744490905
GEOSA,CHRAS,0.100769149
GEOSA,COEFR,0.11213179050000001
GEOSA,COTJA,0.24970096749999998
GEOSA,CRIGR,0.0616511835
GEOSA,CYNSP,0.13953278549999998
GEOSA,DELLE,0.1155678905
GEOSA,DIPOR,0.114590268
GEOSA,ECHTE,0.0982976225
GEOSA,EOSFB,0.0654012915
GEOSA,EQUAS,0.048470262
GEOSA,EQUPR,0.077819967
GEOSA,ERIEU,0.07505737700000001
GEOSA,FELCA,0.08161649400000001
GEOSA,GEOSA,0.030296577999999998
GEOSA,GORGO,0.149242778
GEOSA,HETGA,0.13421947950000002
GEOSA,HIPAR,0.10733031250000001
GEOSA,HUMAN,0.101730722
GEOSA,HYLLA,0.0622135565
GEOSA,LEPWE,0.07177972700000002
GEOSA,LOXAF,0.0764386675
GEOSA,MARMA,0.0654379625
GEOSA,MICMU,0.059215334
GEOSA,MICOH,0.0584876015
GEOSA,MONMO,0.073204569
GEOSA,MOUSE,0.070944299
GEOSA,MUSCR,0.0741263045
GEOSA,MUSPF,0.08212124600000001
GEOSA,MYOPI,0.0668229045
GEOSA,NEOAA,0.10276064900000001
GEOSA,NEOSC,0.089532902
GEOSA,NOMLE,0.092069973
GEOSA,OCTDE,0.087326231
GEOSA,ODORO,0.074612499
GEOSA,ODOVR,0.0819632495
GEOSA,ORYAF,0.0763669735
GEOSA,PANGU,0.3472433255
GEOSA,PANPR,0.07015837600000001
GEOSA,PANTR,0.054242036
GEOSA,PHOSS,0.0937009495
GEOSA,PHYMC,0.10437579
GEOSA,PONAB,0.05552817
GEOSA,PONPY,0.0555281705
GEOSA,PROSS,0.057237064000000004
GEOSA,PTEVA,0.130126562
GEOSA,PUMCO,0.114020414
GEOSA,RAT,0.0617736345
GEOSA,RHIFE,0.111402739
GEOSA,RHIRO,0.0526844885
GEOSA,SAGOE,0.3000165105
GEOSA,SAPAP,0.0622158385
GEOSA,SURSU,0.081455895
GEOSA,TAEGU,0.2608722055
GEOSA,TAPME,0.0573097485
GEOSA,TRIMA,0.126509787
GEOSA,TURTR,0.093700962
GEOSA,TYLPA,0.0861586715
GEOSA,UROPR,0.0654379625
GEOSA,URSMA,0.1439236975
GEOSA,VICPA,0.09864896100000001
GEOSA,VULVU,0.09614657800000001
GEOSA,ZALCA,0.0774273785
GORGO,9SAUR,0.312071093
GORGO,CALJA,0.09144657799999999
GORGO,CHILA,0.088680538
GORGO,CHRAS,0.08419922649999999
GORGO,CYNSP,0.12029236699999998
GORGO,EOSFB,0.090216941
GORGO,GORGO,0.122104934
GORGO,HETGA,0.114979061
GORGO,HUMAN,0.033506541
GORGO,HYLLA,0.087029232
GORGO,NOMLE,0.066915965
GORGO,PANGU,0.198000557
GORGO,PANTR,0.06769476249999999
GORGO,PONAB,0.069759657
GORGO,PONPY,0.069759662
GORGO,PTEVA,0.08427890349999999
GORGO,PUMCO,0.068172763
GORGO,TAPME,0.071541196
GORGO,TRIMA,0.080662132
GYMAC,9AMPH,0.545293602
GYMAC,9CHIR,0.533028008
GYMAC,9PASS,0.7110999345
GYMAC,9PLAT,3.8640416944999996
GYMAC,9PRIM,0.524956188
GYMAC,9SAUR,0.9308240249999999
GYMAC,9TELE,2.089631715
GYMAC,ACIJB,0.5364614409999999
GYMAC,ACIOX,0.40796457299999994
GYMAC,AILME,0.549054126
GYMAC,ARAGI,0.6324656205
GYMAC,ARCCL,0.554944722
GYMAC,ASEST,0.5730727139999999
GYMAC,ATHCN,0.547371187
GYMAC,AYTFU,0.476499258
GYMAC,BALAC,0.5513497755000001
GYMAC,BALMU,0.552862949
GYMAC,BISBB,0.555067518
GYMAC,BOSGR,0.543250894
GYMAC,BOSIN,0.543250907
GYMAC,BOVIN,0.5498538035
GYMAC,CALJA,0.58019716
GYMAC,CALUR,0.548479219
GYMAC,CAMBA,0.5442590835000001
GYMAC,CAMFR,0.540491681
GYMAC,CANLF,0.565656741
GYMAC,CASCN,0.558400549
GYMAC,CATUS,0.6270052415
GYMAC,CAVPO,0.527828036
GYMAC,CEBIM,0.546525348
GYMAC,CHACN,0.301786865
GYMAC,CHICK,0.45963726699999996
GYMAC,CHILA,0.543959254
GYMAC,CHRAS,0.5464777120000001
GYMAC,COEFR,0.581641954
GYMAC,COTCN,2.9854348450000003
GYMAC,COTJA,0.719211131
GYMAC,CRIGR,0.5311613470000001
GYMAC,CYNSP,0.609042949
GYMAC,DANRE,0.3834298235
GYMAC,DELLE,0.585078054
GYMAC,DIPOR,0.571166072
GYMAC,ECHTE,0.5678077859999999
GYMAC,EOSFB,0.534911455
GYMAC,EQUAS,0.5171553115
GYMAC,EQUPR,0.516330222
GYMAC,ERIEU,0.5426870005
GYMAC,FELCA,0.543775707
GYMAC,FICAL,0.5423253219999999
GYMAC,GEKGE,0.460274788
GYMAC,GEOSA,0.5491426525
GYMAC,GORGO,0.589110602
GYMAC,HETGA,0.603729643
GYMAC,HIPAR,0.576840476
GYMAC,HUMAN,0.561074653
GYMAC,HYLLA,0.53172372
GYMAC,ICTPU,0.282075913
GYMAC,LEPWE,0.5400020175
GYMAC,LOXAF,0.545948831
GYMAC,MARMA,0.534948126
GYMAC,MERPO,1.796317691
GYMAC,MICMU,0.524956168
GYMAC,MICOH,0.527997765
GYMAC,MONMO,0.5427147325
GYMAC,MOUSE,0.5397157699999999
GYMAC,MUSCR,0.543636468
GYMAC,MUSPF,0.551356049
GYMAC,MYOPI,0.536333068
GYMAC,NEOAA,0.5560445135000001
GYMAC,NEOSC,0.551915999
GYMAC,NOMLE,0.531723689
GYMAC,OCTDE,0.555895475
GYMAC,ODORO,0.544122658
GYMAC,ODOVR,0.551473413
GYMAC,ORYAF,0.545877137
GYMAC,PANGU,0.816753489
GYMAC,PANPR,0.536461451
GYMAC,PANTR,0.52288415
GYMAC,PARLB,0.568197537
GYMAC,PATFA,0.540941783
GYMAC,PHOSS,0.563211113
GYMAC,PHYMC,0.5582753065
GYMAC,PONAB,0.525038329
GYMAC,PONPY,0.525038334
GYMAC,PROSS,0.5258516955000001
GYMAC,PTEVA,0.598740661
GYMAC,PUMCO,0.5511266699999999
GYMAC,RAT,0.531283798
GYMAC,RHIFE,0.580912898
GYMAC,RHIRO,0.522194652
GYMAC,SACKO,1.592019729
GYMAC,SAGOE,0.769526674
GYMAC,SAPAP,0.531726002
GYMAC,SARHA,0.457639211
GYMAC,SCHHA,4.926554748
GYMAC,SURSU,0.547725681
GYMAC,TAEGU,0.461071666
GYMAC,TAPME,0.526819912
GYMAC,TRIMA,0.596019946
GYMAC,TURTR,0.556044513
GYMAC,TYLPA,0.555668835
GYMAC,UROPR,0.534948126
GYMAC,URSMA,0.613433861
GYMAC,VICPA,0.5602183675
GYMAC,VULVU,0.5454527714999999
GYMAC,XENLA,0.5778366824999999
GYMAC,XENTR,0.5692200869999999
GYMAC,ZALCA,0.546937542
HETGA,CHILA,0.10329957899999999
HETGA,CYNSP,0.013405356
HETGA,EOSFB,0.07519364199999999
HETGA,GORGO,0.07205178799999999
HETGA,HYLLA,0.072005933
HETGA,NOMLE,0.081535006
HETGA,PANTR,0.08231380349999999
HETGA,PONAB,0.084378698
HETGA,PONPY,0.084378703
HETGA,PTEVA,0.0442829415
HETGA,TAPME,0.08616023699999999
HETGA,TRIMA,0.06599498
HIPAR,9CHIR,0.07849998
HIPAR,9PRIM,0.07187215
HIPAR,9SAUR,0.477739987
HIPAR,ACIJB,0.05862350699999999
HIPAR,AILME,0.064616646
HIPAR,ASEST,0.012384386
HIPAR,BALAC,0.09826573499999999
HIPAR,BALMU,0.099778911
HIPAR,BISBB,0.10198347999999999
HIPAR,BOSGR,0.09016685599999999
HIPAR,BOSIN,0.09016686399999999
HIPAR,BOVIN,0.0967697655
HIPAR,CALJA,0.127113122
HIPAR,CALUR,0.07064129899999999
HIPAR,CAMBA,0.06265375849999999
HIPAR,CAMFR,0.062653761
HIPAR,CASCN,0.0805626265
HIPAR,CAVPO,0.074743998
HIPAR,CEBIM,0.09344131
HIPAR,CHILA,0.090875216
HIPAR,CHRAS,0.093393674
HIPAR,COEFR,0.020953626
HIPAR,CRIGR,0.078077309
HIPAR,CYNSP,0.15595891099999998
HIPAR,DELLE,0.131994016
HIPAR,EOSFB,0.081827417
HIPAR,EQUPR,0.0942461005
HIPAR,ERIEU,0.0896029625
HIPAR,FELCA,0.06017911499999999
HIPAR,GORGO,0.13602656400000002
HIPAR,HETGA,0.150645605
HIPAR,HUMAN,0.10799061499999998
HIPAR,HYLLA,0.07863968199999999
HIPAR,LOXAF,0.092864793
HIPAR,MARMA,0.081864088
HIPAR,MICMU,0.07187212999999999
HIPAR,MICOH,0.074913727
HIPAR,MONMO,0.0896306945
HIPAR,MOUSE,0.08663173199999999
HIPAR,MUSCR,0.09055242999999999
HIPAR,MUSPF,0.07351812899999999
HIPAR,MYOPI,0.08324903
HIPAR,NEOAA,0.1029604755
HIPAR,NEOSC,0.081205151
HIPAR,NOMLE,0.07387512999999998
HIPAR,OCTDE,0.065072141
HIPAR,ODORO,0.069099617
HIPAR,ODOVR,0.098389375
HIPAR,ORYAF,0.076230717
HIPAR,PANGU,0.363669451
HIPAR,PANPR,0.05563800599999999
HIPAR,PANTR,0.069800112
HIPAR,PHOSS,0.11012707499999999
HIPAR,PHYMC,0.10519126849999999
HIPAR,PONAB,0.071954291
HIPAR,PONPY,0.071954296
HIPAR,PROSS,0.0727676575
HIPAR,PTEVA,0.14565662299999999
HIPAR,PUMCO,0.13044654249999998
HIPAR,RAT,0.07819976
HIPAR,RHIRO,0.069110614
HIPAR,SAPAP,0.078641964
HIPAR,SURSU,0.063142673
HIPAR,TAPME,0.07373587399999999
HIPAR,TRIMA,0.141750133
HIPAR,TURTR,0.102960475
HIPAR,UROPR,0.081864088
HIPAR,VICPA,0.061265227
HIPAR,VULVU,0.063114647
HIPAR,ZALCA,0.069099622
HUMAN,9SAUR,0.4023481835
HUMAN,BALAC,0.054681491
HUMAN,BALMU,0.056194672
HUMAN,BISBB,0.058399241
HUMAN,BOSGR,0.046582609
HUMAN,BOSIN,0.04658262
HUMAN,BOVIN,0.047111482999999996
HUMAN,CALJA,0.05480542149999999
HUMAN,CEBIM,0.031215840999999998
HUMAN,CHILA,0.060644589
HUMAN,CHRAS,0.071081205
HUMAN,CYNSP,0.062614078
HUMAN,DELLE,0.088409777
HUMAN,EOSFB,0.032538652
HUMAN,ERIEU,0.0450951465
HUMAN,GORGO,0.06726173599999999
HUMAN,HETGA,0.057300772
HUMAN,HUMAN,0.05511366499999999
HUMAN,HYLLA,0.029350942999999997
HUMAN,MARMA,0.042741607
HUMAN,MONMO,0.046046455
HUMAN,NEOAA,0.053302193
HUMAN,NOMLE,0.038880015999999996
HUMAN,PANGU,0.28827764749999996
HUMAN,PANTR,0.039658813499999994
HUMAN,PHOSS,0.066542836
HUMAN,PHYMC,0.0616070235
HUMAN,PONAB,0.041723708
HUMAN,PONPY,0.041723713
HUMAN,PTEVA,0.047039648999999996
HUMAN,PUMCO,0.055054742
HUMAN,SAPAP,0.039514892999999995
HUMAN,TAPME,0.043505247000000004
HUMAN,TRIMA,0.0484053
HUMAN,TURTR,0.0533021925
HUMAN,UROPR,0.042741607
HYLLA,CHILA,0.031293656
HYLLA,GORGO,4.5864999999999995e-05
HYLLA,NOMLE,0.009529083
HYLLA,PANTR,0.010307880500000002
HYLLA,PONAB,0.012372774999999999
HYLLA,PONPY,0.01237278
HYLLA,TAPME,0.014154314000000001
ICTPU,9AMPH,0.40446838199999996
ICTPU,9CHIR,0.411087403
ICTPU,9PASS,0.607333905
ICTPU,9PRIM,0.387900257
ICTPU,9SAUR,0.7899988039999999
ICTPU,ACIJB,0.39884330799999995
ICTPU,ACIOX,0.26902156099999996
ICTPU,AILME,0.410380078
ICTPU,ARCCL,0.414119501
ICTPU,ASEST,0.432247493
ICTPU,ATHCN,0.406545966
ICTPU,AYTFU,0.335674037
ICTPU,BALAC,0.41258156199999996
ICTPU,BALMU,0.41203772799999994
ICTPU,BISBB,0.414242297
ICTPU,BOSGR,0.40242567
ICTPU,BOSIN,0.424198272
ICTPU,BOVIN,0.41563148299999997
ICTPU,CALJA,0.43937193899999993
ICTPU,CALUR,0.40765399799999996
ICTPU,CAMBA,0.4034338635
ICTPU,CAMFR,0.39966646
ICTPU,CANLF,0.42483151999999996
ICTPU,CASCN,0.419091015
ICTPU,CATUS,0.523239212
ICTPU,CAVPO,0.387002815
ICTPU,CEBIM,0.40570012699999997
ICTPU,CHACN,0.161983157
ICTPU,CHICK,0.34058464199999994
ICTPU,CHILA,0.40313403299999995
ICTPU,CHRAS,0.412085301
ICTPU,COEFR,0.44081673299999996
ICTPU,COTJA,0.57838591
ICTPU,CRIGR,0.39033612599999995
ICTPU,CYNSP,0.46821772799999994
ICTPU,DELLE,0.44425283299999996
ICTPU,DIPOR,0.443275194
ICTPU,ECHTE,0.426982565
ICTPU,EOSFB,0.394086234
ICTPU,EQUAS,0.37715519399999997
ICTPU,EQUPR,0.406504894
ICTPU,ERIEU,0.4036331475
ICTPU,FELCA,0.4039744065
ICTPU,FICAL,0.401500101
ICTPU,GEKGE,0.319449567
ICTPU,GEOSA,0.430090027
ICTPU,GORGO,0.47792771
ICTPU,HETGA,0.4629044219999999
ICTPU,HIPAR,0.436015255
ICTPU,HUMAN,0.430415653
ICTPU,HYLLA,0.39089849899999995
ICTPU,ICTPU,0.021772617
ICTPU,LEPWE,0.400464659
ICTPU,LOXAF,0.40512360999999997
ICTPU,MARMA,0.39412290499999997
ICTPU,MICMU,0.387900256
ICTPU,MICOH,0.387172544
ICTPU,MONMO,0.40188951149999996
ICTPU,MOUSE,0.399629231
ICTPU,MUSCR,0.402811247
ICTPU,MUSPF,0.41053082799999996
ICTPU,MYOPI,0.39550784699999997
ICTPU,NEOAA,0.42771107399999997
ICTPU,NEOSC,0.413159121
ICTPU,NOMLE,0.403142022
ICTPU,OCTDE,0.416011163
ICTPU,ODORO,0.403297437
ICTPU,ODOVR,0.41064819199999997
ICTPU,ORYAF,0.40505191599999996
ICTPU,PANGU,0.6759282679999999
ICTPU,PANPR,0.398843308
ICTPU,PANTR,0.38292695800000004
ICTPU,PARLB,0.42737231600000003
ICTPU,PATFA,0.400116562
ICTPU,PHOSS,0.422385892
ICTPU,PHYMC,0.42603106849999994
ICTPU,PONAB,0.384213104
ICTPU,PONPY,0.384213113
ICTPU,PROSS,0.385921996
ICTPU,PTEVA,0.458811489
ICTPU,PUMCO,0.442705336
ICTPU,RAT,0.390458577
ICTPU,RHIFE,0.440087672
ICTPU,RHIRO,0.381369431
ICTPU,SAGOE,0.6287014529999999
ICTPU,SAPAP,0.390900781
ICTPU,SARHA,0.31681399
ICTPU,SURSU,0.41014081699999994
ICTPU,TAEGU,0.320246446
ICTPU,TAPME,0.38599469099999995
ICTPU,TRIMA,0.45519473
ICTPU,TURTR,0.4223858935
ICTPU,TYLPA,0.41484361399999997
ICTPU,UROPR,0.39412290499999997
ICTPU,URSMA,0.47260863999999997
ICTPU,VICPA,0.4364945535
ICTPU,VULVU,0.42483149749999993
ICTPU,XENLA,0.44086561199999996
ICTPU,XENTR,0.429946504
ICTPU,ZALCA,0.406112321
LATCH,9AMPH,0.2050830965
LATCH,9CHIR,0.19137351500000002
LATCH,9CICH,0.48507073850000004
LATCH,9PASS,0.36489953249999996
LATCH,9PLAT,3.9878104184999996
LATCH,9PRIM,0.17991714550000001
LATCH,9SAUR,0.5846236229999999
LATCH,9TELE,0.491724411
LATCH,ACIJB,0.19037283049999998
LATCH,ACIOX,0.188385779
LATCH,AILME,0.200629541
LATCH,ARAGI,0.7562343444999999
LATCH,ARCCL,0.20874431999999998
LATCH,ASEST,0.22687231200000002
LATCH,ATHCN,0.201170785
LATCH,AUSLI,0.491219606
LATCH,AYTFU,0.13029885600000002
LATCH,BALAC,0.21113926000000002
LATCH,BALMU,0.20666254700000003
LATCH,BETSP,0.4852188065
LATCH,BISBB,0.20886711600000002
LATCH,BOSGR,0.19705049200000002
LATCH,BOSIN,0.203040399
LATCH,BOVIN,0.2036534015
LATCH,CALJA,0.23399675800000003
LATCH,CALUR,0.202278817
LATCH,CAMBA,0.20216487900000002
LATCH,CAMFR,0.19429127899999998
LATCH,CANLF,0.219456339
LATCH,CASCN,0.21781293750000003
LATCH,CATUS,0.2808048395
LATCH,CAVPO,0.181627634
LATCH,CEBIM,0.200324946
LATCH,CHACN,0.3530984135
LATCH,CHICK,0.119426764
LATCH,CHILA,0.197758852
LATCH,CHRAS,0.2062672015
LATCH,CLUHA,0.471886402
LATCH,COEFR,0.235441552
LATCH,COTCN,3.109203569
LATCH,COTGO,0.468741023
LATCH,COTJA,0.373010729
LATCH,CRIGR,0.184960945
LATCH,CYNSP,0.262842547
LATCH,DANRE,0.485567223
LATCH,DELLE,0.238877652
LATCH,DIPOR,0.2309555585
LATCH,ECHTE,0.22160738400000002
LATCH,EOSFB,0.18871105300000002
LATCH,EQUAS,0.17095490950000003
LATCH,EQUPR,0.17611971650000002
LATCH,ERIEU,0.1985632525
LATCH,FELCA,0.19837144550000002
LATCH,FICAL,0.19612492
LATCH,GEKGE,0.114074386
LATCH,GEOSA,0.208932149
LATCH,GORGO,0.24291020000000002
LATCH,GYMAC,0.522351628
LATCH,HETGA,0.25752924099999996
LATCH,HIPAR,0.230640074
LATCH,HUMAN,0.219154176
LATCH,HYLLA,0.185523318
LATCH,ICTPU,0.387516295
LATCH,LATCH,0.011979808
LATCH,LEPWE,0.1938016155
LATCH,LOXAF,0.199748429
LATCH,MARMA,0.188747724
LATCH,MERPO,1.920086415
LATCH,MICMU,0.18064042600000002
LATCH,MICOH,0.18179736300000002
LATCH,MONMO,0.1965143305
LATCH,MOUSE,0.19351536800000002
LATCH,MUSCR,0.19743606600000002
LATCH,MUSPF,0.204602408
LATCH,MYOPI,0.190132666
LATCH,NEOAA,0.2098441115
LATCH,NEOSC,0.2062464595
LATCH,NOMLE,0.18674866500000004
LATCH,OCTDE,0.209695073
LATCH,ODORO,0.196625436
LATCH,ODOVR,0.205273011
LATCH,ORYAF,0.199676735
LATCH,PANGU,0.470553087
LATCH,PANPR,0.190279309
LATCH,PANTR,0.1767730325
LATCH,PARLB,0.221997135
LATCH,PATFA,0.194741381
LATCH,PHOSS,0.21701071100000002
LATCH,PHYMC,0.21806479250000002
LATCH,PONAB,0.178837927
LATCH,PONPY,0.17883793199999998
LATCH,PROSS,0.1796512935
LATCH,PTEVA,0.24744642249999999
LATCH,PUMCO,0.21091616700000002
LATCH,RAT,0.185083396
LATCH,RHIFE,0.2321054895
LATCH,RHIRO,0.17599425000000002
LATCH,SACKO,1.715788453
LATCH,SAGOE,0.42332627199999995
LATCH,SALNM,0.402798435
LATCH,SAPAP,0.1855256
LATCH,SARHA,0.111438809
LATCH,SCHHA,5.0503234720000005
LATCH,SURSU,0.19977292400000002
LATCH,TAEGU,0.120093344
LATCH,TAPME,0.18061951000000004
LATCH,TRIMA,0.25462366550000004
LATCH,TURTR,0.209844111
LATCH,TYLPA,0.209468433
LATCH,UROPR,0.188747724
LATCH,URSMA,0.267233459
LATCH,VICPA,0.21401796550000002
LATCH,VULVU,0.20359385700000002
LATCH,XENLA,0.2331190015
LATCH,XENTR,0.2246081705
LATCH,ZALCA,0.20073713999999998
LEPWE,9CHIR,0.043052355
LEPWE,9PRIM,0.035598269
LEPWE,9SAUR,0.4409015285
LEPWE,ACIJB,0.020497189
LEPWE,AILME,0.027778187500000003
LEPWE,ASEST,0.0495605275
LEPWE,BALAC,0.062455782
LEPWE,BALMU,0.0629404525
LEPWE,BISBB,0.0651450215
LEPWE,BOSGR,0.0533283975
LEPWE,BOSIN,0.053328405499999995
LEPWE,BOVIN,0.059931306999999996
LEPWE,CALJA,0.09027466349999999
LEPWE,CALUR,0.0338028405
LEPWE,CAMBA,0.0258153
LEPWE,CAMFR,0.025815302499999998
LEPWE,CASCN,0.0446349355
LEPWE,CAVPO,0.0379055395
LEPWE,CEBIM,0.0566028515
LEPWE,CHILA,0.0540367575
LEPWE,CHRAS,0.057843089
LEPWE,COEFR,0.0581297675
LEPWE,CRIGR,0.0412388505
LEPWE,CYNSP,0.1191204525
LEPWE,DELLE,0.09515555749999999
LEPWE,EOSFB,0.044988958499999995
LEPWE,EQUPR,0.057407639499999996
LEPWE,ERIEU,0.0531288085
LEPWE,FELCA,0.0233406565
LEPWE,GORGO,0.0991881055
LEPWE,HETGA,0.11380714649999998
LEPWE,HIPAR,0.053328289499999994
LEPWE,HUMAN,0.071636839
LEPWE,HYLLA,0.0418012235
LEPWE,LEPWE,0.002575757
LEPWE,LOXAF,0.0560263345
LEPWE,MARMA,0.0450256295
LEPWE,MICMU,0.03632154
LEPWE,MICOH,0.038075268499999995
LEPWE,MONMO,0.052792236
LEPWE,MOUSE,0.0497932735
LEPWE,MUSCR,0.0537139715
LEPWE,MUSPF,0.0366796705
LEPWE,MYOPI,0.0464105715
LEPWE,NEOAA,0.066122017
LEPWE,NEOSC,0.012010258
LEPWE,NOMLE,0.0370366715
LEPWE,OCTDE,0.032383288499999996
LEPWE,ODORO,0.005408528
LEPWE,ODOVR,0.061550916500000004
LEPWE,ORYAF,0.0393922585
LEPWE,PANGU,0.3268309925
LEPWE,PANPR,0.0187995475
LEPWE,PANTR,0.033050938
LEPWE,PHOSS,0.0732886165
LEPWE,PHYMC,0.0696406775
LEPWE,PONAB,0.0351158325
LEPWE,PONPY,0.035115837500000004
LEPWE,PROSS,0.035929198999999995
LEPWE,PTEVA,0.10842635349999999
LEPWE,PUMCO,0.092320216
LEPWE,RAT,0.0413613015
LEPWE,RHIFE,0.056112842999999996
LEPWE,RHIRO,0.0322721555
LEPWE,SAPAP,0.0418035055
LEPWE,SURSU,0.0263042145
LEPWE,TAPME,0.0368974155
LEPWE,TRIMA,0.10520221099999999
LEPWE,TURTR,0.06612201649999999
LEPWE,UROPR,0.0450256295
LEPWE,VICPA,0.0244267685
LEPWE,VULVU,0.0275640485
LEPWE,ZALCA,0.0322611635
LOXAF,9SAUR,0.414326318
LOXAF,BALAC,0.034852066
LOXAF,BALMU,0.036365242
LOXAF,BISBB,0.038569811
LOXAF,BOSGR,0.026753187
LOXAF,BOSIN,0.026753195
LOXAF,BOVIN,0.0333560965
LOXAF,CALJA,0.063699453
LOXAF,CEBIM,0.030027641
LOXAF,CHILA,0.045518767
LOXAF,CHRAS,0.0830593395
LOXAF,CYNSP,0.092545242
LOXAF,DELLE,0.068580347
LOXAF,EOSFB,0.018413748
LOXAF,EQUPR,0.0308324315
LOXAF,ERIEU,0.0261892935
LOXAF,GORGO,0.072612895
LOXAF,HETGA,0.087231936
LOXAF,HUMAN,0.044576946
LOXAF,HYLLA,0.015226013
LOXAF,MARMA,0.018450419
LOXAF,MONMO,0.026217025499999998
LOXAF,MOUSE,0.007710469999999999
LOXAF,NEOAA,0.0395468065
LOXAF,NOMLE,0.019490088
LOXAF,ODOVR,0.034975706
LOXAF,PANGU,0.300255782
LOXAF,PANTR,0.0245329915
LOXAF,PHOSS,0.046713406
LOXAF,PHYMC,0.0417775995
LOXAF,PONAB,0.026597886
LOXAF,PONPY,0.026597891
LOXAF,PTEVA,0.082242954
LOXAF,PUMCO,0.067032876
LOXAF,SAPAP,0.015228295
LOXAF,TAPME,0.028379425
LOXAF,TRIMA,0.078336464
LOXAF,TURTR,0.039546806000000004
LOXAF,UROPR,0.018450419
MACMU,9AMPH,0.050393003500000005
MACMU,9ANUR,0.277830534
MACMU,9AVES,0.0804925085
MACMU,9CHIR,0.012390948999999998
MACMU,9CICH,0.48647132549999994
MACMU,9PASE,0.093877879
MACMU,9PASS,0.118468285
MACMU,9PLAT,3.9892110054999996
MACMU,9PRIM,0.004319129
MACMU,9SAUR,0.113721145
MACMU,9TELE,0.49633455149999994
MACMU,ACIJB,0.030289142
MACMU,ACIOX,0.18978636599999998
MACMU,AILME,0.042881827
MACMU,ALLSI,0.05844265900000001
MACMU,ANOCA,0.050828928
MACMU,ARAGI,0.647948983
MACMU,ARCCL,0.04877242300000001
MACMU,ASEST,0.06690041499999999
MACMU,ATHCN,0.213452399
MACMU,AUSLI,0.4917390395
MACMU,AYTFU,0.088272771
MACMU,BALAC,0.0307127165
MACMU,BALMU,0.03222589000000001
MACMU,BETSP,0.48062950699999996
MACMU,BISBB,0.034430459
MACMU,BOSGR,0.022613835
MACMU,BOSIN,0.03376861
MACMU,BOVIN,0.029216744500000003
MACMU,CALJA,0.0012887060000000001
MACMU,CALUR,0.04230692
MACMU,CAMBA,0.0380867845
MACMU,CAMFR,0.03431938200000001
MACMU,CANLF,0.059484442
MACMU,CAPHI,0.044923372
MACMU,CASCN,0.0522282525
MACMU,CATUS,0.162880365
MACMU,CAVPO,0.007191003
MACMU,CEBIM,0.025888289000000002
MACMU,CHACN,0.354593552
MACMU,CHEAB,0.068611007
MACMU,CHESE,0.06858266299999999
MACMU,CHICK,0.0762770305
MACMU,CHILA,0.023322195000000004
MACMU,CHRAS,0.025840658
MACMU,CLUHA,0.473286989
MACMU,COEFR,0.075469655
MACMU,COTCN,3.110604156
MACMU,COTGO,0.47014161
MACMU,COTJA,0.30426779000000004
MACMU,CRIGR,0.010524288
MACMU,CROAD,0.407691959
MACMU,CROPO,0.054821413
MACMU,CYACU,0.166626838
MACMU,CYNSP,0.08840588999999999
MACMU,DANRE,0.48428090449999994
MACMU,DELLE,0.064440995
MACMU,DIPOR,0.0649937745
MACMU,ECHTE,0.061635487
MACMU,EOSFB,0.014274395999999998
MACMU,EQUAS,0.011808137
MACMU,EQUPR,0.010157928
MACMU,ERIEU,0.0220499415
MACMU,EUBMA,0.090125135
MACMU,FELCA,0.037603408000000005
MACMU,FICAL,0.15110427399999998
MACMU,GALVR,0.005391182
MACMU,GEKGE,0.08076973700000001
MACMU,GEKJA,0.124518819
MACMU,GEOFO,0.11804415800000001
MACMU,GEOSA,0.054242056000000004
MACMU,GORGO,0.068473543
MACMU,GYMAC,0.523752215
MACMU,HETGA,0.083092584
MACMU,HIPAR,0.070668177
MACMU,HUMAN,0.04043759400000001
MACMU,HYLLA,0.011086661000000001
MACMU,ICTPU,0.3829269895
MACMU,LATCH,0.177551813
MACMU,LEPWE,0.03382971850000001
MACMU,LOXAF,0.025311772000000003
MACMU,MACMU,2e-08
MACMU,MARMA,0.014311067
MACMU,MELGA,0.074380053
MACMU,MELUD,0.08850910649999999
MACMU,MERPO,1.921487002
MACMU,MESAU,0.010548253
MACMU,MICMU,0.004319109
MACMU,MICOH,0.007360732
MACMU,MONDO,0.07097635899999999
MACMU,MONMO,0.0220776735
MACMU,MOUSE,0.019078711
MACMU,MUSCR,0.022999409
MACMU,MUSPF,0.045183745000000004
MACMU,MYOLU,0.08793600499999998
MACMU,MYOPI,0.015696009000000004
MACMU,NAJNA,0.115593482
MACMU,NEOAA,0.0354074545
MACMU,NEOSC,0.045743705
MACMU,NOMLE,0.01108663
MACMU,NOTPE,0.102440704
MACMU,OCTDE,0.04972317600000001
MACMU,ODORO,0.037950356000000005
MACMU,ODOVR,0.030836354000000003
MACMU,ORNAN,0.08800513700000001
MACMU,ORYAF,0.039704838000000006
MACMU,PANGU,0.29611643
MACMU,PANPA,1.5000000000000002e-08
MACMU,PANPR,0.030289157
MACMU,PANTR,0.000778796
MACMU,PARLB,0.07329693600000001
MACMU,PATFA,0.1545318235
MACMU,PELSI,0.071961267
MACMU,PHACI,0.054821403000000005
MACMU,PHOSS,0.042574054
MACMU,PHYMC,0.037638252500000004
MACMU,PONAB,0.001286166
MACMU,PONPY,0.001286171
MACMU,PROSS,0.028972632
MACMU,PSETE,0.116785305
MACMU,PTEVA,0.078103602
MACMU,PUMCO,0.044954376000000004
MACMU,PYTBI,0.102583706
MACMU,RAT,0.010646739000000002
MACMU,RHIFE,0.07474059899999999
MACMU,RHIRO,0.001557593
MACMU,SACKO,1.71718904
MACMU,SAGOE,0.26335437500000003
MACMU,SALNM,0.404199022
MACMU,SAPAP,0.011088943
MACMU,SARHA,0.06941270399999999
MACMU,SCHHA,5.051724059
MACMU,SURSU,0.041553382
MACMU,TAEGU,0.07284518400000001
MACMU,TAPME,0.006182853
MACMU,TRASC,0.07021070199999999
MACMU,TRIMA,0.074197117
MACMU,TURTR,0.035407454000000005
MACMU,TYLPA,0.04949653600000001
MACMU,UROPR,0.014311067
MACMU,URSMA,0.107261562
MACMU,VICPA,0.0540460685
MACMU,VULVU,0.039280472500000004
MACMU,XENLA,0.0829360815
MACMU,XENTR,0.074319491
MACMU,ZALCA,0.04076524300000001
MARMA,9SAUR,0.40232466899999997
MARMA,CALJA,0.051697804
MARMA,CHILA,0.034518062
MARMA,CHRAS,0.07105769049999999
MARMA,CYNSP,0.080543593
MARMA,EOSFB,0.006412125
MARMA,GORGO,0.060611245999999994
MARMA,HETGA,0.07523028699999999
MARMA,HUMAN,0.031772106
MARMA,HYLLA,0.0032244160000000003
MARMA,NOMLE,0.012753489000000002
MARMA,PANGU,0.28825413299999997
MARMA,PANTR,0.0135322865
MARMA,PONAB,0.015597181
MARMA,PONPY,0.015597185999999999
MARMA,PTEVA,0.070241305
MARMA,PUMCO,0.055031227
MARMA,TAPME,0.01737872
MARMA,TRIMA,0.06633481499999999
MARMA,UROPR,1e-08
MELGA,9AMPH,0.103535064
MELGA,9AVES,0.0522152495
MELGA,9CHIR,0.10495259500000001
MELGA,9CICH,0.45662091299999996
MELGA,9PASE,0.010238862000000001
MELGA,9PASS,0.214866035
MELGA,9PLAT,3.966847742
MELGA,9PRIM,0.075584026
MELGA,9SAUR,0.06689511000000001
MELGA,9TELE,0.478740025
MELGA,ACIJB,0.08708927899999999
MELGA,ACIOX,0.159935951
MELGA,AILME,0.09968196400000001
MELGA,ALLSI,0.028592244000000003
MELGA,ARAGI,0.735271668
MELGA,ARCCL,0.10557256000000001
MELGA,ASEST,0.12370055199999999
MELGA,ATHCN,0.12191309750000001
MELGA,AUSLI,0.4618886245
MELGA,AYTFU,0.05842235600000001
MELGA,BALAC,0.10300612649999999
MELGA,BALMU,0.103490787
MELGA,BETSP,0.45077909699999996
MELGA,BISBB,0.10569535599999999
MELGA,BOSGR,0.09387873199999999
MELGA,BOSIN,0.12361541300000001
MELGA,BOVIN,0.1004816415
MELGA,CALJA,0.130824998
MELGA,CALUR,0.099107057
MELGA,CAMBA,0.107871557
MELGA,CAMFR,0.09111951900000001
MELGA,CANLF,0.116284579
MELGA,CASCN,0.11054407299999999
MELGA,CATUS,0.152249885
MELGA,CAVPO,0.07845587400000001
MELGA,CEBIM,0.097153186
MELGA,CHACN,0.32474313699999996
MELGA,CHEAB,0.038760591999999996
MELGA,CHESE,0.038732248
MELGA,CHICK,0.041560365
MELGA,CHILA,0.094587092
MELGA,CHRAS,0.10353837099999999
MELGA,CLUHA,0.443436574
MELGA,COEFR,0.132269792
MELGA,COTCN,3.080753741
MELGA,COTGO,0.44029119499999997
MELGA,COTJA,0.269838969
MELGA,CRIGR,0.081789185
MELGA,CROPO,0.01955865
MELGA,CYNSP,0.15967078699999998
MELGA,DANRE,0.45443049599999996
MELGA,DELLE,0.135705892
MELGA,DIPOR,0.12179391
MELGA,ECHTE,0.118435624
MELGA,EOSFB,0.085539293
MELGA,EQUAS,0.0677831495
MELGA,EQUPR,0.083195614
MELGA,ERIEU,0.0933148385
MELGA,EUBMA,0.060274720000000004
MELGA,FELCA,0.094403545
MELGA,FICAL,0.12424842000000001
MELGA,GEKGE,0.050919322
MELGA,GEOSA,0.12673033449999999
MELGA,GORGO,0.14722559149999997
MELGA,GYMAC,0.49390179999999995
MELGA,HETGA,0.154357481
MELGA,HIPAR,0.127468314
MELGA,HUMAN,0.11740727299999999
MELGA,HYLLA,0.08235155799999999
MELGA,ICTPU,0.3600868
MELGA,LATCH,0.147701398
MELGA,LEPWE,0.0906298555
MELGA,LOXAF,0.096576669
MELGA,MARMA,0.085575964
MELGA,MELGA,0.047675949999999995
MELGA,MELUD,0.047873400999999996
MELGA,MERPO,1.891636587
MELGA,MICMU,0.075584006
MELGA,MICOH,0.078625603
MELGA,MONDO,0.041125944
MELGA,MONMO,0.0933425705
MELGA,MOUSE,0.09034360799999999
MELGA,MUSCR,0.09426430599999999
MELGA,MUSPF,0.101983887
MELGA,MYOPI,0.086960906
MELGA,NEOAA,0.1173912375
MELGA,NEOSC,0.102543837
MELGA,NOMLE,0.102559163
MELGA,OCTDE,0.106523313
MELGA,ODORO,0.094750496
MELGA,ODOVR,0.102101251
MELGA,ORNAN,0.058154722000000006
MELGA,ORYAF,0.09650497499999999
MELGA,PANGU,0.367381327
MELGA,PANPR,0.087089289
MELGA,PANTR,0.073511988
MELGA,PARLB,0.11882537500000001
MELGA,PATFA,0.12286488100000001
MELGA,PELSI,0.042110852000000004
MELGA,PHOSS,0.113838951
MELGA,PHYMC,0.10975141899999999
MELGA,PONAB,0.075666167
MELGA,PONPY,0.075666172
MELGA,PROSS,0.0764795335
MELGA,PTEVA,0.149368499
MELGA,PUMCO,0.119396052
MELGA,RAT,0.081911636
MELGA,RHIFE,0.131540736
MELGA,RHIRO,0.07282249
MELGA,SACKO,1.6873386250000002
MELGA,SAGOE,0.320154512
MELGA,SALNM,0.374348607
MELGA,SAPAP,0.08235384
MELGA,SARHA,0.039562289
MELGA,SCHHA,5.021873644
MELGA,SURSU,0.098353519
MELGA,TAEGU,0.042994764000000005
MELGA,TAPME,0.07744775
MELGA,TRASC,0.040360287
MELGA,TRIMA,0.146647784
MELGA,TURTR,0.106672351
MELGA,TYLPA,0.10629667300000001
MELGA,UROPR,0.085575964
MELGA,URSMA,0.164061699
MELGA,VICPA,0.1234814655
MELGA,VULVU,0.10548007100000001
MELGA,XENLA,0.1284645205
MELGA,XENTR,0.119847925
MELGA,ZALCA,0.09756538000000001
MELUD,9AMPH,0.12398209350000002
MELUD,9ANUR,0.192515481
MELUD,9AVES,0.051475964
MELUD,9CHIR,0.11027251199999999
MELUD,9CICH,0.470749964
MELUD,9PASE,0.00856284
MELUD,9PASS,0.2289950885
MELUD,9PLAT,3.9734896440000003
MELUD,9PRIM,0.090874439
MELUD,9SAUR,0.06842094900000001
MELUD,9TELE,0.483867375
MELUD,ACIJB,0.10133012400000001
MELUD,ACIOX,0.1740650045
MELUD,AILME,0.1115868345
MELUD,ALLSI,0.0427212975
MELUD,ARAGI,0.7419135699999999
MELUD,ARCCL,0.1197016135
MELUD,ASEST,0.1378296055
MELUD,ATHCN,0.141424636
MELUD,AUSLI,0.4768988315
MELUD,AYTFU,0.0725514095
MELUD,BALAC,0.130038257
MELUD,BALMU,0.11761984049999999
MELUD,BETSP,0.4788397355
MELUD,BISBB,0.1198244095
MELUD,BOSGR,0.10800778550000001
MELUD,BOSIN,0.121939396
MELUD,BOVIN,0.114610695
MELUD,CALJA,0.1449540515
MELUD,CALUR,0.11323611050000001
MELUD,CAMBA,0.121063876
MELUD,CAMFR,0.1052485725
MELUD,CANLF,0.13041363250000002
MELUD,CASCN,0.13671193450000002
MELUD,CATUS,0.122710658
MELUD,CAVPO,0.0925849275
MELUD,CEBIM,0.11128223949999999
MELUD,CHACN,0.338777639
MELUD,CHEAB,0.0528896455
MELUD,CHESE,0.0528613015
MELUD,CHICK,0.050866682999999996
MELUD,CHILA,0.1087161455
MELUD,CHRAS,0.1251661985
MELUD,CLUHA,0.45756562749999996
MELUD,COEFR,0.1463988455
MELUD,COTCN,3.0948827945
MELUD,COTGO,0.45442024849999996
MELUD,COTJA,0.218917804
MELUD,CRIGR,0.0959182385
MELUD,CROPO,0.0336877035
MELUD,CYACU,0.081311785
MELUD,CYNSP,0.1737998405
MELUD,DANRE,0.47179256049999996
MELUD,DELLE,0.1498349455
MELUD,DIPOR,0.142390134
MELUD,ECHTE,0.1325646775
MELUD,EOSFB,0.0996683465
MELUD,EQUAS,0.09501869099999999
MELUD,EQUPR,0.09501871349999999
MELUD,ERIEU,0.109520546
MELUD,EUBMA,0.07440377349999999
MELUD,FELCA,0.10932873900000001
MELUD,FICAL,0.068456092
MELUD,GEKGE,0.0650483755
MELUD,GEKJA,0.022078120000000003
MELUD,GEOFO,0.019546257
MELUD,GEOSA,0.127831146
MELUD,GORGO,0.1538674935
MELUD,GYMAC,0.5080308535
MELUD,HETGA,0.16848653449999998
MELUD,HIPAR,0.1415973675
MELUD,HUMAN,0.1350741955
MELUD,HYLLA,0.09648061150000001
MELUD,ICTPU,0.38113721899999997
MELUD,LATCH,0.16183045150000003
MELUD,LEPWE,0.10475890900000001
MELUD,LOXAF,0.11070572249999999
MELUD,MARMA,0.09970501749999999
MELUD,MELGA,0.018873826
MELUD,MELUD,0.046197379
MELUD,MERPO,1.9057656404999999
MELUD,MICMU,0.09159771950000001
MELUD,MICOH,0.0927546565
MELUD,MONDO,0.0552549975
MELUD,MONMO,0.107471624
MELUD,MOUSE,0.1044726615
MELUD,MUSCR,0.1083933595
MELUD,MUSPF,0.1155597015
MELUD,MYOPI,0.10108995949999999
MELUD,NEOAA,0.125452193
MELUD,NEOSC,0.1146888045
MELUD,NOMLE,0.105647662
MELUD,OCTDE,0.12065236650000001
MELUD,ODORO,0.1075827295
MELUD,ODOVR,0.11623030449999999
MELUD,ORNAN,0.07228377550000001
MELUD,ORYAF,0.11063402850000001
MELUD,PANGU,0.38151038049999997
MELUD,PANPR,0.10556483550000001
MELUD,PANTR,0.087730326
MELUD,PARLB,0.1329544285
MELUD,PATFA,0.123062332
MELUD,PELSI,0.05623990549999999
MELUD,PHOSS,0.1279680045
MELUD,PHYMC,0.127316071
MELUD,PONAB,0.0897952205
MELUD,PONPY,0.0897952255
MELUD,PROSS,0.09060858699999999
MELUD,PTEVA,0.150462015
MELUD,PUMCO,0.129815164
MELUD,RAT,0.0960406895
MELUD,RHIFE,0.14306278300000003
MELUD,RHIRO,0.0869515435
MELUD,SACKO,1.7014676785
MELUD,SAGOE,0.3342835655
MELUD,SALNM,0.3884776605
MELUD,SAPAP,0.0964828935
MELUD,SARHA,0.0536913425
MELUD,SCHHA,5.036002697500001
MELUD,SURSU,0.1107302175
MELUD,TAEGU,0.069519782
MELUD,TAPME,0.0915768035
MELUD,TRASC,0.0544893405
MELUD,TRIMA,0.172917957
MELUD,TURTR,0.119911497
MELUD,TYLPA,0.1204257265
MELUD,UROPR,0.09970501749999999
MELUD,URSMA,0.17819075250000002
MELUD,VICPA,0.124975259
MELUD,VULVU,0.1196410475
MELUD,XENLA,0.144076295
MELUD,XENTR,0.13556546400000002
MELUD,ZALCA,0.1116944335
MERPO,9AMPH,1.943028389
MERPO,9CHIR,1.930762795
MERPO,9PASS,2.1088347215
MERPO,9PLAT,3.9345253875
MERPO,9PRIM,1.922690975
MERPO,9SAUR,2.328558812
MERPO,9TELE,1.6997897119999998
MERPO,ACIJB,1.934196228
MERPO,ACIOX,1.80569936
MERPO,AILME,1.946788913
MERPO,ARAGI,1.616381099
MERPO,ARCCL,1.952679509
MERPO,ASEST,1.970807501
MERPO,ATHCN,1.945105974
MERPO,AYTFU,1.8742340450000001
MERPO,BALAC,1.9490845625
MERPO,BALMU,1.950597736
MERPO,BISBB,1.952802305
MERPO,BOSGR,1.940985681
MERPO,BOSIN,1.940985694
MERPO,BOVIN,1.9475885905
MERPO,CALJA,1.977931947
MERPO,CALUR,1.946214006
MERPO,CAMBA,1.9419938705
MERPO,CAMFR,1.9382264679999999
MERPO,CANLF,1.963391528
MERPO,CASCN,1.956135336
MERPO,CATUS,2.0247400285
MERPO,CAVPO,1.925562823
MERPO,CEBIM,1.944260135
MERPO,CHACN,1.699521652
MERPO,CHICK,1.857372054
MERPO,CHILA,1.941694041
MERPO,CHRAS,1.944212499
MERPO,COEFR,1.979376741
MERPO,COTCN,3.0559185380000002
MERPO,COTJA,2.116945918
MERPO,CRIGR,1.928896134
MERPO,CYNSP,2.006777736
MERPO,DANRE,1.7811646104999999
MERPO,DELLE,1.9828128409999999
MERPO,DIPOR,1.968900859
MERPO,ECHTE,1.965542573
MERPO,EOSFB,1.932646242
MERPO,EQUAS,1.9148900985
MERPO,EQUPR,1.914065009
MERPO,ERIEU,1.9404217875
MERPO,FELCA,1.941510494
MERPO,FICAL,1.940060109
MERPO,GEKGE,1.858009575
MERPO,GEOSA,1.9468774395000001
MERPO,GORGO,1.986845389
MERPO,HETGA,2.00146443
MERPO,HIPAR,1.974575263
MERPO,HUMAN,1.95880944
MERPO,HYLLA,1.929458507
MERPO,ICTPU,1.6798107
MERPO,LEPWE,1.9377368045
MERPO,LOXAF,1.943683618
MERPO,MARMA,1.932682913
MERPO,MICMU,1.922690955
MERPO,MICOH,1.925732552
MERPO,MONMO,1.9404495195
MERPO,MOUSE,1.937450557
MERPO,MUSCR,1.941371255
MERPO,MUSPF,1.9490908359999999
MERPO,MYOPI,1.934067855
MERPO,NEOAA,1.9537793005
MERPO,NEOSC,1.9496507859999999
MERPO,NOMLE,1.929458476
MERPO,OCTDE,1.953630262
MERPO,ODORO,1.941857445
MERPO,ODOVR,1.9492082
MERPO,ORYAF,1.943611924
MERPO,PANGU,2.214488276
MERPO,PANPR,1.934196238
MERPO,PANTR,1.920618937
MERPO,PARLB,1.965932324
MERPO,PATFA,1.93867657
MERPO,PHOSS,1.9609459
MERPO,PHYMC,1.9560100935
MERPO,PONAB,1.922773116
MERPO,PONPY,1.9227731209999999
MERPO,PROSS,1.9235864825
MERPO,PTEVA,1.996475448
MERPO,PUMCO,1.948861457
MERPO,RAT,1.929018585
MERPO,RHIFE,1.9786476849999999
MERPO,RHIRO,1.919929439
MERPO,SACKO,2.064789796
MERPO,SAGOE,2.167261461
MERPO,SAPAP,1.929460789
MERPO,SARHA,1.855373998
MERPO,SCHHA,4.997038441
MERPO,SURSU,1.945460468
MERPO,TAEGU,1.858806453
MERPO,TAPME,1.924554699
MERPO,TRIMA,1.993754733
MERPO,TURTR,1.9537792999999999
MERPO,TYLPA,1.953403622
MERPO,UROPR,1.932682913
MERPO,URSMA,2.011168648
MERPO,VICPA,1.9579531545
MERPO,VULVU,1.9431875585
MERPO,XENLA,1.9755714695000002
MERPO,XENTR,1.966954874
MERPO,ZALCA,1.9446723289999999
MESAU,9AMPH,0.05444723
MESAU,9ANUR,0.28188476300000004
MESAU,9AVES,0.0845467375
MESAU,9CHIR,0.019824045999999998
MESAU,9CICH,0.490525557
MESAU,9PASE,0.097932108
MESAU,9PASS,0.122522514
MESAU,9PLAT,3.9932652345
MESAU,9PRIM,0.011752226000000001
MESAU,9SAUR,0.117775374
MESAU,9TELE,0.5003887805
MESAU,ACIJB,0.034343371
MESAU,ACIOX,0.193840595
MESAU,AILME,0.046936056000000004
MESAU,ALLSI,0.062496888
MESAU,ANOCA,0.054883157
MESAU,ARAGI,0.652003212
MESAU,ARCCL,0.052826652
MESAU,ASEST,0.070954644
MESAU,ATHCN,0.21750662799999998
MESAU,AUSLI,0.4957932685
MESAU,AYTFU,0.092327
MESAU,BALAC,0.0381458135
MESAU,BALMU,0.039658987
MESAU,BETSP,0.48468373600000003
MESAU,BISBB,0.041863555999999996
MESAU,BOSGR,0.030046932
MESAU,BOSIN,0.039512273
MESAU,BOVIN,0.0366498415
MESAU,CALJA,0.066993198
MESAU,CALUR,0.046361149
MESAU,CAMBA,0.0421410135
MESAU,CAMFR,0.038373611
MESAU,CANLF,0.06353867099999999
MESAU,CAPHI,0.048977600999999996
MESAU,CASCN,0.056282478999999996
MESAU,CATUS,0.166934594
MESAU,CAVPO,0.014624074
MESAU,CEBIM,0.033321386
MESAU,CHACN,0.358647781
MESAU,CHEAB,0.072665236
MESAU,CHESE,0.072636892
MESAU,CHICK,0.080331262
MESAU,CHILA,0.030755292
MESAU,CHRAS,0.033273750000000005
MESAU,CLUHA,0.477341218
MESAU,COEFR,0.079523884
MESAU,COTCN,3.114658385
MESAU,COTGO,0.474195839
MESAU,COTJA,0.308322019
MESAU,CRIGR,0.017957385
MESAU,CROAD,0.411746188
MESAU,CROPO,0.058875642
MESAU,CYACU,0.17068106700000002
MESAU,CYNSP,0.095838987
MESAU,DANRE,0.4883351335
MESAU,DELLE,0.071874092
MESAU,DIPOR,0.069048002
MESAU,ECHTE,0.06568971600000001
MESAU,EOSFB,0.021707493
MESAU,EQUAS,0.015862366
MESAU,EQUPR,0.014212157
MESAU,ERIEU,0.0294830385
MESAU,EUBMA,0.094179364
MESAU,FELCA,0.041657637
MESAU,FICAL,0.155158503
MESAU,GEKGE,0.084823966
MESAU,GEKJA,0.128573048
MESAU,GEOFO,0.122098387
MESAU,GEOSA,0.058296280500000006
MESAU,GORGO,0.07590664
MESAU,GYMAC,0.527806444
MESAU,HETGA,0.090525681
MESAU,HIPAR,0.074722406
MESAU,HUMAN,0.04787069099999999
MESAU,HYLLA,0.018519758
MESAU,ICTPU,0.386981223
MESAU,LATCH,0.181606042
MESAU,LEPWE,0.0378839475
MESAU,LOXAF,0.032744868999999996
MESAU,MARMA,0.021744164
MESAU,MELGA,0.078434282
MESAU,MELUD,0.0925633355
MESAU,MERPO,1.925541231
MESAU,MESAU,1e-08
MESAU,MICMU,0.011752206
MESAU,MICOH,0.014793803
MESAU,MONDO,0.075030588
MESAU,MONMO,0.0295107705
MESAU,MOUSE,0.026511807999999998
MESAU,MUSCR,0.030432505999999998
MESAU,MUSPF,0.049237979
MESAU,MYOLU,0.091990234
MESAU,MYOPI,0.023129106
MESAU,NAJNA,0.11964771099999999
MESAU,NEOAA,0.0428405515
MESAU,NEOSC,0.049797929000000005
MESAU,NOMLE,0.018519727
MESAU,NOTPE,0.106494933
MESAU,OCTDE,0.053777405
MESAU,ODORO,0.042004588
MESAU,ODOVR,0.038269450999999996
MESAU,ORNAN,0.092059366
MESAU,ORYAF,0.043759067
MESAU,PANGU,0.303549527
MESAU,PANPR,0.034343381
MESAU,PANTR,0.009680188
MESAU,PARLB,0.077351165
MESAU,PATFA,0.15858605250000002
MESAU,PELSI,0.076015496
MESAU,PHACI,0.058875632
MESAU,PHOSS,0.050007151
MESAU,PHYMC,0.045071348
MESAU,PONAB,0.011834367
MESAU,PONPY,0.011834372
MESAU,PROSS,0.034716295
MESAU,PSETE,0.120839534
MESAU,PTEVA,0.085536699
MESAU,PUMCO,0.0490086
MESAU,PYTBI,0.10663793499999999
MESAU,RAT,0.018079836000000002
MESAU,RHIFE,0.078794828
MESAU,RHIRO,0.010917451000000002
MESAU,SACKO,1.721243269
MESAU,SAGOE,0.267408604
MESAU,SALNM,0.408253251
MESAU,SAPAP,0.01852204
MESAU,SARHA,0.073466933
MESAU,SCHHA,5.055778288000001
MESAU,SURSU,0.045607611
MESAU,TAEGU,0.076899408
MESAU,TAPME,0.01361595
MESAU,TRASC,0.07426493099999999
MESAU,TRIMA,0.0828159865
MESAU,TURTR,0.042840551
MESAU,TYLPA,0.053550765
MESAU,UROPR,0.021744164
MESAU,URSMA,0.111315791
MESAU,VICPA,0.0581002975
MESAU,VULVU,0.0433347015
MESAU,XENLA,0.0869903105
MESAU,XENTR,0.078373715
MESAU,ZALCA,0.044819472
MICMU,9CHIR,0.013594867
MICMU,9SAUR,0.41139088900000004
MICMU,BALAC,0.031916642
MICMU,BALMU,0.033429813
MICMU,BISBB,0.035634382
MICMU,BOSGR,0.023817761
MICMU,BOSIN,0.023817765999999997
MICMU,BOVIN,0.0323053275
MICMU,CALJA,0.060764024
MICMU,CEBIM,0.027092211999999997
MICMU,CHILA,0.024526118
MICMU,CHRAS,0.025290914
MICMU,CRIGR,0.009974505
MICMU,CYNSP,0.089609813
MICMU,DELLE,0.06564491800000001
MICMU,EOSFB,0.015478319
MICMU,EQUPR,0.027897005
MICMU,ERIEU,0.025079816499999998
MICMU,GORGO,0.07156212599999999
MICMU,HETGA,0.084296507
MICMU,HUMAN,0.043804465
MICMU,HYLLA,0.012290584
MICMU,LOXAF,0.026515695
MICMU,MARMA,0.015514990000000001
MICMU,MICMU,0.00376934
MICMU,MONMO,0.023281596499999998
MICMU,MOUSE,0.021021322000000002
MICMU,MUSCR,0.024203331999999998
MICMU,MYOPI,0.016899932
MICMU,NEOAA,0.0384960375
MICMU,NOMLE,0.009410702
MICMU,ODOVR,0.032040277
MICMU,PANGU,0.29732035300000004
MICMU,PANTR,0.004319084
MICMU,PHOSS,0.043777976999999996
MICMU,PHYMC,0.0426114895
MICMU,PONAB,0.0056052229999999995
MICMU,PONPY,0.005605227999999999
MICMU,PROSS,0.00197828
MICMU,PTEVA,0.0802035775
MICMU,PUMCO,0.064097447
MICMU,RAT,0.011850662000000001
MICMU,SAPAP,0.012292866
MICMU,TAPME,0.007386775999999999
MICMU,TRIMA,0.076586806
MICMU,TURTR,0.038496037
MICMU,UROPR,0.015514990000000001
MICOH,9CHIR,0.015192535
MICOH,9PRIM,0.008564704999999999
MICOH,9SAUR,0.41443254199999996
MICOH,BALAC,0.03495829
MICOH,BALMU,0.036471466
MICOH,BISBB,0.038676035
MICOH,BOSGR,0.026859411
MICOH,BOSIN,0.026859419
MICOH,BOVIN,0.0334623205
MICOH,CALJA,0.063805677
MICOH,CAVPO,0.006040359
MICOH,CEBIM,0.030133865000000003
MICOH,CHILA,0.027567770999999998
MICOH,CHRAS,0.030086229
MICOH,CRIGR,0.014769863999999999
MICOH,CYNSP,0.092651466
MICOH,DELLE,0.068686571
MICOH,EOSFB,0.018519972
MICOH,EQUPR,0.0309386555
MICOH,ERIEU,0.0262955175
MICOH,GORGO,0.072719119
MICOH,HETGA,0.08733816
MICOH,HUMAN,0.044683169999999994
MICOH,HYLLA,0.015332237
MICOH,LOXAF,0.029557347999999997
MICOH,MARMA,0.018556642999999998
MICOH,MICMU,0.008564684999999999
MICOH,MONMO,0.0263232495
MICOH,MOUSE,0.023324287
MICOH,MUSCR,0.027244985
MICOH,MYOPI,0.019941584999999998
MICOH,NEOAA,0.0396530305
MICOH,NOMLE,0.010567685
MICOH,ODOVR,0.03508193
MICOH,PANGU,0.30036200599999996
MICOH,PANTR,0.006492667
MICOH,PHOSS,0.04681963
MICOH,PHYMC,0.0418838235
MICOH,PONAB,0.008646846
MICOH,PONPY,0.008646851
MICOH,PROSS,0.009460212499999999
MICOH,PTEVA,0.082349178
MICOH,PUMCO,0.0671391
MICOH,RAT,0.014892315
MICOH,RHIRO,0.0058031689999999995
MICOH,SAPAP,0.015334519
MICOH,TAPME,0.010428429
MICOH,TRIMA,0.07844268800000001
MICOH,TURTR,0.03965303
MICOH,UROPR,0.018556642999999998
MONDO,9AMPH,0.092517746
MONDO,9CHIR,0.080252152
MONDO,9CICH,0.42192196899999995
MONDO,9PASS,0.2583240785
MONDO,9PLAT,3.9246616465
MONDO,9PRIM,0.072180332
MONDO,9SAUR,0.033502578
MONDO,9TELE,0.4317851924999999
MONDO,ACIJB,0.083685585
MONDO,ACIOX,0.125237007
MONDO,AILME,0.09627827
MONDO,ARAGI,0.6930855725
MONDO,ARCCL,0.102168866
MONDO,ASEST,0.120296858
MONDO,ATHCN,0.094595341
MONDO,AUSLI,0.42718968049999995
MONDO,AYTFU,0.023723412000000003
MONDO,BALAC,0.0985739195
MONDO,BALMU,0.100087093
MONDO,BETSP,0.4160801479999999
MONDO,BISBB,0.102291662
MONDO,BOSGR,0.09047503800000001
MONDO,BOSIN,0.090475051
MONDO,BOVIN,0.0970779475
MONDO,CALJA,0.127421304
MONDO,CALUR,0.095703363
MONDO,CAMBA,0.0914832275
MONDO,CAMFR,0.087715825
MONDO,CANLF,0.112880885
MONDO,CASCN,0.10562469299999999
MONDO,CATUS,0.1742293905
MONDO,CAVPO,0.07505218000000001
MONDO,CEBIM,0.093749492
MONDO,CHACN,0.29004419299999995
MONDO,CHICK,0.0068614209999999995
MONDO,CHILA,0.091183398
MONDO,CHRAS,0.093701856
MONDO,CLUHA,0.40873762999999996
MONDO,COEFR,0.12886609799999998
MONDO,COTCN,3.046054797
MONDO,COTGO,0.40559225099999996
MONDO,COTJA,0.26643527499999997
MONDO,CRIGR,0.078385491
MONDO,CYNSP,0.156267093
MONDO,DANRE,0.41973154549999997
MONDO,DELLE,0.13230219799999998
MONDO,DIPOR,0.118390216
MONDO,ECHTE,0.11503193
MONDO,EOSFB,0.082135599
MONDO,EQUAS,0.0643794555
MONDO,EQUPR,0.063554366
MONDO,ERIEU,0.0899111445
MONDO,EUBMA,0.025575776
MONDO,FELCA,0.090999851
MONDO,FICAL,0.08954947599999999
MONDO,GEKGE,0.016220378
MONDO,GEOSA,0.0963667965
MONDO,GORGO,0.136334746
MONDO,GYMAC,0.45920285599999994
MONDO,HETGA,0.150953787
MONDO,HIPAR,0.12406462
MONDO,HUMAN,0.108298797
MONDO,HYLLA,0.078947864
MONDO,ICTPU,0.318377635
MONDO,LATCH,0.113002454
MONDO,LEPWE,0.08722616150000001
MONDO,LOXAF,0.09317297499999999
MONDO,MARMA,0.08217226999999999
MONDO,MERPO,1.856937643
MONDO,MICMU,0.072180312
MONDO,MICOH,0.075221909
MONDO,MONDO,1e-08
MONDO,MONMO,0.0899388765
MONDO,MOUSE,0.086939914
MONDO,MUSCR,0.090860612
MONDO,MUSPF,0.09858019300000001
MONDO,MYOPI,0.08355721199999999
MONDO,NEOAA,0.1032686575
MONDO,NEOSC,0.09914014300000001
MONDO,NOMLE,0.078947833
MONDO,OCTDE,0.10311961900000001
MONDO,ODORO,0.091346802
MONDO,ODOVR,0.09869755699999999
MONDO,ORYAF,0.09310128100000001
MONDO,PANGU,0.36397763299999997
MONDO,PANPR,0.083685595
MONDO,PANTR,0.070108294
MONDO,PARLB,0.115421681
MONDO,PATFA,0.088165937
MONDO,PHOSS,0.11043525700000001
MONDO,PHYMC,0.1054994505
MONDO,PONAB,0.07226247300000001
MONDO,PONPY,0.072262478
MONDO,PROSS,0.07307583949999999
MONDO,PTEVA,0.145964805
MONDO,PUMCO,0.09835081400000001
MONDO,RAT,0.078507942
MONDO,RHIFE,0.128137042
MONDO,RHIRO,0.069418796
MONDO,SACKO,1.652639681
MONDO,SAGOE,0.316750818
MONDO,SALNM,0.339649663
MONDO,SAPAP,0.078950146
MONDO,SARHA,0.004863355
MONDO,SCHHA,4.987174700000001
MONDO,SURSU,0.094949825
MONDO,TAEGU,0.00829582
MONDO,TAPME,0.074044056
MONDO,TRIMA,0.14324409
MONDO,TURTR,0.103268657
MONDO,TYLPA,0.102892979
MONDO,UROPR,0.08217226999999999
MONDO,URSMA,0.160658005
MONDO,VICPA,0.1074425115
MONDO,VULVU,0.0926769155
MONDO,XENLA,0.1250608265
MONDO,XENTR,0.116444231
MONDO,ZALCA,0.094161686
MONMO,9SAUR,0.4100913535
MONMO,CALJA,0.059464488499999996
MONMO,CHILA,0.0422846685
MONMO,CHRAS,0.078824375
MONMO,CYNSP,0.08831027749999999
MONMO,EOSFB,0.0141787835
MONMO,ERIEU,0.017492561
MONMO,GORGO,0.06837793049999999
MONMO,HETGA,0.08299697149999999
MONMO,HUMAN,0.0395387905
MONMO,HYLLA,0.0109910485
MONMO,MARMA,0.0142154545
MONMO,MONMO,1.1e-08
MONMO,NOMLE,0.020520095500000002
MONMO,PANGU,0.2960208175
MONMO,PANTR,0.021298893
MONMO,PONAB,0.0233637875
MONMO,PONPY,0.0233637925
MONMO,PTEVA,0.07800798949999999
MONMO,PUMCO,0.0627979115
MONMO,SAPAP,0.0109887405
MONMO,TAPME,0.0251453265
MONMO,TRIMA,0.0741015
MONMO,UROPR,0.0142154545
MOUSE,9SAUR,0.408093257
MOUSE,BALAC,0.029357688
MOUSE,BALMU,0.030132181
MOUSE,BISBB,0.03233675
MOUSE,BOSGR,0.020520126
MOUSE,BOSIN,0.020520134000000002
MOUSE,BOVIN,0.0271230355
MOUSE,CALJA,0.057466392
MOUSE,CEBIM,0.023794580000000003
MOUSE,CHILA,0.039285706000000004
MOUSE,CHRAS,0.0768262785
MOUSE,CYNSP,0.086312181
MOUSE,DELLE,0.062347286
MOUSE,EOSFB,0.012180686999999999
MOUSE,EQUPR,0.024599368000000003
MOUSE,ERIEU,0.0199562325
MOUSE,GORGO,0.066379834
MOUSE,HETGA,0.080998875
MOUSE,HUMAN,0.038343884999999994
MOUSE,HYLLA,0.008992952
MOUSE,MARMA,0.012217358000000001
MOUSE,MONMO,0.0199839645
MOUSE,MOUSE,0.0014774220000000002
MOUSE,NEOAA,0.0333137455
MOUSE,NOMLE,0.013257027
MOUSE,ODOVR,0.028742645000000004
MOUSE,PANGU,0.294022721
MOUSE,PANTR,0.0182999305
MOUSE,PHOSS,0.040480345
MOUSE,PHYMC,0.0362832255
MOUSE,PONAB,0.020364825
MOUSE,PONPY,0.02036483
MOUSE,PTEVA,0.076009893
MOUSE,PUMCO,0.06079981549999999
MOUSE,SAPAP,0.008995234
MOUSE,TAPME,0.022146364
MOUSE,TRIMA,0.0725504905
MOUSE,TURTR,0.033313745000000006
MOUSE,UROPR,0.012217358000000001
MUSCR,9SAUR,0.412013955
MUSCR,BALAC,0.032539703
MUSCR,BALMU,0.034052879
MUSCR,BISBB,0.036257448
MUSCR,BOSGR,0.024440824
MUSCR,BOSIN,0.024440832
MUSCR,BOVIN,0.0310437335
MUSCR,CALJA,0.06138709
MUSCR,CEBIM,0.027715278000000003
MUSCR,CHILA,0.043206404000000004
MUSCR,CHRAS,0.0807469765
MUSCR,CYNSP,0.090232879
MUSCR,DELLE,0.066267984
MUSCR,EOSFB,0.016101385
MUSCR,EQUPR,0.028520068500000002
MUSCR,ERIEU,0.0238769305
MUSCR,GORGO,0.070300532
MUSCR,HETGA,0.084919573
MUSCR,HUMAN,0.042264582999999994
MUSCR,HYLLA,0.01291365
MUSCR,LOXAF,0.0023123769999999996
MUSCR,MARMA,0.016138056
MUSCR,MONMO,0.0239046625
MUSCR,MOUSE,0.005398106999999999
MUSCR,NEOAA,0.0372344435
MUSCR,NOMLE,0.017177725
MUSCR,ODOVR,0.032663343
MUSCR,PANGU,0.297943419
MUSCR,PANTR,0.0222206285
MUSCR,PHOSS,0.044401043
MUSCR,PHYMC,0.0394652365
MUSCR,PONAB,0.024285522999999996
MUSCR,PONPY,0.024285527999999997
MUSCR,PTEVA,0.079930591
MUSCR,PUMCO,0.06472051300000001
MUSCR,SAPAP,0.012915932
MUSCR,TAPME,0.026067062
MUSCR,TRIMA,0.076024101
MUSCR,TURTR,0.037234443
MUSCR,UROPR,0.016138056
MUSPF,9CHIR,0.053077704
MUSPF,9PRIM,0.046387723
MUSPF,9SAUR,0.45225556
MUSPF,ACIJB,0.0218341825
MUSPF,AILME,0.013570878
MUSPF,ARCCL,0.004970522
MUSPF,ASEST,0.05953272
MUSPF,BALAC,0.072781308
MUSPF,BALMU,0.074294484
MUSPF,BISBB,0.076499053
MUSPF,BOSGR,0.06468242099999999
MUSPF,BOSIN,0.064682432
MUSPF,BOVIN,0.0707320995
MUSPF,CALJA,0.10162869499999999
MUSPF,CALUR,0.043775027999999994
MUSPF,CAMBA,0.0357874875
MUSPF,CAMFR,0.03578749
MUSPF,CASCN,0.054976459500000005
MUSPF,CAVPO,0.049259570999999995
MUSPF,CEBIM,0.067956883
MUSPF,CHILA,0.065390789
MUSPF,CHRAS,0.06818460800000001
MUSPF,COEFR,0.06810196
MUSPF,CRIGR,0.052592881999999994
MUSPF,CYNSP,0.130474484
MUSPF,DELLE,0.10650958899999999
MUSPF,DIPOR,0.04346044
MUSPF,EOSFB,0.056342989999999996
MUSPF,EQUPR,0.0687616635
MUSPF,ERIEU,0.06356529650000001
MUSPF,FELCA,0.0162653995
MUSPF,GORGO,0.109988898
MUSPF,HETGA,0.12516117799999998
MUSPF,HIPAR,0.06330048199999999
MUSPF,HUMAN,0.082506188
MUSPF,HYLLA,0.053155255
MUSPF,LEPWE,0.0171449615
MUSPF,LOXAF,0.067380366
MUSPF,MARMA,0.056379661
MUSPF,MICMU,0.046387702999999995
MUSPF,MICOH,0.049429299999999995
MUSPF,MONMO,0.06414626699999999
MUSPF,MOUSE,0.0605041565
MUSPF,MUSCR,0.065068003
MUSPF,MUSPF,0.046651858
MUSPF,MYOPI,0.057764603
MUSPF,NEOAA,0.0769228095
MUSPF,NEOSC,0.029887548
MUSPF,NOMLE,0.047837463999999996
MUSPF,OCTDE,0.043184081
MUSPF,ODORO,0.020437002
MUSPF,ODOVR,0.072904948
MUSPF,ORYAF,0.05074629
MUSPF,PANGU,0.338185024
MUSPF,PANPR,0.02176383
MUSPF,PANTR,0.043801896
MUSPF,PHOSS,0.084642648
MUSPF,PHYMC,0.079706845
MUSPF,PONAB,0.046469859
MUSPF,PONPY,0.046469869000000004
MUSPF,PROSS,0.0467299915
MUSPF,PTEVA,0.119618957
MUSPF,PUMCO,0.103580274
MUSPF,RAT,0.052715332999999996
MUSPF,RHIFE,0.067372904
MUSPF,RHIRO,0.043626187
MUSPF,SAPAP,0.053157537
MUSPF,SURSU,0.021603224
MUSPF,TAPME,0.048251446999999996
MUSPF,TRIMA,0.116265701
MUSPF,TURTR,0.076922809
MUSPF,UROPR,0.056379661
MUSPF,VICPA,0.034398956
MUSPF,VULVU,0.036248349
MUSPF,ZALCA,0.042233351
MYOLU,9AMPH,0.12074907000000001
MYOLU,9ANUR,0.348186603
MYOLU,9AVES,0.1508485775
MYOLU,9CHIR,0.09721179799999999
MYOLU,9CICH,0.556827397
MYOLU,9PASE,0.16423394800000002
MYOLU,9PASS,0.188824354
MYOLU,9PLAT,4.0595670745
MYOLU,9PRIM,0.089139978
MYOLU,9SAUR,0.184077214
MYOLU,9TELE,0.5666906205
MYOLU,ACIJB,0.100645231
MYOLU,ACIOX,0.260142435
MYOLU,AILME,0.113237916
MYOLU,ALLSI,0.128798728
MYOLU,ANOCA,0.12118499699999999
MYOLU,ARAGI,0.718305052
MYOLU,ARCCL,0.11912851199999999
MYOLU,ASEST,0.137256504
MYOLU,ATHCN,0.283808488
MYOLU,AUSLI,0.5620951085
MYOLU,AYTFU,0.15862884
MYOLU,BALAC,0.11553356549999999
MYOLU,BALMU,0.117046739
MYOLU,BETSP,0.550985576
MYOLU,BISBB,0.119251308
MYOLU,BOSGR,0.107434684
MYOLU,BOSIN,0.107434697
MYOLU,BOVIN,0.11403759349999999
MYOLU,CALJA,0.14438095
MYOLU,CALUR,0.112663009
MYOLU,CAMBA,0.1084428735
MYOLU,CAMFR,0.10467547099999999
MYOLU,CANLF,0.12984053099999998
MYOLU,CASCN,0.12258433899999999
MYOLU,CATUS,0.233236434
MYOLU,CAVPO,0.092011826
MYOLU,CEBIM,0.110709138
MYOLU,CHACN,0.424949621
MYOLU,CHEAB,0.138967076
MYOLU,CHESE,0.138938732
MYOLU,CHICK,0.14663310200000002
MYOLU,CHILA,0.108143044
MYOLU,CHRAS,0.110661502
MYOLU,CLUHA,0.543643058
MYOLU,COEFR,0.14582574399999998
MYOLU,COTCN,3.180960225
MYOLU,COTGO,0.540497679
MYOLU,COTJA,0.374623859
MYOLU,CRIGR,0.095345137
MYOLU,CROAD,0.478048028
MYOLU,CROPO,0.125177482
MYOLU,CYACU,0.236982907
MYOLU,CYNSP,0.173226739
MYOLU,DANRE,0.5546369735
MYOLU,DELLE,0.14926184399999998
MYOLU,DIPOR,0.135349862
MYOLU,ECHTE,0.131991576
MYOLU,EOSFB,0.099095245
MYOLU,EQUAS,0.082164216
MYOLU,EQUPR,0.0805140095
MYOLU,ERIEU,0.10687079049999999
MYOLU,EUBMA,0.160481204
MYOLU,FELCA,0.107959497
MYOLU,FICAL,0.221460343
MYOLU,GEKGE,0.151125806
MYOLU,GEKJA,0.19487488800000002
MYOLU,GEOFO,0.188400227
MYOLU,GEOSA,0.1245981205
MYOLU,GORGO,0.153294392
MYOLU,GYMAC,0.5941082839999999
MYOLU,HETGA,0.167913433
MYOLU,HIPAR,0.141024266
MYOLU,HUMAN,0.125258443
MYOLU,HYLLA,0.09590751
MYOLU,ICTPU,0.453283063
MYOLU,LATCH,0.24790788200000002
MYOLU,LEPWE,0.1041858075
MYOLU,LOXAF,0.11013262099999999
MYOLU,MARMA,0.09913191599999999
MYOLU,MELGA,0.14473612200000002
MYOLU,MELUD,0.15886517549999998
MYOLU,MERPO,1.991843071
MYOLU,MICMU,0.08913995799999999
MYOLU,MICOH,0.092181555
MYOLU,MONDO,0.141332428
MYOLU,MONMO,0.1068985225
MYOLU,MOUSE,0.10389955999999999
MYOLU,MUSCR,0.10782025799999999
MYOLU,MUSPF,0.115539839
MYOLU,MYOPI,0.10051685799999999
MYOLU,NAJNA,0.185949551
MYOLU,NEOAA,0.1202283035
MYOLU,NEOSC,0.11609978900000001
MYOLU,NOMLE,0.09590747899999999
MYOLU,NOTPE,0.17279677300000001
MYOLU,OCTDE,0.120079265
MYOLU,ODORO,0.108306448
MYOLU,ODOVR,0.11565720299999999
MYOLU,ORNAN,0.158361206
MYOLU,ORYAF,0.110060927
MYOLU,PANGU,0.38093727899999996
MYOLU,PANPR,0.100645241
MYOLU,PANTR,0.08706794
MYOLU,PARLB,0.143653005
MYOLU,PATFA,0.2248878925
MYOLU,PELSI,0.14231733600000002
MYOLU,PHACI,0.125177472
MYOLU,PHOSS,0.127394903
MYOLU,PHYMC,0.12245909299999999
MYOLU,PONAB,0.089222119
MYOLU,PONPY,0.089222124
MYOLU,PROSS,0.06924182599999999
MYOLU,PSETE,0.187141374
MYOLU,PTEVA,0.162924451
MYOLU,PUMCO,0.11531046
MYOLU,PYTBI,0.17293977500000002
MYOLU,RAT,0.09546758799999999
MYOLU,RHIFE,0.145096688
MYOLU,RHIRO,0.086378442
MYOLU,SACKO,1.7875451089999999
MYOLU,SAGOE,0.333710464
MYOLU,SALNM,0.474555091
MYOLU,SAPAP,0.095909792
MYOLU,SARHA,0.139768773
MYOLU,SCHHA,5.122080128
MYOLU,SURSU,0.111909471
MYOLU,TAEGU,0.143201248
MYOLU,TAPME,0.09100370199999999
MYOLU,TRASC,0.140566771
MYOLU,TRIMA,0.1602037385
MYOLU,TURTR,0.120228303
MYOLU,TYLPA,0.11985262499999999
MYOLU,UROPR,0.09913191599999999
MYOLU,URSMA,0.177617651
MYOLU,VICPA,0.1244021575
MYOLU,VULVU,0.1096365615
MYOLU,XENLA,0.1532921505
MYOLU,XENTR,0.144675555
MYOLU,ZALCA,0.11112133199999999
MYOPI,9SAUR,0.42276774899999997
MYOPI,BALAC,0.043293497
MYOPI,BALMU,0.044806673
MYOPI,BISBB,0.047011241999999995
MYOPI,BOSGR,0.035194618
MYOPI,BOSIN,0.035194626
MYOPI,BOVIN,0.0417975275
MYOPI,CALJA,0.072140884
MYOPI,CEBIM,0.038469072
MYOPI,CHILA,0.035903004
MYOPI,CHRAS,0.0915007705
MYOPI,CYNSP,0.100986673
MYOPI,DELLE,0.077021778
MYOPI,EOSFB,0.026855179
MYOPI,EQUPR,0.0392738625
MYOPI,ERIEU,0.0346307245
MYOPI,GORGO,0.081054326
MYOPI,HETGA,0.095673367
MYOPI,HUMAN,0.053018377
MYOPI,HYLLA,0.023667444
MYOPI,LOXAF,0.037892555
MYOPI,MARMA,0.026891850000000002
MYOPI,MONMO,0.0346584565
MYOPI,MOUSE,0.031659493999999996
MYOPI,MUSCR,0.035580192
MYOPI,NEOAA,0.047988237499999996
MYOPI,NOMLE,0.018902922
MYOPI,ODOVR,0.043417137
MYOPI,PANGU,0.30869721299999997
MYOPI,PANTR,0.014827874
MYOPI,PHOSS,0.055154837
MYOPI,PHYMC,0.0502190305
MYOPI,PONAB,0.016982123000000002
MYOPI,PONPY,0.016982128
MYOPI,PTEVA,0.09068438499999999
MYOPI,PUMCO,0.075474307
MYOPI,RAT,0.023227522
MYOPI,SAPAP,0.023669726
MYOPI,TAPME,0.018763662
MYOPI,TRIMA,0.086777895
MYOPI,TURTR,0.047988237
MYOPI,UROPR,0.026891850000000002
NAJNA,9AMPH,0.137134869
NAJNA,9ANUR,0.31661872
NAJNA,9AVES,0.1192806945
NAJNA,9CHIR,0.12486927499999999
NAJNA,9CICH,0.525259514
NAJNA,9PASE,0.132666065
NAJNA,9PASS,0.157256471
NAJNA,9PLAT,4.027999191499999
NAJNA,9PRIM,0.116797455
NAJNA,9SAUR,0.108998894
NAJNA,9TELE,0.5351227375000001
NAJNA,ACIJB,0.128302708
NAJNA,ACIOX,0.228574552
NAJNA,AILME,0.140895393
NAJNA,ALLSI,0.097230845
NAJNA,ANOCA,0.07780600999999998
NAJNA,ARAGI,0.7964231175
NAJNA,ARCCL,0.146785989
NAJNA,ASEST,0.164913981
NAJNA,ATHCN,0.255787078
NAJNA,AUSLI,0.5305272255
NAJNA,AYTFU,0.127060957
NAJNA,BALAC,0.14319104249999998
NAJNA,BALMU,0.144704216
NAJNA,BETSP,0.5194176930000001
NAJNA,BISBB,0.146908785
NAJNA,BOSGR,0.135092161
NAJNA,BOSIN,0.13509217399999998
NAJNA,BOVIN,0.1416950705
NAJNA,CALJA,0.172038427
NAJNA,CALUR,0.140320486
NAJNA,CAMBA,0.13610035050000002
NAJNA,CAMFR,0.132332948
NAJNA,CANLF,0.157498008
NAJNA,CASCN,0.150241816
NAJNA,CATUS,0.201668551
NAJNA,CAVPO,0.119669303
NAJNA,CEBIM,0.138366615
NAJNA,CHACN,0.393381738
NAJNA,CHEAB,0.107399193
NAJNA,CHESE,0.107370849
NAJNA,CHICK,0.115065219
NAJNA,CHILA,0.135800521
NAJNA,CHRAS,0.138318979
NAJNA,CLUHA,0.512075175
NAJNA,COEFR,0.173483221
NAJNA,COTCN,3.149392342
NAJNA,COTGO,0.508929796
NAJNA,COTJA,0.343055976
NAJNA,CRIGR,0.123002614
NAJNA,CROPO,0.093609599
NAJNA,CYACU,0.205415024
NAJNA,CYNSP,0.200884216
NAJNA,DANRE,0.5230690905
NAJNA,DELLE,0.176919321
NAJNA,DIPOR,0.163007339
NAJNA,ECHTE,0.15964905299999999
NAJNA,EOSFB,0.12675272199999998
NAJNA,EQUAS,0.109821693
NAJNA,EQUPR,0.108171489
NAJNA,ERIEU,0.1345282675
NAJNA,EUBMA,0.128913321
NAJNA,FELCA,0.135616974
NAJNA,FICAL,0.18989245999999999
NAJNA,GEKGE,0.11955792300000001
NAJNA,GEKJA,0.163307005
NAJNA,GEOFO,0.156832344
NAJNA,GEOSA,0.1409839195
NAJNA,GORGO,0.180951869
NAJNA,GYMAC,0.562540401
NAJNA,HETGA,0.19557091
NAJNA,HIPAR,0.168681743
NAJNA,HUMAN,0.15291591999999998
NAJNA,HYLLA,0.12356498699999999
NAJNA,ICTPU,0.42171517999999997
NAJNA,LATCH,0.216339999
NAJNA,LEPWE,0.1318432845
NAJNA,LOXAF,0.137790098
NAJNA,MARMA,0.126789393
NAJNA,MELGA,0.113168239
NAJNA,MELUD,0.1272972925
NAJNA,MERPO,1.960275188
NAJNA,MICMU,0.11679743499999999
NAJNA,MICOH,0.119839032
NAJNA,MONDO,0.10976454499999999
NAJNA,MONMO,0.1345559995
NAJNA,MOUSE,0.131557037
NAJNA,MUSCR,0.135477735
NAJNA,MUSPF,0.143197316
NAJNA,MYOPI,0.128174335
NAJNA,NEOAA,0.1478857805
NAJNA,NEOSC,0.143757266
NAJNA,NOMLE,0.12356495599999999
NAJNA,NOTPE,0.14122889
NAJNA,OCTDE,0.14773674199999998
NAJNA,ODORO,0.13596392499999999
NAJNA,ODOVR,0.14331468
NAJNA,ORNAN,0.126793323
NAJNA,ORYAF,0.137718404
NAJNA,PANGU,0.40859475599999995
NAJNA,PANPR,0.12830271799999998
NAJNA,PANTR,0.114725417
NAJNA,PARLB,0.160038804
NAJNA,PATFA,0.1933200095
NAJNA,PELSI,0.110749453
NAJNA,PHACI,0.09360958899999999
NAJNA,PHOSS,0.15505238
NAJNA,PHYMC,0.15011657350000002
NAJNA,PONAB,0.116879596
NAJNA,PONPY,0.116879601
NAJNA,PROSS,0.1176929625
NAJNA,PSETE,0.005372175
NAJNA,PTEVA,0.19058192799999998
NAJNA,PUMCO,0.142967937
NAJNA,RAT,0.12312506499999999
NAJNA,RHIFE,0.17275416500000002
NAJNA,RHIRO,0.114035919
NAJNA,SACKO,1.755977226
NAJNA,SAGOE,0.36136794099999997
NAJNA,SALNM,0.44298720799999997
NAJNA,SAPAP,0.123567269
NAJNA,SARHA,0.10820089
NAJNA,SCHHA,5.090512244999999
NAJNA,SURSU,0.139566948
NAJNA,TAEGU,0.111633365
NAJNA,TAPME,0.11866117899999999
NAJNA,TRASC,0.108998888
NAJNA,TRIMA,0.18786121549999998
NAJNA,TURTR,0.14788578
NAJNA,TYLPA,0.147510102
NAJNA,UROPR,0.126789393
NAJNA,URSMA,0.205275128
NAJNA,VICPA,0.15205963449999998
NAJNA,VULVU,0.1372940385
NAJNA,XENLA,0.16967794949999998
NAJNA,XENTR,0.161061354
NAJNA,ZALCA,0.138778809
NEOAA,9SAUR,0.42342113449999996
NEOAA,BALAC,0.015569850500000001
NEOAA,BALMU,0.017083024
NEOAA,CALJA,0.0727942695
NEOAA,CHILA,0.0556144495
NEOAA,CHRAS,0.09215415600000001
NEOAA,CYNSP,0.10164005849999999
NEOAA,DELLE,0.034453321999999995
NEOAA,EOSFB,0.0275085645
NEOAA,ERIEU,0.032898996
NEOAA,GORGO,0.09158407199999999
NEOAA,HETGA,0.09632675249999999
NEOAA,HUMAN,0.062848241
NEOAA,HYLLA,0.0243208295
NEOAA,MARMA,0.027545235499999998
NEOAA,MONMO,0.016215653
NEOAA,NEOAA,0.025172745000000003
NEOAA,NOMLE,0.0338498765
NEOAA,PANGU,0.30935059849999996
NEOAA,PANTR,0.034628674
NEOAA,PHOSS,0.016113040000000002
NEOAA,PHYMC,0.022383139500000003
NEOAA,PONAB,0.036693568499999996
NEOAA,PONPY,0.0366935735
NEOAA,PTEVA,0.0832874025
NEOAA,PUMCO,0.076127693
NEOAA,SAPAP,0.024318521499999995
NEOAA,TAPME,0.0384751075
NEOAA,TRIMA,0.087721817
NEOAA,TURTR,0.016113055
NEOAA,UROPR,0.027545235499999998
NEOSC,9CHIR,0.054199867
NEOSC,9PRIM,0.047569435
NEOSC,9SAUR,0.45281551
NEOSC,ACIJB,0.030662372
NEOSC,AILME,0.038147257500000004
NEOSC,ASEST,0.0599295975
NEOSC,BALAC,0.073341263
NEOSC,BALMU,0.074854434
NEOSC,BISBB,0.077059003
NEOSC,BOSGR,0.065242387
NEOSC,BOSIN,0.065242392
NEOSC,BOVIN,0.072369449
NEOSC,CALJA,0.102188645
NEOSC,CALUR,0.040257792
NEOSC,CAMBA,0.0322702515
NEOSC,CAMFR,0.032270254
NEOSC,CASCN,0.055110339999999994
NEOSC,CAVPO,0.049819521
NEOSC,CEBIM,0.068516833
NEOSC,CHILA,0.06595073900000001
NEOSC,CHRAS,0.070537551
NEOSC,COEFR,0.06849883749999999
NEOSC,CRIGR,0.053152832
NEOSC,CYNSP,0.131034434
NEOSC,DELLE,0.10706953899999999
NEOSC,EOSFB,0.05690294
NEOSC,EQUPR,0.06932163350000001
NEOSC,ERIEU,0.065602048
NEOSC,FELCA,0.0337097265
NEOSC,GORGO,0.10911800099999999
NEOSC,HETGA,0.125721128
NEOSC,HIPAR,0.0636973595
NEOSC,HUMAN,0.08777332700000001
NEOSC,HYLLA,0.053715205
NEOSC,LOXAF,0.067940316
NEOSC,MARMA,0.056939611
NEOSC,MICMU,0.047647569
NEOSC,MICOH,0.04998925
NEOSC,MONMO,0.06470621800000001
NEOSC,MOUSE,0.062057218
NEOSC,MUSCR,0.065627953
NEOSC,MUSPF,0.0470487405
NEOSC,MYOPI,0.058324553
NEOSC,NEOAA,0.0779964635
NEOSC,NEOSC,0.0126025435
NEOSC,NOMLE,0.048256137500000004
NEOSC,OCTDE,0.042752358500000004
NEOSC,ODORO,0.018610317
NEOSC,ODOVR,0.073464898
NEOSC,ORYAF,0.05130624
NEOSC,PANGU,0.338744974
NEOSC,PANPR,0.028240024000000002
NEOSC,PANTR,0.04488608
NEOSC,PHOSS,0.085202598
NEOSC,PHYMC,0.0823351455
NEOSC,PONAB,0.047029819
NEOSC,PONPY,0.047029819
NEOSC,PROSS,0.0481931435
NEOSC,PTEVA,0.11616917199999999
NEOSC,PUMCO,0.102432251
NEOSC,RAT,0.053275283
NEOSC,RHIFE,0.066169029
NEOSC,RHIRO,0.044186137
NEOSC,SAPAP,0.053717487
NEOSC,SURSU,0.0366732845
NEOSC,TAPME,0.048811397
NEOSC,TRIMA,0.117525582
NEOSC,TURTR,0.0779964575
NEOSC,UROPR,0.056939611
NEOSC,VICPA,0.03088172
NEOSC,VULVU,0.03819014800000001
NEOSC,ZALCA,0.0426302335
NOMLE,9CHIR,0.22574189300000003
NOMLE,9PRIM,0.21767007300000002
NOMLE,9SAUR,0.511319128
NOMLE,ACIJB,0.2029296695
NOMLE,AILME,0.186235067
NOMLE,ARCCL,0.18997444700000002
NOMLE,ASEST,0.232196909
NOMLE,BALAC,0.1328733815
NOMLE,BALMU,0.133358052
NOMLE,BISBB,0.135562621
NOMLE,BOSGR,0.12374599700000001
NOMLE,BOSIN,0.123746005
NOMLE,BOVIN,0.1303489065
NOMLE,CALJA,0.160692263
NOMLE,CALUR,0.21643922200000001
NOMLE,CAMBA,0.20845168149999999
NOMLE,CAMFR,0.208451684
NOMLE,CASCN,0.2263605495
NOMLE,CAVPO,0.220541921
NOMLE,CEBIM,0.127020451
NOMLE,CHILA,0.133983382
NOMLE,CHRAS,0.23919159700000003
NOMLE,COEFR,0.240766149
NOMLE,CRIGR,0.223875232
NOMLE,CYNSP,0.189538052
NOMLE,DELLE,0.165573157
NOMLE,DIPOR,0.214467431
NOMLE,EOSFB,0.115406558
NOMLE,EQUPR,0.127825239
NOMLE,ERIEU,0.1252587575
NOMLE,FELCA,0.1912645025
NOMLE,GORGO,0.2356926935
NOMLE,HETGA,0.184224746
NOMLE,HIPAR,0.23596467100000001
NOMLE,HUMAN,0.150812407
NOMLE,HYLLA,0.11221882300000001
NOMLE,LEPWE,0.1889805505
NOMLE,LOXAF,0.23866271600000002
NOMLE,MARMA,0.11544322900000001
NOMLE,MICMU,0.21767005300000003
NOMLE,MICOH,0.22071165
NOMLE,MONMO,0.1232098355
NOMLE,MOUSE,0.232429655
NOMLE,MUSCR,0.236350353
NOMLE,MUSPF,0.18666114
NOMLE,MYOPI,0.22904695300000003
NOMLE,NEOAA,0.146415977
NOMLE,NEOSC,0.20089453200000001
NOMLE,NOMLE,0.214908532
NOMLE,OCTDE,0.21501967
NOMLE,ODORO,0.193101191
NOMLE,ODOVR,0.131968516
NOMLE,ORYAF,0.22202864
NOMLE,PANGU,0.39724859199999996
NOMLE,PANPR,0.198449226
NOMLE,PANTR,0.011086615000000001
NOMLE,PHOSS,0.143706216
NOMLE,PHYMC,0.14305428250000002
NOMLE,PONAB,0.012372744
NOMLE,PONPY,0.012372748999999999
NOMLE,PROSS,0.21856558050000002
NOMLE,PTEVA,0.16598325
NOMLE,PUMCO,0.194428029
NOMLE,RAT,0.22399768300000003
NOMLE,RHIFE,0.240037093
NOMLE,RHIRO,0.214908537
NOMLE,SAPAP,0.112221105
NOMLE,SURSU,0.194267418
NOMLE,TAPME,0.11684404000000001
NOMLE,TRIMA,0.1756198105
NOMLE,TURTR,0.13564970850000002
NOMLE,UROPR,0.11544322900000001
NOMLE,VICPA,0.20706315
NOMLE,VULVU,0.208912543
NOMLE,ZALCA,0.214897545
NOTPE,9AMPH,0.12398209099999999
NOTPE,9ANUR,0.192515476
NOTPE,9AVES,0.0654075615
NOTPE,9CHIR,0.111716497
NOTPE,9CICH,0.48468156399999995
NOTPE,9PASE,0.008562835000000001
NOTPE,9PASS,0.242926686
NOTPE,9PLAT,3.9874212415
NOTPE,9PRIM,0.103644677
NOTPE,9SAUR,0.0956622045
NOTPE,9TELE,0.49454478749999997
NOTPE,ACIJB,0.11514992999999998
NOTPE,ACIOX,0.187996602
NOTPE,AILME,0.127742615
NOTPE,ALLSI,0.056652894999999995
NOTPE,ARAGI,0.7558451675
NOTPE,ARCCL,0.133633211
NOTPE,ASEST,0.15176120299999998
NOTPE,ATHCN,0.154260182
NOTPE,AUSLI,0.4899492755
NOTPE,AYTFU,0.086483007
NOTPE,BALAC,0.1300382645
NOTPE,BALMU,0.131551438
NOTPE,BETSP,0.478839743
NOTPE,BISBB,0.133756007
NOTPE,BOSGR,0.12193938300000001
NOTPE,BOSIN,0.121939396
NOTPE,BOVIN,0.12854229250000002
NOTPE,CALJA,0.15888564900000002
NOTPE,CALUR,0.127167708
NOTPE,CAMBA,0.12294757249999999
NOTPE,CAMFR,0.11918017
NOTPE,CANLF,0.14434523
NOTPE,CASCN,0.137089038
NOTPE,CATUS,0.121335951
NOTPE,CAVPO,0.106516525
NOTPE,CEBIM,0.125213837
NOTPE,CHACN,0.35280378799999995
NOTPE,CHEAB,0.066821243
NOTPE,CHESE,0.06679289899999999
NOTPE,CHICK,0.063396386
NOTPE,CHILA,0.122647743
NOTPE,CHRAS,0.125166201
NOTPE,CLUHA,0.47149722499999996
NOTPE,COEFR,0.160330443
NOTPE,COTCN,3.108814392
NOTPE,COTGO,0.46835184599999996
NOTPE,COTJA,0.206448443
NOTPE,CRIGR,0.109849836
NOTPE,CROPO,0.047619300999999996
NOTPE,CYACU,0.08131178
NOTPE,CYNSP,0.187731438
NOTPE,DANRE,0.48249114049999997
NOTPE,DELLE,0.163766543
NOTPE,DIPOR,0.149854561
NOTPE,ECHTE,0.146496275
NOTPE,EOSFB,0.11359994400000001
NOTPE,EQUAS,0.096668915
NOTPE,EQUPR,0.09501871099999999
NOTPE,ERIEU,0.1213754895
NOTPE,EUBMA,0.088335371
NOTPE,FELCA,0.122464196
NOTPE,FICAL,0.065789216
NOTPE,GEKGE,0.078979973
NOTPE,GEKJA,0.022078125000000004
NOTPE,GEOFO,0.019546252
NOTPE,GEOSA,0.1278311415
NOTPE,GORGO,0.167799091
NOTPE,GYMAC,0.5219624509999999
NOTPE,HETGA,0.182418132
NOTPE,HIPAR,0.155528965
NOTPE,HUMAN,0.139763142
NOTPE,HYLLA,0.11041220900000001
NOTPE,ICTPU,0.38113723
NOTPE,LATCH,0.175762049
NOTPE,LEPWE,0.11869050649999999
NOTPE,LOXAF,0.12463732
NOTPE,MARMA,0.113636615
NOTPE,MELGA,0.045999923
NOTPE,MELUD,0.0230986945
NOTPE,MERPO,1.919697238
NOTPE,MICMU,0.103644657
NOTPE,MICOH,0.106686254
NOTPE,MONDO,0.06918659499999999
NOTPE,MONMO,0.1214032215
NOTPE,MOUSE,0.118404259
NOTPE,MUSCR,0.122324957
NOTPE,MUSPF,0.130044538
NOTPE,MYOPI,0.115021557
NOTPE,NEOAA,0.1347330025
NOTPE,NEOSC,0.130604488
NOTPE,NOMLE,0.110412178
NOTPE,OCTDE,0.134583964
NOTPE,ODORO,0.122811147
NOTPE,ODOVR,0.130161902
NOTPE,ORNAN,0.086215373
NOTPE,ORYAF,0.12456562599999998
NOTPE,PANGU,0.39544197799999997
NOTPE,PANPR,0.11514993999999999
NOTPE,PANTR,0.101572639
NOTPE,PARLB,0.146886026
NOTPE,PATFA,0.1024165945
NOTPE,PELSI,0.070171503
NOTPE,PHOSS,0.141899602
NOTPE,PHYMC,0.13696379549999999
NOTPE,PONAB,0.103726818
NOTPE,PONPY,0.103726823
NOTPE,PROSS,0.1045401845
NOTPE,PTEVA,0.17742915
NOTPE,PUMCO,0.12981515899999999
NOTPE,RAT,0.109972287
NOTPE,RHIFE,0.15960138699999998
NOTPE,RHIRO,0.10088314100000001
NOTPE,SACKO,1.715399276
NOTPE,SAGOE,0.348215163
NOTPE,SALNM,0.402409258
NOTPE,SAPAP,0.110414491
NOTPE,SARHA,0.06762293999999999
NOTPE,SCHHA,5.049934295
NOTPE,SURSU,0.12641417
NOTPE,TAEGU,0.071055415
NOTPE,TAPME,0.105508401
NOTPE,TRASC,0.068420938
NOTPE,TRIMA,0.1747084375
NOTPE,TURTR,0.134733002
NOTPE,TYLPA,0.134357324
NOTPE,UROPR,0.113636615
NOTPE,URSMA,0.19212235
NOTPE,VICPA,0.1389068565
NOTPE,VULVU,0.12414126049999999
NOTPE,XENLA,0.1565251715
NOTPE,XENTR,0.14790857599999999
NOTPE,ZALCA,0.125626031
OCTDE,9CHIR,0.057554979
OCTDE,9PRIM,0.051144773000000004
OCTDE,9SAUR,0.456794986
OCTDE,ACIJB,0.036737599999999995
OCTDE,AILME,0.043671644999999995
OCTDE,BALAC,0.07826164399999999
OCTDE,BALMU,0.07883391000000001
OCTDE,BISBB,0.081038479
OCTDE,BOSGR,0.069221855
OCTDE,BOSIN,0.069221863
OCTDE,BOVIN,0.0758247645
OCTDE,CALJA,0.106168121
OCTDE,CALUR,0.049696298
OCTDE,CAMBA,0.0417087575
OCTDE,CAMFR,0.04170876
OCTDE,CASCN,0.060186917
OCTDE,CAVPO,0.053798997
OCTDE,CEBIM,0.07249630900000001
OCTDE,CHILA,0.069930215
OCTDE,CHRAS,0.073389593
OCTDE,CRIGR,0.057132308
OCTDE,CYNSP,0.13501391000000001
OCTDE,DELLE,0.111049015
OCTDE,EOSFB,0.060882415999999995
OCTDE,EQUPR,0.07330109700000001
OCTDE,ERIEU,0.0686753125
OCTDE,FELCA,0.039234114
OCTDE,GORGO,0.115081563
OCTDE,HETGA,0.129700604
OCTDE,HUMAN,0.087183343
OCTDE,HYLLA,0.057694681
OCTDE,LOXAF,0.071919792
OCTDE,MARMA,0.060919087
OCTDE,MICMU,0.051868044
OCTDE,MICOH,0.053968725999999995
OCTDE,MONMO,0.0686856935
OCTDE,MOUSE,0.065686731
OCTDE,MUSCR,0.069607429
OCTDE,MUSPF,0.052573128
OCTDE,MYOPI,0.062304029
OCTDE,NEOAA,0.08201547449999999
OCTDE,NEOSC,0.0602601475
OCTDE,NOMLE,0.052930129000000006
OCTDE,OCTDE,0.010131128
OCTDE,ODORO,0.048154616
OCTDE,ODOVR,0.077444374
OCTDE,ORYAF,0.055285716
OCTDE,PANGU,0.34272444999999996
OCTDE,PANPR,0.034693005
OCTDE,PANTR,0.0489443955
OCTDE,PHOSS,0.089182074
OCTDE,PHYMC,0.0851871815
OCTDE,PONAB,0.05100929
OCTDE,PONPY,0.051009295
OCTDE,PROSS,0.0518226565
OCTDE,PTEVA,0.12466676449999999
OCTDE,PUMCO,0.10856062699999999
OCTDE,RAT,0.057254759
OCTDE,RHIRO,0.048165612999999996
OCTDE,SAPAP,0.057696963000000004
OCTDE,SURSU,0.042197672000000006
OCTDE,TAPME,0.052790873
OCTDE,TRIMA,0.1210956685
OCTDE,TURTR,0.082015474
OCTDE,UROPR,0.060919087
OCTDE,VICPA,0.040320226
OCTDE,VULVU,0.043110552499999996
OCTDE,ZALCA,0.048154620999999995
ODORO,9CHIR,0.045181223500000006
ODORO,9PRIM,0.037952451000000005
ODORO,9SAUR,0.44502216899999997
ODORO,ACIJB,0.02381299
ODORO,AILME,0.0312978875
ODORO,ASEST,0.0530802275
ODORO,BALAC,0.065547912
ODORO,BALMU,0.067061093
ODORO,BISBB,0.069265662
ODORO,BOSGR,0.057449032
ODORO,BOSIN,0.057449043000000005
ODORO,BOVIN,0.06275512750000001
ODORO,CALJA,0.094395304
ODORO,CALUR,0.0367216
ODORO,CAMBA,0.0287340595
ODORO,CAMFR,0.028734061999999998
ODORO,CASCN,0.0474677045
ODORO,CAVPO,0.042026179999999996
ODORO,CEBIM,0.060723492000000004
ODORO,CHILA,0.058157398
ODORO,CHRAS,0.060675860000000005
ODORO,COEFR,0.0616494675
ODORO,CRIGR,0.045359491
ODORO,CYNSP,0.123241093
ODORO,DELLE,0.099276198
ODORO,EOSFB,0.049109599
ODORO,EQUPR,0.061528272
ODORO,ERIEU,0.055961584
ODORO,FELCA,0.0268603565
ODORO,GORGO,0.102011926
ODORO,HETGA,0.11792778699999999
ODORO,HIPAR,0.056847989499999994
ODORO,HUMAN,0.07610582099999999
ODORO,HYLLA,0.045921864
ODORO,LEPWE,0.002575752
ODORO,LOXAF,0.060146975
ODORO,MARMA,0.04914627
ODORO,MICMU,0.03915430600000001
ODORO,MICOH,0.042195909
ODORO,MONMO,0.0569128765
ODORO,MOUSE,0.053175225000000007
ODORO,MUSCR,0.057834611999999994
ODORO,MUSPF,0.0401993705
ODORO,MYOPI,0.050531212
ODORO,NEOAA,0.0689458375
ODORO,NEOSC,0.015270214
ODORO,NOMLE,0.039860492
ODORO,OCTDE,0.035563011
ODORO,ODORO,0.005408533
ODORO,ODOVR,0.06567155699999999
ODORO,ORYAF,0.043512899
ODORO,PANGU,0.33095163299999997
ODORO,PANPR,0.019934667000000003
ODORO,PANTR,0.036392817
ODORO,PHOSS,0.07740925700000001
ODORO,PHYMC,0.0724734525
ODORO,PONAB,0.039236472
ODORO,PONPY,0.039236478000000005
ODORO,PROSS,0.039154311000000004
ODORO,PTEVA,0.108426361
ODORO,PUMCO,0.096526846
ODORO,RAT,0.045481942
ODORO,RHIFE,0.0603194685
ODORO,RHIRO,0.036392796
ODORO,SAPAP,0.045924146
ODORO,SURSU,0.0298239145
ODORO,TAPME,0.041018056
ODORO,TRIMA,0.10903231
ODORO,TURTR,0.06894583700000001
ODORO,UROPR,0.04914627
ODORO,VICPA,0.027345528
ODORO,VULVU,0.030396806000000002
ODORO,ZALCA,0.0357808635
ODOVR,9SAUR,0.418850034
ODOVR,BALAC,0.034914024
ODOVR,BALMU,0.03642720000000001
ODOVR,BISBB,0.038631768999999996
ODOVR,BOSGR,0.026815145000000002
ODOVR,BOSIN,0.026815153
ODOVR,BOVIN,0.0334180545
ODOVR,CALJA,0.068223169
ODOVR,CEBIM,0.011448381
ODOVR,CHILA,0.051043349
ODOVR,CHRAS,0.0875830555
ODOVR,CYNSP,0.097068958
ODOVR,DELLE,0.068642305
ODOVR,EOSFB,0.022937464
ODOVR,EQUPR,0.0078773535
ODOVR,ERIEU,0.026251251500000003
ODOVR,GORGO,0.077136611
ODOVR,HETGA,0.091755652
ODOVR,HUMAN,0.04749428
ODOVR,HYLLA,0.019749729
ODOVR,MARMA,0.022974135
ODOVR,MONMO,0.026278983500000002
ODOVR,NEOAA,0.0396087645
ODOVR,NOMLE,0.029278776000000003
ODOVR,PANGU,0.304779498
ODOVR,PANTR,0.0300575735
ODOVR,PHOSS,0.046775364
ODOVR,PHYMC,0.0418395575
ODOVR,PONAB,0.032122468
ODOVR,PONPY,0.032122473
ODOVR,PTEVA,0.08676666999999999
ODOVR,PUMCO,0.071556592
ODOVR,SAPAP,0.019747421
ODOVR,TAPME,0.033904007
ODOVR,TRIMA,0.08286018
ODOVR,TURTR,0.039608764000000005
ODOVR,UROPR,0.022974135
ORNAN,9AMPH,0.109546524
ORNAN,9CHIR,0.09728093
ORNAN,9CICH,0.447227895
ORNAN,9PASS,0.27535285649999997
ORNAN,9PLAT,3.9499675725000003
ORNAN,9PRIM,0.08920911000000001
ORNAN,9SAUR,0.058808504000000004
ORNAN,9TELE,0.45709111849999995
ORNAN,ACIJB,0.100714363
ORNAN,ACIOX,0.150542933
ORNAN,AILME,0.113307048
ORNAN,ARAGI,0.7183914985
ORNAN,ARCCL,0.11919764399999999
ORNAN,ASEST,0.137325636
ORNAN,ATHCN,0.119901267
ORNAN,AUSLI,0.4524956065
ORNAN,AYTFU,0.049029338000000006
ORNAN,BALAC,0.1156026975
ORNAN,BALMU,0.11711587100000001
ORNAN,BETSP,0.44138607399999996
ORNAN,BISBB,0.11932044
ORNAN,BOSGR,0.107503816
ORNAN,BOSIN,0.10750382900000001
ORNAN,BOVIN,0.1141067255
ORNAN,CALJA,0.144450082
ORNAN,CALUR,0.112732141
ORNAN,CAMBA,0.1085120055
ORNAN,CAMFR,0.10474460299999999
ORNAN,CANLF,0.129909663
ORNAN,CASCN,0.12265347099999999
ORNAN,CATUS,0.1953967425
ORNAN,CAVPO,0.092080958
ORNAN,CEBIM,0.11077827000000001
ORNAN,CHACN,0.315350119
ORNAN,CHICK,0.032167347
ORNAN,CHILA,0.10821217600000001
ORNAN,CHRAS,0.11073063400000001
ORNAN,CLUHA,0.434043556
ORNAN,COEFR,0.145894876
ORNAN,COTCN,3.071360723
ORNAN,COTGO,0.430898177
ORNAN,COTJA,0.283464053
ORNAN,CRIGR,0.09541426900000001
ORNAN,CYNSP,0.173295871
ORNAN,DANRE,0.44503747149999995
ORNAN,DELLE,0.149330976
ORNAN,DIPOR,0.13541899400000001
ORNAN,ECHTE,0.132060708
ORNAN,EOSFB,0.09916437700000001
ORNAN,EQUAS,0.0814082335
ORNAN,EQUPR,0.080583144
ORNAN,ERIEU,0.1069399225
ORNAN,EUBMA,0.050881702
ORNAN,FELCA,0.108028629
ORNAN,FICAL,0.114855402
ORNAN,GEKGE,0.041526304
ORNAN,GEOSA,0.1133955745
ORNAN,GORGO,0.15336352400000003
ORNAN,GYMAC,0.48450878199999997
ORNAN,HETGA,0.167982565
ORNAN,HIPAR,0.14109339799999998
ORNAN,HUMAN,0.125327575
ORNAN,HYLLA,0.095976642
ORNAN,ICTPU,0.34368356099999997
ORNAN,LATCH,0.13830838
ORNAN,LEPWE,0.1042549395
ORNAN,LOXAF,0.11020175300000001
ORNAN,MARMA,0.09920104800000001
ORNAN,MERPO,1.882243569
ORNAN,MICMU,0.08920909
ORNAN,MICOH,0.092250687
ORNAN,MONDO,0.031732926
ORNAN,MONMO,0.10696765450000001
ORNAN,MOUSE,0.103968692
ORNAN,MUSCR,0.10788939
ORNAN,MUSPF,0.115608971
ORNAN,MYOPI,0.10058599000000001
ORNAN,NEOAA,0.12029743550000001
ORNAN,NEOSC,0.11616892100000001
ORNAN,NOMLE,0.095976611
ORNAN,OCTDE,0.120148397
ORNAN,ODORO,0.10837558
ORNAN,ODOVR,0.11572633500000001
ORNAN,ORYAF,0.110130059
ORNAN,PANGU,0.381006411
ORNAN,PANPR,0.100714373
ORNAN,PANTR,0.08713707200000001
ORNAN,PARLB,0.132450459
ORNAN,PATFA,0.113471863
ORNAN,PHOSS,0.127464035
ORNAN,PHYMC,0.1225282285
ORNAN,PONAB,0.089291251
ORNAN,PONPY,0.089291256
ORNAN,PROSS,0.09010461750000001
ORNAN,PTEVA,0.162993583
ORNAN,PUMCO,0.115379592
ORNAN,RAT,0.09553672
ORNAN,RHIFE,0.14516582
ORNAN,RHIRO,0.08644757400000001
ORNAN,SACKO,1.677945607
ORNAN,SAGOE,0.33377959599999996
ORNAN,SALNM,0.36495558899999997
ORNAN,SAPAP,0.09597892400000001
ORNAN,SARHA,0.030169271
ORNAN,SCHHA,5.012480626
ORNAN,SURSU,0.111978603
ORNAN,TAEGU,0.033601746
ORNAN,TAPME,0.091072834
ORNAN,TRIMA,0.160272868
ORNAN,TURTR,0.12029743500000001
ORNAN,TYLPA,0.11992175699999999
ORNAN,UROPR,0.09920104800000001
ORNAN,URSMA,0.17768678300000001
ORNAN,VICPA,0.1244712895
ORNAN,VULVU,0.10970569349999999
ORNAN,XENLA,0.14208960450000002
ORNAN,XENTR,0.133473009
ORNAN,ZALCA,0.11119046399999999
ORYAF,9CHIR,0.047536641
ORYAF,9PRIM,0.040908810999999996
ORYAF,9SAUR,0.446776648
ORYAF,BALAC,0.067302396
ORYAF,BALMU,0.06881557199999999
ORYAF,BISBB,0.071020141
ORYAF,BOSGR,0.059203517
ORYAF,BOSIN,0.05920352499999999
ORYAF,BOVIN,0.06580642649999999
ORYAF,CALJA,0.09614978299999999
ORYAF,CAVPO,0.04378065899999999
ORYAF,CEBIM,0.06247797099999999
ORYAF,CHILA,0.059911876999999995
ORYAF,CHRAS,0.062430334999999997
ORYAF,CRIGR,0.04711396999999999
ORYAF,CYNSP,0.124995572
ORYAF,DELLE,0.10103067699999999
ORYAF,EOSFB,0.05086407799999999
ORYAF,EQUPR,0.06328276149999999
ORYAF,ERIEU,0.058639623499999995
ORYAF,GORGO,0.105063225
ORYAF,HETGA,0.11968226599999998
ORYAF,HUMAN,0.07702727599999999
ORYAF,HYLLA,0.047676342999999996
ORYAF,LOXAF,0.061901453999999995
ORYAF,MARMA,0.050900748999999995
ORYAF,MICMU,0.04090879099999999
ORYAF,MICOH,0.04395038799999999
ORYAF,MONMO,0.05866735549999999
ORYAF,MOUSE,0.055668393
ORYAF,MUSCR,0.059589091
ORYAF,MYOPI,0.052285690999999995
ORYAF,NEOAA,0.0719971365
ORYAF,NOMLE,0.042911791
ORYAF,ODOVR,0.067426036
ORYAF,PANGU,0.332706112
ORYAF,PANTR,0.038836773
ORYAF,PHOSS,0.079163736
ORYAF,PHYMC,0.0742279295
ORYAF,PONAB,0.040990952
ORYAF,PONPY,0.040990957
ORYAF,PROSS,0.04180431849999999
ORYAF,PTEVA,0.11469328399999999
ORYAF,PUMCO,0.09948320599999999
ORYAF,RAT,0.047236420999999994
ORYAF,RHIRO,0.038147274999999994
ORYAF,SAPAP,0.047678624999999995
ORYAF,TAPME,0.042772534999999993
ORYAF,TRIMA,0.110786794
ORYAF,TURTR,0.07199713599999999
ORYAF,UROPR,0.050900748999999995
PANGU,CALJA,0.289447125
PANGU,CHILA,0.316323425
PANGU,CHRAS,0.28219977350000003
PANGU,CYNSP,0.31829291400000004
PANGU,EOSFB,0.28821748799999997
PANGU,GORGO,0.285075634
PANGU,HETGA,0.312979608
PANGU,HUMAN,0.29079177500000003
PANGU,HYLLA,0.28502977900000004
PANGU,NOMLE,0.29455885200000004
PANGU,PANTR,0.2953376495
PANGU,PONAB,0.297402544
PANGU,PONPY,0.297402549
PANGU,PTEVA,0.28227945050000003
PANGU,PUMCO,0.26617331
PANGU,TAPME,0.299184083
PANGU,TRIMA,0.278662679
PANPA,9AMPH,0.050393001
PANPA,9ANUR,0.277830534
PANPA,9AVES,0.0804925085
PANPA,9CHIR,0.012390949
PANPA,9CICH,0.486471328
PANPA,9PASE,0.09387787900000001
PANPA,9PASS,0.118468285
PANPA,9PLAT,3.9892110054999996
PANPA,9PRIM,0.004319129
PANPA,9SAUR,0.113721145
PANPA,9TELE,0.4963345515
PANPA,ACIJB,0.030289141999999998
PANPA,ACIOX,0.18978636599999998
PANPA,AILME,0.042881827
PANPA,ALLSI,0.058442659
PANPA,ANOCA,0.050828927999999995
PANPA,ARAGI,0.647948983
PANPA,ARCCL,0.048772423
PANPA,ASEST,0.066900415
PANPA,ATHCN,0.213452399
PANPA,AUSLI,0.4917390395
PANPA,AYTFU,0.088272771
PANPA,BALAC,0.0307127165
PANPA,BALMU,0.03222589
PANPA,BETSP,0.48062950699999996
PANPA,BISBB,0.034430459
PANPA,BOSGR,0.022613835
PANPA,BOSIN,0.03376861
PANPA,BOVIN,0.0292167445
PANPA,CALJA,0.0012887039999999999
PANPA,CALUR,0.04230692
PANPA,CAMBA,0.0380867845
PANPA,CAMFR,0.034319382
PANPA,CANLF,0.059484442
PANPA,CAPHI,0.044923371999999996
PANPA,CASCN,0.05222825
PANPA,CATUS,0.162880365
PANPA,CAVPO,0.007191003
PANPA,CEBIM,0.025888289
PANPA,CHACN,0.354593552
PANPA,CHEAB,0.068611007
PANPA,CHESE,0.068582663
PANPA,CHICK,0.07627703300000001
PANPA,CHILA,0.023322195
PANPA,CHRAS,0.025840652999999998
PANPA,CLUHA,0.473286989
PANPA,COEFR,0.07546965500000001
PANPA,COTCN,3.110604156
PANPA,COTGO,0.47014161
PANPA,COTJA,0.30426779000000004
PANPA,CRIGR,0.010524288000000001
PANPA,CROAD,0.407691959
PANPA,CROPO,0.054821413
PANPA,CYACU,0.166626838
PANPA,CYNSP,0.08840589
PANPA,DANRE,0.4842809045
PANPA,DELLE,0.064440995
PANPA,DIPOR,0.064993773
PANPA,ECHTE,0.061635487
PANPA,EOSFB,0.014274396
PANPA,EQUAS,0.011808137000000002
PANPA,EQUPR,0.010157928
PANPA,ERIEU,0.022049941499999996
PANPA,EUBMA,0.09012513500000001
PANPA,FELCA,0.037603408000000005
PANPA,FICAL,0.15110427399999998
PANPA,GALVR,0.005391182
PANPA,GEKGE,0.08076973700000001
PANPA,GEKJA,0.124518819
PANPA,GEOFO,0.11804415800000001
PANPA,GEOSA,0.0542420515
PANPA,GORGO,0.068473543
PANPA,GYMAC,0.523752215
PANPA,HETGA,0.083092584
PANPA,HIPAR,0.07066817700000001
PANPA,HUMAN,0.040437594
PANPA,HYLLA,0.011086661000000001
PANPA,ICTPU,0.382926994
PANPA,LATCH,0.177551813
PANPA,LEPWE,0.0338297185
PANPA,LOXAF,0.025311772
PANPA,MACMU,1.5000000000000002e-08
PANPA,MARMA,0.014311067
PANPA,MELGA,0.074380053
PANPA,MELUD,0.0885091065
PANPA,MERPO,1.9214870019999999
PANPA,MESAU,0.010548253
PANPA,MICMU,0.004319109
PANPA,MICOH,0.007360732
PANPA,MONDO,0.070976359
PANPA,MONMO,0.0220776735
PANPA,MOUSE,0.019078710999999998
PANPA,MUSCR,0.022999409
PANPA,MUSPF,0.04518375
PANPA,MYOLU,0.087936005
PANPA,MYOPI,0.015696009
PANPA,NAJNA,0.115593482
PANPA,NEOAA,0.0354074545
PANPA,NEOSC,0.0457437
PANPA,NOMLE,0.01108663
PANPA,NOTPE,0.10244070400000001
PANPA,OCTDE,0.049723176
PANPA,ODORO,0.037950359
PANPA,ODOVR,0.030836354
PANPA,ORNAN,0.08800513700000001
PANPA,ORYAF,0.039704838
PANPA,PANGU,0.29611643000000004
PANPA,PANPR,0.030289152
PANPA,PANTR,0.0007787959999999999
PANPA,PARLB,0.07329693600000001
PANPA,PATFA,0.1545318235
PANPA,PELSI,0.07196126700000001
PANPA,PHACI,0.054821403
PANPA,PHOSS,0.042574054
PANPA,PHYMC,0.037638251
PANPA,PONAB,0.0012861659999999998
PANPA,PONPY,0.0012861709999999998
PANPA,PROSS,0.028972631999999998
PANPA,PSETE,0.116785305
PANPA,PTEVA,0.078103602
PANPA,PUMCO,0.044954371
PANPA,PYTBI,0.102583706
PANPA,RAT,0.010646739000000002
PANPA,RHIFE,0.074740599
PANPA,RHIRO,0.001557593
PANPA,SACKO,1.7171890399999998
PANPA,SAGOE,0.26335437500000003
PANPA,SALNM,0.404199022
PANPA,SAPAP,0.011088943
PANPA,SARHA,0.069412704
PANPA,SCHHA,5.0517240590000005
PANPA,SURSU,0.041553382
PANPA,TAEGU,0.07284517900000001
PANPA,TAPME,0.006182853
PANPA,TRASC,0.070210702
PANPA,TRIMA,0.07419711200000001
PANPA,TURTR,0.035407454
PANPA,TYLPA,0.049496536
PANPA,UROPR,0.014311067
PANPA,URSMA,0.107261562
PANPA,VICPA,0.0540460685
PANPA,VULVU,0.0392804725
PANPA,XENLA,0.08293608150000001
PANPA,XENTR,0.074319486
PANPA,ZALCA,0.040765243
PANPR,9CHIR,0.039884049000000005
PANPR,9PRIM,0.033253617
PANPR,9SAUR,0.43736096199999996
PANPR,ACIJB,0.019959808000000002
PANPR,AILME,0.02744471
PANPR,ASEST,0.04922705
PANPR,BALAC,0.057886715
PANPR,BALMU,0.059399886
PANPR,BISBB,0.061604455
PANPR,BOSGR,0.049787839
PANPR,BOSIN,0.049787844
PANPR,BOVIN,0.057022013
PANPR,CALJA,0.086734097
PANPR,CALUR,0.028715801
PANPR,CAMBA,0.020728260499999998
PANPR,CAMFR,0.020728263
PANPR,CASCN,0.0449063765
PANPR,CAVPO,0.034364973
PANPR,CEBIM,0.053062285
PANPR,CHILA,0.050496190999999996
PANPR,CHRAS,0.056221733
PANPR,COEFR,0.05779629
PANPR,CRIGR,0.037698284
PANPR,CYNSP,0.11557988599999999
PANPR,DELLE,0.09161499099999999
PANPR,DIPOR,0.0314975445
PANPR,EOSFB,0.041448392
PANPR,EQUPR,0.053867085499999995
PANPR,ERIEU,0.0510498945
PANPR,FELCA,0.007475384
PANPR,GORGO,0.099994032
PANPR,HETGA,0.11026657999999999
PANPR,HIPAR,0.052994811999999995
PANPR,HUMAN,0.071805594
PANPR,HYLLA,0.038260657
PANPR,LEPWE,0.0072985624999999995
PANPR,LOXAF,0.052485768
PANPR,MARMA,0.041485063
PANPR,MICMU,0.034700179000000005
PANPR,MICOH,0.034534702
PANPR,MONMO,0.04925167
PANPR,MOUSE,0.0469914
PANPR,MUSCR,0.050173405
PANPR,MUSPF,0.036346193
PANPR,MYOPI,0.042870005
PANPR,NEOAA,0.06796585
PANPR,NEOSC,0.025108371500000004
PANPR,NOMLE,0.032288987
PANPR,OCTDE,0.0329907285
PANPR,ODORO,0.013156137000000002
PANPR,ODOVR,0.05801035
PANPR,ORYAF,0.035851692
PANPR,PANGU,0.32329042599999996
PANPR,PANPR,0.015479367
PANPR,PANTR,0.030289137
PANPR,PHOSS,0.06974805
PANPR,PHYMC,0.06801932399999999
PANPR,PONAB,0.031575271
PANPR,PONPY,0.031575271
PANPR,PROSS,0.033284165
PANPR,PTEVA,0.100202613
PANPR,PUMCO,0.084096473
PANPR,RAT,0.037820735
PANPR,RHIFE,0.057067234
PANPR,RHIRO,0.028731589
PANPR,SAPAP,0.038262938999999996
PANPR,SURSU,0.011297549
PANPR,TAPME,0.033356849
PANPR,TRIMA,0.102556888
PANPR,TURTR,0.0637764235
PANPR,UROPR,0.041485063
PANPR,VICPA,0.019339729
PANPR,VULVU,0.030442910499999996
PANPR,ZALCA,0.027174124
PANTR,9AMPH,0.050392975
PANTR,9ANUR,0.27783050800000003
PANTR,9AVES,0.08049248249999999
PANTR,9CHIR,0.012390923
PANTR,9CICH,0.486471302
PANTR,9PASE,0.093877853
PANTR,9PASS,0.11846825899999999
PANTR,9PLAT,3.9892109795
PANTR,9PRIM,0.004319103
PANTR,9SAUR,0.11478562
PANTR,9TELE,0.4963345255
PANTR,ACIJB,0.030289116
PANTR,ACIOX,0.18978634
PANTR,AILME,0.042881801
PANTR,ALLSI,0.058442632999999994
PANTR,ANOCA,0.050828901999999995
PANTR,ARAGI,0.647948957
PANTR,ARCCL,0.048772396999999995
PANTR,ASEST,0.06690038899999999
PANTR,ATHCN,0.213452373
PANTR,AUSLI,0.49173901350000004
PANTR,AYTFU,0.088272745
PANTR,BALAC,0.030712673
PANTR,BALMU,0.0311023365
PANTR,BETSP,0.480629481
PANTR,BISBB,0.0333069055
PANTR,BOSGR,0.0214902815
PANTR,BOSIN,0.022613817
PANTR,BOVIN,0.028093191
PANTR,CALJA,0.001288678
PANTR,CALUR,0.042306894
PANTR,CAMBA,0.0380867585
PANTR,CAMFR,0.034319355999999995
PANTR,CANLF,0.059484416
PANTR,CAPHI,0.044923345999999996
PANTR,CASCN,0.052228224
PANTR,CATUS,0.16288033899999999
PANTR,CAVPO,0.007190977
PANTR,CEBIM,0.024764735500000003
PANTR,CHACN,0.354593526
PANTR,CHEAB,0.068610981
PANTR,CHESE,0.068582637
PANTR,CHICK,0.076277007
PANTR,CHILA,0.0228881275
PANTR,CHRAS,0.030681551
PANTR,CLUHA,0.473286963
PANTR,COEFR,0.075469629
PANTR,COTCN,3.11060413
PANTR,COTGO,0.470141584
PANTR,COTJA,0.304267764
PANTR,CRIGR,0.010524262000000001
PANTR,CROAD,0.407691933
PANTR,CROPO,0.054821387
PANTR,CYACU,0.16662681199999999
PANTR,CYNSP,0.0872823365
PANTR,DANRE,0.4842808785
PANTR,DELLE,0.0633174415
PANTR,DIPOR,0.064993747
PANTR,ECHTE,0.061635461
PANTR,EOSFB,0.0131508425
PANTR,EQUAS,0.011808111000000001
PANTR,EQUPR,0.024445991
PANTR,ERIEU,0.0211263465
PANTR,EUBMA,0.090125109
PANTR,FELCA,0.037603382
PANTR,FICAL,0.151104248
PANTR,GALVR,0.005391156
PANTR,GEKGE,0.080769711
PANTR,GEKJA,0.124518793
PANTR,GEOFO,0.118044132
PANTR,GEOSA,0.0542420255
PANTR,GORGO,0.06734998949999998
PANTR,GYMAC,0.523752189
PANTR,HETGA,0.0819690305
PANTR,HIPAR,0.070668151
PANTR,HUMAN,0.039634377
PANTR,HYLLA,0.009963107500000002
PANTR,ICTPU,0.38292696800000003
PANTR,LATCH,0.17755178700000002
PANTR,LEPWE,0.033829692499999994
PANTR,LOXAF,0.0241882185
PANTR,MARMA,0.013187513500000001
PANTR,MELGA,0.074380027
PANTR,MELUD,0.0885090805
PANTR,MERPO,1.921486976
PANTR,MESAU,0.010548227
PANTR,MICMU,0.004319083
PANTR,MICOH,0.007360706
PANTR,MONDO,0.070976333
PANTR,MONMO,0.02095412
PANTR,MOUSE,0.0179551575
PANTR,MUSCR,0.0218758555
PANTR,MUSPF,0.045183724
PANTR,MYOLU,0.087935979
PANTR,MYOPI,0.015695983
PANTR,NAJNA,0.115593456
PANTR,NEOAA,0.034283901
PANTR,NEOSC,0.045743674
PANTR,NOMLE,0.008839549
PANTR,NOTPE,0.102440678
PANTR,OCTDE,0.049723149999999994
PANTR,ODORO,0.037950332999999996
PANTR,ODOVR,0.029712800500000004
PANTR,ORNAN,0.088005111
PANTR,ORYAF,0.039704812
PANTR,PANGU,0.2949928765
PANTR,PANPR,0.030289126000000003
PANTR,PANTR,0.0015575354999999998
PANTR,PARLB,0.07329690999999999
PANTR,PATFA,0.15453179749999998
PANTR,PELSI,0.071961241
PANTR,PHACI,0.054821377
PANTR,PHOSS,0.0414505005
PANTR,PHYMC,0.037638217999999994
PANTR,PONAB,0.00284367
PANTR,PONPY,0.002843675
PANTR,PROSS,0.028972605999999998
PANTR,PSETE,0.11678527899999999
PANTR,PTEVA,0.0767525835
PANTR,PUMCO,0.060646440499999996
PANTR,PYTBI,0.10258368
PANTR,RAT,0.010646713000000002
PANTR,RHIFE,0.07474057299999999
PANTR,RHIRO,0.001557567
PANTR,SACKO,1.717189014
PANTR,SAGOE,0.26335434900000004
PANTR,SALNM,0.40419899600000003
PANTR,SAPAP,0.009965389500000001
PANTR,SARHA,0.06941267799999999
PANTR,SCHHA,5.051724033
PANTR,SURSU,0.041553356
PANTR,TAEGU,0.072845153
PANTR,TAPME,0.0057487855
PANTR,TRASC,0.070210676
PANTR,TRIMA,0.07336409499999999
PANTR,TURTR,0.0342839005
PANTR,TYLPA,0.04949651
PANTR,UROPR,0.013187513500000001
PANTR,URSMA,0.107261536
PANTR,VICPA,0.0540460425
PANTR,VULVU,0.039280446499999996
PANTR,XENLA,0.0829360555
PANTR,XENTR,0.07431946
PANTR,ZALCA,0.040765217
PARLB,9AMPH,0.063280981
PARLB,9CHIR,0.082572729
PARLB,9PASS,0.2606446555
PARLB,9PRIM,0.074500909
PARLB,9SAUR,0.480368746
PARLB,ACIJB,0.086006162
PARLB,AILME,0.09859884700000002
PARLB,ARCCL,0.10448944300000002
PARLB,ASEST,0.122617435
PARLB,ATHCN,0.269169419
PARLB,BALAC,0.1008944965
PARLB,BALMU,0.10240767
PARLB,BISBB,0.104612239
PARLB,BOSGR,0.092795615
PARLB,BOSIN,0.092795628
PARLB,BOVIN,0.0993985245
PARLB,CALJA,0.129741881
PARLB,CALUR,0.09802394
PARLB,CAMBA,0.0938038045
PARLB,CAMFR,0.09003640200000002
PARLB,CANLF,0.115201462
PARLB,CASCN,0.10794527000000001
PARLB,CATUS,0.26296509500000004
PARLB,CAVPO,0.077372757
PARLB,CEBIM,0.09607006900000001
PARLB,CHICK,0.23364028000000003
PARLB,CHILA,0.093503975
PARLB,CHRAS,0.096022433
PARLB,COEFR,0.131186675
PARLB,COTJA,0.268755852
PARLB,CRIGR,0.080706068
PARLB,CYNSP,0.15858767000000001
PARLB,DELLE,0.134622775
PARLB,DIPOR,0.12071079300000001
PARLB,ECHTE,0.11735250700000001
PARLB,EOSFB,0.08445617600000001
PARLB,EQUAS,0.06670003249999999
PARLB,EQUPR,0.06587494299999999
PARLB,ERIEU,0.0922317215
PARLB,FELCA,0.09332042800000001
PARLB,GEOSA,0.0671300315
PARLB,GORGO,0.138655323
PARLB,HETGA,0.153274364
PARLB,HIPAR,0.126385197
PARLB,HUMAN,0.11061937399999999
PARLB,HYLLA,0.081268441
PARLB,LEPWE,0.0895467385
PARLB,LOXAF,0.09549355200000001
PARLB,MARMA,0.08449284700000001
PARLB,MICMU,0.074500889
PARLB,MICOH,0.077542486
PARLB,MONMO,0.0922594535
PARLB,MOUSE,0.089260491
PARLB,MUSCR,0.093181189
PARLB,MUSPF,0.10090077
PARLB,MYOPI,0.08587778900000001
PARLB,NEOAA,0.1055892345
PARLB,NEOSC,0.10146072
PARLB,NOMLE,0.08126841
PARLB,OCTDE,0.105440196
PARLB,ODORO,0.09366737900000001
PARLB,ODOVR,0.10101813400000001
PARLB,ORYAF,0.095421858
PARLB,PANGU,0.36629820999999996
PARLB,PANPR,0.086006172
PARLB,PANTR,0.072428871
PARLB,PHOSS,0.112755834
PARLB,PHYMC,0.1078200275
PARLB,PONAB,0.07458305
PARLB,PONPY,0.074583055
PARLB,PROSS,0.07539641650000001
PARLB,PTEVA,0.148285382
PARLB,PUMCO,0.100671391
PARLB,RAT,0.080828519
PARLB,RHIFE,0.13045761900000002
PARLB,RHIRO,0.07173937300000001
PARLB,SAGOE,0.319071395
PARLB,SAPAP,0.081270723
PARLB,SURSU,0.097270402
PARLB,TAEGU,0.27992709
PARLB,TAPME,0.076364633
PARLB,TRIMA,0.144378892
PARLB,TURTR,0.105589234
PARLB,TYLPA,0.10521355600000001
PARLB,UROPR,0.08449284700000001
PARLB,URSMA,0.162978582
PARLB,VICPA,0.10976308850000002
PARLB,VULVU,0.0949974925
PARLB,XENLA,0.0832368815
PARLB,XENTR,0.07462028600000001
PARLB,ZALCA,0.09648226300000001
PATFA,9AMPH,0.17788973550000003
PATFA,9ANUR,0.246423123
PATFA,9AVES,0.1193152085
PATFA,9CHIR,0.164180154
PATFA,9CICH,0.538589211
PATFA,9PASE,0.062470481999999994
PATFA,9PASS,0.296834333
PATFA,9PLAT,4.0413288885
PATFA,9PRIM,0.15682902799999998
PATFA,9SAUR,0.15016982
PATFA,9TELE,0.5484524344999999
PATFA,ACIJB,0.168631631
PATFA,ACIOX,0.24190424900000002
PATFA,AILME,0.179092804
PATFA,ALLSI,0.110560542
PATFA,ARAGI,0.8097528145
PATFA,ARCCL,0.1857243305
PATFA,ASEST,0.20385232250000002
PATFA,ATHCN,0.195332278
PATFA,AUSLI,0.5438569225000001
PATFA,AYTFU,0.140390654
PATFA,BALAC,0.183945899
PATFA,BALMU,0.1836425575
PATFA,BETSP,0.5327473899999999
PATFA,BISBB,0.1858471265
PATFA,BOSGR,0.1740305025
PATFA,BOSIN,0.17584703799999998
PATFA,BOVIN,0.180633412
PATFA,CALJA,0.2109767685
PATFA,CALUR,0.1792588275
PATFA,CAMBA,0.175038692
PATFA,CAMFR,0.1712712895
PATFA,CANLF,0.1964363495
PATFA,CASCN,0.1906195765
PATFA,CATUS,0.131472954
PATFA,CAVPO,0.1586076445
PATFA,CEBIM,0.1773049565
PATFA,CHACN,0.40671143499999995
PATFA,CHEAB,0.12072889
PATFA,CHESE,0.12070054599999999
PATFA,CHICK,0.117304033
PATFA,CHILA,0.17473886249999998
PATFA,CHRAS,0.17907384799999998
PATFA,CLUHA,0.525404872
PATFA,COEFR,0.2124215625
PATFA,COTCN,3.162722039
PATFA,COTGO,0.522259493
PATFA,COTJA,0.267180956
PATFA,CRIGR,0.16194095549999998
PATFA,CROPO,0.10152694799999999
PATFA,CYACU,0.135219427
PATFA,CYNSP,0.23982255749999998
PATFA,DANRE,0.5363987875
PATFA,DELLE,0.2158576625
PATFA,DIPOR,0.20376219750000002
PATFA,ECHTE,0.19858739450000001
PATFA,EOSFB,0.16569106349999999
PATFA,EQUAS,0.148926333
PATFA,EQUPR,0.1489263555
PATFA,ERIEU,0.17435955549999999
PATFA,EUBMA,0.142243018
PATFA,FELCA,0.17455531550000003
PATFA,FICAL,0.07789583
PATFA,GEKGE,0.13288762
PATFA,GEOFO,0.073453899
PATFA,GEOSA,0.181738788
PATFA,GORGO,0.21989021050000002
PATFA,GYMAC,0.575870098
PATFA,HETGA,0.2345092515
PATFA,HIPAR,0.20762008450000002
PATFA,HUMAN,0.19286759799999997
PATFA,HYLLA,0.1625033285
PATFA,ICTPU,0.435044877
PATFA,LATCH,0.229669696
PATFA,LEPWE,0.17078162600000002
PATFA,LOXAF,0.1767284395
PATFA,MARMA,0.1657277345
PATFA,MELGA,0.09990757
PATFA,MELUD,0.100105021
PATFA,MERPO,1.9736048849999999
PATFA,MICMU,0.157552299
PATFA,MICOH,0.1587773735
PATFA,MONDO,0.12309424199999999
PATFA,MONMO,0.173494341
PATFA,MOUSE,0.17049537850000002
PATFA,MUSCR,0.1744160765
PATFA,MUSPF,0.1815824185
PATFA,MYOPI,0.1671126765
PATFA,NEOAA,0.18682412199999998
PATFA,NEOSC,0.18226322
PATFA,NOMLE,0.1625032975
PATFA,OCTDE,0.1866750835
PATFA,ODORO,0.17308574300000001
PATFA,ODOVR,0.1822530215
PATFA,ORNAN,0.14012302
PATFA,ORYAF,0.17665674550000002
PATFA,PANGU,0.4475330975
PATFA,PANPR,0.16863161850000002
PATFA,PANTR,0.153753043
PATFA,PARLB,0.1989771455
PATFA,PATFA,0.204833179
PATFA,PELSI,0.12407915
PATFA,PHOSS,0.1939907215
PATFA,PHYMC,0.1908714365
PATFA,PONAB,0.1558179375
PATFA,PONPY,0.15581794249999997
PATFA,PROSS,0.15663130399999997
PATFA,PTEVA,0.2285998045
PATFA,PUMCO,0.18372280600000002
PATFA,RAT,0.1620634065
PATFA,RHIFE,0.20987598400000002
PATFA,RHIRO,0.1529742605
PATFA,SACKO,1.769306923
PATFA,SAGOE,0.4003062825
PATFA,SALNM,0.456316905
PATFA,SAPAP,0.1625056105
PATFA,SARHA,0.1040664395
PATFA,SCHHA,5.103841942
PATFA,SURSU,0.178308951
PATFA,TAEGU,0.124963062
PATFA,TAPME,0.1575995205
PATFA,TRASC,0.122328585
PATFA,TRIMA,0.227430307
PATFA,TURTR,0.1868241215
PATFA,TYLPA,0.1864484435
PATFA,UROPR,0.1657277345
PATFA,URSMA,0.2442134695
PATFA,VICPA,0.190997976
PATFA,VULVU,0.17640049600000002
PATFA,XENLA,0.208616291
PATFA,XENTR,0.201588181
PATFA,ZALCA,0.1777171505
PELSI,9AMPH,0.09350265399999999
PELSI,9CHIR,0.08123706
PELSI,9CICH,0.441547267
PELSI,9PASS,0.2593089865
PELSI,9PLAT,3.9442869445
PELSI,9PRIM,0.07316524
PELSI,9SAUR,0.053127876
PELSI,9TELE,0.45141049050000004
PELSI,ACIJB,0.08467049299999999
PELSI,ACIOX,0.14486230499999997
PELSI,AILME,0.097263178
PELSI,ARAGI,0.7127108705
PELSI,ARCCL,0.103153774
PELSI,ASEST,0.12128176599999999
PELSI,ATHCN,0.114220639
PELSI,AUSLI,0.44681497849999996
PELSI,AYTFU,0.04334871
PELSI,BALAC,0.0995588275
PELSI,BALMU,0.10107200100000001
PELSI,BETSP,0.435705446
PELSI,BISBB,0.10327657000000001
PELSI,BOSGR,0.09145994600000001
PELSI,BOSIN,0.09145995900000001
PELSI,BOVIN,0.0980628555
PELSI,CALJA,0.12840621200000002
PELSI,CALUR,0.09668827099999999
PELSI,CAMBA,0.09246813549999999
PELSI,CAMFR,0.088700733
PELSI,CANLF,0.11386579299999999
PELSI,CASCN,0.106609601
PELSI,CATUS,0.1845344935
PELSI,CAVPO,0.076037088
PELSI,CEBIM,0.09473440000000001
PELSI,CHACN,0.309669491
PELSI,CHICK,0.026486719
PELSI,CHILA,0.092168306
PELSI,CHRAS,0.094686764
PELSI,CLUHA,0.428362928
PELSI,COEFR,0.129851006
PELSI,COTCN,3.0656800950000003
PELSI,COTGO,0.425217549
PELSI,COTJA,0.267420183
PELSI,CRIGR,0.07937039900000001
PELSI,CYNSP,0.157252001
PELSI,DANRE,0.43935684350000004
PELSI,DELLE,0.133287106
PELSI,DIPOR,0.119375124
PELSI,ECHTE,0.116016838
PELSI,EOSFB,0.08312050700000001
PELSI,EQUAS,0.0653643635
PELSI,EQUPR,0.064539274
PELSI,ERIEU,0.0908960525
PELSI,EUBMA,0.045201074
PELSI,FELCA,0.091984759
PELSI,FICAL,0.109174774
PELSI,GEKGE,0.035845676
PELSI,GEOSA,0.0973517045
PELSI,GORGO,0.137319654
PELSI,GYMAC,0.478828154
PELSI,HETGA,0.151938695
PELSI,HIPAR,0.125049528
PELSI,HUMAN,0.10928370500000001
PELSI,HYLLA,0.07993277200000001
PELSI,ICTPU,0.338002933
PELSI,LATCH,0.132627752
PELSI,LEPWE,0.08821106949999999
PELSI,LOXAF,0.094157883
PELSI,MARMA,0.083157178
PELSI,MERPO,1.8765629410000002
PELSI,MICMU,0.07316522
PELSI,MICOH,0.076206817
PELSI,MONDO,0.026052297999999998
PELSI,MONMO,0.09092378450000001
PELSI,MOUSE,0.087924822
PELSI,MUSCR,0.09184552
PELSI,MUSPF,0.09956510099999999
PELSI,MYOPI,0.08454212
PELSI,NEOAA,0.1042535655
PELSI,NEOSC,0.10012505099999999
PELSI,NOMLE,0.079932741
PELSI,OCTDE,0.10410452699999999
PELSI,ODORO,0.09233171
PELSI,ODOVR,0.099682465
PELSI,ORNAN,0.043081076
PELSI,ORYAF,0.09408618899999999
PELSI,PANGU,0.364962541
PELSI,PANPR,0.084670503
PELSI,PANTR,0.07109320200000001
PELSI,PARLB,0.116406589
PELSI,PATFA,0.107791235
PELSI,PHOSS,0.11142016500000002
PELSI,PHYMC,0.1064843585
PELSI,PONAB,0.073247381
PELSI,PONPY,0.073247386
PELSI,PROSS,0.0740607475
PELSI,PTEVA,0.146949713
PELSI,PUMCO,0.09933572199999999
PELSI,RAT,0.07949285
PELSI,RHIFE,0.12912194999999999
PELSI,RHIRO,0.07040370400000001
PELSI,SACKO,1.6722649790000002
PELSI,SAGOE,0.317735726
PELSI,SALNM,0.359274961
PELSI,SAPAP,0.079935054
PELSI,SARHA,0.024488642999999997
PELSI,SCHHA,5.006799998
PELSI,SURSU,0.095934733
PELSI,TAEGU,0.027921117999999998
PELSI,TAPME,0.075028964
PELSI,TRIMA,0.144228998
PELSI,TURTR,0.104253565
PELSI,TYLPA,0.103877887
PELSI,UROPR,0.083157178
PELSI,URSMA,0.161642913
PELSI,VICPA,0.10842741950000001
PELSI,VULVU,0.09366182349999999
PELSI,XENLA,0.1260457345
PELSI,XENTR,0.11742913899999999
PELSI,ZALCA,0.095146594
PHACI,9AMPH,0.07636279
PHACI,9ANUR,0.223009141
PHACI,9AVES,0.0283772795
PHACI,9CHIR,0.064097196
PHACI,9CICH,0.43706226299999995
PHACI,9PASE,0.039056485999999994
PHACI,9PASS,0.06905921999999999
PHACI,9PLAT,3.9398019404999998
PHACI,9PRIM,0.056025376
PHACI,9SAUR,0.048042903500000005
PHACI,9TELE,0.44692548649999997
PHACI,ACIJB,0.06753062900000001
PHACI,ACIOX,0.140377301
PHACI,AILME,0.080123314
PHACI,ALLSI,0.009033594
PHACI,ARAGI,0.7082258665
PHACI,ARCCL,0.08601391
PHACI,ASEST,0.104141902
PHACI,ATHCN,0.162177499
PHACI,AUSLI,0.4423299745
PHACI,AYTFU,0.038863706000000005
PHACI,BALAC,0.0824189635
PHACI,BALMU,0.083932137
PHACI,BETSP,0.431220442
PHACI,BISBB,0.08613670600000001
PHACI,BOSGR,0.07432008200000001
PHACI,BOSIN,0.074320095
PHACI,BOVIN,0.0809229915
PHACI,CALJA,0.111266348
PHACI,CALUR,0.07954840699999999
PHACI,CAMBA,0.0753282715
PHACI,CAMFR,0.071560869
PHACI,CANLF,0.09672592899999999
PHACI,CASCN,0.089469737
PHACI,CATUS,0.10805897199999999
PHACI,CAVPO,0.058897224
PHACI,CEBIM,0.077594536
PHACI,CHACN,0.30518448699999995
PHACI,CHEAB,0.019201942
PHACI,CHESE,0.019173598
PHACI,CHICK,0.021455645
PHACI,CHILA,0.075028442
PHACI,CHRAS,0.0775469
PHACI,CLUHA,0.42387792399999996
PHACI,COEFR,0.11271114199999999
PHACI,COTCN,3.061195091
PHACI,COTGO,0.42073254499999996
PHACI,COTJA,0.250280319
PHACI,CRIGR,0.062230535000000003
PHACI,CROPO,2e-08
PHACI,CYACU,0.11180544499999999
PHACI,CYNSP,0.140112137
PHACI,DANRE,0.43487183949999997
PHACI,DELLE,0.116147242
PHACI,DIPOR,0.10223526
PHACI,ECHTE,0.098876974
PHACI,EOSFB,0.065980643
PHACI,EQUAS,0.049049614
PHACI,EQUPR,0.04739941
PHACI,ERIEU,0.0737561885
PHACI,EUBMA,0.04071607
PHACI,FELCA,0.074844895
PHACI,FICAL,0.096282881
PHACI,GEKGE,0.031360672
PHACI,GEKJA,0.06969742599999999
PHACI,GEOFO,0.063222765
PHACI,GEOSA,0.0802118405
PHACI,GORGO,0.12017979
PHACI,GYMAC,0.47434314999999994
PHACI,HETGA,0.134798831
PHACI,HIPAR,0.10790966399999999
PHACI,HUMAN,0.092143841
PHACI,HYLLA,0.06279290800000001
PHACI,ICTPU,0.333517929
PHACI,LATCH,0.12814274800000003
PHACI,LEPWE,0.0710712055
PHACI,LOXAF,0.077018019
PHACI,MARMA,0.066017314
PHACI,MELGA,0.019558660000000002
PHACI,MELUD,0.033687713499999994
PHACI,MERPO,1.872077937
PHACI,MICMU,0.056025356
PHACI,MICOH,0.059066953
PHACI,MONDO,0.021567294
PHACI,MONMO,0.0737839205
PHACI,MOUSE,0.070784958
PHACI,MUSCR,0.074705656
PHACI,MUSPF,0.082425237
PHACI,MYOPI,0.067402256
PHACI,NEOAA,0.0871137015
PHACI,NEOSC,0.082985187
PHACI,NOMLE,0.062792877
PHACI,NOTPE,0.047619311
PHACI,OCTDE,0.086964663
PHACI,ODORO,0.075191846
PHACI,ODOVR,0.082542601
PHACI,ORNAN,0.038596072
PHACI,ORYAF,0.076946325
PHACI,PANGU,0.34782267699999997
PHACI,PANPR,0.067530639
PHACI,PANTR,0.053953338
PHACI,PARLB,0.099266725
PHACI,PATFA,0.1024165945
PHACI,PELSI,0.022552202
PHACI,PHOSS,0.09428030100000001
PHACI,PHYMC,0.0893444945
PHACI,PONAB,0.056107516999999996
PHACI,PONPY,0.056107522
PHACI,PROSS,0.056920883500000005
PHACI,PTEVA,0.129809849
PHACI,PUMCO,0.082195858
PHACI,RAT,0.062352986
PHACI,RHIFE,0.11198208600000001
PHACI,RHIRO,0.05326384
PHACI,SACKO,1.6677799750000002
PHACI,SAGOE,0.300595862
PHACI,SALNM,0.354789957
PHACI,SAPAP,0.06279519
PHACI,SARHA,0.020003639
PHACI,SCHHA,5.002314994
PHACI,SURSU,0.07879486899999999
PHACI,TAEGU,0.023436114
PHACI,TAPME,0.0578891
PHACI,TRASC,0.020801637
PHACI,TRIMA,0.1270891365
PHACI,TURTR,0.087113701
PHACI,TYLPA,0.086738023
PHACI,UROPR,0.066017314
PHACI,URSMA,0.144503049
PHACI,VICPA,0.0912875555
PHACI,VULVU,0.0765219595
PHACI,XENLA,0.1089058705
PHACI,XENTR,0.100289275
PHACI,ZALCA,0.07800673
PHOSS,9SAUR,0.430587734
PHOSS,CALJA,0.07996086899999999
PHOSS,CHILA,0.062781049
PHOSS,CHRAS,0.09932075550000001
PHOSS,CYNSP,0.108806658
PHOSS,DELLE,0.021866963000000003
PHOSS,EOSFB,0.034675164
PHOSS,ERIEU,0.0379889415
PHOSS,GORGO,0.088874311
PHOSS,HETGA,0.10349335199999998
PHOSS,HUMAN,0.060035171
PHOSS,HYLLA,0.031487429
PHOSS,MARMA,0.034711834999999996
PHOSS,MONMO,0.0233822475
PHOSS,NEOAA,0.021866950000000003
PHOSS,NOMLE,0.041016475999999996
PHOSS,PANGU,0.316517198
PHOSS,PANTR,0.0417952735
PHOSS,PONAB,0.043860168
PHOSS,PONPY,0.043860173
PHOSS,PTEVA,0.09850437
PHOSS,PUMCO,0.08329429199999999
PHOSS,SAPAP,0.031485121
PHOSS,TAPME,0.045641707000000004
PHOSS,TRIMA,0.09459788
PHOSS,TURTR,0.01611305
PHOSS,UROPR,0.034711834999999996
PHYMC,9AMPH,0.09978168400000001
PHYMC,9ANUR,0.327219217
PHYMC,9AVES,0.1298811915
PHYMC,9CHIR,0.076244412
PHYMC,9CICH,0.535860011
PHYMC,9PASE,0.143266562
PHYMC,9PASS,0.167856968
PHYMC,9PLAT,4.0385996885
PHYMC,9PRIM,0.068172592
PHYMC,9SAUR,0.275103388
PHYMC,9TELE,0.5457232345
PHYMC,ACIJB,0.079677845
PHYMC,ACIOX,0.239175049
PHYMC,AILME,0.09227053
PHYMC,ALLSI,0.107831342
PHYMC,ANOCA,0.10021761099999998
PHYMC,ARAGI,0.697337666
PHYMC,ARCCL,0.098161126
PHYMC,ASEST,0.116289118
PHYMC,ATHCN,0.262841102
PHYMC,AUSLI,0.5411277225
PHYMC,AYTFU,0.13766145400000002
PHYMC,BALAC,0.0270814915
PHYMC,BALMU,0.028594664
PHYMC,BETSP,0.5300181900000001
PHYMC,BISBB,0.098283922
PHYMC,BOSGR,0.086467298
PHYMC,BOSIN,0.086467311
PHYMC,BOVIN,0.0930702075
PHYMC,CALJA,0.075025066
PHYMC,CALUR,0.091695623
PHYMC,CAMBA,0.0874754875
PHYMC,CAMFR,0.083708085
PHYMC,CANLF,0.108873145
PHYMC,CASCN,0.101616953
PHYMC,CATUS,0.212269048
PHYMC,CAVPO,0.07104444
PHYMC,CEBIM,0.08974175200000001
PHYMC,CHACN,0.40398223499999997
PHYMC,CHEAB,0.11799968999999999
PHYMC,CHESE,0.117971346
PHYMC,CHICK,0.12566571599999998
PHYMC,CHILA,0.057845246
PHYMC,CHRAS,0.094384946
PHYMC,CLUHA,0.522675672
PHYMC,COEFR,0.124858358
PHYMC,COTCN,3.159992839
PHYMC,COTGO,0.519530293
PHYMC,COTJA,0.353656473
PHYMC,CRIGR,0.074377751
PHYMC,CROAD,0.457080642
PHYMC,CROPO,0.104210096
PHYMC,CYACU,0.216015521
PHYMC,CYNSP,0.103870855
PHYMC,DANRE,0.5336695874999999
PHYMC,DELLE,0.060809764
PHYMC,DIPOR,0.11438247600000001
PHYMC,ECHTE,0.11102419
PHYMC,EOSFB,0.029739361000000002
PHYMC,EQUAS,0.061196829999999994
PHYMC,EQUPR,0.05954662349999999
PHYMC,ERIEU,0.036531846
PHYMC,EUBMA,0.139513818
PHYMC,FELCA,0.086992111
PHYMC,FICAL,0.200492957
PHYMC,GEKGE,0.13015842
PHYMC,GEKJA,0.173907502
PHYMC,GEOFO,0.167432841
PHYMC,GEOSA,0.1036307345
PHYMC,GORGO,0.1046113035
PHYMC,GYMAC,0.5731408979999999
PHYMC,HETGA,0.098557549
PHYMC,HIPAR,0.12005688
PHYMC,HUMAN,0.069906823
PHYMC,HYLLA,0.026551626000000002
PHYMC,ICTPU,0.43231567699999995
PHYMC,LATCH,0.226940496
PHYMC,LEPWE,0.0832184215
PHYMC,LOXAF,0.08916523500000001
PHYMC,MARMA,0.029776032
PHYMC,MELGA,0.123768736
PHYMC,MELUD,0.1378977895
PHYMC,MERPO,1.970875685
PHYMC,MICMU,0.068172572
PHYMC,MICOH,0.071214169
PHYMC,MONDO,0.120365042
PHYMC,MONMO,0.0184464545
PHYMC,MOUSE,0.082932174
PHYMC,MUSCR,0.086852872
PHYMC,MUSPF,0.094572453
PHYMC,MYOPI,0.07954947200000001
PHYMC,NAJNA,0.16498216500000001
PHYMC,NEOAA,0.0389428305
PHYMC,NEOSC,0.095132403
PHYMC,NOMLE,0.044661658
PHYMC,NOTPE,0.15182938699999998
PHYMC,OCTDE,0.099111879
PHYMC,ODORO,0.087339062
PHYMC,ODOVR,0.09468981700000001
PHYMC,ORNAN,0.13739382
PHYMC,ORYAF,0.089093541
PHYMC,PANGU,0.311581395
PHYMC,PANPR,0.07967785499999999
PHYMC,PANTR,0.037638236
PHYMC,PARLB,0.122685619
PHYMC,PATFA,0.2039205065
PHYMC,PELSI,0.12134995
PHYMC,PHACI,0.10421008600000001
PHYMC,PHOSS,0.038942823
PHYMC,PHYMC,0.046096216
PHYMC,PONAB,0.038924364999999995
PHYMC,PONPY,0.03892437
PHYMC,PROSS,0.04827444
PHYMC,PSETE,0.166173988
PHYMC,PTEVA,0.094464615
PHYMC,PUMCO,0.083594712
PHYMC,PYTBI,0.15197238899999999
PHYMC,RAT,0.074500202
PHYMC,RHIFE,0.124129302
PHYMC,RHIRO,0.06541105600000001
PHYMC,SACKO,1.766577723
PHYMC,SAGOE,0.312743078
PHYMC,SALNM,0.453587705
PHYMC,SAPAP,0.026549318
PHYMC,SARHA,0.118801387
PHYMC,SCHHA,5.101112742000001
PHYMC,SURSU,0.090942085
PHYMC,TAEGU,0.122233862
PHYMC,TAPME,0.040705904
PHYMC,TRASC,0.119599385
PHYMC,TRIMA,0.0908478545
PHYMC,TURTR,0.0290993415
PHYMC,TYLPA,0.098885239
PHYMC,UROPR,0.029776032
PHYMC,URSMA,0.156650265
PHYMC,VICPA,0.1034347715
PHYMC,VULVU,0.0886691755
PHYMC,XENLA,0.1323247645
PHYMC,XENTR,0.12370816899999999
PHYMC,ZALCA,0.090153946
PONAB,PANTR,0.001286151
PONAB,PONAB,1.5000000000000002e-08
PONAB,PONPY,1.75e-08
PONPY,PANTR,0.0012861559999999999
PONPY,PONAB,1e-08
PROSS,9AMPH,0.0898273385
PROSS,9ANUR,0.31467528349999996
PROSS,9AVES,0.11733725799999999
PROSS,9CHIR,0.059666898
PROSS,9CICH,0.523316075
PROSS,9PASE,0.1307226285
PROSS,9PASS,0.1553130345
PROSS,9PLAT,4.026055755
PROSS,9PRIM,0.056790018
PROSS,9SAUR,0.151391793
PROSS,9TELE,0.5321385755
PROSS,ACIJB,0.06775143
PROSS,ACIOX,0.22663111549999998
PROSS,AILME,0.078212603
PROSS,ALLSI,0.09528740849999999
PROSS,ANOCA,0.08767367749999999
PROSS,ARAGI,0.6847937325
PROSS,ARCCL,0.0856171925
PROSS,ASEST,0.10374518449999999
PROSS,ATHCN,0.24948081449999998
PROSS,AUSLI,0.5294649425
PROSS,AYTFU,0.12511752050000002
PROSS,BALAC,0.079432643
PROSS,BALMU,0.058083351
PROSS,BETSP,0.5200638344999999
PROSS,BISBB,0.06028792
PROSS,BOSGR,0.048471296
PROSS,BOSIN,0.071333782
PROSS,BOVIN,0.0550742055
PROSS,CALJA,0.085417562
PROSS,CALUR,0.0791516895
PROSS,CAMBA,0.075637443
PROSS,CAMFR,0.0711641515
PROSS,CANLF,0.0963292115
PROSS,CASCN,0.09128550149999999
PROSS,CATUS,0.19972511449999997
PROSS,CAVPO,0.058500506499999994
PROSS,CEBIM,0.05174575
PROSS,CHACN,0.39134375
PROSS,CHEAB,0.1054557565
PROSS,CHESE,0.1054274125
PROSS,CHICK,0.11084511999999999
PROSS,CHILA,0.049179656
PROSS,CHRAS,0.07456059200000001
PROSS,CLUHA,0.5101317384999999
PROSS,COEFR,0.1123144245
PROSS,COTCN,3.1474489055
PROSS,COTGO,0.5069863594999999
PROSS,COTJA,0.34083362250000004
PROSS,CRIGR,0.059244226999999997
PROSS,CROAD,0.44453670850000004
PROSS,CROPO,0.0916661625
PROSS,CYACU,0.2034715875
PROSS,CYNSP,0.114263351
PROSS,DANRE,0.520412251
PROSS,DELLE,0.090298456
PROSS,DIPOR,0.1044281225
PROSS,ECHTE,0.0984802565
PROSS,EOSFB,0.040131857
PROSS,EQUAS,0.0504173725
PROSS,EQUPR,0.046318689499999996
PROSS,ERIEU,0.0499840565
PROSS,EUBMA,0.12696988450000002
PROSS,FELCA,0.07444817749999999
PROSS,FICAL,0.189253789
PROSS,GEKGE,0.11761448649999999
PROSS,GEKJA,0.1613635685
PROSS,GEOFO,0.1548889075
PROSS,GEOSA,0.093676391
PROSS,GORGO,0.096025062
PROSS,GYMAC,0.5605969645
PROSS,HETGA,0.108950045
PROSS,HIPAR,0.1075129465
PROSS,HUMAN,0.07553770600000001
PROSS,HYLLA,0.036944122
PROSS,ICTPU,0.42236132299999996
PROSS,LATCH,0.2143965625
PROSS,LEPWE,0.070674488
PROSS,LOXAF,0.051169233
PROSS,MARMA,0.040168528
PROSS,MELGA,0.11122480250000001
PROSS,MELUD,0.12535385599999999
PROSS,MERPO,1.9583317515
PROSS,MICMU,0.053039048
PROSS,MICOH,0.0586702355
PROSS,MONDO,0.1078211085
PROSS,MONMO,0.0479351345
PROSS,MOUSE,0.044936172
PROSS,MUSCR,0.04885687
PROSS,MUSPF,0.0814752805
PROSS,MYOPI,0.04155347
PROSS,NAJNA,0.15243823150000002
PROSS,NEOAA,0.071141276
PROSS,NEOSC,0.08206723299999999
PROSS,NOMLE,0.052867117500000005
PROSS,NOTPE,0.1392854535
PROSS,OCTDE,0.0865679455
PROSS,ODORO,0.072205542
PROSS,ODOVR,0.056693815
PROSS,ORNAN,0.12484988649999999
PROSS,ORYAF,0.07654960749999999
PROSS,PANGU,0.32197389099999996
PROSS,PANPR,0.0677514175
PROSS,PANTR,0.0281938515
PROSS,PARLB,0.11014168549999999
PROSS,PATFA,0.191376573
PROSS,PELSI,0.1088060165
PROSS,PHACI,0.0916661525
PROSS,PHOSS,0.068431515
PROSS,PHYMC,0.0677795815
PROSS,PONAB,0.030258746
PROSS,PONPY,0.030258751
PROSS,PROSS,0.0539345755
PROSS,PSETE,0.1536300545
PROSS,PTEVA,0.090708549
PROSS,PUMCO,0.07920954999999999
PROSS,PYTBI,0.1394284555
PROSS,RAT,0.0365042
PROSS,RHIFE,0.108995783
PROSS,RHIRO,0.0528671225
PROSS,SACKO,1.7540337895
PROSS,SAGOE,0.30019914449999996
PROSS,SALNM,0.44104377149999996
PROSS,SAPAP,0.036946404
PROSS,SARHA,0.1062574535
PROSS,SCHHA,5.0885688085
PROSS,SURSU,0.07742874999999999
PROSS,TAEGU,0.11151169999999999
PROSS,TAPME,0.032040314
PROSS,TRASC,0.1070554515
PROSS,TRIMA,0.122917051
PROSS,TURTR,0.06037500750000001
PROSS,TYLPA,0.08634130549999999
PROSS,UROPR,0.040168528
PROSS,URSMA,0.14410633150000002
PROSS,VICPA,0.090890838
PROSS,VULVU,0.077066421
PROSS,XENLA,0.1196827555
PROSS,XENTR,0.112752721
PROSS,ZALCA,0.07761001249999999
PSETE,9AMPH,0.13832669250000001
PSETE,9ANUR,0.317810543
PSETE,9AVES,0.12047251749999999
PSETE,9CHIR,0.12606109799999998
PSETE,9CICH,0.5264513344999999
PSETE,9PASE,0.133857888
PSETE,9PASS,0.158448294
PSETE,9PLAT,4.0291910145
PSETE,9PRIM,0.117989278
PSETE,9SAUR,0.11019071999999999
PSETE,9TELE,0.5363145604999999
PSETE,ACIJB,0.129494531
PSETE,ACIOX,0.229766375
PSETE,AILME,0.142087216
PSETE,ALLSI,0.09842266799999999
PSETE,ANOCA,0.07899783299999999
PSETE,ARAGI,0.7976149405
PSETE,ARCCL,0.147977812
PSETE,ASEST,0.166105804
PSETE,ATHCN,0.256978901
PSETE,AUSLI,0.5317190485
PSETE,AYTFU,0.12825277999999998
PSETE,BALAC,0.1443828655
PSETE,BALMU,0.14589603899999998
PSETE,BETSP,0.5206095159999999
PSETE,BISBB,0.148100608
PSETE,BOSGR,0.136283984
PSETE,BOSIN,0.136283997
PSETE,BOVIN,0.1428868935
PSETE,CALJA,0.17323025
PSETE,CALUR,0.14151230899999998
PSETE,CAMBA,0.1372921735
PSETE,CAMFR,0.133524771
PSETE,CANLF,0.15868983099999998
PSETE,CASCN,0.1514336395
PSETE,CATUS,0.20286037399999998
PSETE,CAVPO,0.120861126
PSETE,CEBIM,0.139558438
PSETE,CHACN,0.39457356099999996
PSETE,CHEAB,0.108591016
PSETE,CHESE,0.108562672
PSETE,CHICK,0.11625704149999999
PSETE,CHILA,0.136992344
PSETE,CHRAS,0.13951080500000002
PSETE,CLUHA,0.513266998
PSETE,COEFR,0.17467504399999997
PSETE,COTCN,3.1505841649999997
PSETE,COTGO,0.510121619
PSETE,COTJA,0.344247799
PSETE,CRIGR,0.12419443699999999
PSETE,CROPO,0.094801422
PSETE,CYACU,0.20660684699999998
PSETE,CYNSP,0.20207603899999999
PSETE,DANRE,0.5242609135
PSETE,DELLE,0.178111144
PSETE,DIPOR,0.16419916199999998
PSETE,ECHTE,0.160840876
PSETE,EOSFB,0.127944545
PSETE,EQUAS,0.11101351599999999
PSETE,EQUPR,0.10936331249999999
PSETE,ERIEU,0.1357200905
PSETE,EUBMA,0.130105144
PSETE,FELCA,0.13680879699999998
PSETE,FICAL,0.191084283
PSETE,GEKGE,0.12074974599999999
PSETE,GEKJA,0.164498828
PSETE,GEOFO,0.158024167
PSETE,GEOSA,0.142175745
PSETE,GORGO,0.182143692
PSETE,GYMAC,0.563732224
PSETE,HETGA,0.196762733
PSETE,HIPAR,0.169873566
PSETE,HUMAN,0.154107743
PSETE,HYLLA,0.12475681
PSETE,ICTPU,0.42290700049999996
PSETE,LATCH,0.21753182199999999
PSETE,LEPWE,0.13303510749999997
PSETE,LOXAF,0.138981921
PSETE,MARMA,0.127981216
PSETE,MELGA,0.114360062
PSETE,MELUD,0.1284891155
PSETE,MERPO,1.9614670109999999
PSETE,MICMU,0.11798925799999999
PSETE,MICOH,0.12103085499999999
PSETE,MONDO,0.110956368
PSETE,MONMO,0.1357478225
PSETE,MOUSE,0.13274886
PSETE,MUSCR,0.136669558
PSETE,MUSPF,0.144389136
PSETE,MYOPI,0.129366158
PSETE,NEOAA,0.1490776035
PSETE,NEOSC,0.144949092
PSETE,NOMLE,0.12475677899999998
PSETE,NOTPE,0.142420713
PSETE,OCTDE,0.148928565
PSETE,ODORO,0.137155747
PSETE,ODOVR,0.144506503
PSETE,ORNAN,0.127985146
PSETE,ORYAF,0.138910227
PSETE,PANGU,0.40978657899999993
PSETE,PANPR,0.129494544
PSETE,PANTR,0.11591724
PSETE,PARLB,0.161230627
PSETE,PATFA,0.1945118325
PSETE,PELSI,0.11194127599999999
PSETE,PHACI,0.094801412
PSETE,PHOSS,0.156244203
PSETE,PHYMC,0.1513083965
PSETE,PONAB,0.11807141899999998
PSETE,PONPY,0.118071424
PSETE,PROSS,0.11888478549999999
PSETE,PSETE,1.5999999999999998e-08
PSETE,PTEVA,0.191773751
PSETE,PUMCO,0.144159763
PSETE,RAT,0.12431688799999999
PSETE,RHIFE,0.173945988
PSETE,RHIRO,0.115227742
PSETE,SACKO,1.7571690489999998
PSETE,SAGOE,0.362559764
PSETE,SALNM,0.444179031
PSETE,SAPAP,0.12475909199999999
PSETE,SARHA,0.109392713
PSETE,SCHHA,5.091704068
PSETE,SURSU,0.14075877099999998
PSETE,TAEGU,0.11282519099999999
PSETE,TAPME,0.11985300199999999
PSETE,TRASC,0.110190711
PSETE,TRIMA,0.1890530385
PSETE,TURTR,0.149077603
PSETE,TYLPA,0.14870192499999998
PSETE,UROPR,0.127981216
PSETE,URSMA,0.20646695099999998
PSETE,VICPA,0.1532514575
PSETE,VULVU,0.13848586149999997
PSETE,XENLA,0.1708697725
PSETE,XENTR,0.16225318
PSETE,ZALCA,0.13997063199999998
PTEVA,9AMPH,0.05687785
PTEVA,9ANUR,0.28430724900000004
PTEVA,9AVES,0.0928263205
PTEVA,9CHIR,0.018867681999999997
PTEVA,9CICH,0.49294804049999996
PTEVA,9PASE,0.100354594
PTEVA,9PASS,0.124945
PTEVA,9PLAT,4.005493662999999
PTEVA,9PRIM,0.010795862
PTEVA,9SAUR,0.1202059965
PTEVA,9TELE,0.5031286225
PTEVA,ACIJB,0.0367820815
PTEVA,ACIOX,0.1964232065
PTEVA,AILME,0.049358559999999996
PTEVA,ALLSI,0.064919374
PTEVA,ANOCA,0.0565124545
PTEVA,ARAGI,0.6544256980000001
PTEVA,ARCCL,0.055249138
PTEVA,ASEST,0.07337713
PTEVA,ATHCN,0.21992911399999998
PTEVA,AUSLI,0.498223891
PTEVA,AYTFU,0.094749486
PTEVA,BALAC,0.037205671499999995
PTEVA,BALMU,0.038702605
PTEVA,BETSP,0.4871062375
PTEVA,BISBB,0.040907174
PTEVA,BOSGR,0.02909055
PTEVA,BOSIN,0.049678004
PTEVA,BOVIN,0.0405742765
PTEVA,CALJA,0.007781661999999999
PTEVA,CALUR,0.048783635
PTEVA,CAMBA,0.0445635085
PTEVA,CAMFR,0.040796097
PTEVA,CANLF,0.06596115699999999
PTEVA,CAPHI,0.051400087
PTEVA,CASCN,0.0587212075
PTEVA,CATUS,0.169357098
PTEVA,CAVPO,0.013667717999999999
PTEVA,CEBIM,0.032365004
PTEVA,CHACN,0.3610702385
PTEVA,CHEAB,0.075087722
PTEVA,CHESE,0.075059378
PTEVA,CHICK,0.082753718
PTEVA,CHILA,0.0298151575
PTEVA,CHRAS,0.032333614
PTEVA,CLUHA,0.479763704
PTEVA,COEFR,0.08194637
PTEVA,COTCN,3.1170808709999998
PTEVA,COTGO,0.476618325
PTEVA,COTJA,0.31074450500000006
PTEVA,CRIGR,0.017001003
PTEVA,CROAD,0.414168674
PTEVA,CROPO,0.061298128
PTEVA,CYACU,0.17310355300000002
PTEVA,CYNSP,0.09489074149999999
PTEVA,DANRE,0.49075760399999996
PTEVA,DELLE,0.07091771
PTEVA,DIPOR,0.07148673
PTEVA,ECHTE,0.06811220200000001
PTEVA,EOSFB,0.0207673585
PTEVA,EQUAS,0.01828487
PTEVA,EQUPR,0.016650887
PTEVA,ERIEU,0.028575935499999996
PTEVA,EUBMA,0.09660185
PTEVA,FELCA,0.043381960000000004
PTEVA,FICAL,0.157581007
PTEVA,GALVR,0.011867896999999999
PTEVA,GEKGE,0.087246452
PTEVA,GEKJA,0.130995534
PTEVA,GEOFO,0.124520873
PTEVA,GEOSA,0.060735015
PTEVA,GORGO,0.06730038299999999
PTEVA,GYMAC,0.53022893
PTEVA,HETGA,0.0895774355
PTEVA,HIPAR,0.077144892
PTEVA,HUMAN,0.051144500999999995
PTEVA,HYLLA,0.017579623500000002
PTEVA,ICTPU,0.389419937
PTEVA,LATCH,0.1882963325
PTEVA,LEPWE,0.039872212500000004
PTEVA,LOXAF,0.031788487000000004
PTEVA,MACMU,0.006476724999999999
PTEVA,MARMA,0.020787781999999998
PTEVA,MELGA,0.08085678599999999
PTEVA,MELUD,0.104791764
PTEVA,MERPO,1.927963717
PTEVA,MESAU,0.017024968
PTEVA,MICMU,0.010812063
PTEVA,MICOH,0.013837447
PTEVA,MONDO,0.077453074
PTEVA,MONMO,0.0285543885
PTEVA,MOUSE,0.024832980499999997
PTEVA,MUSCR,0.029476124
PTEVA,MUSPF,0.050294875
PTEVA,MYOLU,0.09441271999999999
PTEVA,MYOPI,0.022172724
PTEVA,NAJNA,0.12207019699999999
PTEVA,NEOAA,0.048189726999999995
PTEVA,NEOSC,0.052236664
PTEVA,NOMLE,0.017579593999999997
PTEVA,NOTPE,0.108917419
PTEVA,OCTDE,0.0554187165
PTEVA,ODORO,0.0438342405
PTEVA,ODOVR,0.037313069000000004
PTEVA,ORNAN,0.094481852
PTEVA,ORYAF,0.046181553
PTEVA,PANGU,0.302593145
PTEVA,PANPA,0.006476724999999999
PTEVA,PANPR,0.036782116000000004
PTEVA,PANTR,0.0080342555
PTEVA,PARLB,0.079773651
PTEVA,PATFA,0.16110297150000003
PTEVA,PELSI,0.078437982
PTEVA,PHACI,0.061298118
PTEVA,PHOSS,0.049050769
PTEVA,PHYMC,0.044131215
PTEVA,PONAB,0.007779125999999999
PTEVA,PONPY,0.0077791334999999994
PTEVA,PROSS,0.045255289500000004
PTEVA,PSETE,0.12326202
PTEVA,PTEVA,0.057179189
PTEVA,PUMCO,0.0514473335
PTEVA,PYTBI,0.10906043899999998
PTEVA,RAT,0.017123454000000003
PTEVA,RHIFE,0.081217297
PTEVA,RHIRO,0.008050532999999999
PTEVA,ROULE,0.002714639
PTEVA,SACKO,1.7236657549999999
PTEVA,SAGOE,0.26983109000000005
PTEVA,SALNM,0.41067573700000004
PTEVA,SAPAP,0.017565657999999998
PTEVA,SARHA,0.075889419
PTEVA,SCHHA,5.058200774
PTEVA,SURSU,0.048030115
PTEVA,TAEGU,0.079338143
PTEVA,TAPME,0.0126758155
PTEVA,TRASC,0.076687417
PTEVA,TRIMA,0.080690073
PTEVA,TURTR,0.047328687
PTEVA,TYLPA,0.055973251
PTEVA,UROPR,0.020787781999999998
PTEVA,URSMA,0.113738277
PTEVA,VICPA,0.07032872600000001
PTEVA,VULVU,0.045773434
PTEVA,XENLA,0.090257415
PTEVA,XENTR,0.080812447
PTEVA,ZALCA,0.047241958
PUMCO,9CHIR,0.051342184
PUMCO,9PRIM,0.044711752
PUMCO,9SAUR,0.449557426
PUMCO,ACIJB,0.0289491995
PUMCO,AILME,0.036434085000000005
PUMCO,ASEST,0.060685180000000005
PUMCO,BALAC,0.0711116795
PUMCO,BALMU,0.07159635
PUMCO,BISBB,0.073800919
PUMCO,BOSGR,0.061984295
PUMCO,BOSIN,0.061984303000000004
PUMCO,BOVIN,0.06568177850000001
PUMCO,CALJA,0.090650954
PUMCO,CALUR,0.042458737999999996
PUMCO,CAMBA,0.0344711975
PUMCO,CAMFR,0.0344712
PUMCO,CASCN,0.053397167499999995
PUMCO,CAVPO,0.046561437
PUMCO,CEBIM,0.065258749
PUMCO,CHILA,0.06516141
PUMCO,CHRAS,0.06767985800000001
PUMCO,COEFR,0.06925442
PUMCO,CRIGR,0.049894748
PUMCO,CYNSP,0.11949674299999999
PUMCO,DELLE,0.103811455
PUMCO,DIPOR,0.038018152
PUMCO,EOSFB,0.054994582
PUMCO,EQUPR,0.066063537
PUMCO,ERIEU,0.062965573
PUMCO,FELCA,0.007475389
PUMCO,GORGO,0.080670418
PUMCO,HETGA,0.114183437
PUMCO,HIPAR,0.064452942
PUMCO,HUMAN,0.080670427
PUMCO,HYLLA,0.051806872999999996
PUMCO,LEPWE,0.016180948
PUMCO,LOXAF,0.064682232
PUMCO,MARMA,0.05368152700000001
PUMCO,MICMU,0.04557422900000001
PUMCO,MICOH,0.046731166000000005
PUMCO,MONMO,0.0614481335
PUMCO,MOUSE,0.058449171
PUMCO,MUSCR,0.062369869
PUMCO,MUSPF,0.045335568
PUMCO,MYOPI,0.05506646900000001
PUMCO,NEOAA,0.0718724885
PUMCO,NEOSC,0.029382803
PUMCO,NOMLE,0.04798833500000001
PUMCO,OCTDE,0.042567021
PUMCO,ODORO,0.020387581000000002
PUMCO,ODOVR,0.070206814
PUMCO,ORYAF,0.048048155999999995
PUMCO,PANGU,0.33548689
PUMCO,PANPR,0.026937497
PUMCO,PANTR,0.044086306000000006
PUMCO,PHOSS,0.08194451400000001
PUMCO,PHYMC,0.079477454
PUMCO,PONAB,0.04624049
PUMCO,PONPY,0.04624049
PUMCO,PROSS,0.044585096500000004
PUMCO,PTEVA,0.09254172399999999
PUMCO,PUMCO,0.093984377
PUMCO,RAT,0.050017199
PUMCO,RHIFE,0.068525359
PUMCO,RHIRO,0.040928053000000006
PUMCO,SAPAP,0.050459403
PUMCO,SURSU,0.014109806
PUMCO,TAPME,0.048022068
PUMCO,TRIMA,0.10647374500000001
PUMCO,TURTR,0.071872488
PUMCO,UROPR,0.05368152700000001
PUMCO,VICPA,0.033082666
PUMCO,VULVU,0.037182176000000004
PUMCO,ZALCA,0.040917061000000005
PYTBI,9AMPH,0.128106223
PYTBI,9ANUR,0.303608944
PYTBI,9AVES,0.1075600295
PYTBI,9CHIR,0.11693378399999999
PYTBI,9CICH,0.512249738
PYTBI,9PASE,0.119656289
PYTBI,9PASS,0.14424669499999998
PYTBI,9PLAT,4.0162785265
PYTBI,9PRIM,0.103787679
PYTBI,9SAUR,0.103951383
PYTBI,9TELE,0.5206524205
PYTBI,ACIJB,0.11529293199999999
PYTBI,ACIOX,0.215564776
PYTBI,AILME,0.127885617
PYTBI,ALLSI,0.084221069
PYTBI,ANOCA,0.06479623400000001
PYTBI,ARAGI,0.7847024525
PYTBI,ARCCL,0.133776213
PYTBI,ASEST,0.151904205
PYTBI,ATHCN,0.24277730199999997
PYTBI,AUSLI,0.5175174495
PYTBI,AYTFU,0.114051181
PYTBI,BALAC,0.13120977949999998
PYTBI,BALMU,0.13169444
PYTBI,BETSP,0.506407922
PYTBI,BISBB,0.13389900899999999
PYTBI,BOSGR,0.12208238499999999
PYTBI,BOSIN,0.13004465299999998
PYTBI,BOVIN,0.1299744055
PYTBI,CALJA,0.159028651
PYTBI,CALUR,0.12731071
PYTBI,CAMBA,0.1251880035
PYTBI,CAMFR,0.119323172
PYTBI,CANLF,0.144488232
PYTBI,CASCN,0.138747726
PYTBI,CATUS,0.188658775
PYTBI,CAVPO,0.106659527
PYTBI,CEBIM,0.125356839
PYTBI,CHACN,0.380371962
PYTBI,CHEAB,0.094389417
PYTBI,CHESE,0.094361073
PYTBI,CHICK,0.10205544799999999
PYTBI,CHILA,0.12279074499999999
PYTBI,CHRAS,0.13174202399999999
PYTBI,CLUHA,0.499065399
PYTBI,COEFR,0.160473445
PYTBI,COTCN,3.136382566
PYTBI,COTGO,0.49592002
PYTBI,COTJA,0.329283504
PYTBI,CRIGR,0.109992838
PYTBI,CROPO,0.080599823
PYTBI,CYACU,0.19240524799999997
PYTBI,CYNSP,0.18787443999999998
PYTBI,DANRE,0.510059321
PYTBI,DELLE,0.163909545
PYTBI,DIPOR,0.157547884
PYTBI,ECHTE,0.146639277
PYTBI,EOSFB,0.113742946
PYTBI,EQUAS,0.10312395299999999
PYTBI,EQUPR,0.103123973
PYTBI,ERIEU,0.121826697
PYTBI,EUBMA,0.115903545
PYTBI,FELCA,0.124102613
PYTBI,FICAL,0.176882684
PYTBI,GEKGE,0.10654814700000001
PYTBI,GEKJA,0.150297229
PYTBI,GEOFO,0.14382256799999998
PYTBI,GEOSA,0.135936408
PYTBI,GORGO,0.169231204
PYTBI,GYMAC,0.5495306249999999
PYTBI,HETGA,0.18256113399999999
PYTBI,HIPAR,0.155671967
PYTBI,HUMAN,0.145886554
PYTBI,HYLLA,0.11055521099999999
PYTBI,ICTPU,0.41666764799999995
PYTBI,LATCH,0.20461933399999999
PYTBI,LEPWE,0.11883350849999999
PYTBI,LOXAF,0.124780322
PYTBI,MARMA,0.113779617
PYTBI,MELGA,0.100158463
PYTBI,MELUD,0.1155766275
PYTBI,MERPO,1.947265412
PYTBI,MICMU,0.10378765899999999
PYTBI,MICOH,0.106829256
PYTBI,MONDO,0.09675476899999999
PYTBI,MONMO,0.1215462235
PYTBI,MOUSE,0.11854726099999999
PYTBI,MUSCR,0.12246795899999999
PYTBI,MUSPF,0.13018754
PYTBI,MYOPI,0.115164559
PYTBI,NAJNA,0.04287135
PYTBI,NEOAA,0.1361651155
PYTBI,NEOSC,0.132490514
PYTBI,NOMLE,0.11055517999999999
PYTBI,NOTPE,0.128219114
PYTBI,OCTDE,0.134726966
PYTBI,ODORO,0.122954149
PYTBI,ODOVR,0.130304904
PYTBI,ORNAN,0.113783547
PYTBI,ORYAF,0.12470862799999999
PYTBI,PANGU,0.39558498
PYTBI,PANPR,0.117282979
PYTBI,PANTR,0.101715641
PYTBI,PARLB,0.147029028
PYTBI,PATFA,0.1803102335
PYTBI,PELSI,0.097739677
PYTBI,PHACI,0.08059981299999999
PYTBI,PHOSS,0.142042604
PYTBI,PHYMC,0.142686396
PYTBI,PONAB,0.10386982
PYTBI,PONPY,0.103869825
PYTBI,PROSS,0.1046831865
PYTBI,PSETE,0.044063173
PYTBI,PTEVA,0.17308417399999998
PYTBI,PUMCO,0.13792042599999998
PYTBI,PYTBI,0.024477531000000004
PYTBI,RAT,0.11011528899999999
PYTBI,RHIFE,0.159744389
PYTBI,RHIRO,0.101026143
PYTBI,SACKO,1.7429674499999999
PYTBI,SAGOE,0.348358165
PYTBI,SALNM,0.429977432
PYTBI,SAPAP,0.11055749299999999
PYTBI,SARHA,0.095191114
PYTBI,SCHHA,5.077502469
PYTBI,SURSU,0.126557172
PYTBI,TAEGU,0.100852796
PYTBI,TAPME,0.10565140299999999
PYTBI,TRASC,0.095989112
PYTBI,TRIMA,0.18132557049999998
PYTBI,TURTR,0.136165115
PYTBI,TYLPA,0.134500326
PYTBI,UROPR,0.113779617
PYTBI,URSMA,0.192265352
PYTBI,VICPA,0.1403389695
PYTBI,VULVU,0.1305981055
PYTBI,XENLA,0.158299897
PYTBI,XENTR,0.148051578
PYTBI,ZALCA,0.125769033
RABIT,9AMPH,0.051928167
RABIT,9ANUR,0.2793657
RABIT,9AVES,0.0820276745
RABIT,9CHIR,0.013926115
RABIT,9CICH,0.48800649399999996
RABIT,9PASE,0.095413045
RABIT,9PASS,0.120003451
RABIT,9PLAT,3.9907461714999997
RABIT,9PRIM,0.005854295
RABIT,9SAUR,0.11525631099999999
RABIT,9TELE,0.4978697175
RABIT,ACIJB,0.031824307999999996
RABIT,ACIOX,0.19132153200000002
RABIT,AILME,0.044416993
RABIT,ALLSI,0.059977825
RABIT,ANOCA,0.052364094
RABIT,ARAGI,0.6494841490000001
RABIT,ARCCL,0.050307589
RABIT,ASEST,0.068435581
RABIT,ATHCN,0.214987565
RABIT,AUSLI,0.4932742055
RABIT,AYTFU,0.08980793699999999
RABIT,BALAC,0.032247882500000005
RABIT,BALMU,0.033761056
RABIT,BETSP,0.482164673
RABIT,BISBB,0.035965625
RABIT,BOSGR,0.024149001
RABIT,BOSIN,0.035303775999999995
RABIT,BOVIN,0.0307519105
RABIT,CALJA,0.00282387
RABIT,CALUR,0.043842086
RABIT,CAMBA,0.0396219505
RABIT,CAMFR,0.035854548
RABIT,CANLF,0.061019608
RABIT,CAPHI,0.046458537999999994
RABIT,CASCN,0.053763415999999994
RABIT,CATUS,0.164415531
RABIT,CAVPO,0.008726168999999999
RABIT,CEBIM,0.027423455
RABIT,CHACN,0.35612871799999996
RABIT,CHEAB,0.07014617299999999
RABIT,CHESE,0.07011782899999999
RABIT,CHICK,0.077812199
RABIT,CHILA,0.024857361
RABIT,CHRAS,0.027375819
RABIT,CLUHA,0.47482215499999997
RABIT,COEFR,0.077004821
RABIT,COTCN,3.112139322
RABIT,COTGO,0.47167677599999996
RABIT,COTJA,0.305802956
RABIT,CRIGR,0.012059454
RABIT,CROAD,0.40922712499999997
RABIT,CROPO,0.056356579000000004
RABIT,CYACU,0.168162004
RABIT,CYNSP,0.08994105599999999
RABIT,DANRE,0.4858160705
RABIT,DELLE,0.06597616099999999
RABIT,DIPOR,0.066528939
RABIT,ECHTE,0.06317065300000001
RABIT,EOSFB,0.015809562
RABIT,EQUAS,0.013343303
RABIT,EQUPR,0.011693094
RABIT,ERIEU,0.0235851075
RABIT,EUBMA,0.091660301
RABIT,FELCA,0.039138574
RABIT,FICAL,0.15263944
RABIT,GALVR,0.006926348
RABIT,GEKGE,0.082304903
RABIT,GEKJA,0.126053985
RABIT,GEOFO,0.119579324
RABIT,GEOSA,0.055777217500000004
RABIT,GORGO,0.070008709
RABIT,GYMAC,0.525287381
RABIT,HETGA,0.08462774999999999
RABIT,HIPAR,0.072203343
RABIT,HUMAN,0.04197276
RABIT,HYLLA,0.012621827
RABIT,ICTPU,0.38446216
RABIT,LATCH,0.179086979
RABIT,LEPWE,0.035364884500000006
RABIT,LOXAF,0.026846938
RABIT,MACMU,0.001535176
RABIT,MARMA,0.015846233
RABIT,MELGA,0.07591521899999999
RABIT,MELUD,0.0900442725
RABIT,MERPO,1.923022168
RABIT,MESAU,0.012083419
RABIT,MICMU,0.005854275
RABIT,MICOH,0.008895898
RABIT,MONDO,0.072511525
RABIT,MONMO,0.0236128395
RABIT,MOUSE,0.020613877000000003
RABIT,MUSCR,0.024534575
RABIT,MUSPF,0.046718916
RABIT,MYOLU,0.08947117099999999
RABIT,MYOPI,0.017231175
RABIT,NAJNA,0.11712864799999999
RABIT,NEOAA,0.0369426205
RABIT,NEOSC,0.047278866
RABIT,NOMLE,0.012621796
RABIT,NOTPE,0.10397587
RABIT,OCTDE,0.051258342
RABIT,ODORO,0.03948552500000001
RABIT,ODOVR,0.03237152
RABIT,ORNAN,0.089540303
RABIT,ORYAF,0.041240004
RABIT,PANGU,0.297651596
RABIT,PANPA,0.0015351759999999999
RABIT,PANPR,0.031824318000000004
RABIT,PANTR,0.002313962
RABIT,PARLB,0.074832102
RABIT,PATFA,0.1560669895
RABIT,PELSI,0.073496433
RABIT,PHACI,0.056356568999999995
RABIT,PHOSS,0.044109220000000005
RABIT,PHYMC,0.039173417
RABIT,PONAB,0.002821332
RABIT,PONPY,0.002821337
RABIT,PROSS,0.030507798000000003
RABIT,PSETE,0.118320471
RABIT,PTEVA,0.0080281185
RABIT,PUMCO,0.046489537
RABIT,PYTBI,0.10411887199999999
RABIT,RABIT,1e-08
RABIT,RAT,0.012181905000000002
RABIT,RHIFE,0.076275765
RABIT,RHIRO,0.003092759
RABIT,ROULE,0.010726491
RABIT,SACKO,1.7187242059999999
RABIT,SAGOE,0.264889541
RABIT,SALNM,0.405734188
RABIT,SAPAP,0.012624109
RABIT,SARHA,0.07094787
RABIT,SCHHA,5.053259225000001
RABIT,SURSU,0.043088548000000004
RABIT,TAEGU,0.074380345
RABIT,TAPME,0.0077180190000000004
RABIT,TRASC,0.07174586799999999
RABIT,TRIMA,0.075732278
RABIT,TURTR,0.036942619999999995
RABIT,TYLPA,0.051031702
RABIT,UROPR,0.015846233
RABIT,URSMA,0.108796728
RABIT,VICPA,0.0555812345
RABIT,VULVU,0.0408156385
RABIT,XENLA,0.08447124749999999
RABIT,XENTR,0.075854652
RABIT,ZALCA,0.042300409
RAT,9SAUR,0.416339547
RAT,BALAC,0.036865295
RAT,BALMU,0.038378471000000004
RAT,BISBB,0.04058304
RAT,BOSGR,0.028766416
RAT,BOSIN,0.028766424000000002
RAT,BOVIN,0.03536932550000001
RAT,CALJA,0.065712682
RAT,CEBIM,0.03204087
RAT,CHILA,0.030853734
RAT,CHRAS,0.0850725685
RAT,CYNSP,0.094558471
RAT,DELLE,0.070593576
RAT,EOSFB,0.020426977
RAT,EQUPR,0.0328456605
RAT,ERIEU,0.0282025225
RAT,GORGO,0.074626124
RAT,HETGA,0.089245165
RAT,HUMAN,0.046590175000000005
RAT,HYLLA,0.017239242000000002
RAT,LOXAF,0.031464353
RAT,MARMA,0.020463648
RAT,MONMO,0.028230254500000003
RAT,MOUSE,0.025231292000000002
RAT,MUSCR,0.029151990000000003
RAT,NEOAA,0.0415600355
RAT,NOMLE,0.013164186000000001
RAT,ODOVR,0.036988935
RAT,PANGU,0.302269011
RAT,PANTR,0.009089193000000002
RAT,PHOSS,0.048726635000000004
RAT,PHYMC,0.043790828500000004
RAT,PONAB,0.011932853
RAT,PONPY,0.011932858000000001
RAT,PTEVA,0.084256183
RAT,PUMCO,0.069046105
RAT,RAT,1e-08
RAT,SAPAP,0.017241524
RAT,TAPME,0.013714392000000002
RAT,TRIMA,0.080349693
RAT,TURTR,0.041560035
RAT,UROPR,0.020463648
RHIFE,9CHIR,0.081128417
RHIFE,9PRIM,0.075944567
RHIFE,9SAUR,0.481812409
RHIFE,ACIJB,0.0626959225
RHIFE,AILME,0.068689068
RHIFE,ASEST,0.038956142
RHIFE,BALAC,0.102338157
RHIFE,BALMU,0.103851333
RHIFE,BISBB,0.10605590200000001
RHIFE,BOSGR,0.094239275
RHIFE,BOSIN,0.094239286
RHIFE,BOVIN,0.098235181
RHIFE,CALJA,0.131185544
RHIFE,CALUR,0.074713721
RHIFE,CAMBA,0.0667261805
RHIFE,CAMFR,0.066726183
RHIFE,CASCN,0.08463504349999999
RHIFE,CAVPO,0.07881642
RHIFE,CEBIM,0.097513732
RHIFE,CHILA,0.094947638
RHIFE,CHRAS,0.097466101
RHIFE,COEFR,0.047525382
RHIFE,CRIGR,0.082149731
RHIFE,CYNSP,0.160031333
RHIFE,DELLE,0.136066438
RHIFE,EOSFB,0.085899839
RHIFE,EQUPR,0.09831851999999999
RHIFE,ERIEU,0.0927518195
RHIFE,FELCA,0.064251537
RHIFE,GORGO,0.13749197949999997
RHIFE,HETGA,0.15471802699999998
RHIFE,HIPAR,0.042723904
RHIFE,HUMAN,0.112063037
RHIFE,HYLLA,0.08271210400000001
RHIFE,LOXAF,0.096937215
RHIFE,MARMA,0.08593651
RHIFE,MICMU,0.075944547
RHIFE,MICOH,0.07898614899999999
RHIFE,MONMO,0.0937031165
RHIFE,MOUSE,0.089965466
RHIFE,MUSCR,0.094624852
RHIFE,MUSPF,0.07759055100000001
RHIFE,MYOPI,0.087321452
RHIFE,NEOAA,0.10442589099999999
RHIFE,NEOSC,0.085277573
RHIFE,NOMLE,0.0753405455
RHIFE,OCTDE,0.068203648
RHIFE,ODORO,0.073172039
RHIFE,ODOVR,0.102461797
RHIFE,ORYAF,0.080303139
RHIFE,PANGU,0.367741873
RHIFE,PANPR,0.0571034215
RHIFE,PANTR,0.073872529
RHIFE,PHOSS,0.11419949700000001
RHIFE,PHYMC,0.1092636905
RHIFE,PONAB,0.076026713
RHIFE,PONPY,0.07602671800000001
RHIFE,PROSS,0.075944552
RHIFE,PTEVA,0.1488329825
RHIFE,PUMCO,0.134518962
RHIFE,RAT,0.082272182
RHIFE,RHIFE,2e-08
RHIFE,RHIRO,0.073183036
RHIFE,SAPAP,0.082714386
RHIFE,SURSU,0.067215095
RHIFE,TAPME,0.077808296
RHIFE,TRIMA,0.14582255500000002
RHIFE,TURTR,0.1044258905
RHIFE,UROPR,0.08593651
RHIFE,VICPA,0.065337649
RHIFE,VULVU,0.067187058
RHIFE,ZALCA,0.073172044
RHIRO,9AMPH,0.049614214000000004
RHIRO,9ANUR,0.27627297500000003
RHIRO,9AVES,0.076097527
RHIRO,9CHIR,0.012390939
RHIRO,9CICH,0.484913769
RHIRO,9PASE,0.09232032
RHIRO,9PASS,0.11691072599999999
RHIRO,9PLAT,3.9848160239999997
RHIRO,9PRIM,0.005424988
RHIRO,9SAUR,0.108346681
RHIRO,9TELE,0.492392276
RHIRO,ACIJB,0.028731569
RHIRO,ACIOX,0.1871253615
RHIRO,AILME,0.036282257
RHIRO,ALLSI,0.056885099999999994
RHIRO,ANOCA,0.049240707499999994
RHIRO,ARAGI,0.6463914239999999
RHIRO,ARCCL,0.047214863999999995
RHIRO,ASEST,0.06534285599999999
RHIRO,ATHCN,0.20820893899999998
RHIRO,AUSLI,0.4901814805
RHIRO,AYTFU,0.086715212
RHIRO,BALAC,0.030712709
RHIRO,BALMU,0.0314471055
RHIRO,BETSP,0.479071953
RHIRO,BISBB,0.03365167449999999
RHIRO,BOSGR,0.0218350505
RHIRO,BOSIN,0.028288670000000002
RHIRO,BOVIN,0.0312753665
RHIRO,CALJA,0.058002517999999996
RHIRO,CALUR,0.040749361
RHIRO,CAMBA,0.0365292255
RHIRO,CAMFR,0.032761822999999995
RHIRO,CANLF,0.057926883
RHIRO,CAPHI,0.043365812999999996
RHIRO,CASCN,0.051851130999999995
RHIRO,CATUS,0.16132280599999999
RHIRO,CAVPO,0.007190993
RHIRO,CEBIM,0.0251095045
RHIRO,CHACN,0.353035993
RHIRO,CHEAB,0.067053448
RHIRO,CHESE,0.067025104
RHIRO,CHICK,0.072822494
RHIRO,CHILA,0.0225434105
RHIRO,CHRAS,0.030698729
RHIRO,CLUHA,0.47172943
RHIRO,COEFR,0.073912096
RHIRO,COTCN,3.109046597
RHIRO,COTGO,0.468584051
RHIRO,COTJA,0.300099184
RHIRO,CRIGR,0.009745503500000002
RHIRO,CROAD,0.4061344
RHIRO,CROPO,0.053263854
RHIRO,CYACU,0.16506927899999999
RHIRO,CYNSP,0.0876271055
RHIRO,DANRE,0.48185062
RHIRO,DELLE,0.0636622105
RHIRO,DIPOR,0.064993749
RHIRO,ECHTE,0.060077927999999996
RHIRO,EOSFB,0.0134956115
RHIRO,EQUAS,0.010250578000000002
RHIRO,EQUPR,0.010157923000000001
RHIRO,ERIEU,0.0223183275
RHIRO,EUBMA,0.088567576
RHIRO,FELCA,0.0355931785
RHIRO,FICAL,0.149546715
RHIRO,GALVR,0.0046123975
RHIRO,GEKGE,0.079212178
RHIRO,GEKJA,0.12296126
RHIRO,GEOFO,0.116486599
RHIRO,GEOSA,0.054242041
RHIRO,GORGO,0.070532165
RHIRO,GYMAC,0.5221946559999999
RHIRO,HETGA,0.08231379949999999
RHIRO,HIPAR,0.069110618
RHIRO,HUMAN,0.044506039
RHIRO,HYLLA,0.0103078765
RHIRO,ICTPU,0.382926963
RHIRO,LATCH,0.1731568315
RHIRO,LEPWE,0.0317630605
RHIRO,LOXAF,0.0245329875
RHIRO,MACMU,2e-08
RHIRO,MARMA,0.0135322825
RHIRO,MELGA,0.072822494
RHIRO,MELUD,0.084114125
RHIRO,MERPO,1.919929443
RHIRO,MESAU,0.0097694685
RHIRO,MICMU,0.0054249775
RHIRO,MICOH,0.007360722
RHIRO,MONDO,0.0694188
RHIRO,MONMO,0.021298889
RHIRO,MOUSE,0.0182999265
RHIRO,MUSCR,0.0222206245
RHIRO,MUSPF,0.043626191
RHIRO,MYOLU,0.086378446
RHIRO,MYOPI,0.014917224500000001
RHIRO,NAJNA,0.114035923
RHIRO,NEOAA,0.0374660765
RHIRO,NEOSC,0.042653867
RHIRO,NOMLE,0.009529071
RHIRO,NOTPE,0.100883145
RHIRO,OCTDE,0.0480034715
RHIRO,ODORO,0.032541839999999995
RHIRO,ODOVR,0.0300575695
RHIRO,ORNAN,0.086447578
RHIRO,ORYAF,0.038147279
RHIRO,PANGU,0.2953376455
RHIRO,PANPA,2e-08
RHIRO,PANPR,0.028731593
RHIRO,PANTR,0.001557546
RHIRO,PARLB,0.071739377
RHIRO,PATFA,0.15193651149999998
RHIRO,PELSI,0.070403708
RHIRO,PHACI,0.053263844
RHIRO,PHOSS,0.041795269499999996
RHIRO,PHYMC,0.043313066
RHIRO,PONAB,0.002843695
RHIRO,PONPY,0.0028437
RHIRO,PROSS,0.010889463499999998
RHIRO,PSETE,0.11522774599999999
RHIRO,PTEVA,0.05532248199999999
RHIRO,PUMCO,0.053145148499999996
RHIRO,PYTBI,0.101026147
RHIRO,RABIT,0.001535186
RHIRO,RAT,0.009867954500000001
RHIRO,RHIFE,0.073183035
RHIRO,RHIRO,0.0043950015
RHIRO,ROULE,0.009191355
RHIRO,SACKO,1.715631481
RHIRO,SAGOE,0.26179681600000004
RHIRO,SALNM,0.40264146300000003
RHIRO,SAPAP,0.0103101585
RHIRO,SARHA,0.06785514499999999
RHIRO,SCHHA,5.0501665000000004
RHIRO,SURSU,0.036003827
RHIRO,TAEGU,0.071309531
RHIRO,TAPME,0.0054040685
RHIRO,TRASC,0.068653143
RHIRO,TRIMA,0.074197102
RHIRO,TURTR,0.037466076
RHIRO,TYLPA,0.047938977
RHIRO,UROPR,0.0135322825
RHIRO,URSMA,0.105704003
RHIRO,VICPA,0.049651097000000005
RHIRO,VULVU,0.0376774825
RHIRO,XENLA,0.07888576
RHIRO,XENTR,0.072761927
RHIRO,ZALCA,0.039207684
ROULE,9AMPH,0.059584336
ROULE,9ANUR,0.287021869
ROULE,9AVES,0.0896838435
ROULE,9CHIR,0.021582284
ROULE,9CICH,0.49566266299999995
ROULE,9PASE,0.103069214
ROULE,9PASS,0.12765962
ROULE,9PLAT,3.9984023404999998
ROULE,9PRIM,0.013510464
ROULE,9SAUR,0.12291247999999999
ROULE,9TELE,0.5055258865000001
ROULE,ACIJB,0.039480477
ROULE,ACIOX,0.198977701
ROULE,AILME,0.052073162
ROULE,ALLSI,0.067633994
ROULE,ANOCA,0.060020263000000004
ROULE,ARAGI,0.6571403180000001
ROULE,ARCCL,0.057963758000000004
ROULE,ASEST,0.07609175
ROULE,ATHCN,0.22264373399999998
ROULE,AUSLI,0.5009303745
ROULE,AYTFU,0.097464106
ROULE,BALAC,0.039904051499999996
ROULE,BALMU,0.041417225
ROULE,BETSP,0.489820842
ROULE,BISBB,0.043621794
ROULE,BOSGR,0.031805169999999994
ROULE,BOSIN,0.042959945
ROULE,BOVIN,0.0384080795
ROULE,CALJA,0.010480039
ROULE,CALUR,0.051498255
ROULE,CAMBA,0.0472781195
ROULE,CAMFR,0.043510717000000004
ROULE,CANLF,0.068675777
ROULE,CAPHI,0.054114707
ROULE,CASCN,0.061419585
ROULE,CATUS,0.1720717
ROULE,CAVPO,0.016382338
ROULE,CEBIM,0.035079624
ROULE,CHACN,0.36378488699999995
ROULE,CHEAB,0.077802342
ROULE,CHESE,0.077773998
ROULE,CHICK,0.085468368
ROULE,CHILA,0.03251353
ROULE,CHRAS,0.035031988
ROULE,CLUHA,0.48247832399999996
ROULE,COEFR,0.08466099
ROULE,COTCN,3.119795491
ROULE,COTGO,0.47933294499999995
ROULE,COTJA,0.313459125
ROULE,CRIGR,0.019715623
ROULE,CROAD,0.41688329399999996
ROULE,CROPO,0.064012748
ROULE,CYACU,0.175818173
ROULE,CYNSP,0.097597225
ROULE,DANRE,0.49347223949999997
ROULE,DELLE,0.07363233
ROULE,DIPOR,0.074185108
ROULE,ECHTE,0.070826822
ROULE,EOSFB,0.023465730999999997
ROULE,EQUAS,0.020999471999999998
ROULE,EQUPR,0.019349263
ROULE,ERIEU,0.031241276499999998
ROULE,EUBMA,0.09931647
ROULE,FELCA,0.046794743
ROULE,FICAL,0.16029560899999998
ROULE,GALVR,0.014582517
ROULE,GEKGE,0.089961072
ROULE,GEKJA,0.133710154
ROULE,GEOFO,0.127235493
ROULE,GEOSA,0.0634333865
ROULE,GORGO,0.07766487799999999
ROULE,GYMAC,0.53294355
ROULE,HETGA,0.09228391899999999
ROULE,HIPAR,0.07985951200000001
ROULE,HUMAN,0.049628929
ROULE,HYLLA,0.020277996
ROULE,ICTPU,0.392118329
ROULE,LATCH,0.186743148
ROULE,LEPWE,0.0430210535
ROULE,LOXAF,0.034503107
ROULE,MACMU,0.009191345
ROULE,MARMA,0.023502402
ROULE,MELGA,0.083571388
ROULE,MELUD,0.0977004415
ROULE,MERPO,1.930678337
ROULE,MESAU,0.019739588
ROULE,MICMU,0.013510444
ROULE,MICOH,0.016552067
ROULE,MONDO,0.080167694
ROULE,MONMO,0.0312690085
ROULE,MOUSE,0.028270046
ROULE,MUSCR,0.032190744
ROULE,MUSPF,0.054375085000000004
ROULE,MYOLU,0.09712733999999999
ROULE,MYOPI,0.024887344
ROULE,NAJNA,0.12478481699999999
ROULE,NEOAA,0.0445987895
ROULE,NEOSC,0.054935035
ROULE,NOMLE,0.020277965
ROULE,NOTPE,0.111632039
ROULE,OCTDE,0.058914511
ROULE,ODORO,0.047141694000000005
ROULE,ODOVR,0.040027689
ROULE,ORNAN,0.097196472
ROULE,ORYAF,0.048896173
ROULE,PANGU,0.305307765
ROULE,PANPA,0.009191345
ROULE,PANPR,0.039480487
ROULE,PANTR,0.009970131
ROULE,PARLB,0.082488271
ROULE,PATFA,0.1637231585
ROULE,PELSI,0.081152602
ROULE,PHACI,0.064012738
ROULE,PHOSS,0.051765389
ROULE,PHYMC,0.046829586
ROULE,PONAB,0.010477500999999998
ROULE,PONPY,0.010477506
ROULE,PROSS,0.038163967
ROULE,PSETE,0.12597664
ROULE,PTEVA,0.063458973
ROULE,PUMCO,0.054145706
ROULE,PYTBI,0.11177504099999999
ROULE,RAT,0.019838074
ROULE,RHIFE,0.083931934
ROULE,RHIRO,0.010748928
ROULE,SACKO,1.726380375
ROULE,SAGOE,0.27254571
ROULE,SALNM,0.413390357
ROULE,SAPAP,0.020280278
ROULE,SARHA,0.078604039
ROULE,SCHHA,5.060915394
ROULE,SURSU,0.050744717
ROULE,TAEGU,0.082036514
ROULE,TAPME,0.015374188
ROULE,TRASC,0.079402037
ROULE,TRIMA,0.083388447
ROULE,TURTR,0.044598789
ROULE,TYLPA,0.058687871
ROULE,UROPR,0.023502402
ROULE,URSMA,0.116452897
ROULE,VICPA,0.06323740350000001
ROULE,VULVU,0.048471807500000005
ROULE,XENLA,0.0921274165
ROULE,XENTR,0.083510821
ROULE,ZALCA,0.049956578
SACKO,9AMPH,1.738730427
SACKO,9CHIR,1.7264648329999999
SACKO,9PASS,1.9045367595
SACKO,9PRIM,1.718393013
SACKO,9SAUR,2.1242608499999998
SACKO,ACIJB,1.7298982660000002
SACKO,ACIOX,1.601401398
SACKO,AILME,1.7424909510000002
SACKO,ARAGI,1.4120831370000002
SACKO,ARCCL,1.7483815470000001
SACKO,ASEST,1.766509539
SACKO,ATHCN,1.740808012
SACKO,AYTFU,1.669936083
SACKO,BALAC,1.7447866005
SACKO,BALMU,1.746299774
SACKO,BISBB,1.748504343
SACKO,BOSGR,1.7366877189999999
SACKO,BOSIN,1.736687732
SACKO,BOVIN,1.7432906285
SACKO,CALJA,1.773633985
SACKO,CALUR,1.741916044
SACKO,CAMBA,1.7376959085
SACKO,CAMFR,1.733928506
SACKO,CANLF,1.7590935660000002
SACKO,CASCN,1.7518373740000002
SACKO,CATUS,1.8204420665
SACKO,CAVPO,1.7212648609999999
SACKO,CEBIM,1.739962173
SACKO,CHACN,1.49522369
SACKO,CHICK,1.653074092
SACKO,CHILA,1.737396079
SACKO,CHRAS,1.739914537
SACKO,COEFR,1.7750787790000002
SACKO,COTJA,1.912647956
SACKO,CRIGR,1.7245981719999999
SACKO,CYNSP,1.802479774
SACKO,DANRE,1.5768666484999998
SACKO,DELLE,1.7785148789999998
SACKO,DIPOR,1.764602897
SACKO,ECHTE,1.7612446110000002
SACKO,EOSFB,1.7283482799999998
SACKO,EQUAS,1.7105921364999999
SACKO,EQUPR,1.709767047
SACKO,ERIEU,1.7361238255
SACKO,FELCA,1.737212532
SACKO,FICAL,1.735762147
SACKO,GEKGE,1.653711613
SACKO,GEOSA,1.7425794775
SACKO,GORGO,1.782547427
SACKO,HETGA,1.797166468
SACKO,HIPAR,1.7702773010000001
SACKO,HUMAN,1.754511478
SACKO,HYLLA,1.725160545
SACKO,ICTPU,1.475512738
SACKO,LEPWE,1.7334388425
SACKO,LOXAF,1.7393856559999998
SACKO,MARMA,1.728384951
SACKO,MICMU,1.718392993
SACKO,MICOH,1.7214345899999999
SACKO,MONMO,1.7361515575
SACKO,MOUSE,1.733152595
SACKO,MUSCR,1.737073293
SACKO,MUSPF,1.744792874
SACKO,MYOPI,1.7297698929999998
SACKO,NEOAA,1.7494813384999999
SACKO,NEOSC,1.745352824
SACKO,NOMLE,1.725160514
SACKO,OCTDE,1.7493323000000003
SACKO,ODORO,1.737559483
SACKO,ODOVR,1.744910238
SACKO,ORYAF,1.7393139620000002
SACKO,PANGU,2.010190314
SACKO,PANPR,1.7298982760000001
SACKO,PANTR,1.716320975
SACKO,PARLB,1.761634362
SACKO,PATFA,1.7343786079999999
SACKO,PHOSS,1.756647938
SACKO,PHYMC,1.7517121315
SACKO,PONAB,1.7184751539999998
SACKO,PONPY,1.7184751589999998
SACKO,PROSS,1.7192885205
SACKO,PTEVA,1.792177486
SACKO,PUMCO,1.7445634950000002
SACKO,RAT,1.7247206229999998
SACKO,RHIFE,1.774349723
SACKO,RHIRO,1.7156314769999998
SACKO,SAGOE,1.9629634990000002
SACKO,SAPAP,1.725162827
SACKO,SARHA,1.6510760359999999
SACKO,SURSU,1.7411625060000002
SACKO,TAEGU,1.6545084909999999
SACKO,TAPME,1.720256737
SACKO,TRIMA,1.789456771
SACKO,TURTR,1.7494813379999998
SACKO,TYLPA,1.7491056600000001
SACKO,UROPR,1.728384951
SACKO,URSMA,1.8068706860000001
SACKO,VICPA,1.7536551925000001
SACKO,VULVU,1.7388895965000002
SACKO,XENLA,1.7712735075000001
SACKO,XENTR,1.762656912
SACKO,ZALCA,1.740374367
SAGOE,9CHIR,0.272630168
SAGOE,9PRIM,0.264558348
SAGOE,9SAUR,0.670426185
SAGOE,ACIJB,0.2498179445
SAGOE,AILME,0.233123342
SAGOE,ARCCL,0.236862722
SAGOE,ASEST,0.27908518400000004
SAGOE,ATHCN,0.120960254
SAGOE,BALAC,0.29095193300000005
SAGOE,BALMU,0.292465109
SAGOE,BISBB,0.29466967800000005
SAGOE,BOSGR,0.28285305400000005
SAGOE,BOSIN,0.28285306200000004
SAGOE,BOVIN,0.2894559635
SAGOE,CALJA,0.31979932
SAGOE,CALUR,0.263327497
SAGOE,CAMBA,0.2553399565
SAGOE,CAMFR,0.255339959
SAGOE,CASCN,0.2732488245
SAGOE,CATUS,0.11475593
SAGOE,CAVPO,0.267430196
SAGOE,CEBIM,0.28612750800000003
SAGOE,CHILA,0.283561414
SAGOE,CHRAS,0.286079872
SAGOE,COEFR,0.287654424
SAGOE,CRIGR,0.270763507
SAGOE,CYNSP,0.348645109
SAGOE,DELLE,0.324680214
SAGOE,DIPOR,0.261355706
SAGOE,EOSFB,0.27451361500000004
SAGOE,EQUPR,0.2869322985
SAGOE,ERIEU,0.2822891605
SAGOE,FELCA,0.23815277750000002
SAGOE,GORGO,0.328712762
SAGOE,HETGA,0.343331803
SAGOE,HIPAR,0.282852946
SAGOE,HUMAN,0.30067681300000004
SAGOE,HYLLA,0.27132588
SAGOE,LEPWE,0.23586882550000002
SAGOE,LOXAF,0.28555099100000003
SAGOE,MARMA,0.27455028600000003
SAGOE,MICMU,0.264558328
SAGOE,MICOH,0.267599925
SAGOE,MONMO,0.2823168925
SAGOE,MOUSE,0.27931793000000005
SAGOE,MUSCR,0.28323862800000005
SAGOE,MUSPF,0.23354941499999998
SAGOE,MYOPI,0.27593522800000003
SAGOE,NEOAA,0.2956466735
SAGOE,NEOSC,0.24778280700000002
SAGOE,NOMLE,0.261796807
SAGOE,OCTDE,0.26190794500000003
SAGOE,ODORO,0.239989466
SAGOE,ODOVR,0.29107557300000003
SAGOE,ORYAF,0.268916915
SAGOE,PANGU,0.556355649
SAGOE,PANPR,0.245337501
SAGOE,PANTR,0.26248631
SAGOE,PHOSS,0.30281327300000005
SAGOE,PHYMC,0.2978774665
SAGOE,PONAB,0.264640489
SAGOE,PONPY,0.264640494
SAGOE,PROSS,0.2654538555
SAGOE,PTEVA,0.338342821
SAGOE,PUMCO,0.25522658600000003
SAGOE,RAT,0.27088595800000004
SAGOE,RHIFE,0.286925368
SAGOE,RHIRO,0.26179681200000005
SAGOE,SAPAP,0.27132816200000004
SAGOE,SURSU,0.241155693
SAGOE,TAPME,0.266422072
SAGOE,TRIMA,0.33443633100000003
SAGOE,TURTR,0.295646673
SAGOE,UROPR,0.27455028600000003
SAGOE,VICPA,0.253951425
SAGOE,VULVU,0.255800818
SAGOE,ZALCA,0.26178582
SALNM,9AMPH,0.425740409
SALNM,9CHIR,0.41347481499999994
SALNM,9CICH,0.16989512399999998
SALNM,9PASS,0.5915467415
SALNM,9PLAT,3.7444885015
SALNM,9PRIM,0.40540299499999993
SALNM,9SAUR,0.8112708319999999
SALNM,9TELE,0.180075732
SALNM,ACIJB,0.416908248
SALNM,ACIOX,0.28841138
SALNM,AILME,0.429500933
SALNM,ARAGI,0.5129124275
SALNM,ARCCL,0.435391529
SALNM,ASEST,0.453519521
SALNM,ATHCN,0.427817994
SALNM,AUSLI,0.1751628355
SALNM,AYTFU,0.356946065
SALNM,BALAC,0.43179658249999997
SALNM,BALMU,0.43330975599999993
SALNM,BETSP,0.16405330299999998
SALNM,BISBB,0.435514325
SALNM,BOSGR,0.4236977009999999
SALNM,BOSIN,0.42369771399999995
SALNM,BOVIN,0.43030061049999996
SALNM,CALJA,0.460643967
SALNM,CALUR,0.42892602599999996
SALNM,CAMBA,0.42470589049999996
SALNM,CAMFR,0.420938488
SALNM,CANLF,0.44610354799999996
SALNM,CASCN,0.43884735599999997
SALNM,CATUS,0.5074520485
SALNM,CAVPO,0.408274843
SALNM,CEBIM,0.42697215499999996
SALNM,CHACN,0.182233672
SALNM,CHICK,0.34008407399999996
SALNM,CHILA,0.42440606099999995
SALNM,CHRAS,0.42692451899999995
SALNM,COEFR,0.46208876099999996
SALNM,COTCN,2.865881652
SALNM,COTGO,0.153565406
SALNM,COTJA,0.599657938
SALNM,CRIGR,0.41160815399999995
SALNM,CYNSP,0.48948975599999994
SALNM,DANRE,0.2638766305
SALNM,DELLE,0.46552486099999996
SALNM,DIPOR,0.45161287899999997
SALNM,ECHTE,0.448254593
SALNM,EOSFB,0.415358262
SALNM,EQUAS,0.3976021185
SALNM,EQUPR,0.396777029
SALNM,ERIEU,0.42313380749999996
SALNM,FELCA,0.424222514
SALNM,FICAL,0.422772129
SALNM,GEKGE,0.340721595
SALNM,GEOSA,0.4295894595
SALNM,GORGO,0.469557409
SALNM,GYMAC,0.207176011
SALNM,HETGA,0.48417645
SALNM,HIPAR,0.457287283
SALNM,HUMAN,0.44152146
SALNM,HYLLA,0.41217052699999995
SALNM,ICTPU,0.16252272
SALNM,LEPWE,0.4204488245
SALNM,LOXAF,0.42639563799999997
SALNM,MARMA,0.41539493299999997
SALNM,MERPO,1.676764498
SALNM,MICMU,0.40540297499999994
SALNM,MICOH,0.408444572
SALNM,MONMO,0.42316153949999996
SALNM,MOUSE,0.4201625769999999
SALNM,MUSCR,0.424083275
SALNM,MUSPF,0.43180285599999996
SALNM,MYOPI,0.41677987499999997
SALNM,NEOAA,0.43649132049999995
SALNM,NEOSC,0.432362806
SALNM,NOMLE,0.41217049599999994
SALNM,OCTDE,0.43634228199999997
SALNM,ODORO,0.424569465
SALNM,ODOVR,0.43192021999999997
SALNM,ORYAF,0.42632394399999995
SALNM,PANGU,0.6972002959999999
SALNM,PANPR,0.416908258
SALNM,PANTR,0.40333095699999993
SALNM,PARLB,0.44864434400000003
SALNM,PATFA,0.42138858999999995
SALNM,PHOSS,0.44365792
SALNM,PHYMC,0.43872211349999995
SALNM,PONAB,0.40548513599999997
SALNM,PONPY,0.405485141
SALNM,PROSS,0.4062985025
SALNM,PTEVA,0.479187468
SALNM,PUMCO,0.431573477
SALNM,RAT,0.41173060499999997
SALNM,RHIFE,0.461359705
SALNM,RHIRO,0.402641459
SALNM,SACKO,1.472466536
SALNM,SAGOE,0.649973481
SALNM,SAPAP,0.412172809
SALNM,SARHA,0.338086018
SALNM,SCHHA,4.807001555
SALNM,SURSU,0.42817248799999996
SALNM,TAEGU,0.341518473
SALNM,TAPME,0.40726671899999994
SALNM,TRIMA,0.47646675299999997
SALNM,TURTR,0.43649131999999996
SALNM,TYLPA,0.43611564199999997
SALNM,UROPR,0.41539493299999997
SALNM,URSMA,0.49388066799999997
SALNM,VICPA,0.4406651745
SALNM,VULVU,0.4258995785
SALNM,XENLA,0.45828348950000003
SALNM,XENTR,0.449666894
SALNM,ZALCA,0.427384349
SAPAP,9SAUR,0.399102623
SAPAP,CALJA,0.048475757999999994
SAPAP,CHILA,0.031295938
SAPAP,CHRAS,0.0678356445
SAPAP,CYNSP,0.07732154699999999
SAPAP,EOSFB,0.003190053
SAPAP,GORGO,0.057389199999999994
SAPAP,HETGA,0.07200824099999999
SAPAP,HUMAN,0.028550059999999995
SAPAP,HYLLA,2.318e-06
SAPAP,MARMA,0.003226724
SAPAP,NOMLE,0.009531365
SAPAP,PANGU,0.285032087
SAPAP,PANTR,0.010310162500000001
SAPAP,PONAB,0.012375057
SAPAP,PONPY,0.012375062
SAPAP,PTEVA,0.067019259
SAPAP,PUMCO,0.051809180999999996
SAPAP,TAPME,0.014156596
SAPAP,TRIMA,0.063112769
SAPAP,UROPR,0.003226724
SARHA,9AMPH,0.090954091
SARHA,9CHIR,0.078688497
SARHA,9PASS,0.2567604235
SARHA,9PRIM,0.070616677
SARHA,9SAUR,0.47648451399999997
SARHA,ACIJB,0.08212193000000001
SARHA,AILME,0.094714615
SARHA,ARCCL,0.100605211
SARHA,ASEST,0.118733203
SARHA,ATHCN,0.265285187
SARHA,BALAC,0.0970102645
SARHA,BALMU,0.098523438
SARHA,BISBB,0.10072800700000001
SARHA,BOSGR,0.08891138300000001
SARHA,BOSIN,0.088911396
SARHA,BOVIN,0.0955142925
SARHA,CALJA,0.12585764900000002
SARHA,CALUR,0.09413970799999999
SARHA,CAMBA,0.0899195725
SARHA,CAMFR,0.08615217
SARHA,CANLF,0.11131722999999999
SARHA,CASCN,0.104061038
SARHA,CATUS,0.259080863
SARHA,CAVPO,0.073488525
SARHA,CEBIM,0.092185837
SARHA,CHICK,0.22975604800000002
SARHA,CHILA,0.089619743
SARHA,CHRAS,0.092138201
SARHA,COEFR,0.127302443
SARHA,COTJA,0.26487162
SARHA,CRIGR,0.076821836
SARHA,CYNSP,0.154703438
SARHA,DELLE,0.13073854299999998
SARHA,DIPOR,0.116826561
SARHA,ECHTE,0.11346827500000001
SARHA,EOSFB,0.080571944
SARHA,EQUAS,0.0628158005
SARHA,EQUPR,0.061990711000000004
SARHA,ERIEU,0.0883474895
SARHA,FELCA,0.089436196
SARHA,GEOSA,0.09480314150000001
SARHA,GORGO,0.134771091
SARHA,HETGA,0.149390132
SARHA,HIPAR,0.12250096499999999
SARHA,HUMAN,0.106735142
SARHA,HYLLA,0.07738420900000001
SARHA,LEPWE,0.0856625065
SARHA,LOXAF,0.09160932
SARHA,MARMA,0.080608615
SARHA,MICMU,0.070616657
SARHA,MICOH,0.07365825399999999
SARHA,MONMO,0.0883752215
SARHA,MOUSE,0.085376259
SARHA,MUSCR,0.089296957
SARHA,MUSPF,0.097016538
SARHA,MYOPI,0.081993557
SARHA,NEOAA,0.1017050025
SARHA,NEOSC,0.097576488
SARHA,NOMLE,0.077384178
SARHA,OCTDE,0.101555964
SARHA,ODORO,0.08978314700000001
SARHA,ODOVR,0.097133902
SARHA,ORYAF,0.091537626
SARHA,PANGU,0.36241397799999997
SARHA,PANPR,0.08212194
SARHA,PANTR,0.068544639
SARHA,PARLB,0.113858026
SARHA,PHOSS,0.10887160200000001
SARHA,PHYMC,0.1039357955
SARHA,PONAB,0.07069881800000001
SARHA,PONPY,0.07069882300000001
SARHA,PROSS,0.07151218449999999
SARHA,PTEVA,0.14440115
SARHA,PUMCO,0.096787159
SARHA,RAT,0.076944287
SARHA,RHIFE,0.126573387
SARHA,RHIRO,0.06785514100000001
SARHA,SAGOE,0.315187163
SARHA,SAPAP,0.077386491
SARHA,SURSU,0.09338616999999999
SARHA,TAEGU,0.276042858
SARHA,TAPME,0.072480401
SARHA,TRIMA,0.141680435
SARHA,TURTR,0.101705002
SARHA,TYLPA,0.101329324
SARHA,UROPR,0.080608615
SARHA,URSMA,0.15909435
SARHA,VICPA,0.10587885650000001
SARHA,VULVU,0.0911132605
SARHA,XENLA,0.1234971715
SARHA,XENTR,0.114880576
SARHA,ZALCA,0.092598031
SCHHA,9AMPH,5.073265446000001
SCHHA,9CHIR,5.060999852
SCHHA,9PASS,5.2390717785
SCHHA,9PLAT,1.823507304
SCHHA,9PRIM,5.052928032
SCHHA,9SAUR,5.458795868999999
SCHHA,ACIJB,5.064433285
SCHHA,ACIOX,4.935936417000001
SCHHA,AILME,5.07702597
SCHHA,ARAGI,4.746618156
SCHHA,ARCCL,5.082916566
SCHHA,ASEST,5.101044558
SCHHA,ATHCN,5.075343031
SCHHA,AYTFU,5.004471102
SCHHA,BALAC,5.0793216195
SCHHA,BALMU,5.080834793
SCHHA,BISBB,5.083039362
SCHHA,BOSGR,5.0712227379999995
SCHHA,BOSIN,5.071222751
SCHHA,BOVIN,5.0778256475
SCHHA,CALJA,5.108169004
SCHHA,CALUR,5.076451063
SCHHA,CAMBA,5.0722309275
SCHHA,CAMFR,5.068463525
SCHHA,CANLF,5.093628585
SCHHA,CASCN,5.086372393
SCHHA,CATUS,5.1549770855000006
SCHHA,CAVPO,5.05579988
SCHHA,CEBIM,5.074497192
SCHHA,CHACN,4.829758709
SCHHA,CHICK,4.987609111
SCHHA,CHILA,5.071931097999999
SCHHA,CHRAS,5.074449555999999
SCHHA,COEFR,5.109613798
SCHHA,COTJA,5.247182975
SCHHA,CRIGR,5.059133191
SCHHA,CYNSP,5.137014793
SCHHA,DANRE,4.9114016675
SCHHA,DELLE,5.113049898
SCHHA,DIPOR,5.099137916
SCHHA,ECHTE,5.09577963
SCHHA,EOSFB,5.062883299
SCHHA,EQUAS,5.0451271554999995
SCHHA,EQUPR,5.044302066
SCHHA,ERIEU,5.0706588445000005
SCHHA,FELCA,5.071747551
SCHHA,FICAL,5.070297166
SCHHA,GEKGE,4.988246632
SCHHA,GEOSA,5.0771144965
SCHHA,GORGO,5.1170824459999995
SCHHA,HETGA,5.131701487
SCHHA,HIPAR,5.10481232
SCHHA,HUMAN,5.089046497
SCHHA,HYLLA,5.059695564
SCHHA,ICTPU,4.810047757
SCHHA,LEPWE,5.0679738615000005
SCHHA,LOXAF,5.073920675
SCHHA,MARMA,5.062919969999999
SCHHA,MICMU,5.052928012
SCHHA,MICOH,5.055969609000001
SCHHA,MONMO,5.0706865765
SCHHA,MOUSE,5.0676876140000005
SCHHA,MUSCR,5.0716083119999995
SCHHA,MUSPF,5.079327893
SCHHA,MYOPI,5.064304912
SCHHA,NEOAA,5.0840163574999995
SCHHA,NEOSC,5.079887843
SCHHA,NOMLE,5.059695533
SCHHA,OCTDE,5.083867318999999
SCHHA,ODORO,5.072094502000001
SCHHA,ODOVR,5.079445257
SCHHA,ORYAF,5.073848981
SCHHA,PANGU,5.3447253329999995
SCHHA,PANPR,5.064433295000001
SCHHA,PANTR,5.050855994
SCHHA,PARLB,5.096169381
SCHHA,PATFA,5.068913627
SCHHA,PHOSS,5.091182957
SCHHA,PHYMC,5.0862471505
SCHHA,PONAB,5.0530101730000005
SCHHA,PONPY,5.053010178
SCHHA,PROSS,5.0538235395
SCHHA,PTEVA,5.126712505
SCHHA,PUMCO,5.079098514
SCHHA,RAT,5.059255642
SCHHA,RHIFE,5.108884742
SCHHA,RHIRO,5.050166496
SCHHA,SACKO,5.195026853
SCHHA,SAGOE,5.297498518
SCHHA,SAPAP,5.059697846
SCHHA,SARHA,4.985611055
SCHHA,SURSU,5.075697525
SCHHA,TAEGU,4.98904351
SCHHA,TAPME,5.054791756
SCHHA,TRIMA,5.12399179
SCHHA,TURTR,5.084016356999999
SCHHA,TYLPA,5.083640679
SCHHA,UROPR,5.062919969999999
SCHHA,URSMA,5.141405705
SCHHA,VICPA,5.088190211500001
SCHHA,VULVU,5.0734246155000005
SCHHA,XENLA,5.105808526500001
SCHHA,XENTR,5.097191931
SCHHA,ZALCA,5.074909386
SURSU,9CHIR,0.051005374
SURSU,9PRIM,0.042757355000000004
SURSU,9SAUR,0.448625192
SURSU,ACIJB,0.029508721
SURSU,AILME,0.03712204
SURSU,ASEST,0.05890438
SURSU,BALAC,0.06915094000000001
SURSU,BALMU,0.070664116
SURSU,BISBB,0.072868685
SURSU,BOSGR,0.061052061000000005
SURSU,BOSIN,0.061052069
SURSU,BOVIN,0.0659026155
SURSU,CALJA,0.097998327
SURSU,CALUR,0.041526504
SURSU,CAMBA,0.033538963500000005
SURSU,CAMFR,0.033538966
SURSU,CASCN,0.0540851225
SURSU,CAVPO,0.045629203
SURSU,CEBIM,0.064326515
SURSU,CHILA,0.061760421
SURSU,CHRAS,0.067519247
SURSU,COEFR,0.06747362000000001
SURSU,CRIGR,0.048962514
SURSU,CYNSP,0.126844116
SURSU,DELLE,0.10287922099999999
SURSU,EOSFB,0.052712622
SURSU,EQUPR,0.0651313055
SURSU,ERIEU,0.0604881675
SURSU,FELCA,0.006166442
SURSU,GORGO,0.10515941399999999
SURSU,HETGA,0.12153080999999999
SURSU,HIPAR,0.06267214199999999
SURSU,HUMAN,0.080509816
SURSU,HYLLA,0.049524887000000004
SURSU,LEPWE,0.0156880215
SURSU,LOXAF,0.063749998
SURSU,MARMA,0.052749293
SURSU,MICMU,0.042757335
SURSU,MICOH,0.045798932
SURSU,MONMO,0.0605158995
SURSU,MOUSE,0.057516937000000004
SURSU,MUSCR,0.061437635000000004
SURSU,MUSPF,0.046023523
SURSU,MYOPI,0.054134235
SURSU,NEOAA,0.0720933255
SURSU,NEOSC,0.028050168
SURSU,NOMLE,0.04300798
SURSU,OCTDE,0.041727140999999995
SURSU,ODORO,0.018188477
SURSU,ODOVR,0.06927458
SURSU,ORYAF,0.047115922000000005
SURSU,PANGU,0.334554656
SURSU,PANPR,0.025157286
SURSU,PANTR,0.040685317000000006
SURSU,PHOSS,0.08101228
SURSU,PHYMC,0.078614606
SURSU,PONAB,0.042839496
SURSU,PONPY,0.042839501
SURSU,PROSS,0.0436528625
SURSU,PTEVA,0.11069280499999999
SURSU,PUMCO,0.101331745
SURSU,RAT,0.049084965
SURSU,RHIFE,0.06512438
SURSU,RHIRO,0.039995819
SURSU,SAPAP,0.049527169
SURSU,SURSU,0.034027878
SURSU,TAPME,0.044621079
SURSU,TRIMA,0.112635338
SURSU,TURTR,0.072093325
SURSU,UROPR,0.052749293
SURSU,VICPA,0.032150432
SURSU,VULVU,0.0372402165
SURSU,ZALCA,0.039984827
TAEGU,9AMPH,0.094386566
TAEGU,9AVES,0.0380412435
TAEGU,9CHIR,0.084350179
TAEGU,9CICH,0.45731524599999995
TAEGU,9PASS,0.2144457645
TAEGU,9PLAT,3.9600549235000004
TAEGU,9PRIM,0.076278359
TAEGU,9SAUR,0.273638603
TAEGU,9TELE,0.46717846949999997
TAEGU,ACIJB,0.08750473250000002
TAEGU,ACIOX,0.160630284
TAEGU,AILME,0.09876264600000001
TAEGU,ALLSI,0.029286577
TAEGU,ARAGI,0.7284788495
TAEGU,ARCCL,0.10403768599999999
TAEGU,ASEST,0.122165678
TAEGU,ATHCN,0.091672158
TAEGU,AUSLI,0.4625829575
TAEGU,AYTFU,0.021568048000000003
TAEGU,BALAC,0.10249976300000001
TAEGU,BALMU,0.10195591300000001
TAEGU,BETSP,0.451473425
TAEGU,BISBB,0.104160482
TAEGU,BOSGR,0.09234386600000001
TAEGU,BOSIN,0.09457307300000001
TAEGU,BOVIN,0.10478186
TAEGU,CALJA,0.129290124
TAEGU,CALUR,0.09757218299999999
TAEGU,CAMBA,0.09335204799999999
TAEGU,CAMFR,0.08958464499999999
TAEGU,CANLF,0.114749705
TAEGU,CASCN,0.10934561150000001
TAEGU,CATUS,0.10443321950000001
TAEGU,CAVPO,0.076921
TAEGU,CEBIM,0.09561831200000001
TAEGU,CHACN,0.32543746999999995
TAEGU,CHEAB,0.039454925
TAEGU,CHESE,0.039426581
TAEGU,CHICK,0.031830040000000004
TAEGU,CHILA,0.093052218
TAEGU,CHRAS,0.1004116
TAEGU,CLUHA,0.44413090699999996
TAEGU,COEFR,0.13073491799999998
TAEGU,COTCN,3.081448074
TAEGU,COTGO,0.44098552799999996
TAEGU,COTJA,0.26830409499999996
TAEGU,CRIGR,0.08025431100000001
TAEGU,CROPO,0.020252983000000002
TAEGU,CYNSP,0.15813591300000002
TAEGU,DANRE,0.45512482249999997
TAEGU,DELLE,0.134171018
TAEGU,DIPOR,0.12248824300000001
TAEGU,ECHTE,0.11690075
TAEGU,EOSFB,0.08400441900000001
TAEGU,EQUAS,0.06630557100000001
TAEGU,EQUPR,0.0948874545
TAEGU,ERIEU,0.0930856025
TAEGU,EUBMA,0.060969052999999995
TAEGU,FELCA,0.0939832745
TAEGU,FICAL,0.087394112
TAEGU,GEKGE,0.051613655
TAEGU,GEOSA,0.10046482100000001
TAEGU,GORGO,0.1689605095
TAEGU,GYMAC,0.49459613299999994
TAEGU,HETGA,0.152822607
TAEGU,HIPAR,0.12593344
TAEGU,HUMAN,0.118798211
TAEGU,HYLLA,0.080816684
TAEGU,ICTPU,0.353770912
TAEGU,LATCH,0.14839573100000003
TAEGU,LEPWE,0.09020958500000001
TAEGU,LOXAF,0.09504179500000001
TAEGU,MARMA,0.08404109000000001
TAEGU,MELGA,0.0190021565
TAEGU,MELUD,0.018831056
TAEGU,MERPO,1.89233092
TAEGU,MICMU,0.076278339
TAEGU,MICOH,0.077090729
TAEGU,MONDO,0.041820277
TAEGU,MONMO,0.09180769700000001
TAEGU,MOUSE,0.08954742700000001
TAEGU,MUSCR,0.092729432
TAEGU,MUSPF,0.100449013
TAEGU,MYOPI,0.08542603200000001
TAEGU,NEOAA,0.11341869300000001
TAEGU,NEOSC,0.103077317
TAEGU,NOMLE,0.08304586
TAEGU,OCTDE,0.105929359
TAEGU,ODORO,0.093215626
TAEGU,ODOVR,0.10056637700000001
TAEGU,ORNAN,0.058849055
TAEGU,ORYAF,0.094970101
TAEGU,PANGU,0.36584645299999996
TAEGU,PANPR,0.087783622
TAEGU,PANTR,0.072845164
TAEGU,PARLB,0.11729050099999999
TAEGU,PATFA,0.08601057299999999
TAEGU,PELSI,0.042805184999999996
TAEGU,PHOSS,0.112304077
TAEGU,PHYMC,0.112005551
TAEGU,PONAB,0.074131298
TAEGU,PONPY,0.074131298
TAEGU,PROSS,0.075840192
TAEGU,PTEVA,0.148729685
TAEGU,PUMCO,0.131087909
TAEGU,RAT,0.080376762
TAEGU,RHIFE,0.130005867
TAEGU,RHIRO,0.07128761600000001
TAEGU,SACKO,1.6880329580000002
TAEGU,SAGOE,0.318619638
TAEGU,SALNM,0.37504294
TAEGU,SAPAP,0.080818966
TAEGU,SARHA,0.006732175
TAEGU,SCHHA,5.0225679770000005
TAEGU,SURSU,0.098523385
TAEGU,TAEGU,0.043689096999999996
TAEGU,TAPME,0.075912876
TAEGU,TRASC,0.04105462
TAEGU,TRIMA,0.14555163399999999
TAEGU,TURTR,0.1115362705
TAEGU,TYLPA,0.10476179899999999
TAEGU,UROPR,0.08404109000000001
TAEGU,URSMA,0.16252682499999999
TAEGU,VICPA,0.12487710600000002
TAEGU,VULVU,0.09677494
TAEGU,XENLA,0.127006446
TAEGU,XENTR,0.119864688
TAEGU,ZALCA,0.09603050599999999
TAPME,NOMLE,0.004625275
TAPME,PANTR,0.005404072500000001
TAPME,PONAB,0.007468967
TAPME,PONPY,0.007468972
TRASC,9AMPH,0.09175208900000001
TRASC,9CHIR,0.07948649499999999
TRASC,9CICH,0.439796702
TRASC,9PASS,0.25755842149999997
TRASC,9PLAT,3.9425363795
TRASC,9PRIM,0.071414675
TRASC,9SAUR,0.026742857000000002
TRASC,9TELE,0.4496599255
TRASC,ACIJB,0.082919928
TRASC,ACIOX,0.14311174
TRASC,AILME,0.095512613
TRASC,ARAGI,0.7109603055
TRASC,ARCCL,0.101403209
TRASC,ASEST,0.119531201
TRASC,ATHCN,0.11247007399999999
TRASC,AUSLI,0.4450644134999999
TRASC,AYTFU,0.041598145
TRASC,BALAC,0.09780826249999999
TRASC,BALMU,0.099321436
TRASC,BETSP,0.43395488099999996
TRASC,BISBB,0.101526005
TRASC,BOSGR,0.089709381
TRASC,BOSIN,0.089709394
TRASC,BOVIN,0.0963122905
TRASC,CALJA,0.12665564699999998
TRASC,CALUR,0.094937706
TRASC,CAMBA,0.0907175705
TRASC,CAMFR,0.086950168
TRASC,CANLF,0.112115228
TRASC,CASCN,0.10485903599999999
TRASC,CATUS,0.1827839285
TRASC,CAVPO,0.07428652300000001
TRASC,CEBIM,0.092983835
TRASC,CHACN,0.307918926
TRASC,CHICK,0.024736154
TRASC,CHILA,0.090417741
TRASC,CHRAS,0.092936199
TRASC,CLUHA,0.42661236299999994
TRASC,COEFR,0.128100441
TRASC,COTCN,3.0639295300000002
TRASC,COTGO,0.42346698399999994
TRASC,COTJA,0.265669618
TRASC,CRIGR,0.077619834
TRASC,CYNSP,0.155501436
TRASC,DANRE,0.4376062785
TRASC,DELLE,0.131536541
TRASC,DIPOR,0.117624559
TRASC,ECHTE,0.114266273
TRASC,EOSFB,0.081369942
TRASC,EQUAS,0.0636137985
TRASC,EQUPR,0.062788709
TRASC,ERIEU,0.0891454875
TRASC,EUBMA,0.043450509000000005
TRASC,FELCA,0.090234194
TRASC,FICAL,0.10742420899999999
TRASC,GEKGE,0.034095111000000004
TRASC,GEOSA,0.0956011395
TRASC,GORGO,0.13556908899999998
TRASC,GYMAC,0.47707758899999997
TRASC,HETGA,0.15018812999999998
TRASC,HIPAR,0.123298963
TRASC,HUMAN,0.10753314
TRASC,HYLLA,0.078182207
TRASC,ICTPU,0.33625236799999997
TRASC,LATCH,0.130877187
TRASC,LEPWE,0.08646050450000001
TRASC,LOXAF,0.09240731799999999
TRASC,MARMA,0.08140661299999999
TRASC,MERPO,1.8748123760000002
TRASC,MICMU,0.071414655
TRASC,MICOH,0.074456252
TRASC,MONDO,0.024301733
TRASC,MONMO,0.0891732195
TRASC,MOUSE,0.08617425699999999
TRASC,MUSCR,0.09009495499999999
TRASC,MUSPF,0.09781453600000001
TRASC,MYOPI,0.08279155499999999
TRASC,NEOAA,0.1025030005
TRASC,NEOSC,0.09837448600000001
TRASC,NOMLE,0.07818217599999999
TRASC,OCTDE,0.102353962
TRASC,ODORO,0.090581145
TRASC,ODOVR,0.09793189999999999
TRASC,ORNAN,0.041330511
TRASC,ORYAF,0.092335624
TRASC,PANGU,0.363211976
TRASC,PANPR,0.082919938
TRASC,PANTR,0.069342637
TRASC,PARLB,0.114656024
TRASC,PATFA,0.10604066999999999
TRASC,PELSI,0.008367255
TRASC,PHOSS,0.1096696
TRASC,PHYMC,0.10473379349999999
TRASC,PONAB,0.071496816
TRASC,PONPY,0.071496821
TRASC,PROSS,0.07231018249999999
TRASC,PTEVA,0.145199148
TRASC,PUMCO,0.097585157
TRASC,RAT,0.077742285
TRASC,RHIFE,0.127371385
TRASC,RHIRO,0.068653139
TRASC,SACKO,1.6705144140000001
TRASC,SAGOE,0.31598516099999996
TRASC,SALNM,0.35752439599999997
TRASC,SAPAP,0.078184489
TRASC,SARHA,0.022738078000000002
TRASC,SCHHA,5.005049433
TRASC,SURSU,0.094184168
TRASC,TAEGU,0.026170553
TRASC,TAPME,0.073278399
TRASC,TRIMA,0.142478433
TRASC,TURTR,0.102503
TRASC,TYLPA,0.10212732199999999
TRASC,UROPR,0.08140661299999999
TRASC,URSMA,0.15989234800000002
TRASC,VICPA,0.1066768545
TRASC,VULVU,0.0919112585
TRASC,XENLA,0.1242951695
TRASC,XENTR,0.115678574
TRASC,ZALCA,0.09339602899999999
TRIMA,9AMPH,0.0698883875
TRIMA,9ANUR,0.285090509
TRIMA,9AVES,0.093808689
TRIMA,9CHIR,0.096333134
TRIMA,9CICH,0.4937313005
TRIMA,9PASE,0.101137854
TRIMA,9PASS,0.165325873
TRIMA,9PLAT,4.145045378
TRIMA,9PRIM,0.0656047215
TRIMA,9SAUR,0.124160115
TRIMA,9TELE,0.6093292690000001
TRIMA,ACIJB,0.0832927865
TRIMA,ACIOX,0.197405575
TRIMA,AILME,0.09354949700000001
TRIMA,ALLSI,0.06570263400000001
TRIMA,ANOCA,0.057375353000000004
TRIMA,ARAGI,0.6567319389999999
TRIMA,ARCCL,0.101664276
TRIMA,ASEST,0.119792268
TRIMA,ATHCN,0.222735881
TRIMA,AUSLI,0.499880168
TRIMA,AYTFU,0.095532746
TRIMA,BALAC,0.1251943
TRIMA,BALMU,0.092350123
TRIMA,BETSP,0.4894124555
TRIMA,BISBB,0.09455469200000001
TRIMA,BOSGR,0.08273806800000001
TRIMA,BOSIN,0.11491504899999999
TRIMA,BOVIN,0.0893409775
TRIMA,CALJA,0.0687135845
TRIMA,CALUR,0.095198773
TRIMA,CAMBA,0.13066293550000002
TRIMA,CAMFR,0.087211235
TRIMA,CANLF,0.112376295
TRIMA,CAPHI,0.050660366
TRIMA,CASCN,0.129372775
TRIMA,CATUS,0.212985064
TRIMA,CAVPO,0.06731522300000001
TRIMA,CEBIM,0.08601252200000001
TRIMA,CHACN,0.36175897549999997
TRIMA,CHEAB,0.075870982
TRIMA,CHESE,0.07584263799999999
TRIMA,CHICK,0.085059989
TRIMA,CHILA,0.094404107
TRIMA,CHRAS,0.0846569765
TRIMA,CLUHA,0.48054696399999997
TRIMA,COEFR,0.128361508
TRIMA,COTCN,3.117864131
TRIMA,COTGO,0.47740158499999996
TRIMA,COTJA,0.310039582
TRIMA,CRIGR,0.070648521
TRIMA,CROAD,0.413428953
TRIMA,CROPO,0.062081388
TRIMA,CYACU,0.173886813
TRIMA,CYNSP,0.0975593735
TRIMA,DANRE,0.5001231865
TRIMA,DELLE,0.124565228
TRIMA,DIPOR,0.1243527965
TRIMA,ECHTE,0.11452734
TRIMA,EOSFB,0.06629817
TRIMA,EQUAS,0.1079837635
TRIMA,EQUPR,0.0354760405
TRIMA,ERIEU,0.0842508285
TRIMA,EUBMA,0.09738511
TRIMA,FELCA,0.09129140150000001
TRIMA,FICAL,0.15983581900000002
TRIMA,GALVR,0.011128176
TRIMA,GEKGE,0.08802971200000001
TRIMA,GEKJA,0.130255813
TRIMA,GEOFO,0.123781152
TRIMA,GEOSA,0.063025007
TRIMA,GORGO,0.150296699
TRIMA,GYMAC,0.53101219
TRIMA,HETGA,0.0922460675
TRIMA,HIPAR,0.12356003
TRIMA,HUMAN,0.0700582345
TRIMA,HYLLA,0.06311046099999999
TRIMA,ICTPU,0.3917099505
TRIMA,LATCH,0.18927870100000002
TRIMA,LEPWE,0.0867215715
TRIMA,LOXAF,0.08543600500000001
TRIMA,MARMA,0.0744353
TRIMA,MELGA,0.09650836199999999
TRIMA,MELUD,0.10817769299999999
TRIMA,MERPO,1.9287469769999999
TRIMA,MESAU,0.016285247
TRIMA,MICMU,0.06632800200000001
TRIMA,MICOH,0.067484952
TRIMA,MONDO,0.07823633399999999
TRIMA,MONMO,0.0822019065
TRIMA,MOUSE,0.079202944
TRIMA,MUSCR,0.08312364200000001
TRIMA,MUSPF,0.097522364
TRIMA,MYOLU,0.09367299899999999
TRIMA,MYOPI,0.075820242
TRIMA,NAJNA,0.12133047599999999
TRIMA,NEOAA,0.105408048
TRIMA,NEOSC,0.09665146699999999
TRIMA,NOMLE,0.07382531499999999
TRIMA,NOTPE,0.108177698
TRIMA,OCTDE,0.102615029
TRIMA,ODORO,0.089545392
TRIMA,ODOVR,0.09096058700000001
TRIMA,ORNAN,0.09526511200000001
TRIMA,ORYAF,0.092596691
TRIMA,PANGU,0.356240663
TRIMA,PANPR,0.08752749800000001
TRIMA,PANTR,0.0738253465
TRIMA,PARLB,0.08055691100000001
TRIMA,PATFA,0.162085335
TRIMA,PELSI,0.079221242
TRIMA,PHACI,0.060558397
TRIMA,PHOSS,0.10269828700000001
TRIMA,PHYMC,0.072705613
TRIMA,PONAB,0.075483231
TRIMA,PONPY,0.075483231
TRIMA,PROSS,0.061684655500000005
TRIMA,PSETE,0.122522299
TRIMA,PTEVA,0.06323585649999999
TRIMA,PUMCO,0.0716764775
TRIMA,PYTBI,0.10832069999999999
TRIMA,RAT,0.070770972
TRIMA,RHIFE,0.1250254455
TRIMA,RHIRO,0.012433758
TRIMA,SACKO,1.7244490149999998
TRIMA,SAGOE,0.316246228
TRIMA,SALNM,0.411458997
TRIMA,SAPAP,0.071213176
TRIMA,SARHA,0.076672679
TRIMA,SCHHA,5.058984034
TRIMA,SURSU,0.09269287999999999
TRIMA,TAEGU,0.0827427385
TRIMA,TAPME,0.077264765
TRIMA,TRASC,0.07747067699999999
TRIMA,TRIMA,0.083350596
TRIMA,TURTR,0.09464177950000001
TRIMA,TYLPA,0.102388389
TRIMA,UROPR,0.0744353
TRIMA,URSMA,0.160153415
TRIMA,VICPA,0.128991124
TRIMA,VULVU,0.11620947699999999
TRIMA,XENLA,0.0925272345
TRIMA,XENTR,0.083167944
TRIMA,ZALCA,0.093657096
TURTR,9SAUR,0.423421134
TURTR,BALAC,0.017684088
TURTR,BALMU,0.019197264
TURTR,CALJA,0.072794269
TURTR,CHILA,0.055614448999999996
TURTR,CHRAS,0.0921541555
TURTR,CYNSP,0.10164005799999999
TURTR,DELLE,0.021866978000000002
TURTR,EOSFB,0.027508564000000003
TURTR,ERIEU,0.0328989955
TURTR,GORGO,0.08081780350000001
TURTR,HETGA,0.09632675199999999
TURTR,HUMAN,0.0592319925
TURTR,HYLLA,0.024320829000000002
TURTR,MARMA,0.027545235
TURTR,MONMO,0.0162156525
TURTR,NEOAA,0.0189900125
TURTR,NOMLE,0.033849876
TURTR,PANGU,0.309350598
TURTR,PANTR,0.0346286735
TURTR,PHOSS,2.5e-08
TURTR,PHYMC,0.040220271
TURTR,PONAB,0.036693568
TURTR,PONPY,0.036693573
TURTR,PTEVA,0.08328740500000001
TURTR,PUMCO,0.0761276925
TURTR,SAPAP,0.024318521000000003
TURTR,TAPME,0.038475107
TURTR,TRIMA,0.0877218165
TURTR,TURTR,0.016113062500000004
TURTR,UROPR,0.027545235
TYLPA,9CHIR,0.058772329000000005
TYLPA,9PASS,0.1903172535
TYLPA,9PRIM,0.050700509000000005
TYLPA,9SAUR,0.45656834599999996
TYLPA,ACIJB,0.035960105500000006
TYLPA,AILME,0.030422639
TYLPA,ARCCL,0.034162041000000004
TYLPA,ASEST,0.065227345
TYLPA,ATHCN,0.198842017
TYLPA,BALAC,0.077094094
TYLPA,BALMU,0.07860727
TYLPA,BISBB,0.080811839
TYLPA,BOSGR,0.068995215
TYLPA,BOSIN,0.068995223
TYLPA,BOVIN,0.0755981245
TYLPA,CALJA,0.105941481
TYLPA,CALUR,0.049469658
TYLPA,CAMBA,0.0414821175
TYLPA,CAMFR,0.04148212
TYLPA,CANLF,0.04487406
TYLPA,CASCN,0.05939098549999999
TYLPA,CATUS,0.192637693
TYLPA,CAVPO,0.053572357
TYLPA,CEBIM,0.07226966900000001
TYLPA,CHICK,0.163312878
TYLPA,CHILA,0.069703575
TYLPA,CHRAS,0.072222033
TYLPA,COEFR,0.073796585
TYLPA,COTJA,0.19842845
TYLPA,CRIGR,0.056905668000000006
TYLPA,CYNSP,0.13478727000000001
TYLPA,DELLE,0.110822375
TYLPA,DIPOR,0.050383391
TYLPA,ECHTE,0.041078283
TYLPA,EOSFB,0.060655776
TYLPA,EQUPR,0.07307445950000001
TYLPA,ERIEU,0.0684313215
TYLPA,FELCA,0.027180462500000002
TYLPA,GORGO,0.114854923
TYLPA,HETGA,0.129473964
TYLPA,HIPAR,0.068995107
TYLPA,HUMAN,0.086818974
TYLPA,HYLLA,0.057468041000000004
TYLPA,LEPWE,0.022010986500000003
TYLPA,LOXAF,0.07169315200000001
TYLPA,MARMA,0.060692447000000004
TYLPA,MICMU,0.050700489
TYLPA,MICOH,0.053742086
TYLPA,MONMO,0.0684590535
TYLPA,MOUSE,0.065460091
TYLPA,MUSCR,0.069380789
TYLPA,MUSPF,0.030848734000000003
TYLPA,MYOPI,0.062077389000000004
TYLPA,NEOAA,0.0817888345
TYLPA,NEOSC,0.033924968
TYLPA,NOMLE,0.05746801
TYLPA,OCTDE,0.048050105999999995
TYLPA,ODORO,0.026131627
TYLPA,ODOVR,0.07721773400000001
TYLPA,ORYAF,0.055059076
TYLPA,PANGU,0.34249781
TYLPA,PANPR,0.031479662
TYLPA,PANTR,0.048628471000000006
TYLPA,PHOSS,0.088955434
TYLPA,PHYMC,0.0840196275
TYLPA,PONAB,0.05078265
TYLPA,PONPY,0.050782655
TYLPA,PROSS,0.05159601650000001
TYLPA,PTEVA,0.124484982
TYLPA,PUMCO,0.041368747
TYLPA,RAT,0.057028119
TYLPA,RHIFE,0.073067529
TYLPA,RHIRO,0.047938973
TYLPA,SAGOE,0.248743993
TYLPA,SAPAP,0.057470323000000004
TYLPA,SURSU,0.030183378000000004
TYLPA,TAEGU,0.209599688
TYLPA,TAPME,0.052564233
TYLPA,TRIMA,0.12057849200000001
TYLPA,TURTR,0.081788834
TYLPA,UROPR,0.060692447000000004
TYLPA,URSMA,0.09265118
TYLPA,VICPA,0.028240519
TYLPA,VULVU,0.0434085365
TYLPA,ZALCA,0.047927981
UROPR,9SAUR,0.40232466899999997
UROPR,CALJA,0.051697804
UROPR,CHILA,0.034518062
UROPR,CHRAS,0.07105769049999999
UROPR,CYNSP,0.080543593
UROPR,EOSFB,0.006412125
UROPR,GORGO,0.060611245999999994
UROPR,HETGA,0.07523028699999999
UROPR,HUMAN,0.031772106
UROPR,HYLLA,0.0032244160000000003
UROPR,NOMLE,0.012753489000000002
UROPR,PANGU,0.28825413299999997
UROPR,PANTR,0.0135322865
UROPR,PONAB,0.015597181
UROPR,PONPY,0.015597185999999999
UROPR,PTEVA,0.070241305
UROPR,PUMCO,0.055031227
UROPR,TAPME,0.01737872
UROPR,TRIMA,0.06633481499999999
URSMA,9CHIR,0.116537355
URSMA,9PASS,0.12847917949999998
URSMA,9PRIM,0.108465535
URSMA,9SAUR,0.514333372
URSMA,ACIJB,0.0937251315
URSMA,AILME,0.077030529
URSMA,ARCCL,0.080769909
URSMA,ASEST,0.122992371
URSMA,ATHCN,0.137003943
URSMA,BALAC,0.13485912
URSMA,BALMU,0.136372296
URSMA,BISBB,0.138576865
URSMA,BOSGR,0.126760241
URSMA,BOSIN,0.126760249
URSMA,BOVIN,0.1333631505
URSMA,CALJA,0.163706507
URSMA,CALUR,0.107234684
URSMA,CAMBA,0.0992471435
URSMA,CAMFR,0.09924714600000001
URSMA,CASCN,0.1171560115
URSMA,CATUS,0.130799619
URSMA,CAVPO,0.11133738300000001
URSMA,CEBIM,0.130034695
URSMA,CHICK,0.101474804
URSMA,CHILA,0.12746860100000001
URSMA,CHRAS,0.12998705900000002
URSMA,COEFR,0.131561611
URSMA,COTJA,0.13659037599999999
URSMA,CRIGR,0.114670694
URSMA,CYNSP,0.192552296
URSMA,DELLE,0.168587401
URSMA,DIPOR,0.105262893
URSMA,EOSFB,0.118420802
URSMA,EQUPR,0.13083948550000002
URSMA,ERIEU,0.1261963475
URSMA,FELCA,0.0820599645
URSMA,GORGO,0.172619949
URSMA,HETGA,0.18723899
URSMA,HIPAR,0.126760133
URSMA,HUMAN,0.144584
URSMA,HYLLA,0.115233067
URSMA,LEPWE,0.0797760125
URSMA,LOXAF,0.129458178
URSMA,MARMA,0.11845747300000001
URSMA,MICMU,0.108465515
URSMA,MICOH,0.111507112
URSMA,MONMO,0.1262240795
URSMA,MOUSE,0.123225117
URSMA,MUSCR,0.127145815
URSMA,MUSPF,0.077456602
URSMA,MYOPI,0.11984241500000001
URSMA,NEOAA,0.13955386050000002
URSMA,NEOSC,0.091689994
URSMA,NOMLE,0.115233036
URSMA,OCTDE,0.105815132
URSMA,ODORO,0.083896653
URSMA,ODOVR,0.13498276
URSMA,ORYAF,0.112824102
URSMA,PANGU,0.400262836
URSMA,PANPR,0.089244688
URSMA,PANTR,0.106393497
URSMA,PHOSS,0.14672046
URSMA,PHYMC,0.14178465350000002
URSMA,PONAB,0.10854767600000001
URSMA,PONPY,0.10854768100000001
URSMA,PROSS,0.1093610425
URSMA,PTEVA,0.182250008
URSMA,PUMCO,0.09913377300000001
URSMA,RAT,0.114793145
URSMA,RHIFE,0.13083255500000002
URSMA,RHIRO,0.105703999
URSMA,SAGOE,0.186905919
URSMA,SAPAP,0.115235349
URSMA,SURSU,0.08506288
URSMA,TAEGU,0.14776161399999999
URSMA,TAPME,0.110329259
URSMA,TRIMA,0.178343518
URSMA,TURTR,0.13955386
URSMA,UROPR,0.11845747300000001
URSMA,VICPA,0.097858612
URSMA,VULVU,0.099708005
URSMA,ZALCA,0.105693007
VICPA,9AMPH,0.07762137899999999
VICPA,9CHIR,0.077535294
VICPA,9PASS,0.2417285235
VICPA,9PRIM,0.05641140100000001
VICPA,9SAUR,0.46111787849999997
VICPA,ACIJB,0.057611050500000004
VICPA,AILME,0.052073584
VICPA,ARCCL,0.055812985999999995
VICPA,ASEST,0.08687829
VICPA,ATHCN,0.22049296200000001
VICPA,BALAC,0.0665992345
VICPA,BALMU,0.08315680250000002
VICPA,BISBB,0.0853613715
VICPA,BOSGR,0.07354474750000001
VICPA,BOSIN,0.0735447555
VICPA,BOVIN,0.08014765700000001
VICPA,CALJA,0.11049101350000001
VICPA,CALUR,0.071120603
VICPA,CAMBA,0.1390531195
VICPA,CAMFR,0.0460316525
VICPA,CANLF,0.066525005
VICPA,CASCN,0.08085337649999999
VICPA,CATUS,0.214288638
VICPA,CAVPO,0.0581218895
VICPA,CEBIM,0.07681920150000002
VICPA,CHICK,0.184963823
VICPA,CHILA,0.0742531075
VICPA,CHRAS,0.0995098505
VICPA,COEFR,0.09544753
VICPA,COTJA,0.220079395
VICPA,CRIGR,0.06145520050000001
VICPA,CYNSP,0.1393368025
VICPA,DELLE,0.11537190750000001
VICPA,DIPOR,0.072034336
VICPA,ECHTE,0.166369227
VICPA,EOSFB,0.0652053085
VICPA,EQUAS,0.1157167525
VICPA,EQUPR,0.114891633
VICPA,ERIEU,0.07505750800000001
VICPA,FELCA,0.0488314075
VICPA,GEOSA,0.068071665
VICPA,GORGO,0.158029689
VICPA,HETGA,0.1340234965
VICPA,HIPAR,0.090646052
VICPA,HUMAN,0.10061115749999999
VICPA,HYLLA,0.062017573500000006
VICPA,LEPWE,0.0436619315
VICPA,LOXAF,0.0762426845
VICPA,MARMA,0.0652419795
VICPA,MICMU,0.057134681500000006
VICPA,MICOH,0.0582916185
VICPA,MONMO,0.07300858600000001
VICPA,MOUSE,0.0700096235
VICPA,MUSCR,0.0739303215
VICPA,MUSPF,0.052499679
VICPA,MYOPI,0.0666269215
VICPA,NEOAA,0.094493349
VICPA,NEOSC,0.055575913000000005
VICPA,NOMLE,0.120756088
VICPA,OCTDE,0.069701051
VICPA,ODORO,0.047782572
VICPA,ODOVR,0.0817672665
VICPA,ORYAF,0.0596086085
VICPA,PANGU,0.3470473425
VICPA,PANPR,0.052562767999999996
VICPA,PANTR,0.053267288
VICPA,PHOSS,0.09350496650000001
VICPA,PHYMC,0.092853033
VICPA,PONAB,0.05533218249999999
VICPA,PONPY,0.055332187500000005
VICPA,PROSS,0.056145549
VICPA,PTEVA,0.11578200050000001
VICPA,PUMCO,0.09672302149999999
VICPA,RAT,0.061577651500000004
VICPA,RHIFE,0.094718474
VICPA,RHIRO,0.052488505500000004
VICPA,SAGOE,0.270394938
VICPA,SAPAP,0.062019855500000005
VICPA,SURSU,0.051834323
VICPA,TAEGU,0.231250633
VICPA,TAPME,0.057113765500000004
VICPA,TRIMA,0.1092123895
VICPA,TURTR,0.085448459
VICPA,TYLPA,0.154230276
VICPA,UROPR,0.0652419795
VICPA,URSMA,0.114302125
VICPA,VICPA,0.137664588
VICPA,VULVU,0.0656088735
VICPA,ZALCA,0.069578926
VULVU,9CHIR,0.049377288000000005
VULVU,9PASS,0.1386396555
VULVU,9PRIM,0.042605334499999994
VULVU,9SAUR,0.4463522825
VULVU,ACIJB,0.0258405205
VULVU,AILME,0.029253409
VULVU,ARCCL,0.032992789
VULVU,ASEST,0.0752152495
VULVU,ATHCN,0.153967997
VULVU,BALAC,0.0672866345
VULVU,BALMU,0.0683912065
VULVU,BISBB,0.0705957755
VULVU,BOSGR,0.0587791515
VULVU,BOSIN,0.0587791595
VULVU,BOVIN,0.07033656099999999
VULVU,CALJA,0.0957254175
VULVU,CALUR,0.037605183
VULVU,CAMBA,0.0296176425
VULVU,CAMFR,0.029617644999999998
VULVU,CANLF,3.4e-08
VULVU,CASCN,0.069001785
VULVU,CATUS,0.14776367299999998
VULVU,CAVPO,0.0433562935
VULVU,CEBIM,0.0620536055
VULVU,CHICK,0.11843885800000001
VULVU,CHILA,0.0594875115
VULVU,CHRAS,0.0822099285
VULVU,COEFR,0.0837844895
VULVU,COTJA,0.15355443
VULVU,CRIGR,0.046689604499999995
VULVU,CYNSP,0.12457120649999999
VULVU,DELLE,0.1006063115
VULVU,DIPOR,0.057485755
VULVU,EOSFB,0.0504397125
VULVU,EQUPR,0.062858396
VULVU,ERIEU,0.059138820499999994
VULVU,FELCA,0.029071488
VULVU,GORGO,0.12867601099999998
VULVU,HETGA,0.1192579005
VULVU,HIPAR,0.07898301149999999
VULVU,HUMAN,0.087489395
VULVU,HYLLA,0.0472519775
VULVU,LEPWE,0.030711019
VULVU,LOXAF,0.0614770885
VULVU,MARMA,0.0504763835
VULVU,MICMU,0.042605333499999995
VULVU,MICOH,0.0435260225
VULVU,MONMO,0.058242989999999994
VULVU,MOUSE,0.055225587
VULVU,MUSCR,0.0591647255
VULVU,MUSPF,0.032818054
VULVU,MYOPI,0.0518613255
VULVU,NEOAA,0.08283031
VULVU,NEOSC,0.0415737855
VULVU,NOMLE,0.057926871000000005
VULVU,OCTDE,0.057097092
VULVU,ODORO,0.032621428
VULVU,ODOVR,0.0670016705
VULVU,ORYAF,0.0448430125
VULVU,PANGU,0.3322817465
VULVU,PANPR,0.025587412
VULVU,PANTR,0.0384124075
VULVU,PHOSS,0.0787393705
VULVU,PHYMC,0.08593932300000001
VULVU,PONAB,0.0405665865
VULVU,PONPY,0.0405665915
VULVU,PROSS,0.04127600000000001
VULVU,PTEVA,0.1135165455
VULVU,PUMCO,0.0945586115
VULVU,RAT,0.0468120555
VULVU,RHIFE,0.0794013975
VULVU,RHIRO,0.0377229095
VULVU,SAGOE,0.20386997299999998
VULVU,SAPAP,0.0472542595
VULVU,SURSU,0.033620425
VULVU,TAEGU,0.164725668
VULVU,TAPME,0.0423481695
VULVU,TRIMA,0.11036243100000001
VULVU,TURTR,0.07709097150000001
VULVU,UROPR,0.0504763835
VULVU,URSMA,0.047777160000000006
VULVU,VICPA,0.028229111
VULVU,VULVU,0.0300784905
VULVU,ZALCA,0.036063505999999995
XENLA,9AMPH,0.076774283
XENLA,9CHIR,0.0960660335
XENLA,9PASS,0.271766522
XENLA,9PRIM,0.0844218655
XENLA,9SAUR,0.49000789149999996
XENLA,ACIJB,0.09648991200000001
XENLA,AILME,0.106338875
XENLA,ARCCL,0.1141285885
XENLA,ASEST,0.1322565805
XENLA,ATHCN,0.2788085645
XENLA,BALAC,0.11438778349999999
XENLA,BALMU,0.11204681550000001
XENLA,BISBB,0.1142513845
XENLA,BOSGR,0.1024347605
XENLA,BOSIN,0.1062889325
XENLA,BOVIN,0.110520391
XENLA,CALJA,0.1393810265
XENLA,CALUR,0.1076630855
XENLA,CAMBA,0.10548943899999999
XENLA,CAMFR,0.0996755475
XENLA,CANLF,0.12484060749999999
XENLA,CASCN,0.1209509025
XENLA,CATUS,0.27260424050000004
XENLA,CAVPO,0.08701190250000002
XENLA,CEBIM,0.10570921450000001
XENLA,CHICK,0.24327942550000003
XENLA,CHILA,0.10314312049999999
XENLA,CHRAS,0.109515735
XENLA,COEFR,0.14082582049999998
XENLA,COTJA,0.2783949975
XENLA,CRIGR,0.0903452135
XENLA,CYNSP,0.16822681550000002
XENLA,DELLE,0.14426192049999997
XENLA,DIPOR,0.134204094
XENLA,ECHTE,0.1269916525
XENLA,EOSFB,0.0940953215
XENLA,EQUAS,0.07633917800000001
XENLA,EQUPR,0.0825298425
XENLA,ERIEU,0.102897447
XENLA,FELCA,0.104216668
XENLA,GEOSA,0.080623339
XENLA,GORGO,0.14977718950000002
XENLA,HETGA,0.1629135095
XENLA,HIPAR,0.1360243425
XENLA,HUMAN,0.1254801675
XENLA,HYLLA,0.0909075865
XENLA,LEPWE,0.099185884
XENLA,LOXAF,0.1051326975
XENLA,MARMA,0.0941319925
XENLA,MICMU,0.084984648
XENLA,MICOH,0.0871816315
XENLA,MONMO,0.101898599
XENLA,MOUSE,0.0988996365
XENLA,MUSCR,0.1028203345
XENLA,MUSPF,0.10998667649999999
XENLA,MYOPI,0.0955169345
XENLA,NEOAA,0.116711101
XENLA,NEOSC,0.1118642015
XENLA,NOMLE,0.09090755549999999
XENLA,OCTDE,0.1150793415
XENLA,ODORO,0.102071084
XENLA,ODOVR,0.1106572795
XENLA,ORYAF,0.1050610035
XENLA,PANGU,0.37593735549999996
XENLA,PANPR,0.0956460175
XENLA,PANTR,0.08215730099999999
XENLA,PHOSS,0.1223949795
XENLA,PHYMC,0.121313331
XENLA,PONAB,0.0842221955
XENLA,PONPY,0.08422220050000001
XENLA,PROSS,0.085035562
XENLA,PTEVA,0.15477027799999998
XENLA,PUMCO,0.11416469800000001
XENLA,RAT,0.09046766449999999
XENLA,RHIFE,0.1389945245
XENLA,RHIRO,0.0813785185
XENLA,SAGOE,0.3287105405
XENLA,SAPAP,0.09090986849999999
XENLA,SURSU,0.106099611
XENLA,TAEGU,0.2895662355
XENLA,TAPME,0.08600377849999999
XENLA,TRIMA,0.15115350449999998
XENLA,TURTR,0.1167111005
XENLA,TYLPA,0.1148527015
XENLA,UROPR,0.0941319925
XENLA,URSMA,0.17261772749999998
XENLA,VICPA,0.12088495500000002
XENLA,VULVU,0.1084907945
XENLA,XENLA,0.0245265
XENLA,ZALCA,0.1061214085
XENTR,9AMPH,0.06585516799999999
XENTR,9CHIR,0.083884275
XENTR,9PASS,0.263255691
XENTR,9PRIM,0.077253843
XENTR,9SAUR,0.48139129599999997
XENTR,ACIJB,0.088580349
XENTR,AILME,0.099621397
XENTR,ARCCL,0.105511993
XENTR,ASEST,0.12363998500000001
XENTR,ATHCN,0.270191969
XENTR,BALAC,0.103974065
XENTR,BALMU,0.10343022
XENTR,BISBB,0.105634789
XENTR,BOSGR,0.093818173
XENTR,BOSIN,0.096995144
XENTR,BOVIN,0.10200956
XENTR,CALJA,0.13076443100000001
XENTR,CALUR,0.09904649
XENTR,CAMBA,0.094826355
XENTR,CAMFR,0.091058952
XENTR,CANLF,0.116224012
XENTR,CASCN,0.111379123
XENTR,CATUS,0.26398764500000005
XENTR,CAVPO,0.07839530700000001
XENTR,CEBIM,0.097092619
XENTR,CHICK,0.23466283000000002
XENTR,CHILA,0.094526525
XENTR,CHRAS,0.100221959
XENTR,COEFR,0.13220922499999999
XENTR,COTJA,0.26977840200000003
XENTR,CRIGR,0.081728618
XENTR,CYNSP,0.15961022
XENTR,DELLE,0.13564532499999998
XENTR,DIPOR,0.124910298
XENTR,ECHTE,0.118375057
XENTR,EOSFB,0.085478726
XENTR,EQUAS,0.0685476945
XENTR,EQUPR,0.070074464
XENTR,ERIEU,0.09508022599999999
XENTR,FELCA,0.0953668955
XENTR,GEOSA,0.071329557
XENTR,GORGO,0.1412663585
XENTR,HETGA,0.154296914
XENTR,HIPAR,0.12740774700000002
XENTR,HUMAN,0.113212518
XENTR,HYLLA,0.08229099100000001
XENTR,LEPWE,0.09185715950000001
XENTR,LOXAF,0.09651610199999999
XENTR,MARMA,0.08551539699999999
XENTR,MICMU,0.078700405
XENTR,MICOH,0.078565036
XENTR,MONMO,0.093282004
XENTR,MOUSE,0.09102173399999999
XENTR,MUSCR,0.094203739
XENTR,MUSPF,0.102093118
XENTR,MYOPI,0.086900339
XENTR,NEOAA,0.10820027
XENTR,NEOSC,0.103183196
XENTR,NOMLE,0.08229096
XENTR,OCTDE,0.10740366350000001
XENTR,ODORO,0.094689929
XENTR,ODOVR,0.10204068399999999
XENTR,ORYAF,0.09644440800000001
XENTR,PANGU,0.36732075999999997
XENTR,PANPR,0.090205698
XENTR,PANTR,0.074319466
XENTR,PHOSS,0.11377838400000001
XENTR,PHYMC,0.11201954
XENTR,PONAB,0.075605605
XENTR,PONPY,0.075605605
XENTR,PROSS,0.0773144965
XENTR,PTEVA,0.1502039895
XENTR,PUMCO,0.10487091700000001
XENTR,RAT,0.081851069
XENTR,RHIFE,0.131480169
XENTR,RHIRO,0.072761923
XENTR,SAGOE,0.320093945
XENTR,SAPAP,0.082293273
XENTR,SURSU,0.098292952
XENTR,TAEGU,0.28094964
XENTR,TAPME,0.077387183
XENTR,TRIMA,0.146587212
XENTR,TURTR,0.1082002695
XENTR,TYLPA,0.106236106
XENTR,UROPR,0.08551539699999999
XENTR,URSMA,0.164001132
XENTR,VICPA,0.112374124
XENTR,VULVU,0.097548599
XENTR,XENLA,0.023634063499999997
XENTR,XENTR,0.0015516619999999999
XENTR,ZALCA,0.097504813
ZALCA,9CHIR,0.048597046000000005
ZALCA,9PRIM,0.041969216000000004
ZALCA,9SAUR,0.447837053
ZALCA,BALAC,0.068362801
ZALCA,BALMU,0.069875977
ZALCA,BISBB,0.072080546
ZALCA,BOSGR,0.060263922000000004
ZALCA,BOSIN,0.06026393000000001
ZALCA,BOVIN,0.0668668315
ZALCA,CALJA,0.097210188
ZALCA,CALUR,0.001541709
ZALCA,CAMBA,0.0180777425
ZALCA,CAMFR,0.018077745
ZALCA,CAVPO,0.044841064
ZALCA,CEBIM,0.06353837600000001
ZALCA,CHILA,0.060972282
ZALCA,CHRAS,0.06349074
ZALCA,CRIGR,0.048174375000000005
ZALCA,CYNSP,0.12605597699999999
ZALCA,DELLE,0.102091082
ZALCA,EOSFB,0.051924483
ZALCA,EQUPR,0.0643431665
ZALCA,ERIEU,0.0597000285
ZALCA,GORGO,0.10612363000000001
ZALCA,HETGA,0.120742671
ZALCA,HUMAN,0.07808768099999999
ZALCA,HYLLA,0.048736748
ZALCA,LOXAF,0.06296185900000001
ZALCA,MARMA,0.051961154
ZALCA,MICMU,0.041969196
ZALCA,MICOH,0.045010793
ZALCA,MONMO,0.059727760500000004
ZALCA,MOUSE,0.056728798
ZALCA,MUSCR,0.060649496
ZALCA,MYOPI,0.053346096
ZALCA,NEOAA,0.0730575415
ZALCA,NEOSC,0.012105539
ZALCA,NOMLE,0.043972196000000005
ZALCA,ODORO,1.5000000000000002e-08
ZALCA,ODOVR,0.06848644100000001
ZALCA,ORYAF,0.046327783
ZALCA,PANGU,0.333766517
ZALCA,PANPR,0.016448329
ZALCA,PANTR,0.039897178000000005
ZALCA,PHOSS,0.080224141
ZALCA,PHYMC,0.0752883345
ZALCA,PONAB,0.042051357
ZALCA,PONPY,0.042051362
ZALCA,PROSS,0.04286472350000001
ZALCA,PTEVA,0.11575368899999999
ZALCA,PUMCO,0.100543611
ZALCA,RAT,0.048296826
ZALCA,RHIRO,0.03920768
ZALCA,SAPAP,0.04873903
ZALCA,TAPME,0.04383294
ZALCA,TRIMA,0.11184719900000001
ZALCA,TURTR,0.073057541
ZALCA,UROPR,0.051961154
ZALCA,VICPA,0.016689211
